dataset,seed,configuration,component,metric,full_RAVEN,ablation,absolute_change,relative_change_percent,status
SensorScope,30001,RAVEN-w/o-Design,Design,Delta_group,0.9984597031193984,1.0062243673187172,0.007764664199318871,0.777664253756103,VALID
SensorScope,30001,RAVEN-w/o-Design,Design,Delta_c_s,1.214493695326521,1.2257944112551058,0.011300715928584726,0.9304878215564953,VALID
SensorScope,30001,RAVEN-w/o-Design,Design,RMSE_mu,7.913791224192832,7.916851248042733,0.0030600238499012278,0.038666977220053404,VALID
SensorScope,30001,RAVEN-w/o-Design,Design,Tail_RMSE,8.435797825584572,8.438922478300315,0.003124652715742471,0.03704039357446245,VALID
SensorScope,30001,RAVEN-w/o-Obs,Obs,Delta_group,0.9984597031193984,0.9999482152790156,0.0014885121596172057,0.14908084472180302,VALID
SensorScope,30001,RAVEN-w/o-Obs,Obs,Delta_c_s,1.214493695326521,1.2132871622062313,-0.0012065331202897323,-0.09934453549924369,VALID
SensorScope,30001,RAVEN-w/o-Obs,Obs,RMSE_mu,7.913791224192832,7.914298560311074,0.000507336118241497,0.00641078471580785,VALID
SensorScope,30001,RAVEN-w/o-Obs,Obs,Tail_RMSE,8.435797825584572,8.436304268737466,0.0005064431528936097,0.006003500360779628,VALID
SensorScope,30001,RAVEN-w/o-Use,Use,Delta_group,0.9984597031193984,1.0006582626164435,0.0021985594970451716,0.22019511555412893,VALID
SensorScope,30001,RAVEN-w/o-Use,Use,Delta_c_s,1.214493695326521,1.2132107394412124,-0.0012829558853086898,-0.10563709719083904,VALID
SensorScope,30001,RAVEN-w/o-Use,Use,RMSE_mu,7.913791224192832,7.917196607356961,0.00340538316412875,0.043030995734614955,VALID
SensorScope,30001,RAVEN-w/o-Use,Use,Tail_RMSE,8.435797825584572,8.439274849543462,0.0034770239588901575,0.041217488028753364,VALID
SensorScope,30001,RAVEN-w/o-Inst,Inst,Delta_group,0.9984597031193984,1.0033853681514127,0.004925665032014304,0.4933263722737622,VALID
SensorScope,30001,RAVEN-w/o-Inst,Inst,Delta_c_s,1.214493695326521,1.221074224051657,0.006580528725135926,0.5418330906499047,VALID
SensorScope,30001,RAVEN-w/o-Inst,Inst,RMSE_mu,7.913791224192832,7.914394849750177,0.0006036255573445004,0.007627514300594495,VALID
SensorScope,30001,RAVEN-w/o-Inst,Inst,Tail_RMSE,8.435797825584572,8.436410007962834,0.000612182378262105,0.0072569588664802166,VALID
SensorScope,30001,RAVEN-w/o-Debt,Debt,Delta_group,0.9984597031193984,0.9986066222082528,0.00014691908885444693,0.014714573697410197,VALID
SensorScope,30001,RAVEN-w/o-Debt,Debt,Delta_c_s,1.214493695326521,1.2145164806400233,2.2785313502193816e-05,0.0018761162441496167,VALID
SensorScope,30001,RAVEN-w/o-Debt,Debt,RMSE_mu,7.913791224192832,7.9138595586894525,6.833449662035918e-05,0.0008634862189876503,VALID
SensorScope,30001,RAVEN-w/o-Debt,Debt,Tail_RMSE,8.435797825584572,8.435865608569832,6.778298526022297e-05,0.0008035160000474033,VALID
SensorScope,30002,RAVEN-w/o-Design,Design,Delta_group,1.0163090121121825,1.0234103594504855,0.007101347338303032,0.6987389911602171,VALID
SensorScope,30002,RAVEN-w/o-Design,Design,Delta_c_s,1.2431424371461768,1.2462467871947183,0.003104350048541482,0.2497179692190375,VALID
SensorScope,30002,RAVEN-w/o-Design,Design,RMSE_mu,7.8711066009172805,7.87148574334562,0.0003791424283390299,0.0048168884956385355,VALID
SensorScope,30002,RAVEN-w/o-Design,Design,Tail_RMSE,8.391550167743068,8.391917956061215,0.00036778831814743285,0.004382841200916643,VALID
SensorScope,30002,RAVEN-w/o-Obs,Obs,Delta_group,1.0163090121121825,1.016406283027154,9.727091497158113e-05,0.009570997975254023,VALID
SensorScope,30002,RAVEN-w/o-Obs,Obs,Delta_c_s,1.2431424371461768,1.2422653691221244,-0.0008770680240524076,-0.07055249646740812,VALID
SensorScope,30002,RAVEN-w/o-Obs,Obs,RMSE_mu,7.8711066009172805,7.87232141708065,0.0012148161633698251,0.015433867497465392,VALID
SensorScope,30002,RAVEN-w/o-Obs,Obs,Tail_RMSE,8.391550167743068,8.392784357530848,0.0012341897877803376,0.014707530350286597,VALID
SensorScope,30002,RAVEN-w/o-Use,Use,Delta_group,1.0163090121121825,1.0195456179584634,0.0032366058462809377,0.3184667072423514,VALID
SensorScope,30002,RAVEN-w/o-Use,Use,Delta_c_s,1.2431424371461768,1.2446013256338035,0.0014588884876267638,0.11735489385881355,VALID
SensorScope,30002,RAVEN-w/o-Use,Use,RMSE_mu,7.8711066009172805,7.87027753531459,-0.0008290656026908039,-0.01053302470321246,VALID
SensorScope,30002,RAVEN-w/o-Use,Use,Tail_RMSE,8.391550167743068,8.390714922386245,-0.0008352453568232221,-0.009953409562322426,VALID
SensorScope,30002,RAVEN-w/o-Inst,Inst,Delta_group,1.0163090121121825,1.0189181112033678,0.0026090990911853407,0.25672301043192386,VALID
SensorScope,30002,RAVEN-w/o-Inst,Inst,Delta_c_s,1.2431424371461768,1.2450636333077112,0.0019211961615344109,0.15454352647994304,VALID
SensorScope,30002,RAVEN-w/o-Inst,Inst,RMSE_mu,7.8711066009172805,7.872338101455223,0.0012315005379424093,0.015645837369282906,VALID
SensorScope,30002,RAVEN-w/o-Inst,Inst,Tail_RMSE,8.391550167743068,8.392808463649654,0.0012582959065863264,0.014994796925878937,VALID
SensorScope,30002,RAVEN-w/o-Debt,Debt,Delta_group,1.0163090121121825,1.0164420498861388,0.00013303777395634597,0.013090287734421956,VALID
SensorScope,30002,RAVEN-w/o-Debt,Debt,Delta_c_s,1.2431424371461768,1.2432292928875566,8.685574137978769e-05,0.00698678918718102,VALID
SensorScope,30002,RAVEN-w/o-Debt,Debt,RMSE_mu,7.8711066009172805,7.871141994900741,3.539398346052991e-05,0.000449669725682602,VALID
SensorScope,30002,RAVEN-w/o-Debt,Debt,Tail_RMSE,8.391550167743068,8.39158565790439,3.549016132176064e-05,0.0004229273568331156,VALID
SensorScope,30003,RAVEN-w/o-Design,Design,Delta_group,0.987986650220171,1.0156828005048824,0.027696150284711396,2.8032919552647155,VALID
SensorScope,30003,RAVEN-w/o-Design,Design,Delta_c_s,1.2275379242810647,1.2419008539641516,0.014362929683086945,1.1700599548888821,VALID
SensorScope,30003,RAVEN-w/o-Design,Design,RMSE_mu,7.912752449814846,7.911174343767945,-0.0015781060469013397,-0.01994383189554055,VALID
SensorScope,30003,RAVEN-w/o-Design,Design,Tail_RMSE,8.434688763977029,8.433154752619274,-0.0015340113577551051,-0.01818693493832967,VALID
SensorScope,30003,RAVEN-w/o-Obs,Obs,Delta_group,0.987986650220171,0.9868676307379818,-0.0011190194821891764,-0.11326261158891215,VALID
SensorScope,30003,RAVEN-w/o-Obs,Obs,Delta_c_s,1.2275379242810647,1.2258090385362728,-0.0017288857447919082,-0.1408417378065504,VALID
SensorScope,30003,RAVEN-w/o-Obs,Obs,RMSE_mu,7.912752449814846,7.911998649048144,-0.0007538007667022839,-0.009526404010274863,VALID
SensorScope,30003,RAVEN-w/o-Obs,Obs,Tail_RMSE,8.434688763977029,8.433926251681632,-0.0007625122953971442,-0.009040194804267005,VALID
SensorScope,30003,RAVEN-w/o-Use,Use,Delta_group,0.987986650220171,0.9878334058477194,-0.0001532443724515664,-0.015510773593693418,VALID
SensorScope,30003,RAVEN-w/o-Use,Use,Delta_c_s,1.2275379242810647,1.227731176605387,0.0001932523243224349,0.01574308381841787,VALID
SensorScope,30003,RAVEN-w/o-Use,Use,RMSE_mu,7.912752449814846,7.913532855245574,0.0007804054307278818,0.00986262916320784,VALID
SensorScope,30003,RAVEN-w/o-Use,Use,Tail_RMSE,8.434688763977029,8.43547462659592,0.000785862618890576,0.009317031616469924,VALID
SensorScope,30003,RAVEN-w/o-Inst,Inst,Delta_group,0.987986650220171,0.9843622427519223,-0.0036244074682486582,-0.36684781797820504,VALID
SensorScope,30003,RAVEN-w/o-Inst,Inst,Delta_c_s,1.2275379242810647,1.2295866546615848,0.002048730380520114,0.166897522267591,VALID
SensorScope,30003,RAVEN-w/o-Inst,Inst,RMSE_mu,7.912752449814846,7.912531102087495,-0.00022134772735071806,-0.002797354381481977,VALID
SensorScope,30003,RAVEN-w/o-Inst,Inst,Tail_RMSE,8.434688763977029,8.434397560535368,-0.00029120344166067014,-0.0034524503489013762,VALID
SensorScope,30003,RAVEN-w/o-Debt,Debt,Delta_group,0.987986650220171,0.988256198423374,0.0002695482032030183,0.02728257544198092,VALID
SensorScope,30003,RAVEN-w/o-Debt,Debt,Delta_c_s,1.2275379242810647,1.227655413696019,0.0001174894149542638,0.009571143394455542,VALID
SensorScope,30003,RAVEN-w/o-Debt,Debt,RMSE_mu,7.912752449814846,7.912758746249393,6.296434547081731e-06,7.957325326447011e-05,VALID
SensorScope,30003,RAVEN-w/o-Debt,Debt,Tail_RMSE,8.434688763977029,8.434695206664735,6.442687705998651e-06,7.638322985329536e-05,VALID
SensorScope,30004,RAVEN-w/o-Design,Design,Delta_group,1.0422365849976831,1.052779337275842,0.010542752278158929,1.0115507774256807,VALID
SensorScope,30004,RAVEN-w/o-Design,Design,Delta_c_s,1.277735105290421,1.2782773161712149,0.0005422108807939807,0.042435312182390085,VALID
SensorScope,30004,RAVEN-w/o-Design,Design,RMSE_mu,7.819513648080064,7.82643901628799,0.006925368207926219,0.0885652039193846,VALID
SensorScope,30004,RAVEN-w/o-Design,Design,Tail_RMSE,8.339748625893078,8.346809339076032,0.0070607131829536485,0.0846633813521872,VALID
SensorScope,30004,RAVEN-w/o-Obs,Obs,Delta_group,1.0422365849976831,1.0454942048999678,0.003257619902284681,0.3125605020180636,VALID
SensorScope,30004,RAVEN-w/o-Obs,Obs,Delta_c_s,1.277735105290421,1.2776423058670618,-9.279942335904678e-05,-0.007262806114883576,VALID
SensorScope,30004,RAVEN-w/o-Obs,Obs,RMSE_mu,7.819513648080064,7.820954288565346,0.0014406404852822519,0.018423658428372645,VALID
SensorScope,30004,RAVEN-w/o-Obs,Obs,Tail_RMSE,8.339748625893078,8.341215948369763,0.00146732247668524,0.01759432499115774,VALID
SensorScope,30004,RAVEN-w/o-Use,Use,Delta_group,1.0422365849976831,1.0424066549495827,0.0001700699518996096,0.016317787568355956,VALID
SensorScope,30004,RAVEN-w/o-Use,Use,Delta_c_s,1.277735105290421,1.2796874293305056,0.0019523240400847186,0.15279567979318906,VALID
SensorScope,30004,RAVEN-w/o-Use,Use,RMSE_mu,7.819513648080064,7.820874935501071,0.0013612874210071624,0.017408850246605823,VALID
SensorScope,30004,RAVEN-w/o-Use,Use,Tail_RMSE,8.339748625893078,8.341138359554355,0.0013897336612771483,0.0166639754220209,VALID
SensorScope,30004,RAVEN-w/o-Inst,Inst,Delta_group,1.0422365849976831,1.0457482282225237,0.003511643224840544,0.3369334060412349,VALID
SensorScope,30004,RAVEN-w/o-Inst,Inst,Delta_c_s,1.277735105290421,1.2854097704290375,0.007674665138616588,0.6006460264604052,VALID
SensorScope,30004,RAVEN-w/o-Inst,Inst,RMSE_mu,7.819513648080064,7.8141129936357,-0.005400654444364328,-0.06906637276207526,VALID
SensorScope,30004,RAVEN-w/o-Inst,Inst,Tail_RMSE,8.339748625893078,8.334250859595283,-0.005497766297795081,-0.06592244616013643,VALID
SensorScope,30004,RAVEN-w/o-Debt,Debt,Delta_group,1.0422365849976831,1.0423075459102848,7.096091260172521e-05,0.006808522520045961,VALID
SensorScope,30004,RAVEN-w/o-Debt,Debt,Delta_c_s,1.277735105290421,1.2777889593637521,5.385407333124981e-05,0.004214807365647916,VALID
SensorScope,30004,RAVEN-w/o-Debt,Debt,RMSE_mu,7.819513648080064,7.819585724710081,7.207663001729259e-05,0.0009217533629471913,VALID
SensorScope,30004,RAVEN-w/o-Debt,Debt,Tail_RMSE,8.339748625893078,8.339821941196146,7.331530306764478e-05,0.0008791068694806573,VALID
SensorScope,30005,RAVEN-w/o-Design,Design,Delta_group,1.0089789888358265,1.029688088353143,0.020709099517316476,2.052480749991723,VALID
SensorScope,30005,RAVEN-w/o-Design,Design,Delta_c_s,1.2816181819842343,1.2917018202282766,0.010083638244042348,0.7867895747570153,VALID
SensorScope,30005,RAVEN-w/o-Design,Design,RMSE_mu,8.019002765163714,8.015022251482403,-0.0039805136813111375,-0.04963851239213125,VALID
SensorScope,30005,RAVEN-w/o-Design,Design,Tail_RMSE,8.54337621580202,8.539345365009575,-0.004030850792444696,-0.04718100538507415,VALID
SensorScope,30005,RAVEN-w/o-Obs,Obs,Delta_group,1.0089789888358265,1.0101383047351973,0.0011593158993707942,0.11489990497308854,VALID
SensorScope,30005,RAVEN-w/o-Obs,Obs,Delta_c_s,1.2816181819842343,1.2803398478974215,-0.0012783340868127713,-0.09974375401210535,VALID
SensorScope,30005,RAVEN-w/o-Obs,Obs,RMSE_mu,8.019002765163714,8.019530151755507,0.0005273865917931886,0.006576710436917047,VALID
SensorScope,30005,RAVEN-w/o-Obs,Obs,Tail_RMSE,8.54337621580202,8.543916936103242,0.0005407203012222084,0.00632911728997817,VALID
SensorScope,30005,RAVEN-w/o-Use,Use,Delta_group,1.0089789888358265,1.0081467320812922,-0.0008322567545342441,-0.08248504317166339,VALID
SensorScope,30005,RAVEN-w/o-Use,Use,Delta_c_s,1.2816181819842343,1.2810690781208764,-0.0005491038633578249,-0.042844575012792666,VALID
SensorScope,30005,RAVEN-w/o-Use,Use,RMSE_mu,8.019002765163714,8.018581273396233,-0.0004214917674811858,-0.005256161892252206,VALID
SensorScope,30005,RAVEN-w/o-Use,Use,Tail_RMSE,8.54337621580202,8.5429443706766,-0.00043184512541927234,-0.005054736143077978,VALID
SensorScope,30005,RAVEN-w/o-Inst,Inst,Delta_group,1.0089789888358265,0.9996361213103526,-0.009342867525473864,-0.925972456200876,VALID
SensorScope,30005,RAVEN-w/o-Inst,Inst,Delta_c_s,1.2816181819842343,1.2867062238245368,0.005088041840302537,0.39700137777579747,VALID
SensorScope,30005,RAVEN-w/o-Inst,Inst,RMSE_mu,8.019002765163714,8.025214540528298,0.006211775364583616,0.07746319020575619,VALID
SensorScope,30005,RAVEN-w/o-Inst,Inst,Tail_RMSE,8.54337621580202,8.549667892848664,0.0062916770466436844,0.0736439188409666,VALID
SensorScope,30005,RAVEN-w/o-Debt,Debt,Delta_group,1.0089789888358265,1.009096389947546,0.00011740111171953949,0.011635634935767934,VALID
SensorScope,30005,RAVEN-w/o-Debt,Debt,Delta_c_s,1.2816181819842343,1.2816409758818592,2.2793897624939774e-05,0.0017785248325401935,VALID
SensorScope,30005,RAVEN-w/o-Debt,Debt,RMSE_mu,8.019002765163714,8.018991805677423,-1.0959486290929021e-05,-0.000136668942658798,VALID
SensorScope,30005,RAVEN-w/o-Debt,Debt,Tail_RMSE,8.54337621580202,8.543365234092137,-1.0981709882784685e-05,-0.0001285406331805062,VALID
SensorScope,30006,RAVEN-w/o-Design,Design,Delta_group,0.9895753536742937,0.9999376300231418,0.01036227634884812,1.0471437380056994,VALID
SensorScope,30006,RAVEN-w/o-Design,Design,Delta_c_s,1.2432774583600854,1.2495623718252453,0.006284913465159914,0.505511736169485,VALID
SensorScope,30006,RAVEN-w/o-Design,Design,RMSE_mu,7.918400910463253,7.916750892592958,-0.0016500178702951729,-0.02083776622265822,VALID
SensorScope,30006,RAVEN-w/o-Design,Design,Tail_RMSE,8.43995924857205,8.438272103665202,-0.0016871449068478483,-0.019989965083460504,VALID
SensorScope,30006,RAVEN-w/o-Obs,Obs,Delta_group,0.9895753536742937,0.9896671882465924,9.183457229866576e-05,0.009280200033042856,VALID
SensorScope,30006,RAVEN-w/o-Obs,Obs,Delta_c_s,1.2432774583600854,1.2418327345713531,-0.0014447237887322828,-0.1162028458746377,VALID
SensorScope,30006,RAVEN-w/o-Obs,Obs,RMSE_mu,7.918400910463253,7.917474952141752,-0.0009259583215017742,-0.011693753978511332,VALID
SensorScope,30006,RAVEN-w/o-Obs,Obs,Tail_RMSE,8.43995924857205,8.439009920936567,-0.000949327635483499,-0.011248012075936445,VALID
SensorScope,30006,RAVEN-w/o-Use,Use,Delta_group,0.9895753536742937,0.989794234190852,0.000218880516558273,0.022118630556588696,VALID
SensorScope,30006,RAVEN-w/o-Use,Use,Delta_c_s,1.2432774583600854,1.243283163463338,5.7051032524846335e-06,0.00045887611121091265,VALID
SensorScope,30006,RAVEN-w/o-Use,Use,RMSE_mu,7.918400910463253,7.917537949319586,-0.0008629611436674622,-0.01089817443477961,VALID
SensorScope,30006,RAVEN-w/o-Use,Use,Tail_RMSE,8.43995924857205,8.439076321267763,-0.0008829273042874064,-0.010461274495333472,VALID
SensorScope,30006,RAVEN-w/o-Inst,Inst,Delta_group,0.9895753536742937,0.9874521785351841,-0.0021231751391096454,-0.214554165200891,VALID
SensorScope,30006,RAVEN-w/o-Inst,Inst,Delta_c_s,1.2432774583600854,1.244664301934638,0.0013868435745525431,0.11154739155182827,VALID
SensorScope,30006,RAVEN-w/o-Inst,Inst,RMSE_mu,7.918400910463253,7.920699521857536,0.002298611394282446,0.02902873219320199,VALID
SensorScope,30006,RAVEN-w/o-Inst,Inst,Tail_RMSE,8.43995924857205,8.442297810814003,0.002338562241952502,0.027708217220932217,VALID
SensorScope,30006,RAVEN-w/o-Debt,Debt,Delta_group,0.9895753536742937,0.9897716828273451,0.00019632915305134446,0.019839737552312133,VALID
SensorScope,30006,RAVEN-w/o-Debt,Debt,Delta_c_s,1.2432774583600854,1.2433326143021148,5.515594202942786e-05,0.004436334115007598,VALID
SensorScope,30006,RAVEN-w/o-Debt,Debt,RMSE_mu,7.918400910463253,7.918409897470545,8.987007291239024e-06,0.00011349522956540039,VALID
SensorScope,30006,RAVEN-w/o-Debt,Debt,Tail_RMSE,8.43995924857205,8.439968414754194,9.166182143971469e-06,0.00010860457822142078,VALID
SensorScope,30007,RAVEN-w/o-Design,Design,Delta_group,1.0100807534481162,1.0300838015981642,0.020003048150047942,1.9803414807938342,VALID
SensorScope,30007,RAVEN-w/o-Design,Design,Delta_c_s,1.2353840602099804,1.2439853806534624,0.008601320443482052,0.696246675063953,VALID
SensorScope,30007,RAVEN-w/o-Design,Design,RMSE_mu,7.979988410761757,7.9915415432047645,0.011553132443007819,0.1447763060335695,VALID
SensorScope,30007,RAVEN-w/o-Design,Design,Tail_RMSE,8.503544409695078,8.51544286441938,0.011898454724303065,0.13992347368395436,VALID
SensorScope,30007,RAVEN-w/o-Obs,Obs,Delta_group,1.0100807534481162,1.0120307616770687,0.0019500082289525267,0.1930546862016504,VALID
SensorScope,30007,RAVEN-w/o-Obs,Obs,Delta_c_s,1.2353840602099804,1.2346214746471,-0.0007625855628803357,-0.06172862249418353,VALID
SensorScope,30007,RAVEN-w/o-Obs,Obs,RMSE_mu,7.979988410761757,7.986394941188695,0.006406530426938062,0.08028245277021029,VALID
SensorScope,30007,RAVEN-w/o-Obs,Obs,Tail_RMSE,8.503544409695078,8.510102555247501,0.006558145552423511,0.07712249429715949,VALID
SensorScope,30007,RAVEN-w/o-Use,Use,Delta_group,1.0100807534481162,1.0095597544061838,-0.0005209990419323685,-0.05157993953986671,VALID
SensorScope,30007,RAVEN-w/o-Use,Use,Delta_c_s,1.2353840602099804,1.2352244234450687,-0.00015963676491170808,-0.012922035345394885,VALID
SensorScope,30007,RAVEN-w/o-Use,Use,RMSE_mu,7.979988410761757,7.981224769863136,0.001236359101379314,0.0154932443224099,VALID
SensorScope,30007,RAVEN-w/o-Use,Use,Tail_RMSE,8.503544409695078,8.50482580441898,0.0012813947239020962,0.01506894845449563,VALID
SensorScope,30007,RAVEN-w/o-Inst,Inst,Delta_group,1.0100807534481162,1.0033236657238536,-0.006757087724262645,-0.6689651001858962,VALID
SensorScope,30007,RAVEN-w/o-Inst,Inst,Delta_c_s,1.2353840602099804,1.2411327206803595,0.005748660470379141,0.4653338711041837,VALID
SensorScope,30007,RAVEN-w/o-Inst,Inst,RMSE_mu,7.979988410761757,7.97055387198231,-0.009434538779446555,-0.11822747470062991,VALID
SensorScope,30007,RAVEN-w/o-Inst,Inst,Tail_RMSE,8.503544409695078,8.493898564408568,-0.009645845286510024,-0.11343323232971633,VALID
SensorScope,30007,RAVEN-w/o-Debt,Debt,Delta_group,1.0100807534481162,1.0102370374009464,0.00015628395283018293,0.01547242161546746,VALID
SensorScope,30007,RAVEN-w/o-Debt,Debt,Delta_c_s,1.2353840602099804,1.2354119076009906,2.7847391010249467e-05,0.0022541484795842513,VALID
SensorScope,30007,RAVEN-w/o-Debt,Debt,RMSE_mu,7.979988410761757,7.980055276933999,6.686617224271885e-05,0.0008379231748324797,VALID
SensorScope,30007,RAVEN-w/o-Debt,Debt,Tail_RMSE,8.503544409695078,8.503612658693719,6.82489986409962e-05,0.0008025947223040785,VALID
SensorScope,30008,RAVEN-w/o-Design,Design,Delta_group,0.9393123464767481,0.9570384358436416,0.01772608936689346,1.8871347143878145,VALID
SensorScope,30008,RAVEN-w/o-Design,Design,Delta_c_s,1.2310446800709207,1.2405323266739228,0.009487646603002053,0.770698802130843,VALID
SensorScope,30008,RAVEN-w/o-Design,Design,RMSE_mu,7.936410201989762,7.938733233145114,0.002323031155351707,0.029270553011099307,VALID
SensorScope,30008,RAVEN-w/o-Design,Design,Tail_RMSE,8.457640591406184,8.459986188562018,0.002345597155834156,0.02773346928713806,VALID
SensorScope,30008,RAVEN-w/o-Obs,Obs,Delta_group,0.9393123464767481,0.940487408911958,0.0011750624352099281,0.12509815713776692,VALID
SensorScope,30008,RAVEN-w/o-Obs,Obs,Delta_c_s,1.2310446800709207,1.2301050574233836,-0.0009396226475371083,-0.07632725787686086,VALID
SensorScope,30008,RAVEN-w/o-Obs,Obs,RMSE_mu,7.936410201989762,7.938939587151826,0.002529385162064024,0.03187064551464179,VALID
SensorScope,30008,RAVEN-w/o-Obs,Obs,Tail_RMSE,8.457640591406184,8.460211594013352,0.002571002607167472,0.030398579596535115,VALID
SensorScope,30008,RAVEN-w/o-Use,Use,Delta_group,0.9393123464767481,0.9406714014661555,0.00135905498940736,0.14468616264919948,VALID
SensorScope,30008,RAVEN-w/o-Use,Use,Delta_c_s,1.2310446800709207,1.2324378222722376,0.0013931422013169215,0.11316747668627773,VALID
SensorScope,30008,RAVEN-w/o-Use,Use,RMSE_mu,7.936410201989762,7.937535938424794,0.0011257364350321097,0.01418445375655952,VALID
SensorScope,30008,RAVEN-w/o-Use,Use,Tail_RMSE,8.457640591406184,8.458782533235398,0.0011419418292142325,0.013501895911426651,VALID
SensorScope,30008,RAVEN-w/o-Inst,Inst,Delta_group,0.9393123464767481,0.9337848632662497,-0.005527483210498452,-0.5884606149627866,VALID
SensorScope,30008,RAVEN-w/o-Inst,Inst,Delta_c_s,1.2310446800709207,1.233461182177603,0.0024165021066822057,0.1962968644276169,VALID
SensorScope,30008,RAVEN-w/o-Inst,Inst,RMSE_mu,7.936410201989762,7.93726850643807,0.0008583044483074787,0.010814769227682946,VALID
SensorScope,30008,RAVEN-w/o-Inst,Inst,Tail_RMSE,8.457640591406184,8.45852143458618,0.000880843179995594,0.010414762491688516,VALID
SensorScope,30008,RAVEN-w/o-Debt,Debt,Delta_group,0.9393123464767481,0.9394604055197056,0.0001480590429574491,0.015762493010211293,VALID
SensorScope,30008,RAVEN-w/o-Debt,Debt,Delta_c_s,1.2310446800709207,1.2310559672924186,1.1287221497902067e-05,0.0009168815462694504,VALID
SensorScope,30008,RAVEN-w/o-Debt,Debt,RMSE_mu,7.936410201989762,7.936454136433752,4.3934443989535055e-05,0.0005535808113663293,VALID
SensorScope,30008,RAVEN-w/o-Debt,Debt,Tail_RMSE,8.457640591406184,8.457683988143774,4.3396737590128964e-05,0.0005131069016366625,VALID
SensorScope,30009,RAVEN-w/o-Design,Design,Delta_group,1.0088851531251488,1.0152911783713456,0.0064060252461968226,0.6349608006771983,VALID
SensorScope,30009,RAVEN-w/o-Design,Design,Delta_c_s,1.238890820397546,1.2432853250413407,0.004394504643794761,0.35471282629930334,VALID
SensorScope,30009,RAVEN-w/o-Design,Design,RMSE_mu,7.899599273822839,7.895175352601435,-0.004423921221404115,-0.05600184348671719,VALID
SensorScope,30009,RAVEN-w/o-Design,Design,Tail_RMSE,8.420478288771312,8.415979581273778,-0.004498707497534227,-0.053425795343873074,VALID
SensorScope,30009,RAVEN-w/o-Obs,Obs,Delta_group,1.0088851531251488,1.0118949607668708,0.0030098076417219843,0.2983300559433079,VALID
SensorScope,30009,RAVEN-w/o-Obs,Obs,Delta_c_s,1.238890820397546,1.2385130860180857,-0.00037773437946020394,-0.030489723003920013,VALID
SensorScope,30009,RAVEN-w/o-Obs,Obs,RMSE_mu,7.899599273822839,7.899061870315865,-0.0005374035069740657,-0.006802921114680808,VALID
SensorScope,30009,RAVEN-w/o-Obs,Obs,Tail_RMSE,8.420478288771312,8.419931511251537,-0.0005467775197747216,-0.0064934259198061,VALID
SensorScope,30009,RAVEN-w/o-Use,Use,Delta_group,1.0088851531251488,1.0120291189065092,0.003143965781360336,0.31162771814229856,VALID
SensorScope,30009,RAVEN-w/o-Use,Use,Delta_c_s,1.238890820397546,1.2382944627387324,-0.0005963576588134956,-0.0481364175918368,VALID
SensorScope,30009,RAVEN-w/o-Use,Use,RMSE_mu,7.899599273822839,7.900996304996362,0.0013970311735223007,0.017684835965688647,VALID
SensorScope,30009,RAVEN-w/o-Use,Use,Tail_RMSE,8.420478288771312,8.421898139611445,0.0014198508401328525,0.016861878760808875,VALID
SensorScope,30009,RAVEN-w/o-Inst,Inst,Delta_group,1.0088851531251488,1.006552089116223,-0.002333064008925856,-0.23125169417935196,VALID
SensorScope,30009,RAVEN-w/o-Inst,Inst,Delta_c_s,1.238890820397546,1.2436142929469345,0.004723472549388541,0.3812662481325701,VALID
SensorScope,30009,RAVEN-w/o-Inst,Inst,RMSE_mu,7.899599273822839,7.904274824401164,0.004675550578324916,0.05918718679589788,VALID
SensorScope,30009,RAVEN-w/o-Inst,Inst,Tail_RMSE,8.420478288771312,8.425227561600236,0.004749272828924234,0.0564014616041155,VALID
SensorScope,30009,RAVEN-w/o-Debt,Debt,Delta_group,1.0088851531251488,1.0090591213608517,0.00017396823570292597,0.0172436114421981,VALID
SensorScope,30009,RAVEN-w/o-Debt,Debt,Delta_c_s,1.238890820397546,1.238918296713872,2.7476316326158212e-05,0.0022178157973066085,VALID
SensorScope,30009,RAVEN-w/o-Debt,Debt,RMSE_mu,7.899599273822839,7.899656852105435,5.7578282596004726e-05,0.0007288759923152529,VALID
SensorScope,30009,RAVEN-w/o-Debt,Debt,Tail_RMSE,8.420478288771312,8.420538108848818,5.9820077506600455e-05,0.0007104118727598929,VALID
SensorScope,30010,RAVEN-w/o-Design,Design,Delta_group,1.03814980014277,1.0508532193909002,0.012703419248130121,1.223659557260725,VALID
SensorScope,30010,RAVEN-w/o-Design,Design,Delta_c_s,1.3196560244379938,1.3335105060377346,0.013854481599740787,1.0498555186485843,VALID
SensorScope,30010,RAVEN-w/o-Design,Design,RMSE_mu,7.976430767879946,7.965846660590522,-0.01058410728942416,-0.13269227299063374,VALID
SensorScope,30010,RAVEN-w/o-Design,Design,Tail_RMSE,8.499586507857362,8.488814913686994,-0.010771594170368104,-0.1267308022620913,VALID
SensorScope,30010,RAVEN-w/o-Obs,Obs,Delta_group,1.03814980014277,1.0405013567139276,0.002351556571157598,0.2265141861833623,VALID
SensorScope,30010,RAVEN-w/o-Obs,Obs,Delta_c_s,1.3196560244379938,1.3188532729553168,-0.0008027514826769444,-0.06083035789715087,VALID
SensorScope,30010,RAVEN-w/o-Obs,Obs,RMSE_mu,7.976430767879946,7.975725826979092,-0.0007049409008539342,-0.008837798777024931,VALID
SensorScope,30010,RAVEN-w/o-Obs,Obs,Tail_RMSE,8.499586507857362,8.498865105021308,-0.0007214028360547076,-0.00848750507319166,VALID
SensorScope,30010,RAVEN-w/o-Use,Use,Delta_group,1.03814980014277,1.0389550769347773,0.000805276792007259,0.07756845802951698,VALID
SensorScope,30010,RAVEN-w/o-Use,Use,Delta_c_s,1.3196560244379938,1.3219758652482907,0.0023198408102969026,0.1757913249617347,VALID
SensorScope,30010,RAVEN-w/o-Use,Use,RMSE_mu,7.976430767879946,7.97726440351868,0.0008336356387337318,0.010451236436360416,VALID
SensorScope,30010,RAVEN-w/o-Use,Use,Tail_RMSE,8.499586507857362,8.500434571382991,0.0008480635256287172,0.009977703325270388,VALID
SensorScope,30010,RAVEN-w/o-Inst,Inst,Delta_group,1.03814980014277,1.0316033853435256,-0.006546414799244449,-0.6305847959845644,VALID
SensorScope,30010,RAVEN-w/o-Inst,Inst,Delta_c_s,1.3196560244379938,1.3235982464929086,0.00394222205491479,0.2987310315651139,VALID
SensorScope,30010,RAVEN-w/o-Inst,Inst,RMSE_mu,7.976430767879946,7.984154091110175,0.007723323230228729,0.09682680706425174,VALID
SensorScope,30010,RAVEN-w/o-Inst,Inst,Tail_RMSE,8.499586507857362,8.507439790603742,0.007853282746379975,0.09239605643309921,VALID
SensorScope,30010,RAVEN-w/o-Debt,Debt,Delta_group,1.03814980014277,1.0382707847670014,0.00012098462423137946,0.011653869626015554,VALID
SensorScope,30010,RAVEN-w/o-Debt,Debt,Delta_c_s,1.3196560244379938,1.3197211468951366,6.512245714285214e-05,0.004934805429360735,VALID
SensorScope,30010,RAVEN-w/o-Debt,Debt,RMSE_mu,7.976430767879946,7.976403808640745,-2.695923920104093e-05,-0.00033798624955916747,VALID
SensorScope,30010,RAVEN-w/o-Debt,Debt,Tail_RMSE,8.499586507857362,8.49955907253527,-2.743532209237287e-05,-0.000322784197407845,VALID
SensorScope,30011,RAVEN-w/o-Design,Design,Delta_group,1.0303587866854431,1.0448054246921366,0.014446638006693435,1.4020978122743792,VALID
SensorScope,30011,RAVEN-w/o-Design,Design,Delta_c_s,1.285993261174073,1.292465692596887,0.006472431422813951,0.5033021259306458,VALID
SensorScope,30011,RAVEN-w/o-Design,Design,RMSE_mu,7.943988598407923,7.943440410588767,-0.0005481878191559986,-0.006900662209735075,VALID
SensorScope,30011,RAVEN-w/o-Design,Design,Tail_RMSE,8.466181763612814,8.465621884166998,-0.0005598794458165912,-0.006613128107205569,VALID
SensorScope,30011,RAVEN-w/o-Obs,Obs,Delta_group,1.0303587866854431,1.0297459674796765,-0.0006128192057666126,-0.05947629249981826,VALID
SensorScope,30011,RAVEN-w/o-Obs,Obs,Delta_c_s,1.285993261174073,1.2860316084420813,3.834726800833188e-05,0.002981918270187667,VALID
SensorScope,30011,RAVEN-w/o-Obs,Obs,RMSE_mu,7.943988598407923,7.944141059944429,0.00015246153650583238,0.001919206386277891,VALID
SensorScope,30011,RAVEN-w/o-Obs,Obs,Tail_RMSE,8.466181763612814,8.466334695823493,0.00015293221067835816,0.001806389408453908,VALID
SensorScope,30011,RAVEN-w/o-Use,Use,Delta_group,1.0303587866854431,1.030340701190684,-1.8085494759123577e-05,-0.0017552618556593018,VALID
SensorScope,30011,RAVEN-w/o-Use,Use,Delta_c_s,1.285993261174073,1.2854366566361137,-0.0005566045379592488,-0.043282072679843256,VALID
SensorScope,30011,RAVEN-w/o-Use,Use,RMSE_mu,7.943988598407923,7.945845044657238,0.0018564462493149136,0.023369195792740303,VALID
SensorScope,30011,RAVEN-w/o-Use,Use,Tail_RMSE,8.466181763612814,8.468069638871544,0.0018878752587294656,0.02229901638591614,VALID
SensorScope,30011,RAVEN-w/o-Inst,Inst,Delta_group,1.0303587866854431,1.028623787194831,-0.0017349994906121768,-0.16838789682121208,VALID
SensorScope,30011,RAVEN-w/o-Inst,Inst,Delta_c_s,1.285993261174073,1.2893200624055976,0.003326801231524623,0.25869507500275346,VALID
SensorScope,30011,RAVEN-w/o-Inst,Inst,RMSE_mu,7.943988598407923,7.943916696650437,-7.190175748661431e-05,-0.0009051090216950254,VALID
SensorScope,30011,RAVEN-w/o-Inst,Inst,Tail_RMSE,8.466181763612814,8.466106089323961,-7.567428885302263e-05,-0.000893842005356731,VALID
SensorScope,30011,RAVEN-w/o-Debt,Debt,Delta_group,1.0303587866854431,1.030424944036128,6.615735068482564e-05,0.006420807153753397,VALID
SensorScope,30011,RAVEN-w/o-Debt,Debt,Delta_c_s,1.285993261174073,1.2860159821676427,2.2720993569702586e-05,0.0017668050257867607,VALID
SensorScope,30011,RAVEN-w/o-Debt,Debt,RMSE_mu,7.943988598407923,7.943951001962901,-3.759644502210335e-05,-0.0004732691211268626,VALID
SensorScope,30011,RAVEN-w/o-Debt,Debt,Tail_RMSE,8.466181763612814,8.466143536818473,-3.822679434151155e-05,-0.00045152343061908044,VALID
SensorScope,30012,RAVEN-w/o-Design,Design,Delta_group,1.0031060360546422,1.0219635475989437,0.018857511544301486,1.8799120797309468,VALID
SensorScope,30012,RAVEN-w/o-Design,Design,Delta_c_s,1.277988485086274,1.284643054238325,0.006654569152050982,0.5207065032046628,VALID
SensorScope,30012,RAVEN-w/o-Design,Design,RMSE_mu,7.879424097815838,7.88200804248628,0.0025839446704418734,0.032793572707403046,VALID
SensorScope,30012,RAVEN-w/o-Design,Design,Tail_RMSE,8.401580226069179,8.404194190255827,0.0026139641866489427,0.031112768268737108,VALID
SensorScope,30012,RAVEN-w/o-Obs,Obs,Delta_group,1.0031060360546422,1.0066466593946484,0.003540623340006155,0.35296600885106094,VALID
SensorScope,30012,RAVEN-w/o-Obs,Obs,Delta_c_s,1.277988485086274,1.2778609649039527,-0.00012752018232120577,-0.009978194937538673,VALID
SensorScope,30012,RAVEN-w/o-Obs,Obs,RMSE_mu,7.879424097815838,7.879869590359616,0.00044549254377734826,0.0056538718851399045,VALID
SensorScope,30012,RAVEN-w/o-Obs,Obs,Tail_RMSE,8.401580226069179,8.402031186204153,0.0004509601349749204,0.0053675632778657605,VALID
SensorScope,30012,RAVEN-w/o-Use,Use,Delta_group,1.0031060360546422,1.0024030775161703,-0.0007029585384719095,-0.07007818846716792,VALID
SensorScope,30012,RAVEN-w/o-Use,Use,Delta_c_s,1.277988485086274,1.2791125881240781,0.0011241030378041916,0.08795877669651352,VALID
SensorScope,30012,RAVEN-w/o-Use,Use,RMSE_mu,7.879424097815838,7.884496353256079,0.005072255440240703,0.06437342853073136,VALID
SensorScope,30012,RAVEN-w/o-Use,Use,Tail_RMSE,8.401580226069179,8.406751442257429,0.005171216188250227,0.0615505184632352,VALID
SensorScope,30012,RAVEN-w/o-Inst,Inst,Delta_group,1.0031060360546422,0.99238266064075,-0.010723375413892233,-1.069017135622948,VALID
SensorScope,30012,RAVEN-w/o-Inst,Inst,Delta_c_s,1.277988485086274,1.2800963671758694,0.0021078820895954475,0.16493748685483262,VALID
SensorScope,30012,RAVEN-w/o-Inst,Inst,RMSE_mu,7.879424097815838,7.876176740926438,-0.0032473568894006988,-0.04121312483105028,VALID
SensorScope,30012,RAVEN-w/o-Inst,Inst,Tail_RMSE,8.401580226069179,8.398274933335522,-0.0033052927336569837,-0.03934132204559595,VALID
SensorScope,30012,RAVEN-w/o-Debt,Debt,Delta_group,1.0031060360546422,1.0032407475034273,0.00013471144878507424,0.013429432576730712,VALID
SensorScope,30012,RAVEN-w/o-Debt,Debt,Delta_c_s,1.277988485086274,1.2780153036410216,2.6818554747620738e-05,0.0020984973699360275,VALID
SensorScope,30012,RAVEN-w/o-Debt,Debt,RMSE_mu,7.879424097815838,7.879431706770402,7.608954563309567e-06,9.656739463254371e-05,VALID
SensorScope,30012,RAVEN-w/o-Debt,Debt,Tail_RMSE,8.401580226069179,8.401587608470034,7.382400855959759e-06,8.786919433385854e-05,VALID
SensorScope,30013,RAVEN-w/o-Design,Design,Delta_group,1.0239619990670108,1.0350789593300158,0.011116960263005016,1.0856809406144272,VALID
SensorScope,30013,RAVEN-w/o-Design,Design,Delta_c_s,1.2553059578568249,1.2622412502708107,0.006935292413985827,0.5524782520610676,VALID
SensorScope,30013,RAVEN-w/o-Design,Design,RMSE_mu,7.9749815903925185,7.983278236626378,0.008296646233859839,0.1040334217680807,VALID
SensorScope,30013,RAVEN-w/o-Design,Design,Tail_RMSE,8.497007724031022,8.505483385678454,0.00847566164743263,0.09974878124992143,VALID
SensorScope,30013,RAVEN-w/o-Obs,Obs,Delta_group,1.0239619990670108,1.0239371340880268,-2.4864978984018293e-05,-0.0024283107192136204,VALID
SensorScope,30013,RAVEN-w/o-Obs,Obs,Delta_c_s,1.2553059578568249,1.2544512190702266,-0.0008547387865982525,-0.06809007646689913,VALID
SensorScope,30013,RAVEN-w/o-Obs,Obs,RMSE_mu,7.9749815903925185,7.976738897963006,0.0017573075704877539,0.022035255512122896,VALID
SensorScope,30013,RAVEN-w/o-Obs,Obs,Tail_RMSE,8.497007724031022,8.498801417333265,0.0017936933022433266,0.02110970544572354,VALID
SensorScope,30013,RAVEN-w/o-Use,Use,Delta_group,1.0239619990670108,1.02407895530312,0.00011695623610918915,0.011421931303676752,VALID
SensorScope,30013,RAVEN-w/o-Use,Use,Delta_c_s,1.2553059578568249,1.2548004367619827,-0.0005055210948421429,-0.04027074767534885,VALID
SensorScope,30013,RAVEN-w/o-Use,Use,RMSE_mu,7.9749815903925185,7.975561562629769,0.0005799722372508143,0.007272395938186345,VALID
SensorScope,30013,RAVEN-w/o-Use,Use,Tail_RMSE,8.497007724031022,8.497577050663036,0.0005693266320143664,0.006700319106503943,VALID
SensorScope,30013,RAVEN-w/o-Inst,Inst,Delta_group,1.0239619990670108,1.0225532870971394,-0.0014087119698713568,-0.137574633741771,VALID
SensorScope,30013,RAVEN-w/o-Inst,Inst,Delta_c_s,1.2553059578568249,1.258520100761913,0.0032141429050880355,0.256044582993577,VALID
SensorScope,30013,RAVEN-w/o-Inst,Inst,RMSE_mu,7.9749815903925185,7.969924506497403,-0.0050570838951156105,-0.06341185666444538,VALID
SensorScope,30013,RAVEN-w/o-Inst,Inst,Tail_RMSE,8.497007724031022,8.491883659203186,-0.005124064827835895,-0.06030434470883373,VALID
SensorScope,30013,RAVEN-w/o-Debt,Debt,Delta_group,1.0239619990670108,1.0240720862738022,0.00011008720679139827,0.010751102764722216,VALID
SensorScope,30013,RAVEN-w/o-Debt,Debt,Delta_c_s,1.2553059578568249,1.2554151154232462,0.00010915756642138064,0.008695694124462262,VALID
SensorScope,30013,RAVEN-w/o-Debt,Debt,RMSE_mu,7.9749815903925185,7.975035433934857,5.38435423385053e-05,0.0006751556944453735,VALID
SensorScope,30013,RAVEN-w/o-Debt,Debt,Tail_RMSE,8.497007724031022,8.497062944675545,5.522064452279096e-05,0.0006498834215086958,VALID
SensorScope,30014,RAVEN-w/o-Design,Design,Delta_group,1.0340455375778568,1.0452832669214824,0.011237729343625658,1.0867731579741506,VALID
SensorScope,30014,RAVEN-w/o-Design,Design,Delta_c_s,1.2852656734819687,1.2924070039043751,0.007141330422406389,0.555630681636389,VALID
SensorScope,30014,RAVEN-w/o-Design,Design,RMSE_mu,7.936370229252201,7.939182931113649,0.002812701861447664,0.035440658389152405,VALID
SensorScope,30014,RAVEN-w/o-Design,Design,Tail_RMSE,8.457964569118527,8.46081483431909,0.0028502652005624185,0.033699185865228416,VALID
SensorScope,30014,RAVEN-w/o-Obs,Obs,Delta_group,1.0340455375778568,1.0345806514682794,0.0005351138904226005,0.05174954786575925,VALID
SensorScope,30014,RAVEN-w/o-Obs,Obs,Delta_c_s,1.2852656734819687,1.2841867133920788,-0.0010789600898899465,-0.08394840943405024,VALID
SensorScope,30014,RAVEN-w/o-Obs,Obs,RMSE_mu,7.936370229252201,7.939365255898551,0.00299502664634943,0.03773799054018721,VALID
SensorScope,30014,RAVEN-w/o-Obs,Obs,Tail_RMSE,8.457964569118527,8.46099890997154,0.003034340853012907,0.035875544620886726,VALID
SensorScope,30014,RAVEN-w/o-Use,Use,Delta_group,1.0340455375778568,1.0356848739130717,0.0016393363352149581,0.1585361839145819,VALID
SensorScope,30014,RAVEN-w/o-Use,Use,Delta_c_s,1.2852656734819687,1.2813169229487835,-0.003948750533185219,-0.30723224113560027,VALID
SensorScope,30014,RAVEN-w/o-Use,Use,RMSE_mu,7.936370229252201,7.940056584946766,0.003686355694564547,0.04644888769146914,VALID
SensorScope,30014,RAVEN-w/o-Use,Use,Tail_RMSE,8.457964569118527,8.461693105825729,0.003728536707201968,0.04408314407955186,VALID
SensorScope,30014,RAVEN-w/o-Inst,Inst,Delta_group,1.0340455375778568,1.0314259025119958,-0.002619635065860937,-0.2533384624430716,VALID
SensorScope,30014,RAVEN-w/o-Inst,Inst,Delta_c_s,1.2852656734819687,1.2866682273900985,0.0014025539081297111,0.10912560236126059,VALID
SensorScope,30014,RAVEN-w/o-Inst,Inst,RMSE_mu,7.936370229252201,7.930167876361979,-0.006202352890221974,-0.07815100242376653,VALID
SensorScope,30014,RAVEN-w/o-Inst,Inst,Tail_RMSE,8.457964569118527,8.451657219454237,-0.0063073496642900295,-0.07457290241341563,VALID
SensorScope,30014,RAVEN-w/o-Debt,Debt,Delta_group,1.0340455375778568,1.0341402686296324,9.473105177559837e-05,0.009161206961687193,VALID
SensorScope,30014,RAVEN-w/o-Debt,Debt,Delta_c_s,1.2852656734819687,1.2853060218472172,4.034836524846597e-05,0.003139301553052177,VALID
SensorScope,30014,RAVEN-w/o-Debt,Debt,RMSE_mu,7.936370229252201,7.936400678845842,3.044959364029154e-05,0.0003836715369963358,VALID
SensorScope,30014,RAVEN-w/o-Debt,Debt,Tail_RMSE,8.457964569118527,8.45799326786547,2.8698746943334186e-05,0.0003393103235276985,VALID
SensorScope,30015,RAVEN-w/o-Design,Design,Delta_group,1.0068240353091447,1.0209953593519008,0.014171324042756117,1.4075273876834715,VALID
SensorScope,30015,RAVEN-w/o-Design,Design,Delta_c_s,1.261207381708227,1.274036094356577,0.01282871264834995,1.0171770982639077,VALID
SensorScope,30015,RAVEN-w/o-Design,Design,RMSE_mu,7.934870398845457,7.937605613218504,0.0027352143730468015,0.034470813454556,VALID
SensorScope,30015,RAVEN-w/o-Design,Design,Tail_RMSE,8.45590641716162,8.458691780951328,0.002785363789708839,0.032939860640555645,VALID
SensorScope,30015,RAVEN-w/o-Obs,Obs,Delta_group,1.0068240353091447,1.007326765928115,0.0005027306189704372,0.04993232196886064,VALID
SensorScope,30015,RAVEN-w/o-Obs,Obs,Delta_c_s,1.261207381708227,1.260295412638925,-0.000911969069302021,-0.0723092080278515,VALID
SensorScope,30015,RAVEN-w/o-Obs,Obs,RMSE_mu,7.934870398845457,7.936365467563231,0.0014950687177739397,0.018841753458146912,VALID
SensorScope,30015,RAVEN-w/o-Obs,Obs,Tail_RMSE,8.45590641716162,8.457429203718249,0.0015227865566291854,0.018008554985171378,VALID
SensorScope,30015,RAVEN-w/o-Use,Use,Delta_group,1.0068240353091447,1.0053835524819483,-0.0014404828271963321,-0.14307195464935765,VALID
SensorScope,30015,RAVEN-w/o-Use,Use,Delta_c_s,1.261207381708227,1.2615310499709507,0.0003236682627236753,0.025663365709554187,VALID
SensorScope,30015,RAVEN-w/o-Use,Use,RMSE_mu,7.934870398845457,7.934456459471627,-0.00041393937383027435,-0.005216712473218259,VALID
SensorScope,30015,RAVEN-w/o-Use,Use,Tail_RMSE,8.45590641716162,8.455492545225116,-0.00041387193650344045,-0.004894471580994202,VALID
SensorScope,30015,RAVEN-w/o-Inst,Inst,Delta_group,1.0068240353091447,1.0023531335797207,-0.004470901729423993,-0.44405989255622064,VALID
SensorScope,30015,RAVEN-w/o-Inst,Inst,Delta_c_s,1.261207381708227,1.2616631329239403,0.0004557512157132848,0.03613610436500919,VALID
SensorScope,30015,RAVEN-w/o-Inst,Inst,RMSE_mu,7.934870398845457,7.933267772612322,-0.0016026262331347851,-0.020197257832566127,VALID
SensorScope,30015,RAVEN-w/o-Inst,Inst,Tail_RMSE,8.45590641716162,8.454276268498553,-0.001630148663066322,-0.019278224978434795,VALID
SensorScope,30015,RAVEN-w/o-Debt,Debt,Delta_group,1.0068240353091447,1.006943831071837,0.00011979576269238734,0.011898381295158904,VALID
SensorScope,30015,RAVEN-w/o-Debt,Debt,Delta_c_s,1.261207381708227,1.2612500060307315,4.262432250445869e-05,0.0033796442300176436,VALID
SensorScope,30015,RAVEN-w/o-Debt,Debt,RMSE_mu,7.934870398845457,7.934869912248156,-4.865973011192182e-07,-6.132391288835911e-06,VALID
SensorScope,30015,RAVEN-w/o-Debt,Debt,Tail_RMSE,8.45590641716162,8.455905846634954,-5.705266659106201e-07,-6.747078760861308e-06,VALID
SensorScope,30016,RAVEN-w/o-Design,Design,Delta_group,0.9889110085578758,1.0011765921059292,0.012265583548053405,1.2403121657974308,VALID
SensorScope,30016,RAVEN-w/o-Design,Design,Delta_c_s,1.2825280981688456,1.2886731600502763,0.006145061881430713,0.47913662789957157,VALID
SensorScope,30016,RAVEN-w/o-Design,Design,RMSE_mu,7.9790184154104775,7.980919211206367,0.0019007957958896426,0.023822426480661994,VALID
SensorScope,30016,RAVEN-w/o-Design,Design,Tail_RMSE,8.501569752267873,8.503504617992368,0.0019348657244950829,0.022758923126860654,VALID
SensorScope,30016,RAVEN-w/o-Obs,Obs,Delta_group,0.9889110085578758,0.9921370458422099,0.0032260372843340157,0.3262211924446599,VALID
SensorScope,30016,RAVEN-w/o-Obs,Obs,Delta_c_s,1.2825280981688456,1.2818851530296675,-0.0006429451391780638,-0.0501310762778641,VALID
SensorScope,30016,RAVEN-w/o-Obs,Obs,RMSE_mu,7.9790184154104775,7.979426551290438,0.0004081358799608026,0.00511511389887933,VALID
SensorScope,30016,RAVEN-w/o-Obs,Obs,Tail_RMSE,8.501569752267873,8.501986642997313,0.000416890729439956,0.004903691219245087,VALID
SensorScope,30016,RAVEN-w/o-Use,Use,Delta_group,0.9889110085578758,0.9886856797344468,-0.0002253288234290718,-0.022785551124328948,VALID
SensorScope,30016,RAVEN-w/o-Use,Use,Delta_c_s,1.2825280981688456,1.2843394793666947,0.0018113811978490713,0.14123520571871337,VALID
SensorScope,30016,RAVEN-w/o-Use,Use,RMSE_mu,7.9790184154104775,7.978921054974491,-9.736043598618238e-05,-0.0012202056809161245,VALID
SensorScope,30016,RAVEN-w/o-Use,Use,Tail_RMSE,8.501569752267873,8.501477857345957,-9.189492191552517e-05,-0.0010809171081730094,VALID
SensorScope,30016,RAVEN-w/o-Inst,Inst,Delta_group,0.9889110085578758,0.9854305185076542,-0.003480490050221663,-0.3519517954701753,VALID
SensorScope,30016,RAVEN-w/o-Inst,Inst,Delta_c_s,1.2825280981688456,1.2899504010813398,0.007422302912494239,0.5787243899834691,VALID
SensorScope,30016,RAVEN-w/o-Inst,Inst,RMSE_mu,7.9790184154104775,7.980417815260043,0.0013993998495651638,0.01753849630002605,VALID
SensorScope,30016,RAVEN-w/o-Inst,Inst,Tail_RMSE,8.501569752267873,8.502983143195467,0.0014133909275937384,0.016625058298400754,VALID
SensorScope,30016,RAVEN-w/o-Debt,Debt,Delta_group,0.9889110085578758,0.9890843556821611,0.00017334712428529464,0.01752909238396344,VALID
SensorScope,30016,RAVEN-w/o-Debt,Debt,Delta_c_s,1.2825280981688456,1.2825384349090665,1.0336740220884266e-05,0.0008059659851228794,VALID
SensorScope,30016,RAVEN-w/o-Debt,Debt,RMSE_mu,7.9790184154104775,7.97901657987022,-1.8355402575664925e-06,-2.300458730639568e-05,VALID
SensorScope,30016,RAVEN-w/o-Debt,Debt,Tail_RMSE,8.501569752267873,8.50156777475357,-1.9775143034195253e-06,-2.3260578470134943e-05,VALID
SensorScope,30017,RAVEN-w/o-Design,Design,Delta_group,1.0193012200949805,1.029239339262101,0.009938119167120618,0.9749933553689423,VALID
SensorScope,30017,RAVEN-w/o-Design,Design,Delta_c_s,1.246154103986357,1.2483049234007484,0.002150819414391325,0.17259658396269043,VALID
SensorScope,30017,RAVEN-w/o-Design,Design,RMSE_mu,7.98882202891608,7.989291113211913,0.0004690842958332553,0.005871757990544451,VALID
SensorScope,30017,RAVEN-w/o-Design,Design,Tail_RMSE,8.51083409158464,8.51133465289218,0.0005005613075397264,0.0058814600561262545,VALID
SensorScope,30017,RAVEN-w/o-Obs,Obs,Delta_group,1.0193012200949805,1.01905980337022,-0.00024141672476041265,-0.023684532108959603,VALID
SensorScope,30017,RAVEN-w/o-Obs,Obs,Delta_c_s,1.246154103986357,1.2451945497341446,-0.0009595542522125022,-0.07700125122109355,VALID
SensorScope,30017,RAVEN-w/o-Obs,Obs,RMSE_mu,7.98882202891608,7.99020274905432,0.001380720138239866,0.017283150547630882,VALID
SensorScope,30017,RAVEN-w/o-Obs,Obs,Tail_RMSE,8.51083409158464,8.512229895940473,0.0013958043558339739,0.016400323879114508,VALID
SensorScope,30017,RAVEN-w/o-Use,Use,Delta_group,1.0193012200949805,1.0196109816047723,0.00030976150979178385,0.03038959472283568,VALID
SensorScope,30017,RAVEN-w/o-Use,Use,Delta_c_s,1.246154103986357,1.2476364933915938,0.001482389405236706,0.11895714988175612,VALID
SensorScope,30017,RAVEN-w/o-Use,Use,RMSE_mu,7.98882202891608,7.990232655484095,0.0014106265680151608,0.01765750398380766,VALID
SensorScope,30017,RAVEN-w/o-Use,Use,Tail_RMSE,8.51083409158464,8.512252921630777,0.0014188300461377423,0.016670869516075472,VALID
SensorScope,30017,RAVEN-w/o-Inst,Inst,Delta_group,1.0193012200949805,1.01997714944289,0.0006759293479094985,0.06631301273695268,VALID
SensorScope,30017,RAVEN-w/o-Inst,Inst,Delta_c_s,1.246154103986357,1.2513025465508152,0.005148442564458122,0.4131465400618291,VALID
SensorScope,30017,RAVEN-w/o-Inst,Inst,RMSE_mu,7.98882202891608,7.9882899638942115,-0.000532065021868533,-0.006660118599997444,VALID
SensorScope,30017,RAVEN-w/o-Inst,Inst,Tail_RMSE,8.51083409158464,8.51026552501959,-0.0005685665650485561,-0.006680503449253516,VALID
SensorScope,30017,RAVEN-w/o-Debt,Debt,Delta_group,1.0193012200949805,1.0194801458671878,0.00017892577220735006,0.017553768079535646,VALID
SensorScope,30017,RAVEN-w/o-Debt,Debt,Delta_c_s,1.246154103986357,1.2462453753582479,9.127137189079981e-05,0.00732424437706615,VALID
SensorScope,30017,RAVEN-w/o-Debt,Debt,RMSE_mu,7.98882202891608,7.988633195875219,-0.0001888330408608141,-0.0023637157039838935,VALID
SensorScope,30017,RAVEN-w/o-Debt,Debt,Tail_RMSE,8.51083409158464,8.510643062825155,-0.00019102875948462383,-0.002244536286678525,VALID
SensorScope,30018,RAVEN-w/o-Design,Design,Delta_group,1.0546663047233986,1.060234009639121,0.005567704915722338,0.5279115195760946,VALID
SensorScope,30018,RAVEN-w/o-Design,Design,Delta_c_s,1.2840696137956993,1.2925229713117798,0.008453357516080562,0.6583254852587397,VALID
SensorScope,30018,RAVEN-w/o-Design,Design,RMSE_mu,7.937892494352546,7.926825097645345,-0.011067396707201027,-0.1394248752433342,VALID
SensorScope,30018,RAVEN-w/o-Design,Design,Tail_RMSE,8.460694400775639,8.449423373190855,-0.011271027584783155,-0.13321634195592597,VALID
SensorScope,30018,RAVEN-w/o-Obs,Obs,Delta_group,1.0546663047233986,1.0556394934209767,0.0009731886975781201,0.09227456051450822,VALID
SensorScope,30018,RAVEN-w/o-Obs,Obs,Delta_c_s,1.2840696137956993,1.2849038030006592,0.0008341892049599231,0.06496448447947199,VALID
SensorScope,30018,RAVEN-w/o-Obs,Obs,RMSE_mu,7.937892494352546,7.936865491493636,-0.0010270028589101088,-0.012937978936358426,VALID
SensorScope,30018,RAVEN-w/o-Obs,Obs,Tail_RMSE,8.460694400775639,8.459642583161259,-0.0010518176143801128,-0.012431811912314038,VALID
SensorScope,30018,RAVEN-w/o-Use,Use,Delta_group,1.0546663047233986,1.0538866509691307,-0.0007796537542679172,-0.07392421193093797,VALID
SensorScope,30018,RAVEN-w/o-Use,Use,Delta_c_s,1.2840696137956993,1.2876757044772935,0.0036060906815942317,0.2808329581863289,VALID
SensorScope,30018,RAVEN-w/o-Use,Use,RMSE_mu,7.937892494352546,7.934881509665954,-0.003010984686592444,-0.0379317896876863,VALID
SensorScope,30018,RAVEN-w/o-Use,Use,Tail_RMSE,8.460694400775639,8.457629445418771,-0.0030649553568675714,-0.0362258132924242,VALID
SensorScope,30018,RAVEN-w/o-Inst,Inst,Delta_group,1.0546663047233986,1.0495381747746073,-0.005128129948791305,-0.48623246289604655,VALID
SensorScope,30018,RAVEN-w/o-Inst,Inst,Delta_c_s,1.2840696137956993,1.2895738235652494,0.005504209769550128,0.4286535332986916,VALID
SensorScope,30018,RAVEN-w/o-Inst,Inst,RMSE_mu,7.937892494352546,7.9410903992093,0.0031979048567540858,0.040286573029670675,VALID
SensorScope,30018,RAVEN-w/o-Inst,Inst,Tail_RMSE,8.460694400775639,8.463959746840452,0.0032653460648131016,0.038594303376726966,VALID
SensorScope,30018,RAVEN-w/o-Debt,Debt,Delta_group,1.0546663047233986,1.0548022963395274,0.0001359916161287611,0.012894279026428822,VALID
SensorScope,30018,RAVEN-w/o-Debt,Debt,Delta_c_s,1.2840696137956993,1.2840757519404264,6.138144727163564e-06,0.0004780227381145838,VALID
SensorScope,30018,RAVEN-w/o-Debt,Debt,RMSE_mu,7.937892494352546,7.937872934841865,-1.955951068133288e-05,-0.00024640684785349,VALID
SensorScope,30018,RAVEN-w/o-Debt,Debt,Tail_RMSE,8.460694400775639,8.460674554428245,-1.984634739393698e-05,-0.00023457114101789987,VALID
SensorScope,30019,RAVEN-w/o-Design,Design,Delta_group,0.9906093845200352,1.0010683375512568,0.010458953031221574,1.0558100089359732,VALID
SensorScope,30019,RAVEN-w/o-Design,Design,Delta_c_s,1.2584702565682213,1.268613244748181,0.010142988179959733,0.8059775848512384,VALID
SensorScope,30019,RAVEN-w/o-Design,Design,RMSE_mu,7.977336595186988,7.974503937835911,-0.0028326573510772945,-0.03550881070740249,VALID
SensorScope,30019,RAVEN-w/o-Design,Design,Tail_RMSE,8.499666755758653,8.49678096849394,-0.0028857872647130023,-0.0339517694944668,VALID
SensorScope,30019,RAVEN-w/o-Obs,Obs,Delta_group,0.9906093845200352,0.9893975079269988,-0.001211876593036454,-0.12233647409100872,VALID
SensorScope,30019,RAVEN-w/o-Obs,Obs,Delta_c_s,1.2584702565682213,1.2557415028609697,-0.0027287537072515633,-0.21683100518344578,VALID
SensorScope,30019,RAVEN-w/o-Obs,Obs,RMSE_mu,7.977336595186988,7.978034724437278,0.0006981292502903358,0.008751407715596984,VALID
SensorScope,30019,RAVEN-w/o-Obs,Obs,Tail_RMSE,8.499666755758653,8.500372729134211,0.000705973375557889,0.008305894758516048,VALID
SensorScope,30019,RAVEN-w/o-Use,Use,Delta_group,0.9906093845200352,0.9898232763899297,-0.0007861081301054895,-0.07935601483185731,VALID
SensorScope,30019,RAVEN-w/o-Use,Use,Delta_c_s,1.2584702565682213,1.2585449571704295,7.470060220815533e-05,0.0059358258026582,VALID
SensorScope,30019,RAVEN-w/o-Use,Use,RMSE_mu,7.977336595186988,7.979623975003233,0.00228737981624505,0.0286734775316502,VALID
SensorScope,30019,RAVEN-w/o-Use,Use,Tail_RMSE,8.499666755758653,8.501987819108818,0.002321063350164465,0.027307698252898083,VALID
SensorScope,30019,RAVEN-w/o-Inst,Inst,Delta_group,0.9906093845200352,0.9890153288611402,-0.0015940556588950328,-0.16091667248512653,VALID
SensorScope,30019,RAVEN-w/o-Inst,Inst,Delta_c_s,1.2584702565682213,1.2590568369584523,0.0005865803902309619,0.046610588305085104,VALID
SensorScope,30019,RAVEN-w/o-Inst,Inst,RMSE_mu,7.977336595186988,7.980391895313467,0.0030553001264790325,0.03829975192876284,VALID
SensorScope,30019,RAVEN-w/o-Inst,Inst,Tail_RMSE,8.499666755758653,8.50276830645476,0.0031015506961065142,0.03649026232711025,VALID
SensorScope,30019,RAVEN-w/o-Debt,Debt,Delta_group,0.9906093845200352,0.9907901296280115,0.00018074510797627674,0.01824585056438269,VALID
SensorScope,30019,RAVEN-w/o-Debt,Debt,Delta_c_s,1.2584702565682213,1.258570370143836,0.00010011357561467982,0.007955180115872106,VALID
SensorScope,30019,RAVEN-w/o-Debt,Debt,RMSE_mu,7.977336595186988,7.977216830553722,-0.00011976463326579534,-0.0015013110182420235,VALID
SensorScope,30019,RAVEN-w/o-Debt,Debt,Tail_RMSE,8.499666755758653,8.499545111488915,-0.00012164426973804154,-0.0014311651648651485,VALID
SensorScope,30020,RAVEN-w/o-Design,Design,Delta_group,1.0871103525482646,1.0889378715899543,0.0018275190416896514,0.1681079604665539,VALID
SensorScope,30020,RAVEN-w/o-Design,Design,Delta_c_s,1.3378294819705725,1.3399417293980744,0.0021122474275019343,0.15788614737288292,VALID
SensorScope,30020,RAVEN-w/o-Design,Design,RMSE_mu,7.960076276049351,7.962108514322426,0.00203223827307486,0.02553038692844632,VALID
SensorScope,30020,RAVEN-w/o-Design,Design,Tail_RMSE,8.483202277351184,8.48527053371367,0.0020682563624863093,0.0243806088180666,VALID
SensorScope,30020,RAVEN-w/o-Obs,Obs,Delta_group,1.0871103525482646,1.0864968705211728,-0.0006134820270917718,-0.056432359939699396,VALID
SensorScope,30020,RAVEN-w/o-Obs,Obs,Delta_c_s,1.3378294819705725,1.3360070462450953,-0.001822435725477245,-0.13622331919258243,VALID
SensorScope,30020,RAVEN-w/o-Obs,Obs,RMSE_mu,7.960076276049351,7.960974903271879,0.0008986272225275371,0.011289178537539503,VALID
SensorScope,30020,RAVEN-w/o-Obs,Obs,Tail_RMSE,8.483202277351184,8.484116512739702,0.0009142353885174259,0.010777008005081886,VALID
SensorScope,30020,RAVEN-w/o-Use,Use,Delta_group,1.0871103525482646,1.0846538278216138,-0.0024565247266508106,-0.2259682948370918,VALID
SensorScope,30020,RAVEN-w/o-Use,Use,Delta_c_s,1.3378294819705725,1.336290963602454,-0.0015385183681184689,-0.11500108114318792,VALID
SensorScope,30020,RAVEN-w/o-Use,Use,RMSE_mu,7.960076276049351,7.960503939988167,0.000427663938816103,0.005372611065334615,VALID
SensorScope,30020,RAVEN-w/o-Use,Use,Tail_RMSE,8.483202277351184,8.483640179126864,0.00043790177567970545,0.005161986728158472,VALID
SensorScope,30020,RAVEN-w/o-Inst,Inst,Delta_group,1.0871103525482646,1.089996896505213,0.0028865439569483176,0.2655244658632908,VALID
SensorScope,30020,RAVEN-w/o-Inst,Inst,Delta_c_s,1.3378294819705725,1.3455769561113196,0.007747474140747057,0.5791077446832252,VALID
SensorScope,30020,RAVEN-w/o-Inst,Inst,RMSE_mu,7.960076276049351,7.957803357241996,-0.00227291880735514,-0.028553982757602507,VALID
SensorScope,30020,RAVEN-w/o-Inst,Inst,Tail_RMSE,8.483202277351184,8.480880088255041,-0.0023221890961426794,-0.02737396822827812,VALID
SensorScope,30020,RAVEN-w/o-Debt,Debt,Delta_group,1.0871103525482646,1.0872364501209062,0.0001260975726415925,0.011599335094731713,VALID
SensorScope,30020,RAVEN-w/o-Debt,Debt,Delta_c_s,1.3378294819705725,1.3379067337922614,7.725182168893951e-05,0.005774414656728187,VALID
SensorScope,30020,RAVEN-w/o-Debt,Debt,RMSE_mu,7.960076276049351,7.960065298809859,-1.0977239492504509e-05,-0.0001379036972991495,VALID
SensorScope,30020,RAVEN-w/o-Debt,Debt,Tail_RMSE,8.483202277351184,8.483191129259987,-1.1148091196844234e-05,-0.00013141371421270816,VALID
U-Air,30001,RAVEN-w/o-Design,Design,Delta_group,1.0832400542605098,1.0198421730673761,-0.06339788119313372,-5.8526160423797515,VALID
U-Air,30001,RAVEN-w/o-Design,Design,Delta_c_s,1.210200108193248,1.3070991212626155,0.09689901306936743,8.006858734629557,VALID
U-Air,30001,RAVEN-w/o-Design,Design,RMSE_mu,1.201716880706229,1.1607430909655934,-0.0409737897406357,-3.4096042419372594,VALID
U-Air,30001,RAVEN-w/o-Design,Design,Tail_RMSE,1.2102316408991802,1.1670607636188992,-0.04317087728028102,-3.5671582052015953,VALID
U-Air,30001,RAVEN-w/o-Obs,Obs,Delta_group,1.0832400542605098,1.0853506674829496,0.0021106132224397722,0.19484261259897873,VALID
U-Air,30001,RAVEN-w/o-Obs,Obs,Delta_c_s,1.210200108193248,1.2101138799135445,-8.622827970361513e-05,-0.007125125763899366,VALID
U-Air,30001,RAVEN-w/o-Obs,Obs,RMSE_mu,1.201716880706229,1.2017966709001486,7.97901939195711e-05,0.006639683206636802,VALID
U-Air,30001,RAVEN-w/o-Obs,Obs,Tail_RMSE,1.2102316408991802,1.21032143658671,8.979568752987e-05,0.007419710780586881,VALID
U-Air,30001,RAVEN-w/o-Use,Use,Delta_group,1.0832400542605098,1.086315353354665,0.0030752990941551595,0.28389820724036635,VALID
U-Air,30001,RAVEN-w/o-Use,Use,Delta_c_s,1.210200108193248,1.215213084284124,0.00501297609087592,0.4142270403826005,VALID
U-Air,30001,RAVEN-w/o-Use,Use,RMSE_mu,1.201716880706229,1.202191739814781,0.00047485910855193936,0.03951505684707304,VALID
U-Air,30001,RAVEN-w/o-Use,Use,Tail_RMSE,1.2102316408991802,1.2107441223768214,0.0005124814776411579,0.04234573451247675,VALID
U-Air,30001,RAVEN-w/o-Inst,Inst,Delta_group,1.0832400542605098,1.08142473934723,-0.0018153149132797974,-0.1675819598933728,VALID
U-Air,30001,RAVEN-w/o-Inst,Inst,Delta_c_s,1.210200108193248,1.2073231660271784,-0.002876942166069707,-0.23772450081538987,VALID
U-Air,30001,RAVEN-w/o-Inst,Inst,RMSE_mu,1.201716880706229,1.2000324259905557,-0.0016844547156733558,-0.14017067936030236,VALID
U-Air,30001,RAVEN-w/o-Inst,Inst,Tail_RMSE,1.2102316408991802,1.2084411835103326,-0.0017904573888476438,-0.14794336293483173,VALID
U-Air,30001,RAVEN-w/o-Debt,Debt,Delta_group,1.0832400542605098,1.0832890202825283,4.896602201842626e-05,0.004520329711391041,VALID
U-Air,30001,RAVEN-w/o-Debt,Debt,Delta_c_s,1.210200108193248,1.210266779010801,6.667081755296067e-05,0.005509073838416356,VALID
U-Air,30001,RAVEN-w/o-Debt,Debt,RMSE_mu,1.201716880706229,1.2019322895005042,0.00021540879427517368,0.01792508682648957,VALID
U-Air,30001,RAVEN-w/o-Debt,Debt,Tail_RMSE,1.2102316408991802,1.210460923744194,0.00022928284501366747,0.01894536857781329,VALID
U-Air,30002,RAVEN-w/o-Design,Design,Delta_group,1.1419144762116376,1.0293616477157368,-0.11255282849590076,-9.856502464992019,VALID
U-Air,30002,RAVEN-w/o-Design,Design,Delta_c_s,1.280814468536711,1.3230857208272542,0.04227125229054307,3.3003415661627096,VALID
U-Air,30002,RAVEN-w/o-Design,Design,RMSE_mu,1.1645943072006388,1.0530689998749978,-0.11152530732564103,-9.576322555939406,VALID
U-Air,30002,RAVEN-w/o-Design,Design,Tail_RMSE,1.171597909203414,1.0532540569954454,-0.1183438522079685,-10.101063793160247,VALID
U-Air,30002,RAVEN-w/o-Obs,Obs,Delta_group,1.1419144762116376,1.144031658776191,0.0021171825645533993,0.18540640377703818,VALID
U-Air,30002,RAVEN-w/o-Obs,Obs,Delta_c_s,1.280814468536711,1.2812603797258848,0.00044591118917369776,0.034814658963303,VALID
U-Air,30002,RAVEN-w/o-Obs,Obs,RMSE_mu,1.1645943072006388,1.1651829932337838,0.0005886860331449917,0.05054859271637944,VALID
U-Air,30002,RAVEN-w/o-Obs,Obs,Tail_RMSE,1.171597909203414,1.1722191301274756,0.0006212209240616939,0.05302338961018383,VALID
U-Air,30002,RAVEN-w/o-Use,Use,Delta_group,1.1419144762116376,1.13802733875205,-0.003887137459587464,-0.3404053053502965,VALID
U-Air,30002,RAVEN-w/o-Use,Use,Delta_c_s,1.280814468536711,1.2785681951043428,-0.002246273432368273,-0.17537851793121667,VALID
U-Air,30002,RAVEN-w/o-Use,Use,RMSE_mu,1.1645943072006388,1.1657449481109552,0.0011506409103163584,0.09880186629816004,VALID
U-Air,30002,RAVEN-w/o-Use,Use,Tail_RMSE,1.171597909203414,1.1728092589956531,0.0012113497922392469,0.10339296295457381,VALID
U-Air,30002,RAVEN-w/o-Inst,Inst,Delta_group,1.1419144762116376,1.1413393073833538,-0.0005751688282837897,-0.05036881835423815,VALID
U-Air,30002,RAVEN-w/o-Inst,Inst,Delta_c_s,1.280814468536711,1.2818021671091224,0.0009876985724113219,0.07711488249658323,VALID
U-Air,30002,RAVEN-w/o-Inst,Inst,RMSE_mu,1.1645943072006388,1.1655892320108865,0.0009949248102476549,0.0854310212660388,VALID
U-Air,30002,RAVEN-w/o-Inst,Inst,Tail_RMSE,1.171597909203414,1.1726484603391518,0.0010505511357379316,0.08966823237609022,VALID
U-Air,30002,RAVEN-w/o-Debt,Debt,Delta_group,1.1419144762116376,1.1419619757042918,4.7499492654257125e-05,0.004159636614104345,VALID
U-Air,30002,RAVEN-w/o-Debt,Debt,Delta_c_s,1.280814468536711,1.280858107963316,4.3639426604791254e-05,0.003407162214106457,VALID
U-Air,30002,RAVEN-w/o-Debt,Debt,RMSE_mu,1.1645943072006388,1.1645958149530975,1.5077524586626367e-06,0.00012946589635036556,VALID
U-Air,30002,RAVEN-w/o-Debt,Debt,Tail_RMSE,1.171597909203414,1.171600786539932,2.8773365181589128e-06,0.00024559078635734806,VALID
U-Air,30003,RAVEN-w/o-Design,Design,Delta_group,1.0645715834318952,0.9771940405252671,-0.08737754290662803,-8.207765853090509,VALID
U-Air,30003,RAVEN-w/o-Design,Design,Delta_c_s,1.2131507627760136,1.2779892503254864,0.06483848754947275,5.344635600039103,VALID
U-Air,30003,RAVEN-w/o-Design,Design,RMSE_mu,1.1619873834476435,1.05505496453897,-0.10693241890867355,-9.202545606941325,VALID
U-Air,30003,RAVEN-w/o-Design,Design,Tail_RMSE,1.169365551852218,1.055618617611727,-0.11374693424049087,-9.727234914721175,VALID
U-Air,30003,RAVEN-w/o-Obs,Obs,Delta_group,1.0645715834318952,1.0654295053406768,0.0008579219087816448,0.08058846602085067,VALID
U-Air,30003,RAVEN-w/o-Obs,Obs,Delta_c_s,1.2131507627760136,1.2135587123666873,0.0004079495906736952,0.033627278916282206,VALID
U-Air,30003,RAVEN-w/o-Obs,Obs,RMSE_mu,1.1619873834476435,1.16168907599942,-0.000298307448223456,-0.025672176176162163,VALID
U-Air,30003,RAVEN-w/o-Obs,Obs,Tail_RMSE,1.169365551852218,1.1690514481475356,-0.0003141037046823225,-0.02686103624181485,VALID
U-Air,30003,RAVEN-w/o-Use,Use,Delta_group,1.0645715834318952,1.064514634094393,-5.69493375022212e-05,-0.005349507575491703,VALID
U-Air,30003,RAVEN-w/o-Use,Use,Delta_c_s,1.2131507627760136,1.2121251004039038,-0.0010256623721098812,-0.08454533464273567,VALID
U-Air,30003,RAVEN-w/o-Use,Use,RMSE_mu,1.1619873834476435,1.16138283821324,-0.000604545234403453,-0.052026832908439444,VALID
U-Air,30003,RAVEN-w/o-Use,Use,Tail_RMSE,1.169365551852218,1.1687245050337178,-0.0006410468185000795,-0.054820053274589164,VALID
U-Air,30003,RAVEN-w/o-Inst,Inst,Delta_group,1.0645715834318952,1.0646915354388142,0.00011995200691905517,0.011267631861106216,VALID
U-Air,30003,RAVEN-w/o-Inst,Inst,Delta_c_s,1.2131507627760136,1.2142963868025314,0.0011456240265177442,0.09443377209739784,VALID
U-Air,30003,RAVEN-w/o-Inst,Inst,RMSE_mu,1.1619873834476435,1.165671612294977,0.0036842288473335483,0.3170627237278907,VALID
U-Air,30003,RAVEN-w/o-Inst,Inst,Tail_RMSE,1.169365551852218,1.1732730703665557,0.003907518514337793,0.3341571425760298,VALID
U-Air,30003,RAVEN-w/o-Debt,Debt,Delta_group,1.0645715834318952,1.0646290774137666,5.749398187138155e-05,0.005400668472291574,VALID
U-Air,30003,RAVEN-w/o-Debt,Debt,Delta_c_s,1.2131507627760136,1.2131917294458991,4.0966669885511564e-05,0.0033768820119083024,VALID
U-Air,30003,RAVEN-w/o-Debt,Debt,RMSE_mu,1.1619873834476435,1.1619747145963861,-1.2668851257391367e-05,-0.0010902744244780517,VALID
U-Air,30003,RAVEN-w/o-Debt,Debt,Tail_RMSE,1.169365551852218,1.1693521598823053,-1.3391969912568413e-05,-0.001145233831401668,VALID
U-Air,30004,RAVEN-w/o-Design,Design,Delta_group,1.1157974352873121,1.0766219700428563,-0.03917546524445581,-3.510983625300082,VALID
U-Air,30004,RAVEN-w/o-Design,Design,Delta_c_s,1.2528027828397736,1.323473464971319,0.07067068213154526,5.641006158315952,VALID
U-Air,30004,RAVEN-w/o-Design,Design,RMSE_mu,1.2428815046060808,1.1997977207450772,-0.043083783861003644,-3.466443397969674,VALID
U-Air,30004,RAVEN-w/o-Design,Design,Tail_RMSE,1.2549917246684603,1.2098197076711532,-0.04517201699730711,-3.5993876381328733,VALID
U-Air,30004,RAVEN-w/o-Obs,Obs,Delta_group,1.1157974352873121,1.116664669358805,0.0008672340714928062,0.07772325370773933,VALID
U-Air,30004,RAVEN-w/o-Obs,Obs,Delta_c_s,1.2528027828397736,1.253183821969749,0.00038103912997544676,0.030414933235679082,VALID
U-Air,30004,RAVEN-w/o-Obs,Obs,RMSE_mu,1.2428815046060808,1.2428784757919182,-3.0288141625867127e-06,-0.00024369291451856192,VALID
U-Air,30004,RAVEN-w/o-Obs,Obs,Tail_RMSE,1.2549917246684603,1.2549868390674543,-4.885601005977236e-06,-0.00038929348376921753,VALID
U-Air,30004,RAVEN-w/o-Use,Use,Delta_group,1.1157974352873121,1.1154954707528875,-0.0003019645344246591,-0.027062666114383457,VALID
U-Air,30004,RAVEN-w/o-Use,Use,Delta_c_s,1.2528027828397736,1.252240913395424,-0.0005618694443496608,-0.04484899395546128,VALID
U-Air,30004,RAVEN-w/o-Use,Use,RMSE_mu,1.2428815046060808,1.2425265209298382,-0.00035498367624264837,-0.028561345142484602,VALID
U-Air,30004,RAVEN-w/o-Use,Use,Tail_RMSE,1.2549917246684603,1.2546231160576187,-0.00036860861084164753,-0.029371397722883424,VALID
U-Air,30004,RAVEN-w/o-Inst,Inst,Delta_group,1.1157974352873121,1.111196992606898,-0.004600442680414041,-0.4123008832001348,VALID
U-Air,30004,RAVEN-w/o-Inst,Inst,Delta_c_s,1.2528027828397736,1.246203616308451,-0.006599166531322753,-0.5267522248285705,VALID
U-Air,30004,RAVEN-w/o-Inst,Inst,RMSE_mu,1.2428815046060808,1.2497575306455255,0.006876026039444705,0.5532326303000216,VALID
U-Air,30004,RAVEN-w/o-Inst,Inst,Tail_RMSE,1.2549917246684603,1.2621924107917442,0.007200686123283839,0.5737636337949633,VALID
U-Air,30004,RAVEN-w/o-Debt,Debt,Delta_group,1.1157974352873121,1.1158200072888578,2.2572001545650977e-05,0.0020229479681353455,VALID
U-Air,30004,RAVEN-w/o-Debt,Debt,Delta_c_s,1.2528027828397736,1.2528268602770993,2.40774373256869e-05,0.0019218856834840117,VALID
U-Air,30004,RAVEN-w/o-Debt,Debt,RMSE_mu,1.2428815046060808,1.2428498801665546,-3.162443952620109e-05,-0.002544445259584432,VALID
U-Air,30004,RAVEN-w/o-Debt,Debt,Tail_RMSE,1.2549917246684603,1.2549584298178658,-3.329485059455628e-05,-0.002652993636539875,VALID
U-Air,30005,RAVEN-w/o-Design,Design,Delta_group,1.103449537936327,1.0595824848631628,-0.043867053073164186,-3.9754471378187732,VALID
U-Air,30005,RAVEN-w/o-Design,Design,Delta_c_s,1.2553000139173718,1.3083139432322362,0.05301392931486437,4.223207896686436,VALID
U-Air,30005,RAVEN-w/o-Design,Design,RMSE_mu,1.0405807764916069,0.9675058320373014,-0.0730749444543054,-7.022515320788727,VALID
U-Air,30005,RAVEN-w/o-Design,Design,Tail_RMSE,1.040455805497135,0.9615770957205025,-0.07887870977663236,-7.5811686916335415,VALID
U-Air,30005,RAVEN-w/o-Obs,Obs,Delta_group,1.103449537936327,1.1066157795072908,0.0031662415709639014,0.286940314179243,VALID
U-Air,30005,RAVEN-w/o-Obs,Obs,Delta_c_s,1.2553000139173718,1.2557827462645017,0.00048273234712992164,0.03845553587014433,VALID
U-Air,30005,RAVEN-w/o-Obs,Obs,RMSE_mu,1.0405807764916069,1.0406859797381025,0.00010520324649565538,0.01011005093236065,VALID
U-Air,30005,RAVEN-w/o-Obs,Obs,Tail_RMSE,1.040455805497135,1.040550033658068,9.422816093307418e-05,0.00905643088685074,VALID
U-Air,30005,RAVEN-w/o-Use,Use,Delta_group,1.103449537936327,1.1046840180997313,0.0012344801634043279,0.11187463685136473,VALID
U-Air,30005,RAVEN-w/o-Use,Use,Delta_c_s,1.2553000139173718,1.254715391509599,-0.0005846224077727946,-0.046572325443412006,VALID
U-Air,30005,RAVEN-w/o-Use,Use,RMSE_mu,1.0405807764916069,1.0412318717563693,0.0006510952647624801,0.06257037218751002,VALID
U-Air,30005,RAVEN-w/o-Use,Use,Tail_RMSE,1.040455805497135,1.0411577262969947,0.0007019207998597565,0.0674628173682375,VALID
U-Air,30005,RAVEN-w/o-Inst,Inst,Delta_group,1.103449537936327,1.099241950217107,-0.0042075877192200295,-0.38131220092665646,VALID
U-Air,30005,RAVEN-w/o-Inst,Inst,Delta_c_s,1.2553000139173718,1.253860925567122,-0.001439088350249751,-0.11464098895042923,VALID
U-Air,30005,RAVEN-w/o-Inst,Inst,RMSE_mu,1.0405807764916069,1.0415843115497254,0.0010035350581185654,0.09643989979346497,VALID
U-Air,30005,RAVEN-w/o-Inst,Inst,Tail_RMSE,1.040455805497135,1.0415691713253894,0.0011133658282544978,0.10700750789914869,VALID
U-Air,30005,RAVEN-w/o-Debt,Debt,Delta_group,1.103449537936327,1.1034691915895913,1.9653653264395388e-05,0.0017811102899323952,VALID
U-Air,30005,RAVEN-w/o-Debt,Debt,Delta_c_s,1.2553000139173718,1.2553095556805494,9.541763177578488e-06,0.0007601181448092106,VALID
U-Air,30005,RAVEN-w/o-Debt,Debt,RMSE_mu,1.0405807764916069,1.0405800255300697,-7.509615371770195e-07,-7.216753894963739e-05,VALID
U-Air,30005,RAVEN-w/o-Debt,Debt,Tail_RMSE,1.040455805497135,1.0404549907642489,-8.147328860452774e-07,-7.830538132813762e-05,VALID
U-Air,30006,RAVEN-w/o-Design,Design,Delta_group,1.1613306101903427,1.029969547383005,-0.13136106280733761,-11.311254663803915,VALID
U-Air,30006,RAVEN-w/o-Design,Design,Delta_c_s,1.2906091382830018,1.365714935343975,0.0751057970609732,5.819406885720049,VALID
U-Air,30006,RAVEN-w/o-Design,Design,RMSE_mu,1.282805286799776,1.1363991795946449,-0.14640610720513103,-11.412964127266068,VALID
U-Air,30006,RAVEN-w/o-Design,Design,Tail_RMSE,1.2966040973841075,1.1427458514960198,-0.15385824588808772,-11.866247083322966,VALID
U-Air,30006,RAVEN-w/o-Obs,Obs,Delta_group,1.1613306101903427,1.1617402724503518,0.0004096622600091582,0.03527524861693039,VALID
U-Air,30006,RAVEN-w/o-Obs,Obs,Delta_c_s,1.2906091382830018,1.2913869778251539,0.0007778395421520479,0.06026917980658874,VALID
U-Air,30006,RAVEN-w/o-Obs,Obs,RMSE_mu,1.282805286799776,1.282100793639993,-0.0007044931597828263,-0.05491816778681438,VALID
U-Air,30006,RAVEN-w/o-Obs,Obs,Tail_RMSE,1.2966040973841075,1.2958707798188631,-0.0007333175652444179,-0.056556782962808964,VALID
U-Air,30006,RAVEN-w/o-Use,Use,Delta_group,1.1613306101903427,1.1621829909199053,0.0008523807295626185,0.0733969054189412,VALID
U-Air,30006,RAVEN-w/o-Use,Use,Delta_c_s,1.2906091382830018,1.2891399557723064,-0.0014691825106953882,-0.11383636355232665,VALID
U-Air,30006,RAVEN-w/o-Use,Use,RMSE_mu,1.282805286799776,1.2822528213357678,-0.0005524654640081117,-0.04306697748232325,VALID
U-Air,30006,RAVEN-w/o-Use,Use,Tail_RMSE,1.2966040973841075,1.2960313212904435,-0.000572776093664018,-0.04417509514427658,VALID
U-Air,30006,RAVEN-w/o-Inst,Inst,Delta_group,1.1613306101903427,1.1622279816801004,0.00089737148975777,0.07727097536942476,VALID
U-Air,30006,RAVEN-w/o-Inst,Inst,Delta_c_s,1.2906091382830018,1.2855183301805395,-0.005090808102462319,-0.39445002762300435,VALID
U-Air,30006,RAVEN-w/o-Inst,Inst,RMSE_mu,1.282805286799776,1.2838380749152893,0.0010327881155134389,0.08051012309825627,VALID
U-Air,30006,RAVEN-w/o-Inst,Inst,Tail_RMSE,1.2966040973841075,1.2976797434435836,0.0010756460594760764,0.08295871204218674,VALID
U-Air,30006,RAVEN-w/o-Debt,Debt,Delta_group,1.1613306101903427,1.1613501135197621,1.9503329419467974e-05,0.0016793951049194655,VALID
U-Air,30006,RAVEN-w/o-Debt,Debt,Delta_c_s,1.2906091382830018,1.2906403802065305,3.124192352865762e-05,0.0024207114766149258,VALID
U-Air,30006,RAVEN-w/o-Debt,Debt,RMSE_mu,1.282805286799776,1.2828086926494624,3.4058496864997068e-06,0.0002655001286279624,VALID
U-Air,30006,RAVEN-w/o-Debt,Debt,Tail_RMSE,1.2966040973841075,1.296607648153134,3.5507690263614222e-06,0.00027385144266666144,VALID
U-Air,30007,RAVEN-w/o-Design,Design,Delta_group,1.0882097408685314,0.9782691308299838,-0.1099406100385476,-10.102887881779193,VALID
U-Air,30007,RAVEN-w/o-Design,Design,Delta_c_s,1.2318238779796242,1.270411063584572,0.03858718560494778,3.1325245674110933,VALID
U-Air,30007,RAVEN-w/o-Design,Design,RMSE_mu,1.1424870864095478,1.097614222817659,-0.04487286359188869,-3.927647334107643,VALID
U-Air,30007,RAVEN-w/o-Design,Design,Tail_RMSE,1.1484851954156103,1.1009591949178867,-0.0475260004977236,-4.138146550554797,VALID
U-Air,30007,RAVEN-w/o-Obs,Obs,Delta_group,1.0882097408685314,1.088021159948836,-0.00018858091969531365,-0.017329464404977832,VALID
U-Air,30007,RAVEN-w/o-Obs,Obs,Delta_c_s,1.2318238779796242,1.2318238637783008,-1.4201323450535597e-08,-1.1528696353757888e-06,VALID
U-Air,30007,RAVEN-w/o-Obs,Obs,RMSE_mu,1.1424870864095478,1.1424290862034798,-5.800020606794298e-05,-0.005076661850963944,VALID
U-Air,30007,RAVEN-w/o-Obs,Obs,Tail_RMSE,1.1484851954156103,1.1484238830250628,-6.13123905475188e-05,-0.0053385442661567145,VALID
U-Air,30007,RAVEN-w/o-Use,Use,Delta_group,1.0882097408685314,1.0884650716532174,0.0002553307846859809,0.02346337981519942,VALID
U-Air,30007,RAVEN-w/o-Use,Use,Delta_c_s,1.2318238779796242,1.2318238754674167,-2.512207553095891e-09,-2.0394210552374482e-07,VALID
U-Air,30007,RAVEN-w/o-Use,Use,RMSE_mu,1.1424870864095478,1.142444921366781,-4.2165042766662e-05,-0.0036906362678612438,VALID
U-Air,30007,RAVEN-w/o-Use,Use,Tail_RMSE,1.1484851954156103,1.1484406429643752,-4.455245123513585e-05,-0.003879236006957264,VALID
U-Air,30007,RAVEN-w/o-Inst,Inst,Delta_group,1.0882097408685314,1.092677406736018,0.004467665867486703,0.41055190922302637,VALID
U-Air,30007,RAVEN-w/o-Inst,Inst,Delta_c_s,1.2318238779796242,1.233155785879759,0.001331907900134821,0.10812486459666212,VALID
U-Air,30007,RAVEN-w/o-Inst,Inst,RMSE_mu,1.1424870864095478,1.1424228449580727,-6.424145147509996e-05,-0.005622947711119363,VALID
U-Air,30007,RAVEN-w/o-Inst,Inst,Tail_RMSE,1.1484851954156103,1.1484168878908922,-6.830752471809198e-05,-0.005947619089105721,VALID
U-Air,30007,RAVEN-w/o-Debt,Debt,Delta_group,1.0882097408685314,1.0882147407904448,4.9999219133844974e-06,0.0004594630727523094,VALID
U-Air,30007,RAVEN-w/o-Debt,Debt,Delta_c_s,1.2318238779796242,1.2318238637839762,-1.4195647990433713e-08,-1.1524088990478658e-06,VALID
U-Air,30007,RAVEN-w/o-Debt,Debt,RMSE_mu,1.1424870864095478,1.1424862016576702,-8.847518775390029e-07,-7.744086458950535e-05,VALID
U-Air,30007,RAVEN-w/o-Debt,Debt,Tail_RMSE,1.1484851954156103,1.1484842669097735,-9.285058368835308e-07,-8.084613024093236e-05,VALID
U-Air,30008,RAVEN-w/o-Design,Design,Delta_group,1.1251526552428417,1.0811025989133096,-0.04405005632953207,-3.915029318401666,VALID
U-Air,30008,RAVEN-w/o-Design,Design,Delta_c_s,1.2118566810200013,1.2695036645667979,0.05764698354679654,4.756914282823935,VALID
U-Air,30008,RAVEN-w/o-Design,Design,RMSE_mu,1.1466794943773104,1.039053042186761,-0.10762645219054945,-9.385922807400913,VALID
U-Air,30008,RAVEN-w/o-Design,Design,Tail_RMSE,1.15340881902468,1.0391954905011083,-0.1142133285235718,-9.902241654450878,VALID
U-Air,30008,RAVEN-w/o-Obs,Obs,Delta_group,1.1251526552428417,1.1275407821965018,0.0023881269536600858,0.2122491505958946,VALID
U-Air,30008,RAVEN-w/o-Obs,Obs,Delta_c_s,1.2118566810200013,1.2121527058026373,0.0002960247826360174,0.02442737555292907,VALID
U-Air,30008,RAVEN-w/o-Obs,Obs,RMSE_mu,1.1466794943773104,1.1467149225157152,3.542813840473613e-05,0.0030896286694282373,VALID
U-Air,30008,RAVEN-w/o-Obs,Obs,Tail_RMSE,1.15340881902468,1.1534454315102836,3.661248560349328e-05,0.003174285214365945,VALID
U-Air,30008,RAVEN-w/o-Use,Use,Delta_group,1.1251526552428417,1.1237673384342632,-0.0013853168085784517,-0.12312256493581832,VALID
U-Air,30008,RAVEN-w/o-Use,Use,Delta_c_s,1.2118566810200013,1.2095657093921939,-0.0022909716278074477,-0.18904641643590822,VALID
U-Air,30008,RAVEN-w/o-Use,Use,RMSE_mu,1.1466794943773104,1.1471749774937887,0.0004954831164782902,0.04321025351093036,VALID
U-Air,30008,RAVEN-w/o-Use,Use,Tail_RMSE,1.15340881902468,1.153931895538525,0.0005230765138448668,0.04535048676731804,VALID
U-Air,30008,RAVEN-w/o-Inst,Inst,Delta_group,1.1251526552428417,1.1233411035859406,-0.001811551656901056,-0.16100496661140337,VALID
U-Air,30008,RAVEN-w/o-Inst,Inst,Delta_c_s,1.2118566810200013,1.2080002245189367,-0.003856456501064587,-0.3182271106364381,VALID
U-Air,30008,RAVEN-w/o-Inst,Inst,RMSE_mu,1.1466794943773104,1.1461826419301568,-0.000496852447153584,-0.04332967054786249,VALID
U-Air,30008,RAVEN-w/o-Inst,Inst,Tail_RMSE,1.15340881902468,1.1528955943635553,-0.0005132246611248004,-0.044496335788275145,VALID
U-Air,30008,RAVEN-w/o-Debt,Debt,Delta_group,1.1251526552428417,1.1252320763632562,7.942112041448013e-05,0.007058697328260641,VALID
U-Air,30008,RAVEN-w/o-Debt,Debt,Delta_c_s,1.2118566810200013,1.2118900789113853,3.3397891384012723e-05,0.002755927487720926,VALID
U-Air,30008,RAVEN-w/o-Debt,Debt,RMSE_mu,1.1466794943773104,1.1466863898639095,6.895486599045597e-06,0.0006013438482904155,VALID
U-Air,30008,RAVEN-w/o-Debt,Debt,Tail_RMSE,1.15340881902468,1.1534160890261622,7.2700014821514e-06,0.0006303056957982077,VALID
U-Air,30009,RAVEN-w/o-Design,Design,Delta_group,1.0602596914731355,0.9788593875162497,-0.0814003039568858,-7.677393058655979,VALID
U-Air,30009,RAVEN-w/o-Design,Design,Delta_c_s,1.1832689538984735,1.2654667084360705,0.08219775453759692,6.946667050359341,VALID
U-Air,30009,RAVEN-w/o-Design,Design,RMSE_mu,1.2207150670090248,1.1232018325774062,-0.09751323443161852,-7.988206016867129,VALID
U-Air,30009,RAVEN-w/o-Design,Design,Tail_RMSE,1.2318750559405316,1.1293801826954672,-0.10249487324506434,-8.32023286377935,VALID
U-Air,30009,RAVEN-w/o-Obs,Obs,Delta_group,1.0602596914731355,1.0609705646860603,0.0007108732129248452,0.06704708465688729,VALID
U-Air,30009,RAVEN-w/o-Obs,Obs,Delta_c_s,1.1832689538984735,1.1840705092728085,0.0008015553743350168,0.06774075933406021,VALID
U-Air,30009,RAVEN-w/o-Obs,Obs,RMSE_mu,1.2207150670090248,1.221552320494767,0.000837253485742151,0.06858713457134392,VALID
U-Air,30009,RAVEN-w/o-Obs,Obs,Tail_RMSE,1.2318750559405316,1.2327507885207485,0.0008757325802168925,0.07108939952910032,VALID
U-Air,30009,RAVEN-w/o-Use,Use,Delta_group,1.0602596914731355,1.060523117743848,0.00026342627071263003,0.024845448037982366,VALID
U-Air,30009,RAVEN-w/o-Use,Use,Delta_c_s,1.1832689538984735,1.1836482532028416,0.0003792993043680859,0.03205520630947192,VALID
U-Air,30009,RAVEN-w/o-Use,Use,RMSE_mu,1.2207150670090248,1.2220167587484552,0.0013016917394303995,0.10663354410950152,VALID
U-Air,30009,RAVEN-w/o-Use,Use,Tail_RMSE,1.2318750559405316,1.233239080532651,0.0013640245921193728,0.11072751132848821,VALID
U-Air,30009,RAVEN-w/o-Inst,Inst,Delta_group,1.0602596914731355,1.0618492050438508,0.0015895135707153507,0.149917381892248,VALID
U-Air,30009,RAVEN-w/o-Inst,Inst,Delta_c_s,1.1832689538984735,1.1838156711606183,0.0005467172621447247,0.04620397250713585,VALID
U-Air,30009,RAVEN-w/o-Inst,Inst,RMSE_mu,1.2207150670090248,1.2239015779332505,0.0031865109242257272,0.26103642122098664,VALID
U-Air,30009,RAVEN-w/o-Inst,Inst,Tail_RMSE,1.2318750559405316,1.235208258584494,0.0033332026439623075,0.2705796036609752,VALID
U-Air,30009,RAVEN-w/o-Debt,Debt,Delta_group,1.0602596914731355,1.060300346781256,4.065530812047413e-05,0.003834467012886931,VALID
U-Air,30009,RAVEN-w/o-Debt,Debt,Delta_c_s,1.1832689538984735,1.1832823216455213,1.336774704774335e-05,0.0011297302277475563,VALID
U-Air,30009,RAVEN-w/o-Debt,Debt,RMSE_mu,1.2207150670090248,1.2207590584018164,4.399139279165354e-05,0.0036037396424900775,VALID
U-Air,30009,RAVEN-w/o-Debt,Debt,Tail_RMSE,1.2318750559405316,1.2319211101702752,4.605422974357509e-05,0.003738547145790924,VALID
U-Air,30010,RAVEN-w/o-Design,Design,Delta_group,1.0744274398716298,1.0022221596402412,-0.07220528023138861,-6.720349606858099,VALID
U-Air,30010,RAVEN-w/o-Design,Design,Delta_c_s,1.2506460898677774,1.3029065728253328,0.052260482957555476,4.178678794980332,VALID
U-Air,30010,RAVEN-w/o-Design,Design,RMSE_mu,1.197701590186744,1.1488605124269577,-0.0488410777597863,-4.077900385201215,VALID
U-Air,30010,RAVEN-w/o-Design,Design,Tail_RMSE,1.207308341829589,1.1558094034883142,-0.051498938341274725,-4.265599479187876,VALID
U-Air,30010,RAVEN-w/o-Obs,Obs,Delta_group,1.0744274398716298,1.075396789016137,0.0009693491445070812,0.09022006591928598,VALID
U-Air,30010,RAVEN-w/o-Obs,Obs,Delta_c_s,1.2506460898677774,1.2512538636035766,0.000607773735799233,0.04859678055392065,VALID
U-Air,30010,RAVEN-w/o-Obs,Obs,RMSE_mu,1.197701590186744,1.1979015328450529,0.00019994265830880487,0.016693862640495456,VALID
U-Air,30010,RAVEN-w/o-Obs,Obs,Tail_RMSE,1.207308341829589,1.207518092122021,0.0002097502924320871,0.0173733821895263,VALID
U-Air,30010,RAVEN-w/o-Use,Use,Delta_group,1.0744274398716298,1.0742493357811016,-0.0001781040905282083,-0.01657665133249834,VALID
U-Air,30010,RAVEN-w/o-Use,Use,Delta_c_s,1.2506460898677774,1.2499174617812727,-0.0007286280865046457,-0.05826013389460793,VALID
U-Air,30010,RAVEN-w/o-Use,Use,RMSE_mu,1.197701590186744,1.1987058348113302,0.001004244624586148,0.08384764893144774,VALID
U-Air,30010,RAVEN-w/o-Use,Use,Tail_RMSE,1.207308341829589,1.2083590689028423,0.0010507270732533769,0.08703054860542714,VALID
U-Air,30010,RAVEN-w/o-Inst,Inst,Delta_group,1.0744274398716298,1.0739885721808993,-0.0004388676907305378,-0.040846656967637826,VALID
U-Air,30010,RAVEN-w/o-Inst,Inst,Delta_c_s,1.2506460898677774,1.2493585312638775,-0.001287558603899841,-0.10295147558778729,VALID
U-Air,30010,RAVEN-w/o-Inst,Inst,RMSE_mu,1.197701590186744,1.1983927445871256,0.0006911544003815884,0.05770672812364093,VALID
U-Air,30010,RAVEN-w/o-Inst,Inst,Tail_RMSE,1.207308341829589,1.2080245171053061,0.0007161752757172124,0.05931999729513177,VALID
U-Air,30010,RAVEN-w/o-Debt,Debt,Delta_group,1.0744274398716298,1.0744863907652686,5.895089363883166e-05,0.005486726367103485,VALID
U-Air,30010,RAVEN-w/o-Debt,Debt,Delta_c_s,1.2506460898677774,1.2506722861476587,2.6196279881318674e-05,0.002094619740432582,VALID
U-Air,30010,RAVEN-w/o-Debt,Debt,RMSE_mu,1.197701590186744,1.1977206861882537,1.9096001509621985e-05,0.0015943872552297907,VALID
U-Air,30010,RAVEN-w/o-Debt,Debt,Tail_RMSE,1.207308341829589,1.2073283135960324,1.9971766443527272e-05,0.0016542390830549137,VALID
U-Air,30011,RAVEN-w/o-Design,Design,Delta_group,1.152555055977571,1.076638739900552,-0.0759163160770191,-6.586784352147812,VALID
U-Air,30011,RAVEN-w/o-Design,Design,Delta_c_s,1.263140568067219,1.2932930187441367,0.03015245067691774,2.3871017556704075,VALID
U-Air,30011,RAVEN-w/o-Design,Design,RMSE_mu,1.1779852145406005,1.1494490936807584,-0.02853612085984203,-2.422451530596737,VALID
U-Air,30011,RAVEN-w/o-Design,Design,Tail_RMSE,1.1869549528573842,1.1571687405479447,-0.029786212309439453,-2.509464427250117,VALID
U-Air,30011,RAVEN-w/o-Obs,Obs,Delta_group,1.152555055977571,1.1547740956138897,0.0022190396363186426,0.19253220267525561,VALID
U-Air,30011,RAVEN-w/o-Obs,Obs,Delta_c_s,1.263140568067219,1.2633453207059984,0.00020475263877939298,0.01620980625241837,VALID
U-Air,30011,RAVEN-w/o-Obs,Obs,RMSE_mu,1.1779852145406005,1.1781918725236562,0.0002066579830557469,0.017543342692661973,VALID
U-Air,30011,RAVEN-w/o-Obs,Obs,Tail_RMSE,1.1869549528573842,1.1871720107991703,0.00021705794178616955,0.018286956995599617,VALID
U-Air,30011,RAVEN-w/o-Use,Use,Delta_group,1.152555055977571,1.1521564459040419,-0.0003986100735291487,-0.034584905203600594,VALID
U-Air,30011,RAVEN-w/o-Use,Use,Delta_c_s,1.263140568067219,1.2633929415132592,0.0002523734460402327,0.019979838540567122,VALID
U-Air,30011,RAVEN-w/o-Use,Use,RMSE_mu,1.1779852145406005,1.1798502883382829,0.001865073797682415,0.15832743693729387,VALID
U-Air,30011,RAVEN-w/o-Use,Use,Tail_RMSE,1.1869549528573842,1.1889160885307006,0.001961135673316461,0.1652241029531385,VALID
U-Air,30011,RAVEN-w/o-Inst,Inst,Delta_group,1.152555055977571,1.1504937374850086,-0.002061318492562414,-0.17884772461598814,VALID
U-Air,30011,RAVEN-w/o-Inst,Inst,Delta_c_s,1.263140568067219,1.2626725823108873,-0.00046798575633166806,-0.0370493805806389,VALID
U-Air,30011,RAVEN-w/o-Inst,Inst,RMSE_mu,1.1779852145406005,1.17573684566402,-0.00224836887658042,-0.19086562792362854,VALID
U-Air,30011,RAVEN-w/o-Inst,Inst,Tail_RMSE,1.1869549528573842,1.1845946092630588,-0.0023603435943253537,-0.1988570491780875,VALID
U-Air,30011,RAVEN-w/o-Debt,Debt,Delta_group,1.152555055977571,1.152572784799928,1.7728822357065965e-05,0.0015382191301940695,VALID
U-Air,30011,RAVEN-w/o-Debt,Debt,Delta_c_s,1.263140568067219,1.2631400694882973,-4.985789217037961e-07,-3.947137272826977e-05,VALID
U-Air,30011,RAVEN-w/o-Debt,Debt,RMSE_mu,1.1779852145406005,1.177974781418579,-1.0433122021424879e-05,-0.0008856751250051696,VALID
U-Air,30011,RAVEN-w/o-Debt,Debt,Tail_RMSE,1.1869549528573842,1.186943942977049,-1.1009880335199895e-05,-0.0009275735619701114,VALID
U-Air,30012,RAVEN-w/o-Design,Design,Delta_group,0.9966702306831035,0.9609478247687125,-0.03572240591439091,-3.5841750676055897,VALID
U-Air,30012,RAVEN-w/o-Design,Design,Delta_c_s,1.1808862391916142,1.2407142443800985,0.0598280051884843,5.066364837093882,VALID
U-Air,30012,RAVEN-w/o-Design,Design,RMSE_mu,1.284919208384505,1.1708834325348907,-0.11403577584961422,-8.874937436182341,VALID
U-Air,30012,RAVEN-w/o-Design,Design,Tail_RMSE,1.2982224292635212,1.178861472795391,-0.11936095646813016,-9.194183814544274,VALID
U-Air,30012,RAVEN-w/o-Obs,Obs,Delta_group,0.9966702306831035,0.9986072082183293,0.0019369775352258145,0.19434487713134943,VALID
U-Air,30012,RAVEN-w/o-Obs,Obs,Delta_c_s,1.1808862391916142,1.1807037599738734,-0.0001824792177407275,-0.015452734707590903,VALID
U-Air,30012,RAVEN-w/o-Obs,Obs,RMSE_mu,1.284919208384505,1.283774907826944,-0.0011443005575608733,-0.0890562262665193,VALID
U-Air,30012,RAVEN-w/o-Obs,Obs,Tail_RMSE,1.2982224292635212,1.297029508256794,-0.0011929210067271878,-0.09188879962611102,VALID
U-Air,30012,RAVEN-w/o-Use,Use,Delta_group,0.9966702306831035,0.9965944487028102,-7.578198029323246e-05,-0.00760351598354579,VALID
U-Air,30012,RAVEN-w/o-Use,Use,Delta_c_s,1.1808862391916142,1.1779372049200731,-0.002949034271541029,-0.24973059839869216,VALID
U-Air,30012,RAVEN-w/o-Use,Use,RMSE_mu,1.284919208384505,1.2851532459964117,0.00023403761190676775,0.0182141889061661,VALID
U-Air,30012,RAVEN-w/o-Use,Use,Tail_RMSE,1.2982224292635212,1.2984526644568186,0.00023023519329745668,0.01773464917164223,VALID
U-Air,30012,RAVEN-w/o-Inst,Inst,Delta_group,0.9966702306831035,0.9908281867921607,-0.005842043890942783,-0.5861561538703459,VALID
U-Air,30012,RAVEN-w/o-Inst,Inst,Delta_c_s,1.1808862391916142,1.1751236625174761,-0.005762576674138042,-0.48798745238007546,VALID
U-Air,30012,RAVEN-w/o-Inst,Inst,RMSE_mu,1.284919208384505,1.2879540088153962,0.003034800430891327,0.23618608945125052,VALID
U-Air,30012,RAVEN-w/o-Inst,Inst,Tail_RMSE,1.2982224292635212,1.3013437614288474,0.003121332165326285,0.2404312308097319,VALID
U-Air,30012,RAVEN-w/o-Debt,Debt,Delta_group,0.9966702306831035,0.996731487141179,6.125645807553148e-05,0.0061461109391766616,VALID
U-Air,30012,RAVEN-w/o-Debt,Debt,Delta_c_s,1.1808862391916142,1.1809140996818233,2.786049020908621e-05,0.00235928654974914,VALID
U-Air,30012,RAVEN-w/o-Debt,Debt,RMSE_mu,1.284919208384505,1.284894002455276,-2.5205929228944157e-05,-0.0019616742488140484,VALID
U-Air,30012,RAVEN-w/o-Debt,Debt,Tail_RMSE,1.2982224292635212,1.298196295979917,-2.6133283604234947e-05,-0.002013005091820845,VALID
U-Air,30013,RAVEN-w/o-Design,Design,Delta_group,1.1071954035812943,1.0063988745194465,-0.10079652906184777,-9.10377054816295,VALID
U-Air,30013,RAVEN-w/o-Design,Design,Delta_c_s,1.2293024969233468,1.3033949107511473,0.07409241382780052,6.027191355523664,VALID
U-Air,30013,RAVEN-w/o-Design,Design,RMSE_mu,1.2287275802065145,1.1529301315532212,-0.0757974486532933,-6.168775721674114,VALID
U-Air,30013,RAVEN-w/o-Design,Design,Tail_RMSE,1.2401356919736033,1.1603113799190563,-0.07982431205454699,-6.436740154419011,VALID
U-Air,30013,RAVEN-w/o-Obs,Obs,Delta_group,1.1071954035812943,1.1089529292145617,0.001757525633267365,0.1587367168959098,VALID
U-Air,30013,RAVEN-w/o-Obs,Obs,Delta_c_s,1.2293024969233468,1.230175718820349,0.0008732218970022299,0.07103393177738576,VALID
U-Air,30013,RAVEN-w/o-Obs,Obs,RMSE_mu,1.2287275802065145,1.2288717947938108,0.00014421458729629855,0.01173690487781353,VALID
U-Air,30013,RAVEN-w/o-Obs,Obs,Tail_RMSE,1.2401356919736033,1.240288755750407,0.00015306377680368577,0.012342502340215186,VALID
U-Air,30013,RAVEN-w/o-Use,Use,Delta_group,1.1071954035812943,1.1086005651267867,0.0014051615454924171,0.12691179361360536,VALID
U-Air,30013,RAVEN-w/o-Use,Use,Delta_c_s,1.2293024969233468,1.2298021244155428,0.0004996274921960087,0.040643169069163855,VALID
U-Air,30013,RAVEN-w/o-Use,Use,RMSE_mu,1.2287275802065145,1.2290844959961054,0.00035691578959085035,0.029047593245271085,VALID
U-Air,30013,RAVEN-w/o-Use,Use,Tail_RMSE,1.2401356919736033,1.2405138686343373,0.0003781766607340309,0.030494780787430197,VALID
U-Air,30013,RAVEN-w/o-Inst,Inst,Delta_group,1.1071954035812943,1.1072059437732817,1.0540191987429282e-05,0.0009519721589645654,VALID
U-Air,30013,RAVEN-w/o-Inst,Inst,Delta_c_s,1.2293024969233468,1.224795385993491,-0.004507110929855784,-0.3666396953667642,VALID
U-Air,30013,RAVEN-w/o-Inst,Inst,RMSE_mu,1.2287275802065145,1.2313234367198596,0.0025958565133450406,0.21126379477123403,VALID
U-Air,30013,RAVEN-w/o-Inst,Inst,Tail_RMSE,1.2401356919736033,1.2428671888479297,0.002731496874326389,0.22025790338953732,VALID
U-Air,30013,RAVEN-w/o-Debt,Debt,Delta_group,1.1071954035812943,1.10727390086487,7.849728357567365e-05,0.007089740737883228,VALID
U-Air,30013,RAVEN-w/o-Debt,Debt,Delta_c_s,1.2293024969233468,1.2293476055653978,4.510864205098386e-05,0.003669450128335387,VALID
U-Air,30013,RAVEN-w/o-Debt,Debt,RMSE_mu,1.2287275802065145,1.2287059316780231,-2.164852849140253e-05,-0.0017618655949566968,VALID
U-Air,30013,RAVEN-w/o-Debt,Debt,Tail_RMSE,1.2401356919736033,1.2401130597774028,-2.2632196200467192e-05,-0.0018249774074681599,VALID
U-Air,30014,RAVEN-w/o-Design,Design,Delta_group,1.0863720568685775,1.0131816340738662,-0.07319042279471133,-6.737141509850658,VALID
U-Air,30014,RAVEN-w/o-Design,Design,Delta_c_s,1.223947842235467,1.2887285558156831,0.06478071358021609,5.292767497502019,VALID
U-Air,30014,RAVEN-w/o-Design,Design,RMSE_mu,1.1126941270224129,1.0456641217143425,-0.06703000530807035,-6.024117830786409,VALID
U-Air,30014,RAVEN-w/o-Design,Design,Tail_RMSE,1.116162597606441,1.0446159603656913,-0.07154663724074983,-6.410055075683263,VALID
U-Air,30014,RAVEN-w/o-Obs,Obs,Delta_group,1.0863720568685775,1.0883218774648284,0.0019498205962509285,0.17948000263106964,VALID
U-Air,30014,RAVEN-w/o-Obs,Obs,Delta_c_s,1.223947842235467,1.2249803501039394,0.00103250786847231,0.08435881275679988,VALID
U-Air,30014,RAVEN-w/o-Obs,Obs,RMSE_mu,1.1126941270224129,1.1118028935989517,-0.0008912334234612018,-0.08009689292116214,VALID
U-Air,30014,RAVEN-w/o-Obs,Obs,Tail_RMSE,1.116162597606441,1.115211325388528,-0.000951272217913024,-0.08522702874589985,VALID
U-Air,30014,RAVEN-w/o-Use,Use,Delta_group,1.0863720568685775,1.0864824010392395,0.00011034417066202451,0.010157125265177293,VALID
U-Air,30014,RAVEN-w/o-Use,Use,Delta_c_s,1.223947842235467,1.2230879562425763,-0.0008598859928907743,-0.07025511735207966,VALID
U-Air,30014,RAVEN-w/o-Use,Use,RMSE_mu,1.1126941270224129,1.1136452388468272,0.0009511118244143191,0.08547828206476737,VALID
U-Air,30014,RAVEN-w/o-Use,Use,Tail_RMSE,1.116162597606441,1.1171699426921988,0.001007345085757727,0.09025074732999762,VALID
U-Air,30014,RAVEN-w/o-Inst,Inst,Delta_group,1.0863720568685775,1.086418716843673,4.6659975095453277e-05,0.004295027177884962,VALID
U-Air,30014,RAVEN-w/o-Inst,Inst,Delta_c_s,1.223947842235467,1.2258979123079643,0.0019500700724972564,0.1593262396652108,VALID
U-Air,30014,RAVEN-w/o-Inst,Inst,RMSE_mu,1.1126941270224129,1.1150505816474874,0.0023564546250745,0.21177919140998883,VALID
U-Air,30014,RAVEN-w/o-Inst,Inst,Tail_RMSE,1.116162597606441,1.118660564811106,0.002497967204664997,0.22379957991978694,VALID
U-Air,30014,RAVEN-w/o-Debt,Debt,Delta_group,1.0863720568685775,1.0864047597215711,3.270285299361575e-05,0.003010281126696168,VALID
U-Air,30014,RAVEN-w/o-Debt,Debt,Delta_c_s,1.223947842235467,1.223968283855648,2.044162018099982e-05,0.001670138177102746,VALID
U-Air,30014,RAVEN-w/o-Debt,Debt,RMSE_mu,1.1126941270224129,1.1126936749571943,-4.5206521859242343e-07,-4.0627986399295295e-05,VALID
U-Air,30014,RAVEN-w/o-Debt,Debt,Tail_RMSE,1.116162597606441,1.1161620244159745,-5.731904666461674e-07,-5.1353670860800005e-05,VALID
U-Air,30015,RAVEN-w/o-Design,Design,Delta_group,1.0540865190102369,0.9928540560112804,-0.06123246299895646,-5.809054749742208,VALID
U-Air,30015,RAVEN-w/o-Design,Design,Delta_c_s,1.2154708190636692,1.2781277658922083,0.06265694682853917,5.154952784206419,VALID
U-Air,30015,RAVEN-w/o-Design,Design,RMSE_mu,1.1736537940665062,1.122783438734798,-0.05087035533170825,-4.334357848020183,VALID
U-Air,30015,RAVEN-w/o-Design,Design,Tail_RMSE,1.1813140898541115,1.1275877992011276,-0.053726290652983844,-4.548010653087094,VALID
U-Air,30015,RAVEN-w/o-Obs,Obs,Delta_group,1.0540865190102369,1.0548109220019424,0.0007244029917055084,0.06872329535014889,VALID
U-Air,30015,RAVEN-w/o-Obs,Obs,Delta_c_s,1.2154708190636692,1.215377683120089,-9.313594358006938e-05,-0.0076625404838444496,VALID
U-Air,30015,RAVEN-w/o-Obs,Obs,RMSE_mu,1.1736537940665062,1.1735349745961225,-0.00011881947038361318,-0.010123894370240511,VALID
U-Air,30015,RAVEN-w/o-Obs,Obs,Tail_RMSE,1.1813140898541115,1.1811833320089578,-0.00013075784515370614,-0.011068846657865084,VALID
U-Air,30015,RAVEN-w/o-Use,Use,Delta_group,1.0540865190102369,1.052518040894554,-0.0015684781156828365,-0.14879975100673914,VALID
U-Air,30015,RAVEN-w/o-Use,Use,Delta_c_s,1.2154708190636692,1.2145625222708616,-0.0009082967928075725,-0.07472798018361919,VALID
U-Air,30015,RAVEN-w/o-Use,Use,RMSE_mu,1.1736537940665062,1.1726594765013167,-0.0009943175651894176,-0.08471983562923444,VALID
U-Air,30015,RAVEN-w/o-Use,Use,Tail_RMSE,1.1813140898541115,1.180269713761369,-0.0010443760927425494,-0.08840799425930207,VALID
U-Air,30015,RAVEN-w/o-Inst,Inst,Delta_group,1.0540865190102369,1.0530210962190034,-0.0010654227912334502,-0.10107545936872979,VALID
U-Air,30015,RAVEN-w/o-Inst,Inst,Delta_c_s,1.2154708190636692,1.2133847185228714,-0.0020861005407977196,-0.17162901059235094,VALID
U-Air,30015,RAVEN-w/o-Inst,Inst,RMSE_mu,1.1736537940665062,1.1758436425650989,0.002189848498592717,0.18658385544899683,VALID
U-Air,30015,RAVEN-w/o-Inst,Inst,Tail_RMSE,1.1813140898541115,1.1836130054649152,0.0022989156108037534,0.19460663599531453,VALID
U-Air,30015,RAVEN-w/o-Debt,Debt,Delta_group,1.0540865190102369,1.054130807031481,4.428802124412101e-05,0.004201554658502459,VALID
U-Air,30015,RAVEN-w/o-Debt,Debt,Delta_c_s,1.2154708190636692,1.2154830142851965,1.2195221527289135e-05,0.001003333139390681,VALID
U-Air,30015,RAVEN-w/o-Debt,Debt,RMSE_mu,1.1736537940665062,1.1736717870151723,1.799294866611234e-05,0.0015330712308073324,VALID
U-Air,30015,RAVEN-w/o-Debt,Debt,Tail_RMSE,1.1813140898541115,1.1813330079979423,1.8918143830815026e-05,0.0016014490975174399,VALID
U-Air,30016,RAVEN-w/o-Design,Design,Delta_group,1.0358379693173898,0.9885519815227379,-0.047285987794651874,-4.56499850317449,VALID
U-Air,30016,RAVEN-w/o-Design,Design,Delta_c_s,1.226789846122231,1.3077772572303148,0.08098741110808372,6.6015716843498025,VALID
U-Air,30016,RAVEN-w/o-Design,Design,RMSE_mu,1.1709258951551238,1.0543486067496473,-0.11657728840547654,-9.955991996404899,VALID
U-Air,30016,RAVEN-w/o-Design,Design,Tail_RMSE,1.1777145423146826,1.054204718431743,-0.12350982388293974,-10.48724622523496,VALID
U-Air,30016,RAVEN-w/o-Obs,Obs,Delta_group,1.0358379693173898,1.0354364854309575,-0.0004014838864323522,-0.03875933286138636,VALID
U-Air,30016,RAVEN-w/o-Obs,Obs,Delta_c_s,1.226789846122231,1.2263883499453005,-0.00040149617693052697,-0.03272738017840783,VALID
U-Air,30016,RAVEN-w/o-Obs,Obs,RMSE_mu,1.1709258951551238,1.1708713712755079,-5.4523879615908655e-05,-0.00465647568659205,VALID
U-Air,30016,RAVEN-w/o-Obs,Obs,Tail_RMSE,1.1777145423146826,1.1776562685686967,-5.8273745985992775e-05,-0.004948036548097762,VALID
U-Air,30016,RAVEN-w/o-Use,Use,Delta_group,1.0358379693173898,1.036126064953147,0.00028809563575715735,0.027812808980830314,VALID
U-Air,30016,RAVEN-w/o-Use,Use,Delta_c_s,1.226789846122231,1.2263556453575437,-0.0004342007646873647,-0.03539324734874788,VALID
U-Air,30016,RAVEN-w/o-Use,Use,RMSE_mu,1.1709258951551238,1.1694729203858707,-0.0014529747692531014,-0.12408767926860237,VALID
U-Air,30016,RAVEN-w/o-Use,Use,Tail_RMSE,1.1777145423146826,1.176184423484914,-0.001530118829768723,-0.12992272531180807,VALID
U-Air,30016,RAVEN-w/o-Inst,Inst,Delta_group,1.0358379693173898,1.0388429959365266,0.003005026619136819,0.2901058571078555,VALID
U-Air,30016,RAVEN-w/o-Inst,Inst,Delta_c_s,1.226789846122231,1.2279435331362138,0.0011536870139827737,0.094041128366808,VALID
U-Air,30016,RAVEN-w/o-Inst,Inst,RMSE_mu,1.1709258951551238,1.1737318928684437,0.0028059977133199077,0.23963922268096824,VALID
U-Air,30016,RAVEN-w/o-Inst,Inst,Tail_RMSE,1.1777145423146826,1.1806692910438614,0.00295474872917878,0.25088836241857987,VALID
U-Air,30016,RAVEN-w/o-Debt,Debt,Delta_group,1.0358379693173898,1.0359056745899995,6.770527260968606e-05,0.00653628024992204,VALID
U-Air,30016,RAVEN-w/o-Debt,Debt,Delta_c_s,1.226789846122231,1.2268315487415618,4.170261933067465e-05,0.003399328700224636,VALID
U-Air,30016,RAVEN-w/o-Debt,Debt,RMSE_mu,1.1709258951551238,1.1708996167456915,-2.6278409432256566e-05,-0.0022442418893447746,VALID
U-Air,30016,RAVEN-w/o-Debt,Debt,Tail_RMSE,1.1777145423146826,1.1776868868586012,-2.765545608141018e-05,-0.002348230839287769,VALID
U-Air,30017,RAVEN-w/o-Design,Design,Delta_group,1.0151380854627368,0.9207017214157832,-0.09443636404695355,-9.302809676764912,VALID
U-Air,30017,RAVEN-w/o-Design,Design,Delta_c_s,1.1824373037459939,1.2452302770154589,0.06279297326946498,5.31046957589507,VALID
U-Air,30017,RAVEN-w/o-Design,Design,RMSE_mu,1.2690429357601385,1.2158700930155977,-0.053172842744540816,-4.189995566437714,VALID
U-Air,30017,RAVEN-w/o-Design,Design,Tail_RMSE,1.2823872751852108,1.2263025350908787,-0.056084740094332064,-4.373463553452052,VALID
U-Air,30017,RAVEN-w/o-Obs,Obs,Delta_group,1.0151380854627368,1.0174632218916144,0.002325136428877661,0.22904632011888112,VALID
U-Air,30017,RAVEN-w/o-Obs,Obs,Delta_c_s,1.1824373037459939,1.1829006991152418,0.0004633953692478876,0.03918984691871936,VALID
U-Air,30017,RAVEN-w/o-Obs,Obs,RMSE_mu,1.2690429357601385,1.2680022597516776,-0.0010406760084609168,-0.08200479110169483,VALID
U-Air,30017,RAVEN-w/o-Obs,Obs,Tail_RMSE,1.2823872751852108,1.2813005786995024,-0.0010866964857083605,-0.08474011764904738,VALID
U-Air,30017,RAVEN-w/o-Use,Use,Delta_group,1.0151380854627368,1.0171583504433341,0.002020264980597375,0.19901380999575685,VALID
U-Air,30017,RAVEN-w/o-Use,Use,Delta_c_s,1.1824373037459939,1.1831255509350493,0.0006882471890554687,0.05820580819592571,VALID
U-Air,30017,RAVEN-w/o-Use,Use,RMSE_mu,1.2690429357601385,1.269481605515876,0.00043866975573747524,0.03456697510984673,VALID
U-Air,30017,RAVEN-w/o-Use,Use,Tail_RMSE,1.2823872751852108,1.282854261261874,0.0004669860766632894,0.036415370434476915,VALID
U-Air,30017,RAVEN-w/o-Inst,Inst,Delta_group,1.0151380854627368,1.0124018108120663,-0.0027362746506705005,-0.2695470389551198,VALID
U-Air,30017,RAVEN-w/o-Inst,Inst,Delta_c_s,1.1824373037459939,1.1814537633438902,-0.0009835404021036886,-0.0831790741875113,VALID
U-Air,30017,RAVEN-w/o-Inst,Inst,RMSE_mu,1.2690429357601385,1.2690301177333805,-1.2818026758010248e-05,-0.0010100546164998297,VALID
U-Air,30017,RAVEN-w/o-Inst,Inst,Tail_RMSE,1.2823872751852108,1.282363998224069,-2.327696114168276e-05,-0.0018151272702172556,VALID
U-Air,30017,RAVEN-w/o-Debt,Debt,Delta_group,1.0151380854627368,1.0152484725224975,0.00011038705976074148,0.010874093026509104,VALID
U-Air,30017,RAVEN-w/o-Debt,Debt,Delta_c_s,1.1824373037459939,1.1825255426501595,8.82389041656495e-05,0.007462459437477677,VALID
U-Air,30017,RAVEN-w/o-Debt,Debt,RMSE_mu,1.2690429357601385,1.269037768365164,-5.167394974581185e-06,-0.0004071883487130394,VALID
U-Air,30017,RAVEN-w/o-Debt,Debt,Tail_RMSE,1.2823872751852108,1.2823817803453432,-5.494839867559165e-06,-0.00042848521455935096,VALID
U-Air,30018,RAVEN-w/o-Design,Design,Delta_group,1.071613423619417,0.9868740165713163,-0.08473940704810068,-7.907647028336949,VALID
U-Air,30018,RAVEN-w/o-Design,Design,Delta_c_s,1.2328574841131075,1.2975341319147222,0.06467664780161475,5.246076585092219,VALID
U-Air,30018,RAVEN-w/o-Design,Design,RMSE_mu,1.125360082508588,1.0965750296057435,-0.02878505290284461,-2.557852668692373,VALID
U-Air,30018,RAVEN-w/o-Design,Design,Tail_RMSE,1.1295619055723813,1.0989347998716164,-0.03062710570076499,-2.7114145359961794,VALID
U-Air,30018,RAVEN-w/o-Obs,Obs,Delta_group,1.071613423619417,1.072722830937953,0.0011094073185360376,0.10352682171421203,VALID
U-Air,30018,RAVEN-w/o-Obs,Obs,Delta_c_s,1.2328574841131075,1.2338734422092905,0.001015958096183045,0.08240677525788023,VALID
U-Air,30018,RAVEN-w/o-Obs,Obs,RMSE_mu,1.125360082508588,1.1254181083922132,5.802588362513461e-05,0.0051562059581664425,VALID
U-Air,30018,RAVEN-w/o-Obs,Obs,Tail_RMSE,1.1295619055723813,1.1296182444122593,5.63388398779896e-05,0.00498767173362146,VALID
U-Air,30018,RAVEN-w/o-Use,Use,Delta_group,1.071613423619417,1.0727836756741884,0.0011702520547713924,0.10920468416855207,VALID
U-Air,30018,RAVEN-w/o-Use,Use,Delta_c_s,1.2328574841131075,1.2355140905425053,0.002656606429397801,0.2154836600038089,VALID
U-Air,30018,RAVEN-w/o-Use,Use,RMSE_mu,1.125360082508588,1.12860727506349,0.003247192554901801,0.28854698201693324,VALID
U-Air,30018,RAVEN-w/o-Use,Use,Tail_RMSE,1.1295619055723813,1.1329894302715389,0.0034275246991575248,0.30343841114407094,VALID
U-Air,30018,RAVEN-w/o-Inst,Inst,Delta_group,1.071613423619417,1.0674271011703875,-0.0041863224490295,-0.39065602919474723,VALID
U-Air,30018,RAVEN-w/o-Inst,Inst,Delta_c_s,1.2328574841131075,1.2273040316899153,-0.005553452423192162,-0.4504537219228711,VALID
U-Air,30018,RAVEN-w/o-Inst,Inst,RMSE_mu,1.125360082508588,1.1295978997379679,0.00423781722937977,0.3765743334287343,VALID
U-Air,30018,RAVEN-w/o-Inst,Inst,Tail_RMSE,1.1295619055723813,1.1340231931395175,0.004461287567136152,0.3949573321415695,VALID
U-Air,30018,RAVEN-w/o-Debt,Debt,Delta_group,1.071613423619417,1.0716794194376535,6.599581823651945e-05,0.006158547175866456,VALID
U-Air,30018,RAVEN-w/o-Debt,Debt,Delta_c_s,1.2328574841131075,1.2329029214533518,4.543734024431423e-05,0.0036855306334941805,VALID
U-Air,30018,RAVEN-w/o-Debt,Debt,RMSE_mu,1.125360082508588,1.1253600447951442,-3.771344392333731e-08,-3.3512334860206404e-06,VALID
U-Air,30018,RAVEN-w/o-Debt,Debt,Tail_RMSE,1.1295619055723813,1.1295618064710287,-9.910135267965359e-08,-8.773432619386726e-06,VALID
U-Air,30019,RAVEN-w/o-Design,Design,Delta_group,1.1389995318693815,1.0764493593208462,-0.06255017254853534,-5.491676756519377,VALID
U-Air,30019,RAVEN-w/o-Design,Design,Delta_c_s,1.2622375657345906,1.3072792871051053,0.045041721370514765,3.568402858007289,VALID
U-Air,30019,RAVEN-w/o-Design,Design,RMSE_mu,1.169070018139858,1.0830680879630359,-0.086001930176822,-7.35643963512658,VALID
U-Air,30019,RAVEN-w/o-Design,Design,Tail_RMSE,1.177527344056851,1.0861293571944046,-0.09139798686244638,-7.761856854003867,VALID
U-Air,30019,RAVEN-w/o-Obs,Obs,Delta_group,1.1389995318693815,1.140730015260532,0.0017304833911504502,0.15193012312395743,VALID
U-Air,30019,RAVEN-w/o-Obs,Obs,Delta_c_s,1.2622375657345906,1.261461060020935,-0.0007765057136555065,-0.06151819076970663,VALID
U-Air,30019,RAVEN-w/o-Obs,Obs,RMSE_mu,1.169070018139858,1.1686706097491413,-0.0003994083907166157,-0.0341646252593259,VALID
U-Air,30019,RAVEN-w/o-Obs,Obs,Tail_RMSE,1.177527344056851,1.1771059530433057,-0.0004213910135453247,-0.035786091564849465,VALID
U-Air,30019,RAVEN-w/o-Use,Use,Delta_group,1.1389995318693815,1.139641056312073,0.000641524442691388,0.056323503631163646,VALID
U-Air,30019,RAVEN-w/o-Use,Use,Delta_c_s,1.2622375657345906,1.2638624670712593,0.0016249013366687048,0.12873181568820233,VALID
U-Air,30019,RAVEN-w/o-Use,Use,RMSE_mu,1.169070018139858,1.1669029149525512,-0.0021671031873067292,-0.18536983702266796,VALID
U-Air,30019,RAVEN-w/o-Use,Use,Tail_RMSE,1.177527344056851,1.175246486266583,-0.002280857790267987,-0.19369892357742713,VALID
U-Air,30019,RAVEN-w/o-Inst,Inst,Delta_group,1.1389995318693815,1.1384684206935112,-0.0005311111758703468,-0.046629621962939814,VALID
U-Air,30019,RAVEN-w/o-Inst,Inst,Delta_c_s,1.2622375657345906,1.2608681637021033,-0.0013694020324872547,-0.108490039407938,VALID
U-Air,30019,RAVEN-w/o-Inst,Inst,RMSE_mu,1.169070018139858,1.1688900082451963,-0.00018000989466160355,-0.015397700040928485,VALID
U-Air,30019,RAVEN-w/o-Inst,Inst,Tail_RMSE,1.177527344056851,1.1773709874739569,-0.000156356582894146,-0.013278382339340148,VALID
U-Air,30019,RAVEN-w/o-Debt,Debt,Delta_group,1.1389995318693815,1.1390317156149776,3.218374559610382e-05,0.002825615348873962,VALID
U-Air,30019,RAVEN-w/o-Debt,Debt,Delta_c_s,1.2622375657345906,1.2622494959066317,1.1930172041152431e-05,0.0009451605913986065,VALID
U-Air,30019,RAVEN-w/o-Debt,Debt,RMSE_mu,1.169070018139858,1.1690496153210677,-2.0402818790232757e-05,-0.001745217863229124,VALID
U-Air,30019,RAVEN-w/o-Debt,Debt,Tail_RMSE,1.177527344056851,1.1775057266464717,-2.1617410379315416e-05,-0.0018358308610344873,VALID
U-Air,30020,RAVEN-w/o-Design,Design,Delta_group,1.1704169958264568,1.0746808734329216,-0.09573612239353513,-8.179659278267211,VALID
U-Air,30020,RAVEN-w/o-Design,Design,Delta_c_s,1.2702515539527317,1.322632965471901,0.052381411519169196,4.123703793643885,VALID
U-Air,30020,RAVEN-w/o-Design,Design,RMSE_mu,1.3077502590008703,1.1883108000909877,-0.11943945890988261,-9.133200937091393,VALID
U-Air,30020,RAVEN-w/o-Design,Design,Tail_RMSE,1.3228462317466965,1.197751715575543,-0.1250945161711534,-9.456466909685917,VALID
U-Air,30020,RAVEN-w/o-Obs,Obs,Delta_group,1.1704169958264568,1.1705472574875637,0.00013026166110696735,0.011129508676946953,VALID
U-Air,30020,RAVEN-w/o-Obs,Obs,Delta_c_s,1.2702515539527317,1.2694272846995291,-0.0008242692532025586,-0.06489023773579505,VALID
U-Air,30020,RAVEN-w/o-Obs,Obs,RMSE_mu,1.3077502590008703,1.3078924106768481,0.00014215167597786404,0.01086994057156363,VALID
U-Air,30020,RAVEN-w/o-Obs,Obs,Tail_RMSE,1.3228462317466965,1.3229927195438602,0.00014648779716375238,0.011073682915536506,VALID
U-Air,30020,RAVEN-w/o-Use,Use,Delta_group,1.1704169958264568,1.1699663697947331,-0.00045062603172363325,-0.038501323317288,VALID
U-Air,30020,RAVEN-w/o-Use,Use,Delta_c_s,1.2702515539527317,1.2698510737380762,-0.00040048021465555195,-0.03152763036654821,VALID
U-Air,30020,RAVEN-w/o-Use,Use,RMSE_mu,1.3077502590008703,1.3074588724114984,-0.0002913865893718892,-0.022281516471999056,VALID
U-Air,30020,RAVEN-w/o-Use,Use,Tail_RMSE,1.3228462317466965,1.322545289333276,-0.00030094241342037975,-0.022749614142455018,VALID
U-Air,30020,RAVEN-w/o-Inst,Inst,Delta_group,1.1704169958264568,1.1706100336608845,0.00019303783442770062,0.016493081962757422,VALID
U-Air,30020,RAVEN-w/o-Inst,Inst,Delta_c_s,1.2702515539527317,1.2697759674318736,-0.0004755865208581067,-0.03744034159046611,VALID
U-Air,30020,RAVEN-w/o-Inst,Inst,RMSE_mu,1.3077502590008703,1.3088789092889959,0.0011286502881255878,0.08630472678995177,VALID
U-Air,30020,RAVEN-w/o-Inst,Inst,Tail_RMSE,1.3228462317466965,1.3240215154461399,0.001175283699443419,0.08884507293728049,VALID
U-Air,30020,RAVEN-w/o-Debt,Debt,Delta_group,1.1704169958264568,1.1704473631829009,3.036735644412758e-05,0.0025945758265996928,VALID
U-Air,30020,RAVEN-w/o-Debt,Debt,Delta_c_s,1.2702515539527317,1.2702595252921478,7.971339416101841e-06,0.0006275402215645287,VALID
U-Air,30020,RAVEN-w/o-Debt,Debt,RMSE_mu,1.3077502590008703,1.3077712258585357,2.09668576653943e-05,0.00160327688877027,VALID
U-Air,30020,RAVEN-w/o-Debt,Debt,Tail_RMSE,1.3228462317466965,1.3228679858963812,2.1754149684749535e-05,0.0016444957216248171,VALID
