path,bytes,sha256
BUNDLE_SUMMARY.json,104,9f54c051c877bf61921dc6352795a3899741997c2e71ca90f5b2b3dc6c5da80d
certificate/CERTIFICATE_BY_WINDOW.csv,423718,494375cc67760292e4cdbf0a0b2cef5109cc330c3a7a313a5f80e65949e40d79
certificate/CERTIFICATE_PROTOCOL.json,943,c4008ca5265f5ad40726a0a671625289c83faebf7e41524f1289971d21e2381e
certificate/CERTIFICATE_STRESS.csv,1137,e48662e76e8dc05316e3a3bbe779037f88e94be12f88707e6954d635130d6cf2
certificate/CERTIFICATE_TRACK_METRICS.csv,3854,10e3af87eef4a4d78674311e71be30e6d4f79e043b1c42c94903c3b47dc05285
certificate/CERTIFICATE_WINDOWS.csv,51771,849b27d048fce05d7c0d506badcb5a3e603cd249c976653e86bb4d71f5b6948b
configs/design_rule.json,128,642692f7c0b572d3309b8a6eacf8948b43ddaca560863264384a2d5755cc7481
configs/e2_formal_run_config.json,1524,5006daf9fc8337ef33ba0f6a3022e184a82d7bfb2c84d8dafb958f9157d05b1a
configs/e2_profile_registry.json,7816,7d9b8292522b6fbcc15d83ebb065fc8a73b79787ed643aea49c48f30596acbc7
configs/e3_source_hashes.json,10968,629b8483ca65964d6ea2028d1bfef58027465d94e260d6284ff876f24b9d2af8
configs/e4_one_factor_spec.json,693,e6df32a35724aa2304c747db23f43c51e48168ca44911f1861f9e678613e5649
configs/protocol_closure/sensorscope/horizon.json,824,b31cd16c3b42917f0c4fb6cee025934d652aceed3a7baee15d59f169ffa7b4fd
configs/protocol_closure/sensorscope/opportunity_strata.json,321,a6bb3935f8968aa18512adb8a57e6b780ad06afeb9c04f4b7229b6b03232ef7d
configs/protocol_closure/sensorscope/public_target.json,528,bb37de0b5c2d6918704ed08c7a65f261793030064307049757330835156a783a
configs/protocol_closure/sensorscope/q_feature_boundary.json,271,5b44355189d35328881a2123911cdfa513886173c2ba4af0fd58dc1bd791e116
configs/protocol_closure/sensorscope/stage2_eligibility.json,415,2299635ef9fec38a484c82d51994703af2c511c519dae1393d32ad0086079b3c
configs/protocol_closure/traffic/horizon.json,787,fe6fa0eb35d13ed1ee4805b08d9705da3ead5fdb6d5dcdd4212b8eafb26326bf
configs/protocol_closure/traffic/opportunity_strata.json,663,07682135c23f78654551319e7bb8f6a73e15eb8661784b7182fb26394e69a85d
configs/protocol_closure/traffic/public_target.json,464,78083f8211d9b922bd5c53f4e5e3430ebc7f5b04305808d14be0f7bbe767c7b7
configs/protocol_closure/traffic/q_feature_boundary.json,271,5b44355189d35328881a2123911cdfa513886173c2ba4af0fd58dc1bd791e116
configs/protocol_closure/traffic/stage2_eligibility.json,415,2299635ef9fec38a484c82d51994703af2c511c519dae1393d32ad0086079b3c
configs/protocol_closure/uair/horizon.json,780,ff1625527f117b067496fdbc27e7cd0c47bc840260d3f652d124b77914323304
configs/protocol_closure/uair/opportunity_strata.json,314,fb5b6f40db00dafd9677f0b502c9c85f62a67f5d7a0be941321d79340c92be4c
configs/protocol_closure/uair/public_target.json,520,3e85f332d933273fd80c46f079820a58252e0bc4787c3be2b902a0c111acf61c
configs/protocol_closure/uair/q_feature_boundary.json,271,5b44355189d35328881a2123911cdfa513886173c2ba4af0fd58dc1bd791e116
configs/protocol_closure/uair/stage2_eligibility.json,415,2299635ef9fec38a484c82d51994703af2c511c519dae1393d32ad0086079b3c
configs/seeds.json,519,995fdc6e76d1f761b6f7f1ff806d89f5a42a1efc68d92244571e7ab9282f1bfb
eventtraces/e1_formal/ROLE_MANIFEST.json,8811,ebd20c370c12154052ce0b7e160684c1a0eae76377231f119137125c28749dc3
eventtraces/e1_formal/seed_28001/audit.json,713,8d3525ac9feacd3d6592a04e4145a4daef0841c46c435f79cc8fbbf1fd00e636
eventtraces/e1_formal/seed_28001/event_trace_manifest.json,1556,3cea0cc85a78755a297aaed45830bb66f63680003c533d0a12a93a13ded58c10
eventtraces/e1_formal/seed_28001/events.parquet,155084,363a6955f388ad75e1566647d6c62f2e37f30647cbbc37c5404576aef819141f
eventtraces/e1_formal/seed_28001/generation_config.yaml,1034,21c277410d7aef37161211934f48850ce1cc5955755467a47ea643e8c8a6e029
eventtraces/e1_formal/seed_28001/metadata.json,277,54d44a26f15a64a0e51f1405d189373db0990562befcae1ec61071dd1d89e3df
eventtraces/e1_formal/seed_28001/trace_identity.json,577,2d45dff69541756168df941617d75a62bb13f8e3a885ceefaf10a9669e98426d
eventtraces/e1_formal/seed_28002/audit.json,713,c5bbc4c5d19b6f8c2d53b630e01cde70ff7e228e7ae62d4db25ed51f557b7bf1
eventtraces/e1_formal/seed_28002/event_trace_manifest.json,1556,82738bc21ebe985bee6a04c5d7dee308b96338c043cc4e9708deb5f632f4fff9
eventtraces/e1_formal/seed_28002/events.parquet,154773,8c95a6f7fa40a67218c36f781ea6237118e7c8bc6789803b184a3bfb1f394e56
eventtraces/e1_formal/seed_28002/generation_config.yaml,1034,f53ca4f8098be11972d5a82fe88e41867e794baefa00c2c5cd24155d3046ba5b
eventtraces/e1_formal/seed_28002/metadata.json,277,fd9bb67e252cc7f6ac74d8ac975ac7d34cacf20d0bbe5a13f99563f15dafad85
eventtraces/e1_formal/seed_28002/trace_identity.json,577,4248956f5d3a71b186ca6d1d247604e6062f306b23ebddd8bc09b1b5bb866593
eventtraces/e1_formal/seed_28003/audit.json,713,59f1c14f716cdb9c0b5d9aaa93043c9087c97fc941f465f12e234f8720288080
eventtraces/e1_formal/seed_28003/event_trace_manifest.json,1556,e9f4583295afdcecf0668f8227a43857a47e6a03202fe511ff9c6049e52afd87
eventtraces/e1_formal/seed_28003/events.parquet,154775,bdab74a4b2bb3c2da7046e23c10f4de55dce2ee9070f33bd631c74942cb6d6c3
eventtraces/e1_formal/seed_28003/generation_config.yaml,1034,fa93b65f13c19b9d3cd951b9aaa449c8933eb6ee0bce3ab2c06f3500e102846d
eventtraces/e1_formal/seed_28003/metadata.json,277,d3039ac4b12ebad3987be46e76309deecea1f0d93cfc03e2c0c234f65f322020
eventtraces/e1_formal/seed_28003/trace_identity.json,577,1c974b628346f4d086bacedfc6ef7ea2ec2238710eb4c46308d08ef2712e7625
eventtraces/e1_formal/seed_28004/audit.json,713,73ca3b70ae725e3ba164e305c1d812c4fa38bdb4da65ceac27039a8abf4f754f
eventtraces/e1_formal/seed_28004/event_trace_manifest.json,1556,66d78f7a123ba87be414c0ae50c87e3e4d7e9dcb008eb0e82dcdab97afda008f
eventtraces/e1_formal/seed_28004/events.parquet,155077,602b8841c4846ba9194fedabaa7b55d3fd6f45802d1383ad01fd14e4e8d1ca5e
eventtraces/e1_formal/seed_28004/generation_config.yaml,1034,e88229c327829a468fce21f1ae041409e9f5cd033898201835068033962b27aa
eventtraces/e1_formal/seed_28004/metadata.json,277,6835091c37265e3f2e923f67d2624ef1da884485af015d0394dbd354efd96ff9
eventtraces/e1_formal/seed_28004/trace_identity.json,577,1a7b88509cc27e88c060081956f31bb00ba0ec6a95df1656563c94cd62a0e040
eventtraces/e1_formal/seed_28005/audit.json,713,f7372eed925881875bb6dccf9dc4e9ee67da5a619b829c77bb73d77e0f6cd817
eventtraces/e1_formal/seed_28005/event_trace_manifest.json,1556,3ba1fe8440ef0d5744602a9cb0198c3f2e0967e26bfb1e58a3789be2e6e044d6
eventtraces/e1_formal/seed_28005/events.parquet,154887,82f74d5dc2cefd2648be743c1b36d46b576183e8983bc8defc87b49085aca2fd
eventtraces/e1_formal/seed_28005/generation_config.yaml,1034,b1016a651738099bfbc9a98cacf2b481d83d2cd4726c295fe08c01b16801bb39
eventtraces/e1_formal/seed_28005/metadata.json,277,75507e2961a2cd5dcad818ae73f6d332605dd1b516ae4298bbcfbf680bf12764
eventtraces/e1_formal/seed_28005/trace_identity.json,577,814b99416206c53fa27e8332db4b35af49d7c56f9b17e71454bce3158857b64c
eventtraces/e2/30001/balanced/eventtrace_identity.json,1474,075fc158da372c80ccd518fb35faa813d588b37ccde880d6f80d0df167f8539c
eventtraces/e2/30001/balanced/hard/client_window_activity.parquet,8343,067e429e53bdd6fb68298b8c3fca5759d5ba033bf9195339f17db1f4a320bf77
eventtraces/e2/30001/balanced/hard/eventtrace_manifest.json,636,1a8f191b528ad4040790928d4b9f7976c2a214d7c46f06ed0d2a76f2849eb253
eventtraces/e2/30001/balanced/hard/failed_attempts.parquet,21322,99477f0e9ca26ac4c9f0a385ec983260c83ff211f37320b8e7715b106e71f5a3
eventtraces/e2/30001/balanced/hard/hard_arrival_events.parquet,188552,d9ab955f78656808da3b8c83c3ccc326700f1525ba80fc555dec68fd1020dcd6
eventtraces/e2/30001/balanced/hard/observation_events.parquet,248247,c5a4ee7c33bfe160782e67b782a4e98e686827fbcffdf19fdb31f4bdfce5f8ac
eventtraces/e2/30001/balanced/hard/opportunity_events.parquet,435260,73c75673b416206497bd979c9ecd6b28a97cb434bbe527aa57d33b107e20bc7e
eventtraces/e2/30001/balanced/hard/runtime_parameter_snapshot.json,664,9d12cc8c8e23827ec572a93c0394ae8b1175982a51e4ddb76d0177acfd0f9909
eventtraces/e2/30001/balanced/hard/usable_events.parquet,42025,37a9bdb3db5697a8e46726ec13882f0c5daf74f3ed1d7568282fb48b3350293d
eventtraces/e2/30001/balanced/training_eventtrace/events.parquet,240478,f6a41b229a7eb29d5ca933c6853a8c9346a1550cea54364071ea277b1f7140e2
eventtraces/e2/30001/balanced/training_eventtrace/metadata.json,239,4eca49f0d1f97d0a3918b3f6a497b54cc3b24410c8ffb74e5f29998dc7eb979b
eventtraces/e2/30001/balanced/training_eventtrace/trace_identity.json,541,7f2417465542896d9c5baa8d869e579dde3dcc408417f26c21487f991dfa7331
eventtraces/e2/30001/complete_aligned/eventtrace_identity.json,1519,174a7804fcd9e945da2a6841285679a26f06a3efa65f92fe9d7cb7b7139dd8e9
eventtraces/e2/30001/complete_aligned/hard/client_window_activity.parquet,8480,0cd1446460f2675e620091775a0c3f21652a9007f90be7bc98e9f71415e6bf7d
eventtraces/e2/30001/complete_aligned/hard/eventtrace_manifest.json,644,abee751e42b58b6af8a23d280b30fb510c03157a7d0e9a117dc5f716b68c8eb7
eventtraces/e2/30001/complete_aligned/hard/failed_attempts.parquet,20758,51cf62190d4b3813f772eeffab475716fcad24d9db93ff6b29afea720c3fb9a7
eventtraces/e2/30001/complete_aligned/hard/hard_arrival_events.parquet,187478,abd109d0dbd31d8d31a0313af86764825ab952128b5834cc14d5e62bfe088cb8
eventtraces/e2/30001/complete_aligned/hard/observation_events.parquet,247019,af820a9046f67f91b6978b2a28f2611d1c76090186e3b8d2b696a85ac3ec44b3
eventtraces/e2/30001/complete_aligned/hard/opportunity_events.parquet,435344,f5b09c4982f60672bc14e0b929e7e585fc9775d490777e88c354258f62fe034a
eventtraces/e2/30001/complete_aligned/hard/runtime_parameter_snapshot.json,679,343f3b87922033d6a5bc501aecc6e7b0f18c6be1cb1b6acb2c79e675325bc4cd
eventtraces/e2/30001/complete_aligned/hard/usable_events.parquet,40418,cfce3608011c3e4396ddd29a421bfe17ef9d5ebfc112ebdb4233287bd2688d14
eventtraces/e2/30001/complete_aligned/training_eventtrace/events.parquet,238680,f4ae137ab49672673236440cb2f6484a52318474377df47af83812caa5eb1f7e
eventtraces/e2/30001/complete_aligned/training_eventtrace/metadata.json,247,cb5716650193ab0da3ac01bb05dc9b37be37b5032cf81d2de66700cc9327a31c
eventtraces/e2/30001/complete_aligned/training_eventtrace/trace_identity.json,549,dbaed630a7f09bbac0018a660805f3db2a913182d0729a535607f27180361852
eventtraces/e2/30001/complete_counteracting/eventtrace_identity.json,1546,3c4fa8e2338b163b35b0a5bd29748bbe6fadd3dc618d2806a4fd62ec1a85c5d6
eventtraces/e2/30001/complete_counteracting/hard/client_window_activity.parquet,8480,606fdf37b438ba876007d30f263c0743afa237fb7a5ab4585d26eaf82f4bfb0a
eventtraces/e2/30001/complete_counteracting/hard/eventtrace_manifest.json,650,37b7a49a7ab9d209933c1a075f1c3e0ba9a865a3640cb0893085578aad3268d3
eventtraces/e2/30001/complete_counteracting/hard/failed_attempts.parquet,20514,4023d4af6c4539243cc051122d7cdd2cf1b527f00513a8a9df93061dcd591d7f
eventtraces/e2/30001/complete_counteracting/hard/hard_arrival_events.parquet,187983,a3c91459f1ec3c12cbbf8fab4285785ed0899fff80633666e237219c4a9a1960
eventtraces/e2/30001/complete_counteracting/hard/observation_events.parquet,247049,df75c67b98fd0a618ba6ab7ba313c4edc59cfd00b647eca991c2bdd70ba9d0d5
eventtraces/e2/30001/complete_counteracting/hard/opportunity_events.parquet,435386,79dbd32b24e7e1ab31720bb1a520308dca66ffc358a2cc5c62604ad4db2bb186
eventtraces/e2/30001/complete_counteracting/hard/runtime_parameter_snapshot.json,680,d9ac7fd466bc20ae5dc9fbf8aef023b5096cb97f92bd513d112e8178182835aa
eventtraces/e2/30001/complete_counteracting/hard/usable_events.parquet,40412,3995ecf780a134714e7c5e22960867cf2c305c48af3c3799771774a200473377
eventtraces/e2/30001/complete_counteracting/training_eventtrace/events.parquet,238629,73fb81565547a41a724afe252a3e86ebedc6c4db9e123ff3bb5c9eb559427a89
eventtraces/e2/30001/complete_counteracting/training_eventtrace/metadata.json,253,856689fa203051378ee9bca5a594aa585c8469d41e1d26e07e7571bd00557b1c
eventtraces/e2/30001/complete_counteracting/training_eventtrace/trace_identity.json,555,4ca30c67c131d64e3ef17db18dc02591f826e70e71e1695094baa984e36198c5
eventtraces/e2/30001/observation_only/eventtrace_identity.json,1516,a3c9faa6a49dd5e4fd7edc7e2ae51b282a8cd6ffb509025ce9db606be9aefbf0
eventtraces/e2/30001/observation_only/hard/client_window_activity.parquet,8356,12b0ac5873af04b6b5a38e41689a8462ff9a8e03c94cf995acd13d4de7669517
eventtraces/e2/30001/observation_only/hard/eventtrace_manifest.json,644,297a9243eac5ff5d4e30904d1a2b65a2f325a25f07567cdd314238133fde1de1
eventtraces/e2/30001/observation_only/hard/failed_attempts.parquet,21108,69bcbca6f7881e9165d7dac667abd13abc95a4d29097bcbb2029a6755f1d32fc
eventtraces/e2/30001/observation_only/hard/hard_arrival_events.parquet,188165,a303f07c9597d3cf55b021c0a50f62905d1c99b76c7e3a8c5721d94076a212a3
eventtraces/e2/30001/observation_only/hard/observation_events.parquet,248427,aeab11fd445ee23c617543c28f63bdb46e699086d65b0a696cfee835c8f915ab
eventtraces/e2/30001/observation_only/hard/opportunity_events.parquet,435316,787b17907a83314df90158ab18e06c5fd18a2100b9e7ea450b6c98d935c89922
eventtraces/e2/30001/observation_only/hard/runtime_parameter_snapshot.json,675,95f9484b657d009b7ac448a622826462ff6fc40b5c0aef25aaffa1dc74ab6605
eventtraces/e2/30001/observation_only/hard/usable_events.parquet,41551,ac4dabce8bae4f271caf657cf7847ea357196507cd467ea5b7d98eaeac9e9d0c
eventtraces/e2/30001/observation_only/training_eventtrace/events.parquet,240602,eac376a29fb2d8dcff4f4b8ee0d140cd9c89ab1bf47528c17442ada2331344f3
eventtraces/e2/30001/observation_only/training_eventtrace/metadata.json,247,15bd98dfdf104057cec9c0d2520cbbbfcf1df65ed4b0da2d1d4187021cd57ccd
eventtraces/e2/30001/observation_only/training_eventtrace/trace_identity.json,549,5e70264ac8037062f580f8cea71aadfc77e5345d2f347dfcc291e9d8b75a19d6
eventtraces/e2/30001/opportunity_only/eventtrace_identity.json,1515,449a4bda3afbfb8b0c3efd7cf5f07712af43794bd7463713d7d59fee41deb76b
eventtraces/e2/30001/opportunity_only/hard/client_window_activity.parquet,8343,d98e3fdbcd80f66773fa76ff0b7c9b6783b4c1004afbd2078f3eb82930d895af
eventtraces/e2/30001/opportunity_only/hard/eventtrace_manifest.json,644,4d89b7f98ba833138695e779da82e97a4ff1ed63dc4fb479b223dd6880123b59
eventtraces/e2/30001/opportunity_only/hard/failed_attempts.parquet,21076,b661430d742cccb9293d01d61f5823fb33ce0fb4c61087d6895c620d099fccab
eventtraces/e2/30001/opportunity_only/hard/hard_arrival_events.parquet,188459,622b7d525f898ff7ef564e3b8761408299348fbfe4b8b905a1bf089901155480
eventtraces/e2/30001/opportunity_only/hard/observation_events.parquet,246876,9f54ef8a875660884a57bbc1f125647910a4d697ac79dbf356de30bb2e5fbf23
eventtraces/e2/30001/opportunity_only/hard/opportunity_events.parquet,435344,306b545758bded174523302f948e4b73d73725ac3c2db07f59a94d836b8891ab
eventtraces/e2/30001/opportunity_only/hard/runtime_parameter_snapshot.json,673,97b9148b5ac2ce2218b9748e21592ca880c7774164680000a99a8176041f0104
eventtraces/e2/30001/opportunity_only/hard/usable_events.parquet,41746,3f59ec6ecdc22bde81dc9eedb913daa40ad3362ad2dc7cc41366c536e827b12a
eventtraces/e2/30001/opportunity_only/training_eventtrace/events.parquet,238826,c2d5f9df427aec3aed89f897f1e98875bc8ddfef5ebf0c23e6059fafc5f1c4fb
eventtraces/e2/30001/opportunity_only/training_eventtrace/metadata.json,247,bf3e6f925935fbdc692923d4ab594c7e1793774bb987a678f138a99164be3dab
eventtraces/e2/30001/opportunity_only/training_eventtrace/trace_identity.json,549,c69479192e8c22ee0ed61357e1202404c88782cdbb6d2818cd3af5a12265b1bd
eventtraces/e2/30001/usable_only/eventtrace_identity.json,1490,8e8587d1f065773caef4ae2d8ecc376a8b51dbebab2def3925113046955acb54
eventtraces/e2/30001/usable_only/hard/client_window_activity.parquet,8448,d75e11809c44336ad80c692eb67fb9b8c100c85f72d5aa397350f4ad818380a7
eventtraces/e2/30001/usable_only/hard/eventtrace_manifest.json,639,5bfb61bbe9af5ceab55fdaac2f18bb5cef73df62ecb9ba34587bd21a52be11a3
eventtraces/e2/30001/usable_only/hard/failed_attempts.parquet,21563,e456a71e9ebc3ffdea41a88c134ba4d3f9604ff875996da4bb323dd631d40f73
eventtraces/e2/30001/usable_only/hard/hard_arrival_events.parquet,188479,f00f0f876e3c146cf879be832c91e662579772b56730975a53a71868c622431a
eventtraces/e2/30001/usable_only/hard/observation_events.parquet,248262,55cfe9ad19fcd4d2622d5551baea66401c8ce577e6c001ebc63459f390a653da
eventtraces/e2/30001/usable_only/hard/opportunity_events.parquet,435281,49c2cc987354063c7d63feb673ae911b5db0d2f6171fb78044c0d81a7007dca2
eventtraces/e2/30001/usable_only/hard/runtime_parameter_snapshot.json,668,236554af6a2042819c17d92312def7058aba08a60cbc58fe15caf00e2901c198
eventtraces/e2/30001/usable_only/hard/usable_events.parquet,42250,e63f04330cfd46033eea1856fc2c636a67b2a3599b46a2a21a831a80240c98e9
eventtraces/e2/30001/usable_only/training_eventtrace/events.parquet,241095,e51c5ef24a5bb18dff5fcea9ab3650b80e9fd733935b06a6304d673da1e8403d
eventtraces/e2/30001/usable_only/training_eventtrace/metadata.json,242,86c15123ca31869b2c5e93a15d2678d38677b9c17297181469ff96fd1d60010f
eventtraces/e2/30001/usable_only/training_eventtrace/trace_identity.json,544,a2d2333f8438171d9ba0fec01b471bb85f450fbaed7bdce35162667adbf37813
eventtraces/e2/30002/balanced/eventtrace_identity.json,1474,489fdf958b9adf21dae66bd3fb279a9b4432b0f73e7b310029d850811c10b10a
eventtraces/e2/30002/balanced/hard/client_window_activity.parquet,8342,4cc5bfc8a7a1e4f3da6422cfbe7e28113bb505b3ae3741e74165853b607bfe97
eventtraces/e2/30002/balanced/hard/eventtrace_manifest.json,636,20d6031fdd3ec7221f342fc2b77901cb7fdc0a52ac152d84bac884fbc6a75a86
eventtraces/e2/30002/balanced/hard/failed_attempts.parquet,21538,6db9842d2096224dbeb184b01977960b739f887de70f9c292de9d44316fbfc53
eventtraces/e2/30002/balanced/hard/hard_arrival_events.parquet,188485,8cc45c6886759be5fb3c90eb3fe114f00a1804557cfb8e48d66f5a48f949cc0e
eventtraces/e2/30002/balanced/hard/observation_events.parquet,248928,11e395e05f4b5eea3471329e62d9850086a9f575211e6cabcb8da0ad18bbec5a
eventtraces/e2/30002/balanced/hard/opportunity_events.parquet,435260,173543278881997f2d6a7b1277a2dc88e8501ce5345f26f329267cc18f6a8bc2
eventtraces/e2/30002/balanced/hard/runtime_parameter_snapshot.json,664,a85f5789e3440d9f9d6979ea51901441ee74da0d6a96f41e1a56d24ad518897f
eventtraces/e2/30002/balanced/hard/usable_events.parquet,42338,9016662b0d9c284fd54395d66d6ea6adc021f977a8703b44c3972cd7ae96d358
eventtraces/e2/30002/balanced/training_eventtrace/events.parquet,241397,a69db6caccd3937f52a022d0bad2348b17b34977e09d64f6d556dabfcb9fead3
eventtraces/e2/30002/balanced/training_eventtrace/metadata.json,239,43fba063bc1e149bf0a149ef71f5db1e9a4eb40e9b8dea2634391460c3b803dc
eventtraces/e2/30002/balanced/training_eventtrace/trace_identity.json,541,6e95b9a2987ee4f0c8df69426470e3d9d3229290ee46b819bcbee2a2558ff9c9
eventtraces/e2/30002/complete_aligned/eventtrace_identity.json,1519,faa41d1036317f24967adae7db6a0b49bf77358562a779ebfe06441ae1159bc0
eventtraces/e2/30002/complete_aligned/hard/client_window_activity.parquet,8456,dfa59da609528fed9412e94c1728af507a9340fa77be700756ed1f528dad5dbf
eventtraces/e2/30002/complete_aligned/hard/eventtrace_manifest.json,643,3a5cbd0f76678455b40ccc75fc7e614a229fcd9959f14d921fff4dd2c5bee978
eventtraces/e2/30002/complete_aligned/hard/failed_attempts.parquet,21309,c8b318a9070e0589c1d3bc46d4784de9f1190e6316086d2a88c4adeaf06062c5
eventtraces/e2/30002/complete_aligned/hard/hard_arrival_events.parquet,187555,0153a0eca3a312a1dfaab37acc10448822a3e313d534b1f1ff31e76f34472d23
eventtraces/e2/30002/complete_aligned/hard/observation_events.parquet,247947,ed2fccd3c0e3c1a65c078cc414902a6bb0a175b42dc0b036439d727aface0b1c
eventtraces/e2/30002/complete_aligned/hard/opportunity_events.parquet,435344,7042ea81fceca7f0bff6346b701a22dd3b349bdf3a3fc725af0a2fab89f28471
eventtraces/e2/30002/complete_aligned/hard/runtime_parameter_snapshot.json,679,95864db1e0c27da4dcff57b400ebe77943c99ee5a48f9654a108f5b7a9199ef9
eventtraces/e2/30002/complete_aligned/hard/usable_events.parquet,40869,9e8374bb823e4ac5e1ef1da780d90055ebf99b27f0443cf5cbbf4b33b0877351
eventtraces/e2/30002/complete_aligned/training_eventtrace/events.parquet,239534,ac0d284605363c57e9fa444160828ef0e45dbc41d28ff36b391556c0fbf42fd3
eventtraces/e2/30002/complete_aligned/training_eventtrace/metadata.json,247,64c2930ef7db5fbe91488e75570698c4924d84f1afbd0888c021c3731f826cb6
eventtraces/e2/30002/complete_aligned/training_eventtrace/trace_identity.json,549,e3daa5a5c86d65619dad8274933ad43a2bfaea38ae64926bb4b50659e60fd81a
eventtraces/e2/30002/complete_counteracting/eventtrace_identity.json,1546,def8834630d71a451f7ac28a65afeafb76f3e5afc76baef9ad4087c49c28b5c3
eventtraces/e2/30002/complete_counteracting/hard/client_window_activity.parquet,8458,18dfe95589b1c6eeb485a6d73bb93d3b86c68cadfffbfcabb9286f286bca5591
eventtraces/e2/30002/complete_counteracting/hard/eventtrace_manifest.json,649,9e414805f39ac7b421144fba061efe57398e19d648f38a31482d4908dd437098
eventtraces/e2/30002/complete_counteracting/hard/failed_attempts.parquet,21373,4cdf8446b691dfea1851abc08a3b32a3ecfaa6f487629d9adb617b27acc37e44
eventtraces/e2/30002/complete_counteracting/hard/hard_arrival_events.parquet,187951,a5e5ec4523549377a2a64df19a66c53ebaa41c2bff1b9b3c1da174dc35a6d932
eventtraces/e2/30002/complete_counteracting/hard/observation_events.parquet,247977,0004a2eb3a150d73e3c53468525df3a5e4f2719de4d374168e2ee2628f8eda0d
eventtraces/e2/30002/complete_counteracting/hard/opportunity_events.parquet,435386,b7c47b626bacd350853f702211a095d83561ce9a9d31f4abdaf1488dbd4effb6
eventtraces/e2/30002/complete_counteracting/hard/runtime_parameter_snapshot.json,680,cd0bc2c5fa89d3496b5c81a0be1f7a55336a181acda498f8181a2eeece972c87
eventtraces/e2/30002/complete_counteracting/hard/usable_events.parquet,40895,dc36aee0b6e13b1f6f746627e100cdfbe41d25791bd780491f71741a26230d7c
eventtraces/e2/30002/complete_counteracting/training_eventtrace/events.parquet,239450,d0c209429a5cedb58a736ce540740456325ae2e7c67b394653f8ee855939506e
eventtraces/e2/30002/complete_counteracting/training_eventtrace/metadata.json,253,f08f4a759edb363868eac45e193215836462d02e8b9873330d92b8b2527a3247
eventtraces/e2/30002/complete_counteracting/training_eventtrace/trace_identity.json,555,bbb1e962a23cfb2d6d96d5b79f771b1e4d1456d7e8831e7af7a6fa33c303f534
eventtraces/e2/30002/observation_only/eventtrace_identity.json,1516,1398b9822dee79715c53591447d47749ae06bfa2136a6c7da499a1fe24bbe19e
eventtraces/e2/30002/observation_only/hard/client_window_activity.parquet,8344,71577c6e6d5957b1e0e9acbafccd7c0c4c63776333b38975ee09cc89d54a24fe
eventtraces/e2/30002/observation_only/hard/eventtrace_manifest.json,643,def03ba012329fed49f340928302d0c302b77b15533bd23c5ae2255ea2128bd8
eventtraces/e2/30002/observation_only/hard/failed_attempts.parquet,21269,21eb6edff661b536c9c54ddd185292567b827f067c773388a63839e51e405fcc
eventtraces/e2/30002/observation_only/hard/hard_arrival_events.parquet,188207,e6ce4749b571773c17dc487d7941f40f270f5f5299ab0e1965ce22eabc65a14b
eventtraces/e2/30002/observation_only/hard/observation_events.parquet,249108,0993fe3a33316747c5d1000c0ee2f7da17068d1792b1b6408ad1fc6ac277ce17
eventtraces/e2/30002/observation_only/hard/opportunity_events.parquet,435316,d5ebcf19169185b10080f9e55823fb335a258ad809c909fa74e00bdeb7bf370c
eventtraces/e2/30002/observation_only/hard/runtime_parameter_snapshot.json,675,ab60a9b65341e158e66d844eeecbd087ea67ce98d2b726ea4ec9c0d1f0780936
eventtraces/e2/30002/observation_only/hard/usable_events.parquet,41409,f3e0b3f7543b705b73dfc5c9b0e38cb14dcc499e56819682831ede2a99366905
eventtraces/e2/30002/observation_only/training_eventtrace/events.parquet,241049,56a918f7d2dea193d48bd337f39c8b2777278781e4543ef1f2407d88238e9bb8
eventtraces/e2/30002/observation_only/training_eventtrace/metadata.json,247,49f15698d3a82f2592e29dee1a10e8ff2915cfa18855d0d2314a8ac4b4198547
eventtraces/e2/30002/observation_only/training_eventtrace/trace_identity.json,549,e4e63a8c3fc218c10ff17939ed74dff9ee46be652188d6d356b895bc85acc325
eventtraces/e2/30002/opportunity_only/eventtrace_identity.json,1515,ec0918a749f008e450497a221a888f91ea5c8654d362e0edc9403d2006e728d0
eventtraces/e2/30002/opportunity_only/hard/client_window_activity.parquet,8349,d21a2d6cfac67a004dad7e831e1878a6d7d1cf9c4635fcd48cf69dfcc573f608
eventtraces/e2/30002/opportunity_only/hard/eventtrace_manifest.json,642,2c830c71e8745b530e65bbb4458159e73ebb5e35adf17c9a4447694feb722db2
eventtraces/e2/30002/opportunity_only/hard/failed_attempts.parquet,21729,75433c888692d0c574d76d240723fd3220f432763d5298431d81fe0b9d2567fe
eventtraces/e2/30002/opportunity_only/hard/hard_arrival_events.parquet,188428,2cb7e4b7957293c7b14078f31f9eaad9d67b4474d718e698d874dc00a5f289b1
eventtraces/e2/30002/opportunity_only/hard/observation_events.parquet,247804,b0bccb10a36c77049a64350654694953377f23233f36ce930731ffffc3d4adac
eventtraces/e2/30002/opportunity_only/hard/opportunity_events.parquet,435344,2bbdc474c357aa6b3e65a55429ca98b6eab1dcd5deb56188f35b311488832b15
eventtraces/e2/30002/opportunity_only/hard/runtime_parameter_snapshot.json,673,4a409674d1121feac869864b5c94d37fbdb0c22eb7586103c7403e38ad26b42d
eventtraces/e2/30002/opportunity_only/hard/usable_events.parquet,42334,b1a059c89926bddd777e508e40e04549de8af2f92b845b5ef0db2e7ffee49992
eventtraces/e2/30002/opportunity_only/training_eventtrace/events.parquet,239590,3677c15b42211dcf0c3f77ae2957991318d0a1b47150568ba9d90aeb9b2b396e
eventtraces/e2/30002/opportunity_only/training_eventtrace/metadata.json,247,8745c8eb34283857028ab110d47cfd233a883ccb28a90b364fd2c474110dc5ca
eventtraces/e2/30002/opportunity_only/training_eventtrace/trace_identity.json,549,466c92a50beee14d0162f2e9f48bc52b70b8dc0c168b38a1a61e6f2285ae4d57
eventtraces/e2/30002/usable_only/eventtrace_identity.json,1490,776f4fda79e0754cdfd0dea483576016d42f9c03d8b4f4536e384ffc1d623cc7
eventtraces/e2/30002/usable_only/hard/client_window_activity.parquet,8447,aa2039b52070c6a108f57bb5c80b58f6fe19a0a8a13d63b37c27f63d55e1e131
eventtraces/e2/30002/usable_only/hard/eventtrace_manifest.json,638,24edd5649789da07e04a14f07244c91303c955c1ff5f0baee5e53b8a39ef3c22
eventtraces/e2/30002/usable_only/hard/failed_attempts.parquet,21666,e409a9e19472612772710e9a9e34cbab3239e2fc10f7ff15b6d02f39a89bab32
eventtraces/e2/30002/usable_only/hard/hard_arrival_events.parquet,188535,c639b9dc72e4ef09df84ab3cd8bff2e223bc75233c011c95a628b8d0c51e8969
eventtraces/e2/30002/usable_only/hard/observation_events.parquet,248943,20cf1b4913754d75731e8400260528d127131630db821449d7587a815ffc7f12
eventtraces/e2/30002/usable_only/hard/opportunity_events.parquet,435281,7aeda8d89bebdc757e632eab4500ad800a077029251145666c1a88fd61c2d80e
eventtraces/e2/30002/usable_only/hard/runtime_parameter_snapshot.json,668,74d8ffc863a2aa8c0fe3798de23922b343de991b6c76ebc1ba56d6c9b5ac5cb1
eventtraces/e2/30002/usable_only/hard/usable_events.parquet,42563,8d81c50411f012fe97e9ab438f305b5e1adb5216de9ff6272eb378d44725e069
eventtraces/e2/30002/usable_only/training_eventtrace/events.parquet,241926,b492a09832528c2b0427ae2c436ea8227e872db97a0864eba41cdd41ec58be5c
eventtraces/e2/30002/usable_only/training_eventtrace/metadata.json,242,204d5b596b955690dcef26b3674bc24e16cc42c532f077eaa96b22ebff4c2b57
eventtraces/e2/30002/usable_only/training_eventtrace/trace_identity.json,544,add0e1c23d286e894ebd8086d18cb98f4189a6f3dd9797d4e35707bcad2c7a93
eventtraces/e2/30003/balanced/eventtrace_identity.json,1474,7e228fec4c49999d7897e593e6a17da2e07ebf562936ed0c31b6ffff141bc459
eventtraces/e2/30003/balanced/hard/client_window_activity.parquet,8341,f0aaea0a0cce373e248ea660a6b644785b7ddd398f63f61752ee7c0a60e90641
eventtraces/e2/30003/balanced/hard/eventtrace_manifest.json,636,22125c764aa68a7b75d2a897f47da07918dcd1f74172822826fb8b2a3af514db
eventtraces/e2/30003/balanced/hard/failed_attempts.parquet,21297,519082714e9e1f08ce21b759cc83cd8a537865373af1f0dc6ad37de58cdd254a
eventtraces/e2/30003/balanced/hard/hard_arrival_events.parquet,188442,07c293d828d442f56fad57e91d85e7ffd5dbda579f18ad5f62450c3d01c984fa
eventtraces/e2/30003/balanced/hard/observation_events.parquet,246891,61098a462de2671eb11a01e33f3cb93f38da16c1683d611015e18de34ef1365f
eventtraces/e2/30003/balanced/hard/opportunity_events.parquet,435260,04ed1a096973fa0e71a6af2d06856d714919784e714524c6b95acc9882b7192f
eventtraces/e2/30003/balanced/hard/runtime_parameter_snapshot.json,664,1b2a299b9d9a35b5f5e373120fe9dbf3ef2fe54285d1610a17590e8ce2090c6c
eventtraces/e2/30003/balanced/hard/usable_events.parquet,41821,eeabcc63ea9a13ac1a41bd3a82e75dedd3f09fcfcb5ee48d8289ff3097ea06c8
eventtraces/e2/30003/balanced/training_eventtrace/events.parquet,239651,ca47b0f9fca756736f500d4054578357f60733cade7fd0042b850b1a835e6ee7
eventtraces/e2/30003/balanced/training_eventtrace/metadata.json,239,d56c41a5be9d04ab264dec91e59f001c74864ba11509057fd579e11c51c05271
eventtraces/e2/30003/balanced/training_eventtrace/trace_identity.json,541,45a36a18b9666a594f8030a8ed2db771dce0f7571a35edfd50a06d4a59275d58
eventtraces/e2/30003/complete_aligned/eventtrace_identity.json,1519,3d0faae9377608840d0f2167a478af03016f392d5d0788f0b9b967ca65555c68
eventtraces/e2/30003/complete_aligned/hard/client_window_activity.parquet,8456,5859d0fef782c36385c93de9c1c98bfa14eb16ee3606eb3132f527edba393bb0
eventtraces/e2/30003/complete_aligned/hard/eventtrace_manifest.json,643,edb1191ae9395e2e5aa9aaef462b027f4c6a5ef25939a20ee2f2f85d9277d4c3
eventtraces/e2/30003/complete_aligned/hard/failed_attempts.parquet,21129,9e0fde76bd39b922faacd943853b6822925451569f9a5e575de8880ce736e95b
eventtraces/e2/30003/complete_aligned/hard/hard_arrival_events.parquet,187590,d9e8657eae79017490ca0e64b97298c76bafe380a77fdbb6795ce0daf63e0c29
eventtraces/e2/30003/complete_aligned/hard/observation_events.parquet,245321,4de446e72a98ddcc091b9f530c34050208c504066644205a3827c30948b5b0f6
eventtraces/e2/30003/complete_aligned/hard/opportunity_events.parquet,435344,990c6c9f2baf6acdd18a9b4b8f95bc68ab4acd79e9c9c8c86443f3fcd147f17a
eventtraces/e2/30003/complete_aligned/hard/runtime_parameter_snapshot.json,679,c4affa48826828429922afb1a467eb67f2d66ea1fb21e4b4f3423d77151015c5
eventtraces/e2/30003/complete_aligned/hard/usable_events.parquet,40655,c12fc0f230351109c2c48c08038ee314b88630ab95d357dd8eae72cbfe8cc02f
eventtraces/e2/30003/complete_aligned/training_eventtrace/events.parquet,237533,7ff13b9bbdd9c6c7dc0915dd1efc9495df20dc79570f7ad19f4e8f86c66e4f5d
eventtraces/e2/30003/complete_aligned/training_eventtrace/metadata.json,247,fab182c64b3daa41302bb2e84496817c7f09aa09483085409f85afd5b890dc93
eventtraces/e2/30003/complete_aligned/training_eventtrace/trace_identity.json,549,3d881bd861a025c6d5f3bf374952388c76c5b3d465ff38f3c1ca27362f15f0bb
eventtraces/e2/30003/complete_counteracting/eventtrace_identity.json,1546,09ccb1f9c7c9a86d8fa6498b2fdf78f9fef661b01aa3806facf8c1cbdb4fb3f0
eventtraces/e2/30003/complete_counteracting/hard/client_window_activity.parquet,8456,5b304ed74ae35f2f07d476ce174d442b491b618c4380d8fdfb443aa12e61cfe2
eventtraces/e2/30003/complete_counteracting/hard/eventtrace_manifest.json,649,f9e8ae721c0f9a883d865e254456c7332ee0e7b8a0dec4f2bb1f8e2571108ed4
eventtraces/e2/30003/complete_counteracting/hard/failed_attempts.parquet,20937,2cf267caf8f1ee1ea9cd4deba2214e746d71158fc62e661081ef8783ff7a4779
eventtraces/e2/30003/complete_counteracting/hard/hard_arrival_events.parquet,188000,15d54bba0116fb947b6c41793d29d7a7440f879890cbbbe5195ba4ac515e2203
eventtraces/e2/30003/complete_counteracting/hard/observation_events.parquet,245351,ff9a163aafe8e27acdfb60cf7617d34058c1d48702ad9c1eccafb9297c55e20b
eventtraces/e2/30003/complete_counteracting/hard/opportunity_events.parquet,435386,a40ae705fc2a34ed26bafcbe6b46ca8fb8d7ab1f5bd147c93c0224c4719480a4
eventtraces/e2/30003/complete_counteracting/hard/runtime_parameter_snapshot.json,680,da57f623e3abc678057f0642c9e804c90f4f1339c9ccda52cf8e00567dc295d3
eventtraces/e2/30003/complete_counteracting/hard/usable_events.parquet,40656,935ff4562a1c2439b4ddd15f33194352add44f36da55c7b36aacc7a0aea00cee
eventtraces/e2/30003/complete_counteracting/training_eventtrace/events.parquet,237434,7076e3cb3b41ecebac19711e010d7b46c0f51985e3076d4653253d15243cd42b
eventtraces/e2/30003/complete_counteracting/training_eventtrace/metadata.json,253,1ea2aefdb0bb54476fb3e1de95a06d7977abad360335b51a6b89fca7cb7a138b
eventtraces/e2/30003/complete_counteracting/training_eventtrace/trace_identity.json,555,b9fab53443d7465bd7aaba2df1da967ef3f0bb6b9237b665f82775d7ea384d04
eventtraces/e2/30003/observation_only/eventtrace_identity.json,1516,e581464856b43fd02e833d594510ef7b252bb683df0406bb773345620fe1bdc9
eventtraces/e2/30003/observation_only/hard/client_window_activity.parquet,8354,446fbdca86bc2f64d0ba230ad88fd98532a025501884bb6ce8a80fa7822c22e1
eventtraces/e2/30003/observation_only/hard/eventtrace_manifest.json,642,7259a0adf9745b98c5f6ca8a446083678a2a4fb931571f0b53c1969aefc210da
eventtraces/e2/30003/observation_only/hard/failed_attempts.parquet,20962,b685325d3ad206c579ff8d1be6d48a6911a0a7209aebd0a426c3d8a8b77c9908
eventtraces/e2/30003/observation_only/hard/hard_arrival_events.parquet,188304,5ea14dc0aa97491443d210a35b089197c9a4b275a32cec090a1eddc313d20283
eventtraces/e2/30003/observation_only/hard/observation_events.parquet,247075,1fa95de2c3f01529ab3a60fb35c5a19ba61e380e330bf94eeaaae71cbf2e444a
eventtraces/e2/30003/observation_only/hard/opportunity_events.parquet,435316,e8bc898e8ef3ff944216c74455468d2f5776ab85f213804068448d49077b3739
eventtraces/e2/30003/observation_only/hard/runtime_parameter_snapshot.json,675,2dc1b51645e883cf28332eebbf52f9c6db8d7cc211dfa717c082c6ea5bfe1548
eventtraces/e2/30003/observation_only/hard/usable_events.parquet,41379,b30afc700909c16fb52913b8ecf883dabd70a610af8f9c61420985ed10c0fb99
eventtraces/e2/30003/observation_only/training_eventtrace/events.parquet,239542,c4899eb0a662814ba002fa69837fbd3084d05e3fb42bd1614621ad6e9b440b2a
eventtraces/e2/30003/observation_only/training_eventtrace/metadata.json,247,7ade2857f3fa3d2ae5080389165e8925a27d530f9ae046befced7efdb3210ca4
eventtraces/e2/30003/observation_only/training_eventtrace/trace_identity.json,549,24cc5bf23712f4aeab0a9d50ceaa87940687f81a3ebad2fba7f592fdf21e1e8a
eventtraces/e2/30003/opportunity_only/eventtrace_identity.json,1515,f937fd81649995a7fd397ed5157f7c0f9a0bf55cb126c6c3ce1dcd527b4b129e
eventtraces/e2/30003/opportunity_only/hard/client_window_activity.parquet,8348,08128dbf38624d767978305c901f52be6dea7f542abb7329dc32642651de0c00
eventtraces/e2/30003/opportunity_only/hard/eventtrace_manifest.json,643,6d72bf44039eec4c89a0ef03875bee29d7fbaa868fef4a5c8b8a7a013541d9f5
eventtraces/e2/30003/opportunity_only/hard/failed_attempts.parquet,21276,5f3d2a631f7ec232cd1bcc790f0ee135f5fcddb8181f0e7c3e93f10c7da657c4
eventtraces/e2/30003/opportunity_only/hard/hard_arrival_events.parquet,188483,0b8dc79813b1b0fd0104e196397e3872c73320419f9981ed6124fabc58527480
eventtraces/e2/30003/opportunity_only/hard/observation_events.parquet,245177,cccb5e894110ba18ab12de5b36f6bc2bb3a5f67c537947aad305f858353d71d8
eventtraces/e2/30003/opportunity_only/hard/opportunity_events.parquet,435344,c979d35d7706e6816514b6069b302e60be0ea6c4b237a1efe234aedc80cf307f
eventtraces/e2/30003/opportunity_only/hard/runtime_parameter_snapshot.json,673,a087a507f1ade603be12ad30c5ff3c004b2d7e456249074fd291e26234af71c6
eventtraces/e2/30003/opportunity_only/hard/usable_events.parquet,41803,d566eca761296f37f2b07619be193958b90c997ebfb114c0aa1839eafad0f824
eventtraces/e2/30003/opportunity_only/training_eventtrace/events.parquet,237602,c49714c332aeffe32a5032b3d537c96a6c4fa13e7e569788208f6870347aa918
eventtraces/e2/30003/opportunity_only/training_eventtrace/metadata.json,247,2ec87d0f4246780ddb4ba91d3f801db9676a5cbf0a4cd08b865857adea1c8563
eventtraces/e2/30003/opportunity_only/training_eventtrace/trace_identity.json,549,db5c9ae00eb6f9cefe1b5493ba344375004ed7934d30f235b4ced9a4bd2cecef
eventtraces/e2/30003/usable_only/eventtrace_identity.json,1490,4d25d3be49db45b00fb79720a6e5f40dde304b3b2088db3f0ca885db7e66637f
eventtraces/e2/30003/usable_only/hard/client_window_activity.parquet,8446,c8bd2e87a4738cb5b38e1dea6a7898f5dd0eb126aa88fdf6392296b6c8a4027a
eventtraces/e2/30003/usable_only/hard/eventtrace_manifest.json,639,da999f73bd74d6882483e4e23f4271ccd9d062e57d3f2495b6eedc1105d1cd3c
eventtraces/e2/30003/usable_only/hard/failed_attempts.parquet,21494,68a54dd6a413e07b5fc77cf4eea99b3c887930fe3f5bc649ab44820183df7030
eventtraces/e2/30003/usable_only/hard/hard_arrival_events.parquet,188457,70a3da0968b84a7d201aa15c3ff60b84dca3d45821de43a2bd9b74b29d6bf119
eventtraces/e2/30003/usable_only/hard/observation_events.parquet,246906,064567b97a54542e4fb14e2250bac1ef53a7ed886b55491984a3c2c752012d4f
eventtraces/e2/30003/usable_only/hard/opportunity_events.parquet,435281,11d1b5aba58eabe6615e8119d9803c9cef2dddd517e79e9f317cac0d9035a3ec
eventtraces/e2/30003/usable_only/hard/runtime_parameter_snapshot.json,668,89fed76763e56ef266b2719d86f6f40d5c3934ef9f259098dbfb39cde8da2828
eventtraces/e2/30003/usable_only/hard/usable_events.parquet,42046,303f86847995a11d622aea9c234fdff1cfbacfbb66ce741eeae998ef0a950977
eventtraces/e2/30003/usable_only/training_eventtrace/events.parquet,240213,3dfa599f3b6192351030889461a06cc57b4b67702ef385e77a43e726b9eedeac
eventtraces/e2/30003/usable_only/training_eventtrace/metadata.json,242,04126ce97d27aa075c08bb8dcc4905c520cceff9c6fedf1582a8b6c784d46b3f
eventtraces/e2/30003/usable_only/training_eventtrace/trace_identity.json,544,2f50e6c1e28d7a687d7f2823f237c8e3059a47feb389e2f48c0456e03868c5b7
eventtraces/e2/30004/balanced/eventtrace_identity.json,1474,48d4ef15a47b0570b7b4e419e82cf99422999c6f9fff5d37c385ce8092be9f5d
eventtraces/e2/30004/balanced/hard/client_window_activity.parquet,8337,cae3ecfb1f07f07c5ae145f079af79a8fd8eb3e368e277c9752b48ac61b34610
eventtraces/e2/30004/balanced/hard/eventtrace_manifest.json,636,3bc12472848911896dfe6a9dac64e2df29073adfc15bbc05efa7403cb13f9933
eventtraces/e2/30004/balanced/hard/failed_attempts.parquet,21350,234bb1176db8ed534373bdd75d67a02f7375908ba0f92e4556d636e63bc34f3c
eventtraces/e2/30004/balanced/hard/hard_arrival_events.parquet,188665,e8c008c4d09a94e647154b8c0dd02aac22780a18c8a3ec2260d7306699dd5453
eventtraces/e2/30004/balanced/hard/observation_events.parquet,248948,ecab593ec9f48a84471dcbb88f8eeddf6b2f24a74c8ae11dd178c1f41e4ef5ad
eventtraces/e2/30004/balanced/hard/opportunity_events.parquet,435260,eabe4d25fa69bdd97b0ca4e5fd567d31ab5dcdb1644179d0173fe7f1667f65c8
eventtraces/e2/30004/balanced/hard/runtime_parameter_snapshot.json,664,fd1e157496483c8afbb4fdf00ee8ce268462e47135fa3ffc2dd7c759db896b71
eventtraces/e2/30004/balanced/hard/usable_events.parquet,41818,1bccc8cb700a1887280b46f0fc9f3b84254ca8e7a8268cb487b6a1c4beb36e93
eventtraces/e2/30004/balanced/training_eventtrace/events.parquet,241344,848b65c365425eb550863c47775fce0e2e8df59107b629b9b746c3836bb678e1
eventtraces/e2/30004/balanced/training_eventtrace/metadata.json,239,d8212fd738277ecb839ebf94b8d1cb1cd61907d0d09614635aa6a2c8559e3581
eventtraces/e2/30004/balanced/training_eventtrace/trace_identity.json,541,0f9a05189fbe02c51752b3070a5b95ee33bb4c20114e5e55245e4d2abf27e5e4
eventtraces/e2/30004/complete_aligned/eventtrace_identity.json,1519,cba2e5e8cb1c60faea8421b2465dc49ed08de16bddd33d6906ec33f64a6d2e7c
eventtraces/e2/30004/complete_aligned/hard/client_window_activity.parquet,8456,48e1430c11f50ade5a4b29c2dbb4ab34f00f2a43810da2c872da5e261312aa16
eventtraces/e2/30004/complete_aligned/hard/eventtrace_manifest.json,644,783749e179a6a6bbf289f1d99f1460f778f60c854949703d9c9b094114b57172
eventtraces/e2/30004/complete_aligned/hard/failed_attempts.parquet,21178,91bba7ddd881c08124de4c8be6f20bacd654bab11924a87ec3548b7c8cf6088f
eventtraces/e2/30004/complete_aligned/hard/hard_arrival_events.parquet,187544,3aaff9e8a23b913926285d894079e6e67df747163f1e49cf8087a4ab1a27ae21
eventtraces/e2/30004/complete_aligned/hard/observation_events.parquet,248297,28c7e2f2593ec84c80f9495d0048486ba32482bcee7b6cbae92d8d1da75a2b75
eventtraces/e2/30004/complete_aligned/hard/opportunity_events.parquet,435344,1edc21bb823b10cc100b32c62530d93da4fdeaf572e674014c66c6b98e47974c
eventtraces/e2/30004/complete_aligned/hard/runtime_parameter_snapshot.json,679,516aa569fa9c48a36e314a68efb509dba70c7b2119ebd4f449e2010898164097
eventtraces/e2/30004/complete_aligned/hard/usable_events.parquet,40746,62b48a8dfc3c9db4e671cdbd35e238ea5bd2a64584964f1bdcbd7842f86b7836
eventtraces/e2/30004/complete_aligned/training_eventtrace/events.parquet,239639,0803988000b9519173c7def053c38c2a0afd1b4e5bdf3c42d5097af8ac66b150
eventtraces/e2/30004/complete_aligned/training_eventtrace/metadata.json,247,2a05b28da8a242ddd3a27e596d1524ac8c53fe372b0a9639d2e81a63a57d0f11
eventtraces/e2/30004/complete_aligned/training_eventtrace/trace_identity.json,549,a8a6677653e13ac037b02760df71da173b1bdd07add02521277342da10d8b3e7
eventtraces/e2/30004/complete_counteracting/eventtrace_identity.json,1546,2bcec19780c9d57d88cce69885d78adb818310d21110aa2ff1182dc763470e3b
eventtraces/e2/30004/complete_counteracting/hard/client_window_activity.parquet,8463,90cb803edece8f4cf6cf1b4842396ca09d400bd786f41f858d849db0b2ae50dd
eventtraces/e2/30004/complete_counteracting/hard/eventtrace_manifest.json,650,0b997949ba51b476048b0205ca9f5e4e7a6d9645aebf270156b33926a2891ada
eventtraces/e2/30004/complete_counteracting/hard/failed_attempts.parquet,21122,f8330aac2ed1aa3b104d68297d50c0cb449ca4d58ae95a087ae55cb21b0b42d0
eventtraces/e2/30004/complete_counteracting/hard/hard_arrival_events.parquet,188209,de4ab79461e73c90d35c9d355014fbda8b15dffda054070c664b73e2c463d216
eventtraces/e2/30004/complete_counteracting/hard/observation_events.parquet,248327,c39fa9120cef9eadaa3f82a12dfa39a3eb64902b8905f2b4458339b489841643
eventtraces/e2/30004/complete_counteracting/hard/opportunity_events.parquet,435386,23b970346a0bf9f82527eedd526fe65dd3c8d178c61ecdcf71ae8ab0f8cb621c
eventtraces/e2/30004/complete_counteracting/hard/runtime_parameter_snapshot.json,680,fe0f3eb93297f16804e1c1e16294464bb6adfeb797f8169acbcfa4e0de03b45c
eventtraces/e2/30004/complete_counteracting/hard/usable_events.parquet,40743,aef63e92e7de0b971dd4f7edd233ba1d15a260ab98bfd790655f8c4ad193651a
eventtraces/e2/30004/complete_counteracting/training_eventtrace/events.parquet,239612,42a3c5039c5122055af07a42c9e6f088589cb49c6f6ec8ecfbfa83c250c5ae21
eventtraces/e2/30004/complete_counteracting/training_eventtrace/metadata.json,253,9519ae04e0df2a7610f72c24fe1388ce711e5739c4666ea376052516eb1dca4a
eventtraces/e2/30004/complete_counteracting/training_eventtrace/trace_identity.json,555,22c6a49838cfbad8d13023353a5dd627bff0ac90bf32dd9390462f75d77294c9
eventtraces/e2/30004/observation_only/eventtrace_identity.json,1516,fad4183834b034c14cf4606f586d7ba8127a8a828782fedd0e99622544e402c1
eventtraces/e2/30004/observation_only/hard/client_window_activity.parquet,8337,525471916888b3b52c46ed75cb7044bc0c9e63696452c6aedc2b0c8e847a23c0
eventtraces/e2/30004/observation_only/hard/eventtrace_manifest.json,642,7c096fabecffeafd6dc0743d853131620158f8359ad53a2e56b1795fef0aa809
eventtraces/e2/30004/observation_only/hard/failed_attempts.parquet,21192,fa41939da32555cbba6196ac3ce89d23c57d9c492ec8964eea49405fe4935814
eventtraces/e2/30004/observation_only/hard/hard_arrival_events.parquet,188167,fb931a800c37be95caafc4cc8e4222cca31639d607428e17ede5fc632216f05b
eventtraces/e2/30004/observation_only/hard/observation_events.parquet,249134,39a7c5dc0742c24931d613333d85a883f856b8b3a54bd7c221f8b8fe2eb2f499
eventtraces/e2/30004/observation_only/hard/opportunity_events.parquet,435316,f2a44839a38788fcf5a73e0087057ca33aa3c139a3cd262f5ca9483b1d47ab23
eventtraces/e2/30004/observation_only/hard/runtime_parameter_snapshot.json,675,011838b295dd5738a73d4096b1f28f4abf82ce1c6c692c8c6cb5bf4b1ea08a13
eventtraces/e2/30004/observation_only/hard/usable_events.parquet,41265,eb72f82ddd7ec475ff4e32b9edc5c67d6a11401c85fa1f4f6ba6651830c56832
eventtraces/e2/30004/observation_only/training_eventtrace/events.parquet,240759,a9e7b430412c3eebd531083db326f07ff4d23265136dca3f4f4a71229f2ce366
eventtraces/e2/30004/observation_only/training_eventtrace/metadata.json,247,45a62a1514d9752406b274c0a2675040976b4d800b8f04d98dd0b957009010b2
eventtraces/e2/30004/observation_only/training_eventtrace/trace_identity.json,549,5f9cf4397b6c125ea297dcd13aced0cbc8a03284eb89565e667a847448c13bc9
eventtraces/e2/30004/opportunity_only/eventtrace_identity.json,1515,47bcaaf41abd0564202208cce5e7f0e77f88584e92a2bf1ecdcc87dbec57a5c2
eventtraces/e2/30004/opportunity_only/hard/client_window_activity.parquet,8341,ac9fdc491b0bfb61fade47e10c65d725b0364e3350f3a42189eece89f9e46393
eventtraces/e2/30004/opportunity_only/hard/eventtrace_manifest.json,643,47d6e388047b00d4f9e1799d605ccdac51998f704b06834e010b92366397141a
eventtraces/e2/30004/opportunity_only/hard/failed_attempts.parquet,21360,2e7adc2f31ad6fb842114194e2236007eb683f594326087a6ec078cde13f9f5c
eventtraces/e2/30004/opportunity_only/hard/hard_arrival_events.parquet,188365,ead9fab3ac0d0d042eabaa8e36053907397c8f7abbf972f2527126c55459b2b4
eventtraces/e2/30004/opportunity_only/hard/observation_events.parquet,248156,5c16da326020d2c0c242d68a9f7862181dd991152aa48ba3091d2e693f4a6398
eventtraces/e2/30004/opportunity_only/hard/opportunity_events.parquet,435344,31c738fa22e16c8be4e0d2e75dfdad3feade761278600bcbe6822498f46bdda3
eventtraces/e2/30004/opportunity_only/hard/runtime_parameter_snapshot.json,673,0eba49fc0898ba48e82ead4f65737e793f49b7dfa845bfb19c3cbc6b5678376a
eventtraces/e2/30004/opportunity_only/hard/usable_events.parquet,41924,6bf0c62b1946b801865f3b3097ebe2552469a3e1bdd5cbf01e110dda22339828
eventtraces/e2/30004/opportunity_only/training_eventtrace/events.parquet,239656,4357176e02fd7411b246cd244a547c93e353e402835ad8f25d3ffd90aba13400
eventtraces/e2/30004/opportunity_only/training_eventtrace/metadata.json,247,9c339cd2cd1cd8a1597f306afecb00a158fbc0b0e8d26fe0cb6fa0bc5332b38e
eventtraces/e2/30004/opportunity_only/training_eventtrace/trace_identity.json,549,4b325e8b47f70cd46d3e1611849fb3b2ca085fdfc52d5b36e58d375f9333c356
eventtraces/e2/30004/usable_only/eventtrace_identity.json,1490,b9d15fcfd6b98b5bc239fea56910ef0f070c96c8d245ecda6f271ea96abb160e
eventtraces/e2/30004/usable_only/hard/client_window_activity.parquet,8442,ad926343d527cb5fc70f0e34eaa1d46eb273f17a4b52d71be22bb3c803f025d1
eventtraces/e2/30004/usable_only/hard/eventtrace_manifest.json,639,9ffc32bc0c8b4a2bad7f3a073abce05f8ab78ac47d62ee8a8345f966d679c0f2
eventtraces/e2/30004/usable_only/hard/failed_attempts.parquet,21885,6063d2ee7e5d6fbba42629ab24f0a24ba95b8dc97918c660e3ce3180654165c8
eventtraces/e2/30004/usable_only/hard/hard_arrival_events.parquet,188494,abc4e087f7236460959e84bf74d939f80986b212326cbfdc5dad281c6a1d66f8
eventtraces/e2/30004/usable_only/hard/observation_events.parquet,248963,370c2020f1776cf499c74818654d58b433894c559fe2f6c56c3423ddc7523bf7
eventtraces/e2/30004/usable_only/hard/opportunity_events.parquet,435281,9f77a800e58d33a4b71da0ba1993ba22f78bf468fffb8910f5965e8282efab49
eventtraces/e2/30004/usable_only/hard/runtime_parameter_snapshot.json,668,d5563601840e5edee098fe705183ccd511202d86ac0adf05dc7aacfd1ba51158
eventtraces/e2/30004/usable_only/hard/usable_events.parquet,42042,f78d5c7c68e167775489f5bb4b096c277be94faa3cb82e03757a7328923ad066
eventtraces/e2/30004/usable_only/training_eventtrace/events.parquet,241846,9371913ad790e31c902ed762dac17fd294843cce10b1c946e940ed969719d741
eventtraces/e2/30004/usable_only/training_eventtrace/metadata.json,242,69b8a64cd27eb5bfb4f469adae1353252a104c4920f29db600b4d2b556ab1c2e
eventtraces/e2/30004/usable_only/training_eventtrace/trace_identity.json,544,f5063e7b236908d50c31bfb6da9557336be7b53e98d2ab85e76ab3378573753c
eventtraces/e2/30005/balanced/eventtrace_identity.json,1474,a1ad75c14120ee1920abe6ede649f29a0c9eb3ecd04365cdf3ff5d19b9047e8c
eventtraces/e2/30005/balanced/hard/client_window_activity.parquet,8338,403088cc0baa6bfe0e98a627f9c44fbd5339af676419e224987a621812f091ec
eventtraces/e2/30005/balanced/hard/eventtrace_manifest.json,636,525a93caa45bd015c2f8d41a8a100740e350e8d3a5bb17c21cc6ae96f09e8f5a
eventtraces/e2/30005/balanced/hard/failed_attempts.parquet,21449,1848329bdbc3c01018906af4980ffbb4c9800f0b7e46a901b5afa68a2b9fb455
eventtraces/e2/30005/balanced/hard/hard_arrival_events.parquet,188605,b40feddc662a2e92d0adaa3fc097ef57fdd2b787489356c83c77b2eee6270bee
eventtraces/e2/30005/balanced/hard/observation_events.parquet,249547,4925b82121c427fa0df6140db13b9b86d74d5026ab87fb05668ec083c7bb7bbc
eventtraces/e2/30005/balanced/hard/opportunity_events.parquet,435260,cede637bd22f248ea96524aefaefc9ee228fbb8496f218ce701852f255f8a566
eventtraces/e2/30005/balanced/hard/runtime_parameter_snapshot.json,664,2f697047b50e74cd244ecc635d260dd3b06ee4d47f04386fd8bca425b85e5ccd
eventtraces/e2/30005/balanced/hard/usable_events.parquet,42223,6570132bcc45f7a34e13c66e55f36e4e44a29b4699f6cbfac552140f73a75836
eventtraces/e2/30005/balanced/training_eventtrace/events.parquet,241792,00891e11d01f7a0eef508e048cdc596b8d55bed7639665dde5ca4c56f0423f79
eventtraces/e2/30005/balanced/training_eventtrace/metadata.json,239,bb5df99365ab1e7ef90d4543f4eb79edb4625d82cce89f5065b047d0d5c80afa
eventtraces/e2/30005/balanced/training_eventtrace/trace_identity.json,541,615e8c2d5a1262a03a4616fbb8865e8ebceb3d4001661bae4396ad2af1034898
eventtraces/e2/30005/complete_aligned/eventtrace_identity.json,1519,a3eef292d64a6f3e09847cb202ecd39644fc8738ff03a9bc021697d6d5438f24
eventtraces/e2/30005/complete_aligned/hard/client_window_activity.parquet,8475,427d73086fef4c2428d284fb890e499fbad559953486b9966f46c3da28354891
eventtraces/e2/30005/complete_aligned/hard/eventtrace_manifest.json,637,2fd12cef9a11d29f32bd59d40015dee121f281341431baaabbca4534262017b5
eventtraces/e2/30005/complete_aligned/hard/failed_attempts.parquet,21339,624a631be82019c3866d263659cedd7991fc79e250fb36fe4da6f1b293cdcb16
eventtraces/e2/30005/complete_aligned/hard/hard_arrival_events.parquet,187564,1dbf49f6d977c9077a4fe9fce631baa4cc0ef80f4d69641523d8f71ac63f6fd7
eventtraces/e2/30005/complete_aligned/hard/observation_events.parquet,247814,24bb829fc60e994e1070cbbb037d5b05a963be5f5cfb73193fea9f44f52637a4
eventtraces/e2/30005/complete_aligned/hard/opportunity_events.parquet,435344,e328c2d9b7830da397d15c4d6dbfdeaf35b1ab21c815a77063aa6caf7dc7e020
eventtraces/e2/30005/complete_aligned/hard/runtime_parameter_snapshot.json,679,1197758057acf46958e080c52bbd0dde715b9f13a270d7592117b51300a72ff2
eventtraces/e2/30005/complete_aligned/hard/usable_events.parquet,41129,5665789d9d6fdcc230b51fa8747e1ef04dfdf3421185a55c18bc6f0b8ac1b83b
eventtraces/e2/30005/complete_aligned/training_eventtrace/events.parquet,239593,f5617229d0b76e26f18967abe181aad3ab1a3de841dd85c518eca0bdc98ad6a8
eventtraces/e2/30005/complete_aligned/training_eventtrace/metadata.json,247,984a049988d24f776c9c96124d51a3a8213325aabb4ad8d0ec89127b3690d8e5
eventtraces/e2/30005/complete_aligned/training_eventtrace/trace_identity.json,549,15a028d082eb038f7ab31d1d8f1e79ea66a5be2e5e0abc27d036ac4a57abced2
eventtraces/e2/30005/complete_counteracting/eventtrace_identity.json,1546,e219778b98aa464fe2805c84c3bf6bce2b0ac49bfdce2651b0dbf6b660e59188
eventtraces/e2/30005/complete_counteracting/hard/client_window_activity.parquet,8475,3cf2aba624d6ef86c5e8adced378a3eb17ec94fa4e3dd0b8d4fc8a1ec6dab207
eventtraces/e2/30005/complete_counteracting/hard/eventtrace_manifest.json,644,9da61f0a41f83b75365bc91f2e0ab24cea5df335210360e147b5117d12b26bb7
eventtraces/e2/30005/complete_counteracting/hard/failed_attempts.parquet,20929,104133f118a2eea22db2b3c555b0e4e620ed16294dc44158ac0abf511da49716
eventtraces/e2/30005/complete_counteracting/hard/hard_arrival_events.parquet,188079,32ff29d3d3f6a6c44926381974a304b09427e5caae465778787d80290653370c
eventtraces/e2/30005/complete_counteracting/hard/observation_events.parquet,247844,59228d1ac94517a1526d6f8522b92cad1c29737e96495f4111072305276d32a9
eventtraces/e2/30005/complete_counteracting/hard/opportunity_events.parquet,435386,2a4325cab2745788db109070a9d94250ea85cb642bd05a1fc6df9ab107f1121b
eventtraces/e2/30005/complete_counteracting/hard/runtime_parameter_snapshot.json,680,17c43fda173f8b6979cdc67e9ecc8f58f97f7190aaf99ccc9c8d045d68fd7505
eventtraces/e2/30005/complete_counteracting/hard/usable_events.parquet,41144,9e595a026885c1198e29667069cf8a70f0992be1faec672dca75b6e01aae558f
eventtraces/e2/30005/complete_counteracting/training_eventtrace/events.parquet,239553,c53afbf9896117f60c35d287231e39aa1f0667ee9ed98e5e13972f75d9635c7a
eventtraces/e2/30005/complete_counteracting/training_eventtrace/metadata.json,253,b64f8e281e69e7370e71f3b4af91e53c78c4cfdb07c58fdca1ddaa3ae961d2d8
eventtraces/e2/30005/complete_counteracting/training_eventtrace/trace_identity.json,555,2d904e02622867b2503e683c1921ce74df267dc64c29048ecd3e77a83e7c3467
eventtraces/e2/30005/observation_only/eventtrace_identity.json,1516,8059502f5fd8db6cbc1c08685df246c9aa48cec600275cac1551670da9e39638
eventtraces/e2/30005/observation_only/hard/client_window_activity.parquet,8342,9b14543ccfd90bda04b4a2a7cdbfbfc245be2ed967745ac82fd7812bd66d4245
eventtraces/e2/30005/observation_only/hard/eventtrace_manifest.json,643,d54fae63b5117e5dce05a3138953f64cedcc6815855d2426ee2cac56ea55b964
eventtraces/e2/30005/observation_only/hard/failed_attempts.parquet,21162,f98816a0491b240db3cdb6bcb8456e2077011fc7cd6e22c0e6f2db94c70f8102
eventtraces/e2/30005/observation_only/hard/hard_arrival_events.parquet,188258,fd11a4f67b0ed10e489ce2c2777ef002d05bc3e18b574335dfec82ef77543fd6
eventtraces/e2/30005/observation_only/hard/observation_events.parquet,249732,0a3754bed07431008f8e80377036286a1ee8ab07f432d0daeab64622b1121c60
eventtraces/e2/30005/observation_only/hard/opportunity_events.parquet,435316,9649fe9311deb99bbe0519ebd7f8b8b5209bb6d5de04274f84f9ea553cd377f6
eventtraces/e2/30005/observation_only/hard/runtime_parameter_snapshot.json,675,66ee19b8f69d79f9d60ed936c0395dd5baadd47c0baad9681761fe72ab825055
eventtraces/e2/30005/observation_only/hard/usable_events.parquet,41627,8da3262bc552e4b2532d7875a9492f501cef9ed4e44f754a12c9253128062ea2
eventtraces/e2/30005/observation_only/training_eventtrace/events.parquet,241480,7352719925b4de222437b4996285bc1dd67382321fdeffd60210be3a0db2e1c0
eventtraces/e2/30005/observation_only/training_eventtrace/metadata.json,247,fa34f0349c70977bbbbd802fab88628693f28ad0b287841a99db3e3ce004ce9b
eventtraces/e2/30005/observation_only/training_eventtrace/trace_identity.json,549,27c7e0330bbec8dd3e86848339ab015cce1a66d083d3dd05596873de74e1c53f
eventtraces/e2/30005/opportunity_only/eventtrace_identity.json,1515,24e39cf4d1cb41d2249cd829416ef550d0bdc5deae1106942be8c40a18ee0a30
eventtraces/e2/30005/opportunity_only/hard/client_window_activity.parquet,8337,f3906a23f03bb23a86b6400fc6ce441102d1aacc7ad3c9e1725039677148ef08
eventtraces/e2/30005/opportunity_only/hard/eventtrace_manifest.json,644,8bfe37c1d2f8d08b01b54d78f6b7be546a9bb252a770e643bf17c8740233eb03
eventtraces/e2/30005/opportunity_only/hard/failed_attempts.parquet,21438,20fc2aac75bcf0a9782b5afdd59a5b5b26df07b8d34babbd4dea3094c30268b0
eventtraces/e2/30005/opportunity_only/hard/hard_arrival_events.parquet,188474,8e4b6393c1cff930a463a955ba19c8489ae6c19292c6f246b1cb52dcc68bb8ef
eventtraces/e2/30005/opportunity_only/hard/observation_events.parquet,247668,c033e970a3e0c52d3802beef818c82d8cbf670a1a65efc316f39ec47a3bfb715
eventtraces/e2/30005/opportunity_only/hard/opportunity_events.parquet,435344,7ad9136c7ac65073f051620651e9d60700cb02e8dce1020fc5358f1802ff965c
eventtraces/e2/30005/opportunity_only/hard/runtime_parameter_snapshot.json,673,1b913ba6e353cb94d668a1377e3bd2ddcdfdc6235abafcf0a06da1645a119777
eventtraces/e2/30005/opportunity_only/hard/usable_events.parquet,42238,68bee88307b57688b0bacd22f9a2f0ebe5720ba4f024969a4b3e28783209d8ab
eventtraces/e2/30005/opportunity_only/training_eventtrace/events.parquet,239517,98d1270fde667976c7c854e28a48303822a6a3a3d3dd82de235d69ff6313216d
eventtraces/e2/30005/opportunity_only/training_eventtrace/metadata.json,247,e44ecd013bfa862e5884a25d9f5a37ff93a25877988acb92b424ac95aadc22e0
eventtraces/e2/30005/opportunity_only/training_eventtrace/trace_identity.json,549,06704959cf55a4092e5f84cfe321f8201e4f27cd8876735bde118462835a6bbe
eventtraces/e2/30005/usable_only/eventtrace_identity.json,1490,679bd30dcdc8d318509fb64b3e4dafef5f4a6ed0b25d323b951a46b9c0691f21
eventtraces/e2/30005/usable_only/hard/client_window_activity.parquet,8443,3f83be049799d76281ceec563c72580635041e4519dca6b8e790a1f509c7cd66
eventtraces/e2/30005/usable_only/hard/eventtrace_manifest.json,638,35874530b157d5ffbb2f1e02ff691129968d7e8e0430839dbac69cdf3182e3de
eventtraces/e2/30005/usable_only/hard/failed_attempts.parquet,21967,048155d6b37d067cab0090a80a94c730197135ddf2dd7056d1ddef5cbec8e06a
eventtraces/e2/30005/usable_only/hard/hard_arrival_events.parquet,188558,88056caf9036530cc700da3228b8a938f93f1c9ab6440dcfb902749fcde0c53c
eventtraces/e2/30005/usable_only/hard/observation_events.parquet,249562,790e9e0d6fea888444bb3d1c1f638b2d7bea618f10865c838c058ec61e9dd755
eventtraces/e2/30005/usable_only/hard/opportunity_events.parquet,435281,d2d8f082cfc856f09c11a0d9f99facbc3e77de00c7f5fc5bb43e61b87e4dcb5d
eventtraces/e2/30005/usable_only/hard/runtime_parameter_snapshot.json,668,b7bddd478bf7964e45bc3c4448d0fea41c67b63f20222dc2bb8330615d0a1f06
eventtraces/e2/30005/usable_only/hard/usable_events.parquet,42448,cbb8a13ce008d07d77cfed81e2a2b163350238f0291dba72edc7c3b7d44128e8
eventtraces/e2/30005/usable_only/training_eventtrace/events.parquet,242301,83cb00c6dc403adc12513b6bc8d416373c94834a88882456b14d3805887da492
eventtraces/e2/30005/usable_only/training_eventtrace/metadata.json,242,b29398c6b050360682a375f917e0c6fc356f143f63659d627f7703736331984b
eventtraces/e2/30005/usable_only/training_eventtrace/trace_identity.json,544,f74b4b7cd832bd3f3cff41b3601ee5e09f4baafea7d7c9119bd2f41f857c4d68
eventtraces/e2/30006/balanced/eventtrace_identity.json,1474,9fcad91dc1941912966bbf8a5826904f676044a4cf17291a5ac02f6717fe8bb8
eventtraces/e2/30006/balanced/hard/client_window_activity.parquet,8341,74a5da9c3e7a1400ce06527bd2866f33d9dd9ae53dbd8c235f12f7d2d0818ff6
eventtraces/e2/30006/balanced/hard/eventtrace_manifest.json,635,68bcdab19ded7c0491c9a9e44ba99e81fc85e05d75cc3fa675d23545ead5fba5
eventtraces/e2/30006/balanced/hard/failed_attempts.parquet,20969,319aa53a10d2d4d85a06df2c1eaf5e8fc3ed43e56085a742465014ca5fef98b2
eventtraces/e2/30006/balanced/hard/hard_arrival_events.parquet,188522,ec36419486721227a9243aa39a36ed48766b927b104c76ebf493d26c21797ff6
eventtraces/e2/30006/balanced/hard/observation_events.parquet,248418,7f6e9c3b0d172e14c4eacb22e9e856a05256af0c06af2101be2e650124ede73e
eventtraces/e2/30006/balanced/hard/opportunity_events.parquet,435260,fa256ee72d0e076a51787ea31f6d942887e2f3ba71d7d070c0c9e997d4768678
eventtraces/e2/30006/balanced/hard/runtime_parameter_snapshot.json,664,3f5a8a4d4ec3ee6b6f359c389aca9df9b78a7f65ebc413dc81c70f42706f2621
eventtraces/e2/30006/balanced/hard/usable_events.parquet,41677,d7fb60acd4ab462b27e71c27989c4666242568e14005250474ede7f916b3f4ef
eventtraces/e2/30006/balanced/training_eventtrace/events.parquet,240578,3cd1fa36e9ab41ff6f33ec4918fba046cd8a242d35fafa682180d2d6dc74af75
eventtraces/e2/30006/balanced/training_eventtrace/metadata.json,239,79f13d4bc19465cc118bd54d8b9a3baa10cbc16e711a9266409a594de1006820
eventtraces/e2/30006/balanced/training_eventtrace/trace_identity.json,541,c8ada8f599af64f18c2044ba52d58145fd7a10d03395939399d73fdf04d92f91
eventtraces/e2/30006/complete_aligned/eventtrace_identity.json,1519,7e78f40cf2f16fc8ce831b664b5e57bf042b273158af5dbcd272af3763f5d1fb
eventtraces/e2/30006/complete_aligned/hard/client_window_activity.parquet,8460,69f9b31e245715fe4c47ebbd8b50be1de3af777787e2d3218dff2eb951baa2cd
eventtraces/e2/30006/complete_aligned/hard/eventtrace_manifest.json,643,4514d5bbfa05ebfff86dbce84ed14fe883634283c5b27ffafa00f23a68583c53
eventtraces/e2/30006/complete_aligned/hard/failed_attempts.parquet,20834,28df3085a9bf0643a0e541a094ab7b2a1590b87c46fa60f902c75dc2c8192e5e
eventtraces/e2/30006/complete_aligned/hard/hard_arrival_events.parquet,187477,9673d17165e69374c80e231e7332765efa66ae3dd568a3fcc89676676596fbce
eventtraces/e2/30006/complete_aligned/hard/observation_events.parquet,249095,4fbc50f418cb02b71d4402d51702cb05d420a11b77722ec0f8b445a8daa7cbad
eventtraces/e2/30006/complete_aligned/hard/opportunity_events.parquet,435344,abc2057e0ba0b45c0f375ce807b4a4ec7baacc96f530c220c24867a8f4f15a78
eventtraces/e2/30006/complete_aligned/hard/runtime_parameter_snapshot.json,679,129a3691c16ee3cb17a55aee775cbfab899bb2689a288b55d9456799f1b6d3bd
eventtraces/e2/30006/complete_aligned/hard/usable_events.parquet,40675,981fce8d2ec0fb024e02bb7fb3ebcbe9290086f03d1c57d65b14991584ea0fc9
eventtraces/e2/30006/complete_aligned/training_eventtrace/events.parquet,239610,999d3ce5b58e573d8a411e96437784c7a7a6a4c383c4b8fbe99c66c7f07b168f
eventtraces/e2/30006/complete_aligned/training_eventtrace/metadata.json,247,8383a7bb3ccbfffb4aa654fbbdd59514f80fc534e9718d1f3f917085f9643680
eventtraces/e2/30006/complete_aligned/training_eventtrace/trace_identity.json,549,6cc689af9d1a258704efc936e0bdbed39772211111f85bb83d08216888bc6f27
eventtraces/e2/30006/complete_counteracting/eventtrace_identity.json,1546,2c161ecca76f8049333bd6468f44a67a0be327f641b5301a496f527e55892bf3
eventtraces/e2/30006/complete_counteracting/hard/client_window_activity.parquet,8460,1d4449821e3c380db907892e5e39a127821da60e7309ded73e5c1e9483e17f14
eventtraces/e2/30006/complete_counteracting/hard/eventtrace_manifest.json,649,d3165f3242f511c0867286244ceb01cf0622ab715adcd0a46f2aa1f434af2e00
eventtraces/e2/30006/complete_counteracting/hard/failed_attempts.parquet,20911,2f94addb69325ce5d1f24ad92aeb9937d8d17ebcec6a64dd3f399a44788eb0da
eventtraces/e2/30006/complete_counteracting/hard/hard_arrival_events.parquet,187961,e51034a6cc7e29a31ab9771264b6dda3758935cb60e55bc3ae149bc4f8491586
eventtraces/e2/30006/complete_counteracting/hard/observation_events.parquet,249125,06943fd57746c9f128f814f7cb0aa4dbc2778b4fa3f951b7b83cf01d266625aa
eventtraces/e2/30006/complete_counteracting/hard/opportunity_events.parquet,435386,31788e41d6a021a49c775dc73d16c9b195025894a1bf370e0b310a64eb4d9ab6
eventtraces/e2/30006/complete_counteracting/hard/runtime_parameter_snapshot.json,680,e9aca583de4cedf3fd828904b7c25467f97be78faacfed5022d3c4859d4771f6
eventtraces/e2/30006/complete_counteracting/hard/usable_events.parquet,40704,90e93dab7c42fcf4d35d142053efb20b863d9b423553f1a860d2b0b54b6256ce
eventtraces/e2/30006/complete_counteracting/training_eventtrace/events.parquet,239522,f8e29a140b360b7b7c24afd220eaff9f565487db3914276c9af9c4fa5959758c
eventtraces/e2/30006/complete_counteracting/training_eventtrace/metadata.json,253,d67fb613ed9f3df91ec56ac177b068ee8aa80c4f41412a83857463fd871c036e
eventtraces/e2/30006/complete_counteracting/training_eventtrace/trace_identity.json,555,e06380496f323d5352a7e7a2ed43ef872f459e97ec10c323719d2bf644ab1afe
eventtraces/e2/30006/observation_only/eventtrace_identity.json,1516,822a447e2bdbc0271a6fed28040bb07f1bb4fa747aed69b987bf50fe79f87cf2
eventtraces/e2/30006/observation_only/hard/client_window_activity.parquet,8348,04d030d11e0c3f045c9642d3d238c57d946871a0aec310734cd6a89c50d4899f
eventtraces/e2/30006/observation_only/hard/eventtrace_manifest.json,642,69a7e1a1fb81b83a116ce6479cff6df94ad101a8aaabe2ba635214a17dfccc09
eventtraces/e2/30006/observation_only/hard/failed_attempts.parquet,20847,d165f966e7790c9f95886528af160047157e0a88b54e3ed2e2a204b955a418e9
eventtraces/e2/30006/observation_only/hard/hard_arrival_events.parquet,188240,dd081166f82d512d37178059d0a6c59820407e7a1a332e4c2165475f53caa547
eventtraces/e2/30006/observation_only/hard/observation_events.parquet,248597,e0eb9e082cc0a134ef27541430c1c1b5393012a97ca85eeefda2ef9d1fce2220
eventtraces/e2/30006/observation_only/hard/opportunity_events.parquet,435316,e5513e220b12aa2761951e32149dbdc079ce6c67d75650a10626960137247cdd
eventtraces/e2/30006/observation_only/hard/runtime_parameter_snapshot.json,675,8a9337d56c0877627622009c67c0acd90067a8b0ea9a6f207398aa26f7eb7307
eventtraces/e2/30006/observation_only/hard/usable_events.parquet,41155,110c5b031d6de4ee632442f3467dd26f293f87f6280152d756f29ddd7ef0a064
eventtraces/e2/30006/observation_only/training_eventtrace/events.parquet,240268,8d8ce6b204aba9b091f81e9f0cd37f5bc6425201d6c5de6b0f5528c6ba8b7f2b
eventtraces/e2/30006/observation_only/training_eventtrace/metadata.json,247,9e909c2e0e90fcef8eba25f0ae3341f718efb20a88cf29b5a17e157fdf05a3a8
eventtraces/e2/30006/observation_only/training_eventtrace/trace_identity.json,549,ed766e7e6ddbe9c937283c129ae6e53b9e289fd0385d396217945084b4857f6d
eventtraces/e2/30006/opportunity_only/eventtrace_identity.json,1515,2477876f83183460836311e46b7e56d62550b9df474a84cc6518354afb1fdaa1
eventtraces/e2/30006/opportunity_only/hard/client_window_activity.parquet,8348,92044a80a25148824502a09d68515a972493882a4550cc9fe5af5488b7e92161
eventtraces/e2/30006/opportunity_only/hard/eventtrace_manifest.json,643,053bdf998c5c99c09905b3f1a985acba66e43ece3b3e8246b75ffabcee9133c5
eventtraces/e2/30006/opportunity_only/hard/failed_attempts.parquet,21178,8a852983bd44eab794c11573d5f48cdb30eb779890882f50b07419111d3dafb4
eventtraces/e2/30006/opportunity_only/hard/hard_arrival_events.parquet,188475,2cfa5fde43b7d1f198c171dcccabfd98e7b33de962b0a12a55e5c80c696dc8f2
eventtraces/e2/30006/opportunity_only/hard/observation_events.parquet,248952,13c080fab975046d58a038ed3be2bd671259170f8af23eed06fb2fd93fe36e61
eventtraces/e2/30006/opportunity_only/hard/opportunity_events.parquet,435344,b33de4357e8b6382757ad92c6c6732007d5b8a4ec533677fefef22e5a036e0e3
eventtraces/e2/30006/opportunity_only/hard/runtime_parameter_snapshot.json,673,dec1bc744faf24a0135ad24ced10c41c7a511407da25fa1a0b0d89b01b52419b
eventtraces/e2/30006/opportunity_only/hard/usable_events.parquet,41813,e8fd8c87b403836878d83a9ba2d8eb83507daf647549f70706d81023fd5ec935
eventtraces/e2/30006/opportunity_only/training_eventtrace/events.parquet,239814,ee28f8f0703828a8fc57d049a595006e1c3d894570cbd6a32a4ca70f9317321f
eventtraces/e2/30006/opportunity_only/training_eventtrace/metadata.json,247,cd2ce9b14f92a39ab47de855469af86695ed313a3e705e887910c53922ada267
eventtraces/e2/30006/opportunity_only/training_eventtrace/trace_identity.json,549,fd104a33e9c4e8a83299e96905745f26265b0f6232f60edcf243f75e2dee7ce8
eventtraces/e2/30006/usable_only/eventtrace_identity.json,1490,b725454416d1900586927a1a24f28102a118f0707eb296193f042f1d6fdfae17
eventtraces/e2/30006/usable_only/hard/client_window_activity.parquet,8446,4f529d955aaf901be25ee4449dcee8caedd5c0338880085a826506c1a2eb1e50
eventtraces/e2/30006/usable_only/hard/eventtrace_manifest.json,637,497aec4a034995c70fe21b582417011bc99fabee2cc23c662e3411a04704088e
eventtraces/e2/30006/usable_only/hard/failed_attempts.parquet,21340,181f89c3594c4f8310f0ea9e7277c72a2514395ae1244956a22d8fbda7c7e731
eventtraces/e2/30006/usable_only/hard/hard_arrival_events.parquet,188491,4022befc5011f73f45867bce38cac53394a86702a5c824b01d7a8b99ff86e4b7
eventtraces/e2/30006/usable_only/hard/observation_events.parquet,248433,3a5eb855503feb748d04129961b189722cabca55380ba5eaf4911b935fb72832
eventtraces/e2/30006/usable_only/hard/opportunity_events.parquet,435281,b28fae08881d387e2cf5785a891b7af390ae95ae29a8b681b2ae36c3246082a6
eventtraces/e2/30006/usable_only/hard/runtime_parameter_snapshot.json,668,ad314db7a3a9b238d3a3db28479a761a5f2d696739d5af813dc397f7fc6fd463
eventtraces/e2/30006/usable_only/hard/usable_events.parquet,41902,9f67759bf2bb7ac44d731e404765f4219f1752bad45950f5e0b87382dfd966c5
eventtraces/e2/30006/usable_only/training_eventtrace/events.parquet,241114,c204b7fd11a424ebd298313206ea8956723dc06a5f598df0441d880621c58fd3
eventtraces/e2/30006/usable_only/training_eventtrace/metadata.json,242,6cf5508976edf86e536854a6348e353311f8156b251eba7629ac067a20d7929e
eventtraces/e2/30006/usable_only/training_eventtrace/trace_identity.json,544,31516b1371869b4adb668028903677942bef65003965125164cd0154f98dbc55
eventtraces/e2/30007/balanced/eventtrace_identity.json,1474,f65e92ef22cae897abf8a04f7c9bf7a6256ea651619ff908fdaf46546ea257ab
eventtraces/e2/30007/balanced/hard/client_window_activity.parquet,8341,62f1fe60b5ae48039f1059e782c7a384425deb135717856fbb05b2aee2509fe9
eventtraces/e2/30007/balanced/hard/eventtrace_manifest.json,636,58ca655b9fa5affdc300f228a92a65c3a2a25220212b7448357677fc0d8870df
eventtraces/e2/30007/balanced/hard/failed_attempts.parquet,21234,5d94df5a85a4b77ac8c205b33e2581d6afef986ee180989807ac49a9f5265bd9
eventtraces/e2/30007/balanced/hard/hard_arrival_events.parquet,188468,5a01e01cb49ce2934a3d5446aedbe0f73ff250841daec516313e52a5d6ff4bf3
eventtraces/e2/30007/balanced/hard/observation_events.parquet,249804,9e20e1833d4719fa1447bb8aea275a6f7e4313a5204756db3bb03c9ada6fce80
eventtraces/e2/30007/balanced/hard/opportunity_events.parquet,435260,a6273e44b0b587650c6740bde0564e06482f89501cdf6f22d82f302be2e3c461
eventtraces/e2/30007/balanced/hard/runtime_parameter_snapshot.json,664,2b0d04fe917eff34ceed3a8d507ba7f6a5bb7d7de83390625a0fd183eac8401c
eventtraces/e2/30007/balanced/hard/usable_events.parquet,41822,794beceaac2c1c98052154712325248215eccef90fcdbff524debaff353e2223
eventtraces/e2/30007/balanced/training_eventtrace/events.parquet,241157,8b44bf707744c991767441e6c34e27f50c3cb675e7a9460b85ee0a5957d7700a
eventtraces/e2/30007/balanced/training_eventtrace/metadata.json,239,31908fd47168a32cfc2ae5fb9df583180b506b828b45b4d43e27f5958354d2f1
eventtraces/e2/30007/balanced/training_eventtrace/trace_identity.json,541,c05126b42a41afedbb73f6303a15ab8362fb85eac4c220c702936d49b9e259d2
eventtraces/e2/30007/complete_aligned/eventtrace_identity.json,1519,71c05bfd20557309812705da529c358e4c3801ee5a388aa123a2d76cd8322d87
eventtraces/e2/30007/complete_aligned/hard/client_window_activity.parquet,8454,7e8b4fd3637c43a58b3710c5632e8d33ee265f345309f1e510ac688d42936989
eventtraces/e2/30007/complete_aligned/hard/eventtrace_manifest.json,644,21b01e136e6aa0172043dc9a15436d970c191e1072e6d78e85f9b8ca8a7c4374
eventtraces/e2/30007/complete_aligned/hard/failed_attempts.parquet,20887,41b8ba38ded89175bffa61e2c3e745d3f5c571dcd51ea51a5e7f6c018e2ebf14
eventtraces/e2/30007/complete_aligned/hard/hard_arrival_events.parquet,187579,050c5fa7621292065e033eb56116b7e64fda5cd97a3136a334540480d26501af
eventtraces/e2/30007/complete_aligned/hard/observation_events.parquet,247722,d4a1b916439b37bcc6bca07337cc7dd7057b02cd5114f53ac26758824c668d3d
eventtraces/e2/30007/complete_aligned/hard/opportunity_events.parquet,435344,203f18b39b0432caf3d5ca32b4ded3836375f36c7af79a57425009718892b455
eventtraces/e2/30007/complete_aligned/hard/runtime_parameter_snapshot.json,679,27984237354eee982478995479e8eb9040feaa1b26196a8874f409cba20be54e
eventtraces/e2/30007/complete_aligned/hard/usable_events.parquet,40668,a8e992ced23ab56a1901c45c5ca1dcc7627ec3045afa8ff6a4f5ed3d3d8bac29
eventtraces/e2/30007/complete_aligned/training_eventtrace/events.parquet,238725,6f8d246c044694c1f68081e414f2c36a982c44091bbf30fa01cd0069eaaff17c
eventtraces/e2/30007/complete_aligned/training_eventtrace/metadata.json,247,5a0cbd6d6c36f94cd3907a4487753a9750cbd741001968f44ff605cfbc8481dc
eventtraces/e2/30007/complete_aligned/training_eventtrace/trace_identity.json,549,20b00d0ee92c0bcfe9531a92769846bf687f7d59b6ca9ce7cfaf519f8e769d8c
eventtraces/e2/30007/complete_counteracting/eventtrace_identity.json,1546,a9146a52eb31f67dceb3ff9814a32f98a03f2ccfb9f998e57572dc5353861fe2
eventtraces/e2/30007/complete_counteracting/hard/client_window_activity.parquet,8454,fae5d0df85b3bd80f005a035b4ff7f7a00d0e96ee01fea5fc0a164ad408cf241
eventtraces/e2/30007/complete_counteracting/hard/eventtrace_manifest.json,650,330489cdcfdb18d443e2dbd70990e0846585f99a87009021504b8c199226b259
eventtraces/e2/30007/complete_counteracting/hard/failed_attempts.parquet,20904,3a6ee25731a2a084121e9feced9eabad3231522faeabe6d749c993d423b93248
eventtraces/e2/30007/complete_counteracting/hard/hard_arrival_events.parquet,187922,3851c89b69d91d945d6ee1cbec72824d0ba6c2d91a97a1afb56a4169f7f3b340
eventtraces/e2/30007/complete_counteracting/hard/observation_events.parquet,247752,7aa969d2c5dab1a74f9373b16d13ad297fb291ffbd6ee60cb387b82748739791
eventtraces/e2/30007/complete_counteracting/hard/opportunity_events.parquet,435386,fadbdbc99e198f3507940ace3bdf75991f4a310a05a785f4481aeec106764e01
eventtraces/e2/30007/complete_counteracting/hard/runtime_parameter_snapshot.json,680,8c3d24f8f9c5f15212a363617eae6662e1bf29d2a8e7f1941e9f4a08b5182248
eventtraces/e2/30007/complete_counteracting/hard/usable_events.parquet,40673,699c9b42cfe04654b8511242bf855bff8c5fb55828ee0a6e195702bd610fc9a9
eventtraces/e2/30007/complete_counteracting/training_eventtrace/events.parquet,238600,08e0cc955b49ace6801a5bbdaf2e75a4be22e52f984c178f23c9006d35308ee9
eventtraces/e2/30007/complete_counteracting/training_eventtrace/metadata.json,253,580ea281f634639e296214ac1aa92d70c89e7ae5ff023d18a46253653cdfc87b
eventtraces/e2/30007/complete_counteracting/training_eventtrace/trace_identity.json,555,60245fc136c262d6a655091f8b55272ded7d0ea7ffbb2d9eda73628c2ed26acf
eventtraces/e2/30007/observation_only/eventtrace_identity.json,1516,c415da3dd593f086a523b6b49707b84b56aaf3eea2f7d56b82123503e78bd149
eventtraces/e2/30007/observation_only/hard/client_window_activity.parquet,8353,967fae5abee014444a6f7aa999c1e42e6433bc1f2662310f05339a24c155c616
eventtraces/e2/30007/observation_only/hard/eventtrace_manifest.json,644,3b6e89dc178db78e2266a7d08030b137b5dec07bc8880c7de1b77bf72b2aa6e0
eventtraces/e2/30007/observation_only/hard/failed_attempts.parquet,21185,fd64c9b286d9daca686d3121a616efb9b012f383961bc24865229ff5616d6cf0
eventtraces/e2/30007/observation_only/hard/hard_arrival_events.parquet,188209,aba3bd58757994aab81a901049797eceb1af8b0f186b1a093dbc6d1fac94d014
eventtraces/e2/30007/observation_only/hard/observation_events.parquet,249995,bf14e573de0d5971baaef0ceab8788c3e3f17acbcb96a0e3d3a187cdaa81c42c
eventtraces/e2/30007/observation_only/hard/opportunity_events.parquet,435316,b3613f46283346ae6dab7902e9858bb038f7e06908c8ee6c119344bacacf88af
eventtraces/e2/30007/observation_only/hard/runtime_parameter_snapshot.json,675,6379c39f3a609d35de048a6f8467d6a0c06042cf0d5556291120114cf12a4d2f
eventtraces/e2/30007/observation_only/hard/usable_events.parquet,41353,76f3f8c484858247eac62238528ac889f0154045aa40c4399d1e9e93c4f6d878
eventtraces/e2/30007/observation_only/training_eventtrace/events.parquet,240986,f8f4cf89d0256ef1d408733b5bc7cf44406443c27d0c0afeca202401c55bb5d8
eventtraces/e2/30007/observation_only/training_eventtrace/metadata.json,247,d03c3798437481f2ed2088cd05fe310b1b4f5f519f1823497103b5064aff0f9c
eventtraces/e2/30007/observation_only/training_eventtrace/trace_identity.json,549,c03933f77dee35de5fc97bada350e261cd675fdc924e239d18e95e62578cfdd6
eventtraces/e2/30007/opportunity_only/eventtrace_identity.json,1515,c8f6ce22f961f320c5e136526e5f68710f0467a043c6fa49e2501838a16cd31b
eventtraces/e2/30007/opportunity_only/hard/client_window_activity.parquet,8343,8139cfcaa74059746068d2875ecec9e219654a3b489a17fc112522d636990328
eventtraces/e2/30007/opportunity_only/hard/eventtrace_manifest.json,644,6e024260cf9eace8ea2dd7da511d2bf7c1e9dc1ede2f74d9fb6d36424840de78
eventtraces/e2/30007/opportunity_only/hard/failed_attempts.parquet,21188,37984f2eacb625f856feec1452ef06da1d40bb170dc8cdad0fb7103e2953f0c2
eventtraces/e2/30007/opportunity_only/hard/hard_arrival_events.parquet,188437,a3f062eb56e638a8977f32a6fb107ceb0808c5a16215d0ae5a55b2c0d41fec4a
eventtraces/e2/30007/opportunity_only/hard/observation_events.parquet,247581,041fe0bae1629daa5ee21d1a5351ef8891ffdf84f600b6451a26c86538e9f1d4
eventtraces/e2/30007/opportunity_only/hard/opportunity_events.parquet,435344,720f9c3218a813e332b797d50dc69d112973ab9bc4c3cd05780b060c91f616c1
eventtraces/e2/30007/opportunity_only/hard/runtime_parameter_snapshot.json,673,4cc80db2beae1278c945776d1deb65e54878723ed69d3aa6428f511f06f4f403
eventtraces/e2/30007/opportunity_only/hard/usable_events.parquet,41775,795be94a3928270c744211ba7c8cf247d2406edb0ad884b0f40c4962bde16fda
eventtraces/e2/30007/opportunity_only/training_eventtrace/events.parquet,238784,fd95cffb4cec33f79a66d0bd84092ce9c972c00a05eb6125a8aed2c59b2d0df1
eventtraces/e2/30007/opportunity_only/training_eventtrace/metadata.json,247,04ba09f9ee763d99b2d33872904fa32d0baf26faf38e5868d7270e0de94420e6
eventtraces/e2/30007/opportunity_only/training_eventtrace/trace_identity.json,549,9b4029bfe92b49b6c375e7e6c7e29d528714ff47f10cbe26ef8a87fec49879ec
eventtraces/e2/30007/usable_only/eventtrace_identity.json,1490,fae2976cb1cff297d2d94381af7e743bccfa4c9aeda560230f2ee6b38cc1261d
eventtraces/e2/30007/usable_only/hard/client_window_activity.parquet,8446,360d2a70ad6a39fca18d9f501be514981c5f630c0d3f435e36bb4201a1eab1d8
eventtraces/e2/30007/usable_only/hard/eventtrace_manifest.json,639,adbdb30a0cda5cdb3976dc0df5949ef4834f0cdc20c5d978cdeee8b88181bc14
eventtraces/e2/30007/usable_only/hard/failed_attempts.parquet,21373,28dbdbb6e329d219aec648955907da62beabd8cf718138334c4fd928f68bd3ab
eventtraces/e2/30007/usable_only/hard/hard_arrival_events.parquet,188495,af1eb7beaad2e3b65291cfdb19ecaa26d38f7ecf4114e28e72869ea8445f3746
eventtraces/e2/30007/usable_only/hard/observation_events.parquet,249819,3d9da55b9f2ede9bed0a87d99b482bce881b5c98cd531419991c2df14e17fd25
eventtraces/e2/30007/usable_only/hard/opportunity_events.parquet,435281,ee2624e412f18b6e7cfc96f465e2687325419d1dfd8e09fed0157db37bdb8c50
eventtraces/e2/30007/usable_only/hard/runtime_parameter_snapshot.json,668,8a525f27358f3bbcf2134a5319e3a9ca835b2e3825cd3a6d1f0775567a65d2a0
eventtraces/e2/30007/usable_only/hard/usable_events.parquet,42047,f16b3cfa29da0aa5bd47f2e139fecb7d945f2df93b99886cba22af3a6834dbcd
eventtraces/e2/30007/usable_only/training_eventtrace/events.parquet,241731,35caedb5249fdad0617a114d31c16d4983edb9213fadb9ef50d8a2d714e8e761
eventtraces/e2/30007/usable_only/training_eventtrace/metadata.json,242,a500ab2a008ac1811aa648990a3f851a8db422e3108df352498387f730dcfa9f
eventtraces/e2/30007/usable_only/training_eventtrace/trace_identity.json,544,6738bca879bb43b904a0527c1dba32fdc2e2e1b57d898378a9964c3545f57939
eventtraces/e2/30008/balanced/eventtrace_identity.json,1474,60727fbfa3d93fd4df7482d2ac0d0f8f2e8f9b06165efd0055ed078260723efb
eventtraces/e2/30008/balanced/hard/client_window_activity.parquet,8343,0ea1243ddbe3b448c98f47ddbc3ac9cfc86491aa138b481bc564a72af3803b8b
eventtraces/e2/30008/balanced/hard/eventtrace_manifest.json,636,db67a0b445e94fc6fa3d0e8b951207d47e1be724cf03fca4e7c1e410da04e629
eventtraces/e2/30008/balanced/hard/failed_attempts.parquet,20984,d7f65567dc187ab2f8a54d522c3ce728b8c733e9b0432f124cd9e26187e8d8df
eventtraces/e2/30008/balanced/hard/hard_arrival_events.parquet,188453,8e11d163386969a90a30dc4721eac079c83f7f4fe9850a312ce658aa8b2bbad8
eventtraces/e2/30008/balanced/hard/observation_events.parquet,245555,fbf4f6ba998844663c85efb0afa1abaf618b9a48651cb11b9d91ebb7fa19f33c
eventtraces/e2/30008/balanced/hard/opportunity_events.parquet,435260,56159f7e6df4e8bad9d6a937fc329f668af9b7188854406b4f6ec96c1401d1d6
eventtraces/e2/30008/balanced/hard/runtime_parameter_snapshot.json,664,cc9b7145450891029380a89d8ca4b8d2dba76b5916567d968285402e4b206ac3
eventtraces/e2/30008/balanced/hard/usable_events.parquet,41464,fa7d10db87dd03279ed7d2a53ad4f5c93877737acd5434188f34c4b59d9e4bb6
eventtraces/e2/30008/balanced/training_eventtrace/events.parquet,238567,63cf499264744d2067308da5fb594e3d09e63072e20694e64adeb5d6ec24fb99
eventtraces/e2/30008/balanced/training_eventtrace/metadata.json,239,12a431f92ca54b2051ec9d043221ab41b139455773f54188c8e6c45cf72f497e
eventtraces/e2/30008/balanced/training_eventtrace/trace_identity.json,541,9909b0fb0e5b035ec2727c2ec83920df7776e68d30a1f895f4b63a8f971330ba
eventtraces/e2/30008/complete_aligned/eventtrace_identity.json,1519,8a4e0eef5f3e46a0285d635244ea962fffe94e7f50132ecd51ae54e4f613bd3e
eventtraces/e2/30008/complete_aligned/hard/client_window_activity.parquet,8466,430470fbaa3af4a9e5eaa96ea9293a282abf8072672283a4ecacdbd3e51e8f5a
eventtraces/e2/30008/complete_aligned/hard/eventtrace_manifest.json,644,544a704f0671a1420df82d8774e126634dc494615a99d681c8566cdd5cd82f85
eventtraces/e2/30008/complete_aligned/hard/failed_attempts.parquet,20740,917ddd2d90e44a4aa410a8ff9fa4ddeb98102a44dc7a79a8cf7c417a253407e3
eventtraces/e2/30008/complete_aligned/hard/hard_arrival_events.parquet,187502,a4a8718b034bbd68492237a1543e72d44b9090bad02b51ef974ebbb622f617f7
eventtraces/e2/30008/complete_aligned/hard/observation_events.parquet,244006,8dfe09b35eda110cbe55c93c89aea18d994bb64de0fe30d9dc3fab06905e8e31
eventtraces/e2/30008/complete_aligned/hard/opportunity_events.parquet,435344,dfb0c10405a28686d27ccec0c8a11f20a9e84ec4b010c9dfcae009d1f25398fa
eventtraces/e2/30008/complete_aligned/hard/runtime_parameter_snapshot.json,679,907f8e2caa4417676d49b88e94d3b902e3adfd361d291be8a9706705330eb2c7
eventtraces/e2/30008/complete_aligned/hard/usable_events.parquet,40393,011a267444f1ffc1006fe727f8d80179ae1924800bbfd054e4925f913fe8d4a8
eventtraces/e2/30008/complete_aligned/training_eventtrace/events.parquet,236613,a784e32d81e04ce65def0f449d2222110cb7cef92d42494ee4648bec72c5ccb9
eventtraces/e2/30008/complete_aligned/training_eventtrace/metadata.json,247,2cb354dbb97a25dfd35f1559dd2eb0c17bfaf93cc4332477d2a376c468ae83fa
eventtraces/e2/30008/complete_aligned/training_eventtrace/trace_identity.json,549,01d9a9ad009bfecb3d2c13dc6772bd0b347a4185ba280d94c24ffb80aa37634d
eventtraces/e2/30008/complete_counteracting/eventtrace_identity.json,1546,a930768c62498d02c6ead7fe372b70c33c1661e5949d6312533c2a875b1da8a4
eventtraces/e2/30008/complete_counteracting/hard/client_window_activity.parquet,8470,fa5b4785ebe4ff247fdaee223161a0415676ddf5c96d802590f7338f24bb9bd9
eventtraces/e2/30008/complete_counteracting/hard/eventtrace_manifest.json,650,a3662bd5081b3a6a295ce924ff72881ac264ab5859e926f21ca644ac1c2818a1
eventtraces/e2/30008/complete_counteracting/hard/failed_attempts.parquet,20678,f5b4efbb902ec6a18c7cd7b75b243dd419adc33a5054c2bf899388d1a9dfbb7d
eventtraces/e2/30008/complete_counteracting/hard/hard_arrival_events.parquet,187955,5ae78c2cd381d31aa1a2f052b47e18f3cbe7d2237414ab4d7b34cdaf66a97f7a
eventtraces/e2/30008/complete_counteracting/hard/observation_events.parquet,244036,827806ee350760e8142c104dccf06e7f2d5502e3ba36393c73b21a0b1541b38a
eventtraces/e2/30008/complete_counteracting/hard/opportunity_events.parquet,435386,da541ebb36b102d328e59f113ccce7e09b8c68251c0e0dcd623b07796630b83d
eventtraces/e2/30008/complete_counteracting/hard/runtime_parameter_snapshot.json,680,98be7db47a19c1fbdd9d97e8c294fdd88aef94147c03ac7e83566ee18d15a9be
eventtraces/e2/30008/complete_counteracting/hard/usable_events.parquet,40399,70fe67141436e0a1ef95a5095740ab2dab75fcb9e0e2730eaf2a43355797cb0f
eventtraces/e2/30008/complete_counteracting/training_eventtrace/events.parquet,236586,0cb2b39a81a430513d73b929310ab822ab785ec0efcb2ddf6270c1061a6dc831
eventtraces/e2/30008/complete_counteracting/training_eventtrace/metadata.json,253,fdbdc9d2e77b8ff10e6fdfe834be5145e01986fd8aa2b0b60b6a65168fe666cc
eventtraces/e2/30008/complete_counteracting/training_eventtrace/trace_identity.json,555,bad36aca39a5f6134326a6ce214da300d8057b4e3b01ecd2571b9288a6bea206
eventtraces/e2/30008/observation_only/eventtrace_identity.json,1516,06cc4adfad71a00b16abfed61e4744bc9ca19718b6804e4eb526c0fb3ba2e7c8
eventtraces/e2/30008/observation_only/hard/client_window_activity.parquet,8358,7fb5dcca792abe44cffde6bd9552043afb950e43ba7b09094fbe5a0b34a94f07
eventtraces/e2/30008/observation_only/hard/eventtrace_manifest.json,644,76db7516a3e0a4a734a5ee6ee014d93fde344393efc237afc66d5663ecdd8062
eventtraces/e2/30008/observation_only/hard/failed_attempts.parquet,21071,336ca930789f0ae34cad0a1b1356b0d04b26d62b9f975e74b51eb1ca9c1af974
eventtraces/e2/30008/observation_only/hard/hard_arrival_events.parquet,188217,81fca9e94191f93d9155c78b3e857580c018b928b064807494547878b114564d
eventtraces/e2/30008/observation_only/hard/observation_events.parquet,245736,6c8e73704144a9b9797facccecfd729d95e785ca83730245a7526ee1a23e6df6
eventtraces/e2/30008/observation_only/hard/opportunity_events.parquet,435316,0e2d32ea9ab95bd4b0a3f22c7c29d653a5b3e707068c7483eadebdea43101dcf
eventtraces/e2/30008/observation_only/hard/runtime_parameter_snapshot.json,675,c3631f7efddef64328b78512d77e3e81252bb0978ac22755e0ffb12aba81a13a
eventtraces/e2/30008/observation_only/hard/usable_events.parquet,41114,63e4fb32c6105858f6414d8d55e21f7433ca9a73b6c790b6cd60889290531176
eventtraces/e2/30008/observation_only/training_eventtrace/events.parquet,238658,526b1e1f3b28fd5792798e0a26c012df56ac6ae76dbbef97485d026e01f076c0
eventtraces/e2/30008/observation_only/training_eventtrace/metadata.json,247,5d301c31362939965a6b76d195d5ed3095ab34de9fd4d9d2b85a4a4ca9062bc0
eventtraces/e2/30008/observation_only/training_eventtrace/trace_identity.json,549,cdc89cfeee46e04f8a4f06daf4325ce09acb5ac6f1bc4348db72a4e0d3ea9f1a
eventtraces/e2/30008/opportunity_only/eventtrace_identity.json,1515,e02c5f57e3cf58077399cb24f90a156d7648a758f58288717c9a970438ed99d8
eventtraces/e2/30008/opportunity_only/hard/client_window_activity.parquet,8351,aa2628d533e9b9e11f6c91d1578f319d9e68a58287ce6f45b402e6f7e74073f5
eventtraces/e2/30008/opportunity_only/hard/eventtrace_manifest.json,644,d4304461f9aeb2b6950872b1a9aca5d67758df743fdec96312eba1c5d3d1e7b0
eventtraces/e2/30008/opportunity_only/hard/failed_attempts.parquet,21022,1a1535473c39f10bf89aa208abb26b79daac8a14de83b251947db67417b1e9a5
eventtraces/e2/30008/opportunity_only/hard/hard_arrival_events.parquet,188395,aede1aa8baa687e14931a58913b60d7830421bd0971f8f6d7e2696918081bd34
eventtraces/e2/30008/opportunity_only/hard/observation_events.parquet,243857,ba35082bac841f83f0205c6212e7c2273eca08756b8d547c140072eed03fcb67
eventtraces/e2/30008/opportunity_only/hard/opportunity_events.parquet,435344,1d94ad878a9a88168f7f70b1c9299e5b4d303eaa39486b1a0aca4e93c86c31a1
eventtraces/e2/30008/opportunity_only/hard/runtime_parameter_snapshot.json,673,5699053d761689500ce39b00147ea25f6bd93fd9fe2c457967a11df5d94118be
eventtraces/e2/30008/opportunity_only/hard/usable_events.parquet,41547,da57468e96a9a6b6e25c6685eecc8819b3b27c94048bb5a21c268cbeacb3c7d9
eventtraces/e2/30008/opportunity_only/training_eventtrace/events.parquet,236750,f4ca61688c06d614b727907ebf42076172379370d00312a93d162b0368a956b7
eventtraces/e2/30008/opportunity_only/training_eventtrace/metadata.json,247,19060301fc266c592c30a9c8f977b8bd5258d37b1b1f7811143e2d7aa8dec12e
eventtraces/e2/30008/opportunity_only/training_eventtrace/trace_identity.json,549,578ba4b80b776e7166c3205e1dc74071c3296c657e9fe44b3e51ac4e44e1be6a
eventtraces/e2/30008/usable_only/eventtrace_identity.json,1490,2bf2b646dc6d211266aeaba9fa6b598da946b9e5e45e58077751b515d7a2463b
eventtraces/e2/30008/usable_only/hard/client_window_activity.parquet,8448,7953baaf6920d8059233adc22a2813225c41ebf7eb299a9fa9900eca4bdeb556
eventtraces/e2/30008/usable_only/hard/eventtrace_manifest.json,639,432c00279772f28a27a1313a381fa675f8ecbb77a7f2ecccd51eb1b46bb6c3cf
eventtraces/e2/30008/usable_only/hard/failed_attempts.parquet,21319,a44a4387d41442ce6e036898a2cab3ba6f555bd26faaf120b118e0cd2ca63f83
eventtraces/e2/30008/usable_only/hard/hard_arrival_events.parquet,188370,1583dbe2bbb909ce2b0c65adb2b77dfe0b8eda4745cedf154f17470b794fe658
eventtraces/e2/30008/usable_only/hard/observation_events.parquet,245570,77cbc4bd66b688964e06ff25e1527b9f3b845a2210ce9e0ea44e54fd981f64c6
eventtraces/e2/30008/usable_only/hard/opportunity_events.parquet,435281,f93fa8cfaad11b3cad3b53fd87e4957efb318b94ea7fd5b731580b3a7910090f
eventtraces/e2/30008/usable_only/hard/runtime_parameter_snapshot.json,668,f43125446243713f80282a4f537ad8b27a4ceec3dba74482b207a934034e65e4
eventtraces/e2/30008/usable_only/hard/usable_events.parquet,41689,7b6104a11b1ddf0cd708ed43f52252cd70109ee44e6210ca27574d87f9069349
eventtraces/e2/30008/usable_only/training_eventtrace/events.parquet,239127,40ff0c2a797c07a94f8911eda31053772c92fd623e3c53a6517f54f634e2aa35
eventtraces/e2/30008/usable_only/training_eventtrace/metadata.json,242,f25d05e3311ff6f10600f066f4315c79412a1ff2ab28433877bdbd7fbd752bd9
eventtraces/e2/30008/usable_only/training_eventtrace/trace_identity.json,544,754179ac89974fbd6863e251c52cf534d99dae35f62f40a2742352dfd5bc625f
eventtraces/e2/30009/balanced/eventtrace_identity.json,1474,2f1c3a670c3980227d28537632f056fcf1dfaa9ca29a5d2b23789a7479278eb6
eventtraces/e2/30009/balanced/hard/client_window_activity.parquet,8339,9e380667bb216758c67ee040dd8753d509750762108e23ffdae2696c1fa522cd
eventtraces/e2/30009/balanced/hard/eventtrace_manifest.json,635,b20f5ab1893514bb2ca81de994b31a2395008af6f7f516b691d82ae86ab9f35c
eventtraces/e2/30009/balanced/hard/failed_attempts.parquet,20943,8e5680fd5b3530c8cdf641aa2152314c3e45b1f0af520e31aea978d1a320e1f8
eventtraces/e2/30009/balanced/hard/hard_arrival_events.parquet,188365,bfb4c30fc0c679668be84c878048fafb1d6f480c4e08cee653f9225c1d32e9e5
eventtraces/e2/30009/balanced/hard/observation_events.parquet,249148,743c39cff8e18467e2a0b6febd1947299b3642d1a43134b468952dcd17cf07df
eventtraces/e2/30009/balanced/hard/opportunity_events.parquet,435260,58233b8df8bce30a7810ce18be353c91a9e92b4003ef896c4f400206ab3f9d70
eventtraces/e2/30009/balanced/hard/runtime_parameter_snapshot.json,664,f8fcef142fe4cbf3356b14180e24292730576cf875ccc3bc8379f6b38def498a
eventtraces/e2/30009/balanced/hard/usable_events.parquet,41441,1e11f586729ca1b9c6209e2b7705c905a8c6c26a369e42bb763943ba99fd33d7
eventtraces/e2/30009/balanced/training_eventtrace/events.parquet,240300,415e9a0f27d4a199ab7816a9153f566610bcbdb20f0fd0142d596211e6fd04a6
eventtraces/e2/30009/balanced/training_eventtrace/metadata.json,239,6b26c567d8952166370cb8115fe9a181415e27cdb92afdbb38374e9ee0292cd4
eventtraces/e2/30009/balanced/training_eventtrace/trace_identity.json,541,7beb0a131733293c47b1403c8b5d9d9d12df1dd8245bba365d50484ce16609ba
eventtraces/e2/30009/complete_aligned/eventtrace_identity.json,1519,9a3df0ca9fbb5c45b41e27ef543cbd4528ef2b8774c2d24ad4a139c5b7e0ad1b
eventtraces/e2/30009/complete_aligned/hard/client_window_activity.parquet,8473,d58ec6368b67d8db297eb6ae3919ffde81f3e44fe8b32d55b1cc441163e45fc5
eventtraces/e2/30009/complete_aligned/hard/eventtrace_manifest.json,644,e78e7be626143f50751fa46d72c80d27295a9e1fad9783e55a2ed438725f92b4
eventtraces/e2/30009/complete_aligned/hard/failed_attempts.parquet,20748,e1d0fa12ddfc453551a482c3c5e3fd2fcba7066ba0bd87bf5ca40b902e134f31
eventtraces/e2/30009/complete_aligned/hard/hard_arrival_events.parquet,187650,d3676758dda0327a0534bbf0e7267ab0899c7e3082aab30fff9d05a85cc35b66
eventtraces/e2/30009/complete_aligned/hard/observation_events.parquet,247372,ef4214dc873fec6b22d8d79e07d879b9c0026b685ded01777c84414604d1a184
eventtraces/e2/30009/complete_aligned/hard/opportunity_events.parquet,435344,89eb4d498f1d430139559457ac971bd21222b6659b31fe7a70ba57e1e3777fa0
eventtraces/e2/30009/complete_aligned/hard/runtime_parameter_snapshot.json,679,dcb3128d6adea5013c23efb76540eae78253804436d275e891ed82a582d5768b
eventtraces/e2/30009/complete_aligned/hard/usable_events.parquet,40756,74d2e792b1a088744a63240427ede29cf1755c6dc72cd19e21b994cea46fd08c
eventtraces/e2/30009/complete_aligned/training_eventtrace/events.parquet,239221,4531c4e80375f005d41ab2b8c50a2a16c36fa93fa608706d457d2a3cba130825
eventtraces/e2/30009/complete_aligned/training_eventtrace/metadata.json,247,22cebd19bdb8f7c1018db960e2a0d6081ba493099241cc9943b9e439fc303c00
eventtraces/e2/30009/complete_aligned/training_eventtrace/trace_identity.json,549,6ecd4b75dcf806e13b11a7a9a1c48dceb73179181dd8a66883a27a71f99e88c2
eventtraces/e2/30009/complete_counteracting/eventtrace_identity.json,1546,bafa86a96203abb22915eef242d2cc658960bac8118fd946a433a3ed1adbff34
eventtraces/e2/30009/complete_counteracting/hard/client_window_activity.parquet,8473,72cf21706b69a0bbe7691f18d943be3f5e356501940aa2e67577a6111fd6670b
eventtraces/e2/30009/complete_counteracting/hard/eventtrace_manifest.json,650,d006a10205ea4ef148dc2e9ae1f20d4107aaa7cca785d5adec58de4a75e7fc58
eventtraces/e2/30009/complete_counteracting/hard/failed_attempts.parquet,20862,e39b52d5c6da1a3294ea15a9f42ef5931f84ad7cc4ff3eeaa2352c76d98aa1c3
eventtraces/e2/30009/complete_counteracting/hard/hard_arrival_events.parquet,188035,b03d595e158c2069baa463cf8182dd0f7bb61bfa6b945a63a74a46ded4d1bedf
eventtraces/e2/30009/complete_counteracting/hard/observation_events.parquet,247402,6335d55ddade90fac2e39b0a99d96465ea5a524d2205c294c7acf1767c69eabb
eventtraces/e2/30009/complete_counteracting/hard/opportunity_events.parquet,435386,0f53c87e2e7e1f97134b175da34ad21b4530934dd3844a58c51bfd02889ccb7b
eventtraces/e2/30009/complete_counteracting/hard/runtime_parameter_snapshot.json,680,39c2c2f93bc1226b4af0542cbb4edcdd3aeddbdc3004e5f3f644fbb3298c1fce
eventtraces/e2/30009/complete_counteracting/hard/usable_events.parquet,40779,810f3612c2efb65222744ed155d67311df88a465ead97559c8e61129826b4bf0
eventtraces/e2/30009/complete_counteracting/training_eventtrace/events.parquet,239124,d7e1eb95682d538014e7dbf0a1154fa25ae1f79c4e5b2d4dd3f0d473d03d0418
eventtraces/e2/30009/complete_counteracting/training_eventtrace/metadata.json,253,1083d65ba017f535ba43f4b875f8d7ce553b98056608ed2223f1815f159d9bfe
eventtraces/e2/30009/complete_counteracting/training_eventtrace/trace_identity.json,555,163179ebe7506a1a8af6088a8af9b8f9163f96a0471539daa25056debcd7e0f0
eventtraces/e2/30009/observation_only/eventtrace_identity.json,1516,259e3ce7ffd2630cfff5f55ef59001ed0ee59a2c3be3273bb262057dd9c9318b
eventtraces/e2/30009/observation_only/hard/client_window_activity.parquet,8360,1b2ef47760df9fb8d6e273e0dce6eb0be056a67b4599fd7249b27326ccfd063e
eventtraces/e2/30009/observation_only/hard/eventtrace_manifest.json,644,7002400a3d2d77dc77916da9b17073870820749d8e7986532911879efe70d0e4
eventtraces/e2/30009/observation_only/hard/failed_attempts.parquet,21132,05a6801da611c49785e3050ac5b0954ba306ea7861ca282bf3b2c4b498d48a81
eventtraces/e2/30009/observation_only/hard/hard_arrival_events.parquet,188217,ce59e1d2dc07b95c3533be02719b8a50774509d9e6a37196c9fab26de4c90cce
eventtraces/e2/30009/observation_only/hard/observation_events.parquet,249337,5c9b4c2296387bcdfbfb0bec70719c4cdac254bc1c9ca7309a78eb24bc011db0
eventtraces/e2/30009/observation_only/hard/opportunity_events.parquet,435316,1d218561faa666913faf190d7fb48b1f35c47d184165264c7e7a338a81dcb339
eventtraces/e2/30009/observation_only/hard/runtime_parameter_snapshot.json,675,5cd81c59c4b3bcdc523c5c23addf8cbf921c6a307a8fb18f6d32ffd7510c0d49
eventtraces/e2/30009/observation_only/hard/usable_events.parquet,41237,e0a7a86009bf8ff11937a0361cbed1270804f69fc00fa24b828572d0848822c7
eventtraces/e2/30009/observation_only/training_eventtrace/events.parquet,240640,6ab63208651ddc697ef7ba5e7cc5a14830b775e23ffad4333e9fa32918f133a4
eventtraces/e2/30009/observation_only/training_eventtrace/metadata.json,247,5bd3679dddaaa7ac05fdf12f98fb546869f809d94559f18c1f8e389dde3c369f
eventtraces/e2/30009/observation_only/training_eventtrace/trace_identity.json,549,ad2b91aba282c137050275b3921b55fa186c8cbfc01da1c5327346e464d305fc
eventtraces/e2/30009/opportunity_only/eventtrace_identity.json,1515,1a6385ed242f834235c149dac3a166151702c401fb97741fa5634e3f718fd881
eventtraces/e2/30009/opportunity_only/hard/client_window_activity.parquet,8342,1fcf07f4fea326cb5f2290f5c9a48440989decbdc543458c65c111971c99d302
eventtraces/e2/30009/opportunity_only/hard/eventtrace_manifest.json,644,c00eccfc9b9cf3142d40c7d341c81e5978cbf12f5ea5c67998ace418d2a21ba1
eventtraces/e2/30009/opportunity_only/hard/failed_attempts.parquet,21038,6e14272b634dfb72603912374c0be5e039777dc224e342b0bda95245376284b0
eventtraces/e2/30009/opportunity_only/hard/hard_arrival_events.parquet,188479,4cbe751cc2ee5baf3016dff67fc66f2cfe7175e28508eb0a5ee554e2f9c06ad8
eventtraces/e2/30009/opportunity_only/hard/observation_events.parquet,247225,3a7d5bf46562fe5e2b0564d62c0f0332f01bf3c3c3c9471377ce2f6505a7e8c7
eventtraces/e2/30009/opportunity_only/hard/opportunity_events.parquet,435344,3a1c68f3b94cf90aa55e149d175ebd472769bb912f5575808e06ebb3e723c4d9
eventtraces/e2/30009/opportunity_only/hard/runtime_parameter_snapshot.json,673,4d4edb1d790dd6c02e6d042062b3959d73d3bd1ec2f66940e99cdb420ccb29e0
eventtraces/e2/30009/opportunity_only/hard/usable_events.parquet,41758,971c3b89905f3ff1f859a69d88de0d4df8033cfddaf8d941fe636bef9f5d17d8
eventtraces/e2/30009/opportunity_only/training_eventtrace/events.parquet,238895,87f91a911e7dd1d6fc6484a64e3ded2928a6b7b315d473e1991ee878539cf4f6
eventtraces/e2/30009/opportunity_only/training_eventtrace/metadata.json,247,c152cee9f4625eade6cb94043d96df7ffe7127b7ac08bf940e4f497c65ee9395
eventtraces/e2/30009/opportunity_only/training_eventtrace/trace_identity.json,549,b20fe8da2cf582060ae68afe3286071b51547b6109c2a2953989bd5002882705
eventtraces/e2/30009/usable_only/eventtrace_identity.json,1490,5adbaee74387fe635166ea1c531b2293ef6a78a9eafe8ffb75293d702fecd9b7
eventtraces/e2/30009/usable_only/hard/client_window_activity.parquet,8444,a05dca03cbf78a6b89f14f7f990cd0d4d102955b4ee63da6b11b3c23e4057d24
eventtraces/e2/30009/usable_only/hard/eventtrace_manifest.json,638,87d535b45cb1669c832e2f1615e78932d1e61bc4f3787ab0ac24e5d23ad4cc44
eventtraces/e2/30009/usable_only/hard/failed_attempts.parquet,21191,8e506c7fa15bd0a6d82d63ee4835a215d715e73e4103c000418bddb534005a1d
eventtraces/e2/30009/usable_only/hard/hard_arrival_events.parquet,188416,2936c805e0258ef627922f9096cc414d07a9985edbf63e7890d3b98863f8e903
eventtraces/e2/30009/usable_only/hard/observation_events.parquet,249163,d10e92e888378d41f83561e7334209d85655307e387e37ade9ff91df9cb4a5e0
eventtraces/e2/30009/usable_only/hard/opportunity_events.parquet,435281,97b0f95d086878e65f420f5765c604bbda74b1b44e6c543b73bf1119d764567d
eventtraces/e2/30009/usable_only/hard/runtime_parameter_snapshot.json,668,1e0393353a840498052d4f93e06eab8dffa29f9b6e5a8381bc5d583eab25caa1
eventtraces/e2/30009/usable_only/hard/usable_events.parquet,41666,b40068eb41f49fcf03728e0416ecbe280f6fd52e3d68fd2be09a3750c2af77cc
eventtraces/e2/30009/usable_only/training_eventtrace/events.parquet,240831,a556027a0d829e9d074641a6aa4960e391dda0e48ff6850c47b52e8e4d6357a2
eventtraces/e2/30009/usable_only/training_eventtrace/metadata.json,242,0a2db93a37b061b7fa565cdc5cd747b43e00f9061dba4d1eaca3bb07e75e472d
eventtraces/e2/30009/usable_only/training_eventtrace/trace_identity.json,544,c397da52435214408cb66d51f91dfa3b5577bd6c7e295370b855ba26be6495dd
eventtraces/e2/30010/balanced/eventtrace_identity.json,1474,89bece977deda835b34a172e2fab6d63e0d83f9fd475192aaf7c9a7c7c9f94bd
eventtraces/e2/30010/balanced/hard/client_window_activity.parquet,8344,2705616052000af387eaeb0665d4ded1153f1eec8e9f17c20d1f241a9d6b4954
eventtraces/e2/30010/balanced/hard/eventtrace_manifest.json,636,0497a995731adf487f7508732f0f927851c94a9cd422309979d2b186cc4903b8
eventtraces/e2/30010/balanced/hard/failed_attempts.parquet,21778,60016ffc221b047e5ae21d2bc9f369681ca008623b813c73dbaaead3af98ca01
eventtraces/e2/30010/balanced/hard/hard_arrival_events.parquet,188467,1f033ea4e47155c3500f54358e3b947518e11fcbe764a6f63be3a92176a865db
eventtraces/e2/30010/balanced/hard/observation_events.parquet,247034,cec8ddee8a0ece5576c241718d06286ad70ab49adf50e41b8e7f63a72c5436c6
eventtraces/e2/30010/balanced/hard/opportunity_events.parquet,435260,0d545d4d7c237f9e4b6f5b2f059ab5fe66dc81ca43b73a5ad867f606f1a2c504
eventtraces/e2/30010/balanced/hard/runtime_parameter_snapshot.json,664,0740ba64facc2b9e2f213df48008e2e37fc32257a0eef98fb083398685f4ba43
eventtraces/e2/30010/balanced/hard/usable_events.parquet,42133,4fb232022015859c6e88be36222672961c510256a22548b4b82a660185484fa6
eventtraces/e2/30010/balanced/training_eventtrace/events.parquet,240161,7f9d91ef42800f077d06188cb25ffc126cd9c8634b39092de4359a95a97383ff
eventtraces/e2/30010/balanced/training_eventtrace/metadata.json,239,e76ed74e8697c1099f196fb440ac528cfef8b118eed276596c73dca9b6d88d1b
eventtraces/e2/30010/balanced/training_eventtrace/trace_identity.json,541,69c860639f3a27afae2976e47c7a0d634ff9c3f45499d7615df42230a82f621b
eventtraces/e2/30010/complete_aligned/eventtrace_identity.json,1519,5bc152c54332e5b6ec9db44795e33514f78d6fb39c24486974a542eeaf00bc98
eventtraces/e2/30010/complete_aligned/hard/client_window_activity.parquet,8463,9d6556b032f58b1d66c6a8efe9626b58896a97d5505b6a968c9e4f7fe76407ba
eventtraces/e2/30010/complete_aligned/hard/eventtrace_manifest.json,644,1c4107cac835f7c047cda3c0d8d40d7e8b0d22b05b35e9f7563652f33ff04090
eventtraces/e2/30010/complete_aligned/hard/failed_attempts.parquet,21490,c379b4298e889300aa4f62a46edcad3ac13e0dcef2a965e126b58256e212ecd7
eventtraces/e2/30010/complete_aligned/hard/hard_arrival_events.parquet,187631,a08e1fe16331ce5869b2f5fbea68befab245db6a0eb8dd73495852d958505eca
eventtraces/e2/30010/complete_aligned/hard/observation_events.parquet,247138,502915ea04c552f8017c8694297a5572771da36a1b344713d35a4f3e8d2e0c33
eventtraces/e2/30010/complete_aligned/hard/opportunity_events.parquet,435344,4fba93eb0e95d78ec5ab4911f91606e23f5c12500ed495208de3f28aafb982bb
eventtraces/e2/30010/complete_aligned/hard/runtime_parameter_snapshot.json,679,4570c57c0e96c406ee22a9b4180b93995ea91fc63ad2bd06c82bd2aefaeba1f0
eventtraces/e2/30010/complete_aligned/hard/usable_events.parquet,41345,ecc8fe0c24aaf0663732f58eaeda19265e947baecd24d04f2f32fd96acca8f9e
eventtraces/e2/30010/complete_aligned/training_eventtrace/events.parquet,239213,da3766480e75f6825226007527b773b590f0b5f028312b301c7c4ba441c1ccc8
eventtraces/e2/30010/complete_aligned/training_eventtrace/metadata.json,247,2b2c97fe85e1ce621c017192f75522953b57653181c225b48d6352650649ae75
eventtraces/e2/30010/complete_aligned/training_eventtrace/trace_identity.json,549,5f7b0897cd552b2e0a11154606454c4c6c48f285013e20013e6a551430ecee14
eventtraces/e2/30010/complete_counteracting/eventtrace_identity.json,1546,422aef8c67b76eb10335826830e1e20bbc63bc7b6cfceb6e7de0530a03829b5f
eventtraces/e2/30010/complete_counteracting/hard/client_window_activity.parquet,8463,4a09d6d64fc1aea7a0e29e092eee391edc36472a09624fca4ba4e85b521b356a
eventtraces/e2/30010/complete_counteracting/hard/eventtrace_manifest.json,650,8be17245af17d167eb008f0cae007ee79512e47dfcc7c73ff9acf9313d3c40ea
eventtraces/e2/30010/complete_counteracting/hard/failed_attempts.parquet,21038,734997c7c34d43317327f0b23018e7755cd1a05506bb429cb6a73d60300c172d
eventtraces/e2/30010/complete_counteracting/hard/hard_arrival_events.parquet,188012,dca43124daa74f983529f848639aca70efcb3d2b7f3df6db495616de200d6b21
eventtraces/e2/30010/complete_counteracting/hard/observation_events.parquet,247168,3e9ab1b1b16b13d77dda272499dd9b6d6e29a67eb62a981383787b0e374b909f
eventtraces/e2/30010/complete_counteracting/hard/opportunity_events.parquet,435386,f240926d1ce893c916033de340fcb45881973de6d3a4a1f85d6d8056b4443c8b
eventtraces/e2/30010/complete_counteracting/hard/runtime_parameter_snapshot.json,680,4186e73f3b55f8c46f7a0916ee67b71d76a8e15de87de4224bf487db4d6b8db9
eventtraces/e2/30010/complete_counteracting/hard/usable_events.parquet,41365,9b6549a0a8b9f0724864ac5481e4e716d8cfc968abb1550fc4566d723b479e50
eventtraces/e2/30010/complete_counteracting/training_eventtrace/events.parquet,239157,88f6ba0543e0b5ca00da1794960056bf02155fd90540b2664332a8d1b05b3a94
eventtraces/e2/30010/complete_counteracting/training_eventtrace/metadata.json,253,8535e6e7fd1cb2a1e4523e9f712cc4fc60da9b462153db23741cedd53cc3569b
eventtraces/e2/30010/complete_counteracting/training_eventtrace/trace_identity.json,555,3b16fcad1924c3a1a3bf348d891f7656845b49f567429b98bc3c91c84cf7f746
eventtraces/e2/30010/observation_only/eventtrace_identity.json,1516,25c577561c5f8301c732076c2f56111273ee0df64ca864afd0716f896a8c6416
eventtraces/e2/30010/observation_only/hard/client_window_activity.parquet,8355,f90ae8af4b0cb1378892c72fad4b974491a37fcc4351c87a2aed87e934149542
eventtraces/e2/30010/observation_only/hard/eventtrace_manifest.json,643,5403bec839d5e73bec331034f4cb855d941615bd9bf29634dfe189f9c198ae64
eventtraces/e2/30010/observation_only/hard/failed_attempts.parquet,21701,a4dcc568dfef665f828d0f2d72ab4abec7d02b8df3ca6f0cb64b6d8791b5a37e
eventtraces/e2/30010/observation_only/hard/hard_arrival_events.parquet,188256,00107a875e862196f7bf089b65838c6e709b223cb4d7da245dc81fe484bfc13c
eventtraces/e2/30010/observation_only/hard/observation_events.parquet,247217,b30691cb08cac9a7089acfcdec041ab75f08d52b0d30d6921fced073461714e8
eventtraces/e2/30010/observation_only/hard/opportunity_events.parquet,435316,4b09d913e2a35548d5c5fdfead0fab72bd3f8b67735131580ede238157221099
eventtraces/e2/30010/observation_only/hard/runtime_parameter_snapshot.json,675,ec726b83ecde1021ca7b6323a7f4a3a8ac855d19d4d81eccae360e4bbc0310a9
eventtraces/e2/30010/observation_only/hard/usable_events.parquet,41692,f069d36919da3110a8349fbb07f95aec6ac19a186651d10fd1866b00907af79e
eventtraces/e2/30010/observation_only/training_eventtrace/events.parquet,239739,5b6c08464838f506c3c4422bd755303b106026f867aa3261b4131aec5338b81e
eventtraces/e2/30010/observation_only/training_eventtrace/metadata.json,247,2e19f1ed3b12a293d34fe44c0be6d46b28236641c20ce90022e676a2a68f938b
eventtraces/e2/30010/observation_only/training_eventtrace/trace_identity.json,549,684a48e345945e969b213faeb4ce3fabe29b41ae8bf10e6393500ddd9b3213cc
eventtraces/e2/30010/opportunity_only/eventtrace_identity.json,1515,581202326865c354a8c66b905ee2ed0fd71bcb58bfc2d47541cd33c965d3ff34
eventtraces/e2/30010/opportunity_only/hard/client_window_activity.parquet,8348,a2f68ffd397e4c1d6ac004dd38236d75b1568ff1c1514297477971982ad6e337
eventtraces/e2/30010/opportunity_only/hard/eventtrace_manifest.json,643,af2c1208102fa62689cf920e724ed6638ef3533bda89975190b722a86903ec5a
eventtraces/e2/30010/opportunity_only/hard/failed_attempts.parquet,21612,f6bf63c58fef7455c985c1827ae3b01e2cc1ae9efee1818d0841c5ba83a35a9a
eventtraces/e2/30010/opportunity_only/hard/hard_arrival_events.parquet,188344,1ae4193fe6e26300cc5b521972a10eec83e431469eec43f64c9a667ea8d437d4
eventtraces/e2/30010/opportunity_only/hard/observation_events.parquet,246998,6b1187840eb0413d70332a54944af9f87512eaa1e451ae1bee46e7ea129e589c
eventtraces/e2/30010/opportunity_only/hard/opportunity_events.parquet,435344,442fcb331f41b1b0e34589b7a6b18c353a82a9f258abbddc8aa8db5449e43824
eventtraces/e2/30010/opportunity_only/hard/runtime_parameter_snapshot.json,673,dde0013b3ef8366cf874801d7a3c4bfa26f3f061f8cdbde28846c5a0720cec19
eventtraces/e2/30010/opportunity_only/hard/usable_events.parquet,41998,22bf56b06e6122a562619f38fbc5abcbc40b94ed673d97ee3ecc6ba76914c289
eventtraces/e2/30010/opportunity_only/training_eventtrace/events.parquet,238779,09bb96939359f94ccca60214c302370147e0816c2f168d96722df03ded04ce20
eventtraces/e2/30010/opportunity_only/training_eventtrace/metadata.json,247,4fe8280001b7e0679e66dd2e76abf289f15128563a91ae639f85b5cc680d46a0
eventtraces/e2/30010/opportunity_only/training_eventtrace/trace_identity.json,549,ebc68963ab24ba69fb6c25135215f014b9b11c659f6ecfd8403246c8abd11af7
eventtraces/e2/30010/usable_only/eventtrace_identity.json,1490,4e706cc6f77b9998d1619c13c8e2682cc0488ad12b19d770ad011583fb5a97b1
eventtraces/e2/30010/usable_only/hard/client_window_activity.parquet,8449,cdca94127b38b5a84cd5f54ca0fb7da64667efab8c7b21190e3744141d089a50
eventtraces/e2/30010/usable_only/hard/eventtrace_manifest.json,639,b04a1ad6060c82b88c613cef889ff64a01174fdaa07a4fdaaf50f13b91936113
eventtraces/e2/30010/usable_only/hard/failed_attempts.parquet,22165,bf87cc3ee3c9e78b6efc74b0e7854e12277c94df2d7ea4550016f01970576e47
eventtraces/e2/30010/usable_only/hard/hard_arrival_events.parquet,188391,e82420621d40d7c3145c29c9c10cbbf2c9086cb6130367c2bf5968d78308845d
eventtraces/e2/30010/usable_only/hard/observation_events.parquet,247049,83428c6108ec6c5dac30cf1f3d980360ab7838eebfe7b24fc03096118afaa50f
eventtraces/e2/30010/usable_only/hard/opportunity_events.parquet,435281,14b7aab7a96b13c0f0819db9e8d9c94f3c0ac21886592415abb78b08b8c6bac5
eventtraces/e2/30010/usable_only/hard/runtime_parameter_snapshot.json,668,376217300f1bc5cb3727535c5a703ce8d832bf60a081cae0db24c7beba4f26c8
eventtraces/e2/30010/usable_only/hard/usable_events.parquet,42358,0b3b55bc65e948d3c6c3d68c227779e6d63494e1bf73bfcbd0a31469efe57105
eventtraces/e2/30010/usable_only/training_eventtrace/events.parquet,240715,642b7de26b2b4ca9e37e762ab17f4ebce5d125507f8947f2981f95106b16b1e1
eventtraces/e2/30010/usable_only/training_eventtrace/metadata.json,242,6d667d0fad09a82ea324cc7f0a941f568e20385213ee366592296e30c43b88ba
eventtraces/e2/30010/usable_only/training_eventtrace/trace_identity.json,544,3227f92aae262ab72e02e8c9c63775c0f9a2d4483b3b5502413566ffb8006dbd
eventtraces/e2/30011/balanced/eventtrace_identity.json,1474,e63e8e1c2152a0d93b1d6dac8bb7cf56d52fabb06c148bfbe8e1b32d74eba6dc
eventtraces/e2/30011/balanced/hard/client_window_activity.parquet,8347,d3913712ce0719ce4e2af5a3bf6e68ae7c4f6cf9c79fb13de5510d23b0f2e47d
eventtraces/e2/30011/balanced/hard/eventtrace_manifest.json,636,113912bc9a989cc5b3ddec303611e2e10d5334a67f90684b8279b6107c16a4c4
eventtraces/e2/30011/balanced/hard/failed_attempts.parquet,21786,96a4683f64a10fdfeec612952756561d3d64c18c0b6f1ef8b7ae911617bb4358
eventtraces/e2/30011/balanced/hard/hard_arrival_events.parquet,188332,619c41bac47296147eb848fc143f4537029179c6a88403fe007165629eabec6b
eventtraces/e2/30011/balanced/hard/observation_events.parquet,248497,0bdbb006adda3f7407100f2725bcb2dd28d0f85b5ff4043783c00a68d7ec2bfb
eventtraces/e2/30011/balanced/hard/opportunity_events.parquet,435260,9e6ff636dfb3e752a42b6bbbe10914e313983e92d67bd9190d1adfc7898a43b8
eventtraces/e2/30011/balanced/hard/runtime_parameter_snapshot.json,664,21c30e6d77af94f33d47c9ba98ea36d4672efed58c080602f45476696b13e5a2
eventtraces/e2/30011/balanced/hard/usable_events.parquet,42308,7de815f680ec6b6ee8b82749119121864642ddb7a2af42783e6c520c95d37b74
eventtraces/e2/30011/balanced/training_eventtrace/events.parquet,241111,871da385ccdf3f1eb26976a32b08a2104b122a16cf7d9e912106c8ee05e97707
eventtraces/e2/30011/balanced/training_eventtrace/metadata.json,239,9466909a7ddab2b2850a008ff5378d8beaea82cc8dc569dc78d263b1a6b362d5
eventtraces/e2/30011/balanced/training_eventtrace/trace_identity.json,541,e7f777254c3121f5208fd2c3c94fcdeab36e58db34086226b519c37e07073bfc
eventtraces/e2/30011/complete_aligned/eventtrace_identity.json,1519,c14cf92de896cec2a2385c92c1ac15325313dbbad8fdd1a295a18675588768ae
eventtraces/e2/30011/complete_aligned/hard/client_window_activity.parquet,8480,260f153b497f043e8fd238f415345fc9f516a716576b491fbc5fbcd5b745b6a2
eventtraces/e2/30011/complete_aligned/hard/eventtrace_manifest.json,641,b542bb0f9f735f763be105162fe89340dee4748e35a3a670a04a9d907f8cfc17
eventtraces/e2/30011/complete_aligned/hard/failed_attempts.parquet,21596,e786426f848307058d3cd189ae773763c7dde89d680f09fb12ebdcfa7a067952
eventtraces/e2/30011/complete_aligned/hard/hard_arrival_events.parquet,187478,42e371e67c4383355f2b7db4cbf8a8595b5b48f914c2c6b07c55a0c0e3d310c5
eventtraces/e2/30011/complete_aligned/hard/observation_events.parquet,246931,dbd9c7a8faa075f45919eeabaa453c220e628671051d19a502ee1698b40e6f24
eventtraces/e2/30011/complete_aligned/hard/opportunity_events.parquet,435344,d5125fd35a27b6579bff0f12139ef0692ca4de1d6ce4cd36bfbebf63816738c3
eventtraces/e2/30011/complete_aligned/hard/runtime_parameter_snapshot.json,679,c9e53985269ecea3079db5e27065e25944df81b9d7d68534e44778794e496300
eventtraces/e2/30011/complete_aligned/hard/usable_events.parquet,40913,b5686c34829a07a68c848043bd208f4ea7ce3f683fdeacf1db09f51b19e77609
eventtraces/e2/30011/complete_aligned/training_eventtrace/events.parquet,239060,c35d3d42efb275e1ba84235768b36eea957514a3360fc4373c5da2593e4a0019
eventtraces/e2/30011/complete_aligned/training_eventtrace/metadata.json,247,7ef7dbffb6db306239479572e26f43221f33a760d2aa1d18d766e0b59fc450f3
eventtraces/e2/30011/complete_aligned/training_eventtrace/trace_identity.json,549,a598c15977dd0254b0f55e8bf5a8774ab2381e7d83bcf36d1e1d71b48fdfac91
eventtraces/e2/30011/complete_counteracting/eventtrace_identity.json,1546,8387a5f93f3160de800ee0c969584bb01cf9927cdb9a43505a4f9876e7d6dc16
eventtraces/e2/30011/complete_counteracting/hard/client_window_activity.parquet,8480,504541614f571ff9bf34625f73cf20e0f28e6661bd393c2088f05699a0962478
eventtraces/e2/30011/complete_counteracting/hard/eventtrace_manifest.json,647,3f649cd7634f0c88a2bbe33ac1be2bffe7bae066b794849457c7de169e922170
eventtraces/e2/30011/complete_counteracting/hard/failed_attempts.parquet,21077,69fb46d82e395946915e2eea1cb7797e136542263d09c3c4968f1d9af231bdfb
eventtraces/e2/30011/complete_counteracting/hard/hard_arrival_events.parquet,188049,c02330859773695a46fa1053c56d615480c3c7ba4d333034af5373d076e1bfaf
eventtraces/e2/30011/complete_counteracting/hard/observation_events.parquet,246961,fe9ab8ab9f9341905ca01c02c8d62958798dbaea4849a1fedb68b94b0591c927
eventtraces/e2/30011/complete_counteracting/hard/opportunity_events.parquet,435386,05031f9571004fc6be05d02ee00e1f01209a7a4d8039b22714195e56063c1ed4
eventtraces/e2/30011/complete_counteracting/hard/runtime_parameter_snapshot.json,680,0fa22dc46cc35dc80c94c32e8646d159818def71dbd557129f78abc8515fa030
eventtraces/e2/30011/complete_counteracting/hard/usable_events.parquet,40922,25511ce82f2b8eae7494f4615c27de2cc0393828b80f10ac7a921288c561f273
eventtraces/e2/30011/complete_counteracting/training_eventtrace/events.parquet,239017,244a3180a91af2c0253162bfbb309e597d496e20176330402f8a9fd89a3d429a
eventtraces/e2/30011/complete_counteracting/training_eventtrace/metadata.json,253,d43f0927b9e39827268d50c2e121ce3cac32513c772b0017ecd7eb5a83d35e13
eventtraces/e2/30011/complete_counteracting/training_eventtrace/trace_identity.json,555,0cf1d566cb098e818cbacef104240c748df6000fcb72cc922ea446f5c1d19411
eventtraces/e2/30011/observation_only/eventtrace_identity.json,1516,cffdf67358bc8a26bcc736c812c0347b564f196990347fab835f59f401af8263
eventtraces/e2/30011/observation_only/hard/client_window_activity.parquet,8354,c40d98feccddb6385ac4abf47d42a8acef778d1ceb15a066a9e2baeb3e129463
eventtraces/e2/30011/observation_only/hard/eventtrace_manifest.json,644,2b92a516843d8f5d1565cb016008ab2232fcf48bc044e8e90c097f4bfc7693c0
eventtraces/e2/30011/observation_only/hard/failed_attempts.parquet,21494,15b226689d6fa527e9d4affbe473c448fceded9354d43b0af7da86190fb3bff3
eventtraces/e2/30011/observation_only/hard/hard_arrival_events.parquet,188178,a59299e58ce66f185bca421e9c5b33f9fad5cca50b982cf79f9239427e2ea9b5
eventtraces/e2/30011/observation_only/hard/observation_events.parquet,248686,89cb4bd95942c7868c5a7688821a82069bc7d5734740a7367e4595811b20f477
eventtraces/e2/30011/observation_only/hard/opportunity_events.parquet,435316,9bdb158bcc40b2586433289689e88312ff318a4adf015ebcb31b7fec5306f72a
eventtraces/e2/30011/observation_only/hard/runtime_parameter_snapshot.json,675,c5af801c32fa5e57d388a47b07b7efc60b64253cbe557153c732198e58aefee3
eventtraces/e2/30011/observation_only/hard/usable_events.parquet,41549,e2c074ea2797f79485f59a354e942c49f15da9b6a961acc5758b20bdee29308c
eventtraces/e2/30011/observation_only/training_eventtrace/events.parquet,240677,f279f715ce75d0245e4a1f07a4576e4cc884fccd0d5c56c7b40eee497a00043c
eventtraces/e2/30011/observation_only/training_eventtrace/metadata.json,247,0f1f102ef37d065fb54bacab8234dbfefa3fe62d9f73babf493ec38950b5b671
eventtraces/e2/30011/observation_only/training_eventtrace/trace_identity.json,549,a9ad69cd1cffb977c583918443f2cbd0d54e42af0f3a9148f2bf9a25eb692bce
eventtraces/e2/30011/opportunity_only/eventtrace_identity.json,1515,919078ae2faf7c10ab188ca800a31c26ec6a4208fd6098c4335b39fe82a3bfa3
eventtraces/e2/30011/opportunity_only/hard/client_window_activity.parquet,8340,c1d504c43e45b24a19b6a95457af78f88dbc25172f8c6d527f7d9771a4e8f520
eventtraces/e2/30011/opportunity_only/hard/eventtrace_manifest.json,642,f351782e424408b2263962829f2b86dbe850998da699d65c20515f5af029e2f6
eventtraces/e2/30011/opportunity_only/hard/failed_attempts.parquet,21955,6f8552dce333d2481dbe9cab9fd994bdf068c4e8411b5584ca5230469e38ac34
eventtraces/e2/30011/opportunity_only/hard/hard_arrival_events.parquet,188367,752c848ccfa7f2789c7156e3da78ee1183975a8d2a6f1adfff90ce79165916be
eventtraces/e2/30011/opportunity_only/hard/observation_events.parquet,246788,73838c5b2d586ad5ebdb9c8e8f97fc256990c3ba4303f3897d7327dc88ec262f
eventtraces/e2/30011/opportunity_only/hard/opportunity_events.parquet,435344,55d49005fcc860f679f465d199c27076f653afade98c98af05cd57d0582568f3
eventtraces/e2/30011/opportunity_only/hard/runtime_parameter_snapshot.json,673,41d42aecf48ce7bcf410a9db6abf43043afd5538f89744dc23afb85321fe4bd2
eventtraces/e2/30011/opportunity_only/hard/usable_events.parquet,42326,a7148c7f5fbd1591b803e36a24c48b21a56a62e1b1660fe9b9d58dc1e708b2a7
eventtraces/e2/30011/opportunity_only/training_eventtrace/events.parquet,239134,8bae84e693780af1de031be8ff399e042234a1a85b81bcccc6ebd44208d2623f
eventtraces/e2/30011/opportunity_only/training_eventtrace/metadata.json,247,153fb1453bec5747164342d9f12383de125abaee5f486c49fcf790d0535f844b
eventtraces/e2/30011/opportunity_only/training_eventtrace/trace_identity.json,549,77b273159caf1385f90e63a416582a31b86597316039613ff7ca6abbba96597f
eventtraces/e2/30011/usable_only/eventtrace_identity.json,1490,01eb565d8d20efbf76a459a7feed301ca7eb6832dfd43d2330651ee1126bb099
eventtraces/e2/30011/usable_only/hard/client_window_activity.parquet,8452,e5691bb0f0b4e2fa1e0a1258402930b99efafea7d36530b20b051cc979231299
eventtraces/e2/30011/usable_only/hard/eventtrace_manifest.json,639,a5897effb92a3c3d6d3e3703c065cd36a73147e1d41b6fc9f34d203dbcd5bc17
eventtraces/e2/30011/usable_only/hard/failed_attempts.parquet,22001,aa4b77bc418c14764f82dfad8d57fa0cf415edd73a50bb3f856dc6508334971c
eventtraces/e2/30011/usable_only/hard/hard_arrival_events.parquet,188444,558a42ef48d126df69942441592a9baa446806970dcda4de5e4246b094449371
eventtraces/e2/30011/usable_only/hard/observation_events.parquet,248512,a96aa57bb5ba8b15e843ff8738ee07d0820df7a6065c2e19085516481b4890bf
eventtraces/e2/30011/usable_only/hard/opportunity_events.parquet,435281,6c61dfcaa3167618e85c66d9fb63baca37ebbb0b2dc05a634cfdf6530f587ac9
eventtraces/e2/30011/usable_only/hard/runtime_parameter_snapshot.json,668,9d74d6e30df783a75d1e1c5ed74e00f754da7ecfc914b6e8fc9f48db73362ff2
eventtraces/e2/30011/usable_only/hard/usable_events.parquet,42531,d35a553e4ae0b9be41c7dd0b08d3f463e20c85184f9328f28f71fe9d70dbe39d
eventtraces/e2/30011/usable_only/training_eventtrace/events.parquet,241663,9d7e447f11e35d9ff79e0ab64c771cbd189c100643a4ed0b21508cc1979fcbf9
eventtraces/e2/30011/usable_only/training_eventtrace/metadata.json,242,e6361d034eee7851aef6f2e9cd95ad624473abe05c68d66d9f7e0ebba401e7d4
eventtraces/e2/30011/usable_only/training_eventtrace/trace_identity.json,544,c453ffc176bb513e7ee727c6c0fdef3586f459d616e98c2c27eb8fc8b132110d
eventtraces/e2/30012/balanced/eventtrace_identity.json,1474,4969ec58130779c8ab6bd041053cb0401acf8818cf33790b315af5865e63b8a8
eventtraces/e2/30012/balanced/hard/client_window_activity.parquet,8345,d6dbee5bc8d47ccfd6804376d99e6701e40e604f3431fca479ecaa6e6e47fa0f
eventtraces/e2/30012/balanced/hard/eventtrace_manifest.json,635,01fee0c15dacdce775701e6832e35d0e0d9e8178b9a721affa775b0502914e85
eventtraces/e2/30012/balanced/hard/failed_attempts.parquet,21910,27541630cf26642554236ea88a104c8fda4f60994c7250b56a3930c073571329
eventtraces/e2/30012/balanced/hard/hard_arrival_events.parquet,188444,0a2835ad25912249f9bb689253aef65fe2c43b64afa54b88009cf77f026cfa56
eventtraces/e2/30012/balanced/hard/observation_events.parquet,247546,8342bd65816c461ddb7641555552bdbb92293cb84932ed96b896ef1eb1423686
eventtraces/e2/30012/balanced/hard/opportunity_events.parquet,435260,8b7deecbcf8c16d5e94465bd2671e9624003b2c1a14088b1b3a420185b84e1a9
eventtraces/e2/30012/balanced/hard/runtime_parameter_snapshot.json,664,cb77d886ef29464c8571906fe7250341af68c82f1fa17f0a2d485f4be0b8a0e9
eventtraces/e2/30012/balanced/hard/usable_events.parquet,42242,02d154d2ba5ccf4f92dd6234532cd9b55d000fb8c2a9f1ad2dad142b6261da34
eventtraces/e2/30012/balanced/training_eventtrace/events.parquet,240777,6834c3008c9fc440a201250f12400669f8f06d16d72a1ef61c5c4380bf340e94
eventtraces/e2/30012/balanced/training_eventtrace/metadata.json,239,3c65667969d6bceb5b03c97d3d73d9bcd0b8eb243ed6839e8f0c226619ab1951
eventtraces/e2/30012/balanced/training_eventtrace/trace_identity.json,541,9b420556283f409ec256d41f406d7499462153deedbf9c93d612bb819fa224b6
eventtraces/e2/30012/complete_aligned/eventtrace_identity.json,1519,c4bb482cb60baa818870f452a258041bd7d972d150bbc7d7882ab8b231addebb
eventtraces/e2/30012/complete_aligned/hard/client_window_activity.parquet,8473,c1a024b7d7f8f80cb30f6b54393a9d7d767e69f99f092a6f0aa3bf03142e5c25
eventtraces/e2/30012/complete_aligned/hard/eventtrace_manifest.json,644,5a6a6740b534db7704baac3d5a72e3beaf6fa068550011e9bc8f91f0501c75d6
eventtraces/e2/30012/complete_aligned/hard/failed_attempts.parquet,21488,407ad2e97a74de610236bf20f5d9906a53ab03e45a74253f87d197bc342ad872
eventtraces/e2/30012/complete_aligned/hard/hard_arrival_events.parquet,187633,0d07c287623b189632365d07382484149729e009b9cb24d2a97f2a9cb728877c
eventtraces/e2/30012/complete_aligned/hard/observation_events.parquet,247568,fb41b497abfc13d3623fb359010441c3eea3afde567e9d75ef4932ede4ecb4a2
eventtraces/e2/30012/complete_aligned/hard/opportunity_events.parquet,435344,26bc4742025d46c62b03da35bf12a004000c7fa65bd2e14988231691c80987eb
eventtraces/e2/30012/complete_aligned/hard/runtime_parameter_snapshot.json,679,7145c2e22340c777da1dcfc7e5ff07be3859ccec6c1a7886236e020eff1f04ee
eventtraces/e2/30012/complete_aligned/hard/usable_events.parquet,41532,b9c0f631be407f80cf826f6ed2a1584b28ec39b0f199f852b4153643e12b0882
eventtraces/e2/30012/complete_aligned/training_eventtrace/events.parquet,239783,fb56cc2513b6dca611302457b71e5a75600b91bb753139213644792cfc292fa1
eventtraces/e2/30012/complete_aligned/training_eventtrace/metadata.json,247,af16b9bf0a62a7bbe005f1d7ec9c968920f7a1c65b2e8e5f0885bceecd685362
eventtraces/e2/30012/complete_aligned/training_eventtrace/trace_identity.json,549,aafec3051095baeb74f6c681aa3d17bdb7f603204884ed7b98e8b1917d8b86ce
eventtraces/e2/30012/complete_counteracting/eventtrace_identity.json,1546,a2922b12073d4a02cd18b088b9a4b716356aadb5e4356ed8900e3259a9f86fa8
eventtraces/e2/30012/complete_counteracting/hard/client_window_activity.parquet,8473,99616ae77f98c4b87d74d3327ed121b544909fa59df7fb0e4f9bb6483319b95d
eventtraces/e2/30012/complete_counteracting/hard/eventtrace_manifest.json,650,3342d608ef150b963652afd2fef64d637064e9f828a12a87a8b1e6749791a806
eventtraces/e2/30012/complete_counteracting/hard/failed_attempts.parquet,21475,5ae518a18a518e4cb3b44c7e6ed606bd1984c02c39e254f5765340d0b2fc974c
eventtraces/e2/30012/complete_counteracting/hard/hard_arrival_events.parquet,187985,4148138a92fcbb30df0cad4d4e83244d312d86ec3f749b433d1265b64075c1ac
eventtraces/e2/30012/complete_counteracting/hard/observation_events.parquet,247598,c35a78e184ea35454a299ce35513e2a4b46a4d1ff240c072474841e09552cdba
eventtraces/e2/30012/complete_counteracting/hard/opportunity_events.parquet,435386,b5d144e372ed0390eb8ab6c60d01fcf628aa87175cd0e7c5635750fb871d2c41
eventtraces/e2/30012/complete_counteracting/hard/runtime_parameter_snapshot.json,680,ea9655f9426f82a7091bdaa44e3251856161e9d3ec4b7f9e6d34338f49f847fc
eventtraces/e2/30012/complete_counteracting/hard/usable_events.parquet,41539,dbb470a25be149428181d9098e3e482aa535d7e4e986a0422cbee3b48fecbc70
eventtraces/e2/30012/complete_counteracting/training_eventtrace/events.parquet,239690,7eccb3c2d6579c9152f2e6eed1c6fcee2d51ba6f2ad4d1ed9309610a49e7a3a3
eventtraces/e2/30012/complete_counteracting/training_eventtrace/metadata.json,253,b9b45723bcab0e3b0345c3cd42ea0a8c0635c03e6d4b0d69c4eed371580628e5
eventtraces/e2/30012/complete_counteracting/training_eventtrace/trace_identity.json,555,ae837762492559e0973f2b4b51fd173b4d080cef552963496e4ac606129f62a0
eventtraces/e2/30012/observation_only/eventtrace_identity.json,1516,485009eceb9690d3d0650c0b531bd868e6df3c8ee6745709adb2ed948b71bc50
eventtraces/e2/30012/observation_only/hard/client_window_activity.parquet,8349,1ef5ed7cd33dd8d2859166348a7fa5fbb0688fc447b37d00dddf512e9f8f0c08
eventtraces/e2/30012/observation_only/hard/eventtrace_manifest.json,644,be07b2c5bdb8dabe247bab8f4021989d362d4502eb7a634265665a43090d6e46
eventtraces/e2/30012/observation_only/hard/failed_attempts.parquet,21312,9b548430dc79e0cbf026fc40fef8788f0a644420a3fb401499ded5b89e5544b8
eventtraces/e2/30012/observation_only/hard/hard_arrival_events.parquet,188224,f95a1771454f249311bbdcbe44ddf171111cedcee3cda027b5fc664c70ead08d
eventtraces/e2/30012/observation_only/hard/observation_events.parquet,247728,758786c0ccbba2879630d17f677b1ce071fd25ce06d435fab62f5213ac0b8a5c
eventtraces/e2/30012/observation_only/hard/opportunity_events.parquet,435316,6aa68c39295748697f417800494d04821c9bc298588dcef906cf5eba375973fd
eventtraces/e2/30012/observation_only/hard/runtime_parameter_snapshot.json,675,3aa162965452191f46524bf1918dad5f0677f028aea812af10f424f3cffe51df
eventtraces/e2/30012/observation_only/hard/usable_events.parquet,41517,f7f65cd81580c130b23dbdffed4571b247b0e424e1ba46353d58db470d0c1822
eventtraces/e2/30012/observation_only/training_eventtrace/events.parquet,240389,3534ab019c340aefd9b292ded3a485f4941d22dfdaf840eb4ac4785401b3a6d6
eventtraces/e2/30012/observation_only/training_eventtrace/metadata.json,247,f2df11a693353456c35636b12c9e899dea23b95f2f4f6fd0991d7ac62cf01460
eventtraces/e2/30012/observation_only/training_eventtrace/trace_identity.json,549,27f416eb3b56c402eab006aa575be34d6076788fd94221136535054927206069
eventtraces/e2/30012/opportunity_only/eventtrace_identity.json,1515,4f81a029ae2ecd2f6e9f7f8b639986095389c89b7d0619e795cbb9cf4496dfa8
eventtraces/e2/30012/opportunity_only/hard/client_window_activity.parquet,8355,4efe44eb1d42663c8f040aaed0309a12a10ef8cc6662b23e1d5fa8377d74efb1
eventtraces/e2/30012/opportunity_only/hard/eventtrace_manifest.json,644,fa037412eb0d4ce1e60bd29d59ceb31cd88ee93b288f7412b4e5652ba77d38eb
eventtraces/e2/30012/opportunity_only/hard/failed_attempts.parquet,22051,d67b3ae07feb453ae9b2d4118bc3eab947a418769b147e448386f77f5f6b9971
eventtraces/e2/30012/opportunity_only/hard/hard_arrival_events.parquet,188422,b8e3ecea7913b7a9cfd9a6ce7dfdfb9cfadff5a56147879d1d12dc9dc604fbc8
eventtraces/e2/30012/opportunity_only/hard/observation_events.parquet,247420,bf54acc1d9ab7ebc235b6f322436e512229c883d14e552e5ffc63553887a7775
eventtraces/e2/30012/opportunity_only/hard/opportunity_events.parquet,435344,37c1c8f1a2549d134a55557b5c1a9610eda7b32bafbb409a949fada4db10298b
eventtraces/e2/30012/opportunity_only/hard/runtime_parameter_snapshot.json,673,cdc174062270cf978500449d1b18321d76d92da93dad032f9d92a98208be9696
eventtraces/e2/30012/opportunity_only/hard/usable_events.parquet,42562,7d8889ac78b53160374cf9824adbc74fefceb73541086d070bd2254d4768a4cf
eventtraces/e2/30012/opportunity_only/training_eventtrace/events.parquet,239748,2e4672b2da107a329429a79cd23b1dbef275e09a4c06eb444a5b8979ebb8608f
eventtraces/e2/30012/opportunity_only/training_eventtrace/metadata.json,247,076508773bb8abd3fc52e4bbdb37f6e31f25b5b318c1751cd76bea561fa2df7c
eventtraces/e2/30012/opportunity_only/training_eventtrace/trace_identity.json,549,a4b153f34c7c9033525625f6eb78afcb10743c0872e70516f625f0a541fe296a
eventtraces/e2/30012/usable_only/eventtrace_identity.json,1490,0fb709d176c1681b54d89be7d867d62fc1b1b3edbf81e46b8c69dcc263f912de
eventtraces/e2/30012/usable_only/hard/client_window_activity.parquet,8450,e4b0a1a91d362e3353b894b07a9d9babad0574545724798b0b403657d1b8672d
eventtraces/e2/30012/usable_only/hard/eventtrace_manifest.json,638,8cee62cb7e9be60080f229e6c2a975e69b9f767a262246a44a23069aa4d62872
eventtraces/e2/30012/usable_only/hard/failed_attempts.parquet,22020,c7ab29f681faee3eeacddf9a07a1d01faaca9ca4b883816952d46c3f4ae189a3
eventtraces/e2/30012/usable_only/hard/hard_arrival_events.parquet,188504,78be087a689726e573189c20912e285d0f5986d9558e6a573662332fc6985eb3
eventtraces/e2/30012/usable_only/hard/observation_events.parquet,247561,71b2d896667eaaf883b3ef3b7251e71a96b6974acc3130e4cfcb2a71a05eb6da
eventtraces/e2/30012/usable_only/hard/opportunity_events.parquet,435281,e0d6e62c885c554b7f690fe21ee9e05e6adaa04d339fe0fe9278a0971c5cf908
eventtraces/e2/30012/usable_only/hard/runtime_parameter_snapshot.json,668,7a8ec04d1f6f5e38895b6aa234e74958a7ef8d47701645ce1d6c724af40bd166
eventtraces/e2/30012/usable_only/hard/usable_events.parquet,42466,a4145c44d4c34bb6f682c52f3ce58e1f4a4d65a7c96a039953601cee6ff7faf1
eventtraces/e2/30012/usable_only/training_eventtrace/events.parquet,241306,20ecf6ea83e2e94042512d32c3d502918cbc3f210010e599ce11e49b29eef6de
eventtraces/e2/30012/usable_only/training_eventtrace/metadata.json,242,312e565791b6860913011a5564d2a4f6d4164c16ff26c193ecffe4f14b8e4281
eventtraces/e2/30012/usable_only/training_eventtrace/trace_identity.json,544,d379f234413dee115703063726958a748772a2d5e0bbe1a2e57f27d3fac834ea
eventtraces/e2/30013/balanced/eventtrace_identity.json,1474,b186391d6139340bbecbd2056a9d089bf48a489c66f512bef4b5afe0a10485b7
eventtraces/e2/30013/balanced/hard/client_window_activity.parquet,8351,7435e690d80347a019958a1a7929ae8e50240cc6c16c563842ef1287e6ba9b67
eventtraces/e2/30013/balanced/hard/eventtrace_manifest.json,635,3e0dedfa1e32e24e65d773968ebe3624caee8dec138f6ea7233c37c3e4bef0fa
eventtraces/e2/30013/balanced/hard/failed_attempts.parquet,21797,3f90c15a55bb2bdb5249bcdcada3faca164e74e0721d286f79cd9cb4ac698d33
eventtraces/e2/30013/balanced/hard/hard_arrival_events.parquet,188476,ae84c8a44e62ced0e624d47b6658206bdca7672d452a2ac694a9b434b26ffcdb
eventtraces/e2/30013/balanced/hard/observation_events.parquet,248989,b7e92b2d92f196a20f90b89ad2f445bb84a6333b1b1a3b4fb556afec0af0fef3
eventtraces/e2/30013/balanced/hard/opportunity_events.parquet,435260,a57bfebfb01096bf1c876349353b6a585a7df324fefc49d8269b9ff8161f3f06
eventtraces/e2/30013/balanced/hard/runtime_parameter_snapshot.json,664,ef64f3101ba28601f04f3d497030c214d76aba65fa1fdfd4e099cda44a18acb8
eventtraces/e2/30013/balanced/hard/usable_events.parquet,42218,9236f4bdc9e9619dbcee3f74a8941f30e0ae486c2140fc50ec840ca77acd2d04
eventtraces/e2/30013/balanced/training_eventtrace/events.parquet,241611,12dc04a63403f4d630a2d99ff82bffd346313d2f05a2ffced4909d8f69847a76
eventtraces/e2/30013/balanced/training_eventtrace/metadata.json,239,c1cfcf69a4650c7850685da385837bf81a69cc2aa476535c23414f468ffdbd8f
eventtraces/e2/30013/balanced/training_eventtrace/trace_identity.json,541,97ea959ebc240420e5b1779dbfea5e2e925ce8f85e74c0d26dd760c932e2dca6
eventtraces/e2/30013/complete_aligned/eventtrace_identity.json,1519,9b055d77d2c91c0d0e67762103a6a789a365fde2849b2d2abee1cbd677b86bc2
eventtraces/e2/30013/complete_aligned/hard/client_window_activity.parquet,8449,979155c817e4531c34468c335d5546e8a1aca8ceb014e93c00e560c3691c30a7
eventtraces/e2/30013/complete_aligned/hard/eventtrace_manifest.json,628,53362c8c76b43d85127a141f21c1591373ac180955a195dfe9b614694ef8d317
eventtraces/e2/30013/complete_aligned/hard/failed_attempts.parquet,21247,37710a7e0c0d30820d7afd180e405eefb87e73c7f6b8fbacb8f94ffc1f902a9a
eventtraces/e2/30013/complete_aligned/hard/hard_arrival_events.parquet,187472,a346aff0fa832ce1e255a49f9025f1db288f5d7b68270778fac2f8a1e24f65ac
eventtraces/e2/30013/complete_aligned/hard/observation_events.parquet,247700,3c4390b0274f0968f830d60dbc8125e020193cdc511604c485ca371a9c5a1a49
eventtraces/e2/30013/complete_aligned/hard/opportunity_events.parquet,435344,d0563785d678148e78882aa719eac7b141c7466fd6d74a05b6bb4388d31dbcd8
eventtraces/e2/30013/complete_aligned/hard/runtime_parameter_snapshot.json,679,b32b0365617a15c2801cccf43fadae0d998ef81b60fafeb77491b6c404ffd4bb
eventtraces/e2/30013/complete_aligned/hard/usable_events.parquet,40782,f9659d10435262148cc07529feb27686cc31b7069c45d69a0411bb37789ef239
eventtraces/e2/30013/complete_aligned/training_eventtrace/events.parquet,239554,895cebb79ae04fb321999a0407431675f95aa8c358661fe05bc4452908db30f5
eventtraces/e2/30013/complete_aligned/training_eventtrace/metadata.json,247,24cd06c177d3d75b3346c8a78d7188bca61c1bdfab341c4fda9f862c86640d7c
eventtraces/e2/30013/complete_aligned/training_eventtrace/trace_identity.json,549,4dbe2eb494fcb42cef68ed0ac379cf29c8fe215aa878f804dddf63e16685865d
eventtraces/e2/30013/complete_counteracting/eventtrace_identity.json,1546,97fcfed32bcdcd970881509c66134e1f87484baea83cd230bea2e7bcb5556cd6
eventtraces/e2/30013/complete_counteracting/hard/client_window_activity.parquet,8449,67f171ea4cd89b3d9a6cfc0b4f8afad47cef90986e1b965d42372f900cb33dd4
eventtraces/e2/30013/complete_counteracting/hard/eventtrace_manifest.json,634,daeb49675d9815a3278c505acc63074caad8f98b462df78ada7869f84d190deb
eventtraces/e2/30013/complete_counteracting/hard/failed_attempts.parquet,21255,f069ce3cb9ef2f375389bb08691839c306650d9b9e36d923d57dfa19147ab638
eventtraces/e2/30013/complete_counteracting/hard/hard_arrival_events.parquet,187968,989328133e11f1c9bed13be2cc2ea047786188e6fa89bd4d4542f304a70e6379
eventtraces/e2/30013/complete_counteracting/hard/observation_events.parquet,247730,5783f549fb3158178b7e141a7c52c09170868da1f505c74f05e4b6afa7a8b63e
eventtraces/e2/30013/complete_counteracting/hard/opportunity_events.parquet,435386,efa30562b2bac0baf2508e0d78b240ebea2b621f424601f125f5fb9bb56c4d6d
eventtraces/e2/30013/complete_counteracting/hard/runtime_parameter_snapshot.json,680,71e581541f8afcacb313bee17d66d682b8d5c4a7fd7a504d54514397f89fd4b3
eventtraces/e2/30013/complete_counteracting/hard/usable_events.parquet,40800,4dc6ab75965d6b93d3842b523bc87eae49540e0ae48a752aedbfeaf8e20c0748
eventtraces/e2/30013/complete_counteracting/training_eventtrace/events.parquet,239538,da45b7d2b5f4185fda8fd349bd5303bb3b7e98294cb827e4d6637ad5bbc41477
eventtraces/e2/30013/complete_counteracting/training_eventtrace/metadata.json,253,c5a6e6703c7647f83e2b587ac258a4680213128798bc9a1bd9f2277cc6046b2b
eventtraces/e2/30013/complete_counteracting/training_eventtrace/trace_identity.json,555,c5951888c7aaa52a1673911d38f880fc0022b1d3891e09a04995080022309e6e
eventtraces/e2/30013/observation_only/eventtrace_identity.json,1516,de20103810413696f3ac5f9474a47b984823147e3e4938cf05587c3d5b876c0c
eventtraces/e2/30013/observation_only/hard/client_window_activity.parquet,8346,d5b9d264d8d0f2c44d928ba92312187ca64a2fc64a8c7c92ea068e41d942dbe3
eventtraces/e2/30013/observation_only/hard/eventtrace_manifest.json,644,5f67676fa2fa7312e98e987c7bb54045d6d68c8cc12280fbfcaf6411061fea83
eventtraces/e2/30013/observation_only/hard/failed_attempts.parquet,21628,dd63bb4fa92fc591739aa525fcb2a7f90a056dc5457fb37083f7dacaaaa2656b
eventtraces/e2/30013/observation_only/hard/hard_arrival_events.parquet,188221,2c94f86aa4d90efffed7af9bdd709406e8975ec85ba2f16588606af01cf3f36d
eventtraces/e2/30013/observation_only/hard/observation_events.parquet,249176,7bfc1350cbba8e1ebe93203eb2c4fff171492baee745b005b669058e1d3666ee
eventtraces/e2/30013/observation_only/hard/opportunity_events.parquet,435316,e67c12237abaaf0110b227775856c41919b0d1dd21cb5e2759c9be29c0c784ff
eventtraces/e2/30013/observation_only/hard/runtime_parameter_snapshot.json,675,b05897430f6e0322ca839479341e9157047294439ba1b56cffdb4c25cb0c9520
eventtraces/e2/30013/observation_only/hard/usable_events.parquet,41672,1bb9d0fb797dc0126593bb0a5773db3074705f21105fbcf3253aed14e96cf8bb
eventtraces/e2/30013/observation_only/training_eventtrace/events.parquet,241497,67f241078a77471e9ef95be6a1dd88807fab5ed3d512a424548912ea3ef3c5ef
eventtraces/e2/30013/observation_only/training_eventtrace/metadata.json,247,2422bc53636d7aa1a0515c6f43b3ed08f17fb494f0a42d32571eac31b02169a6
eventtraces/e2/30013/observation_only/training_eventtrace/trace_identity.json,549,6ebf5d70cd7e542f8a2eeb875c1062d38a65e6e5163524dbfc4cf03b87840214
eventtraces/e2/30013/opportunity_only/eventtrace_identity.json,1515,1c6dda03d393b48029f9be1a3147eaaa80b70dae3dc8f75b5cfbfaf44917b59f
eventtraces/e2/30013/opportunity_only/hard/client_window_activity.parquet,8346,5a3dc036ed4c106e07ca4c35ed23a64126a3ec80d722533e065505d7307221a3
eventtraces/e2/30013/opportunity_only/hard/eventtrace_manifest.json,643,5e75ab2bf4f43c9ae7a4c5198095fa39ac16246fc76937cb29f5680cce6380f5
eventtraces/e2/30013/opportunity_only/hard/failed_attempts.parquet,21553,8770bb3f72a2935c803f9c89c879be5d6d69a314fd64e6f396d4fef44be98c08
eventtraces/e2/30013/opportunity_only/hard/hard_arrival_events.parquet,188289,52c956734eeada128f607f5796e2d1c0353a5a959cf772de6c2796cc7d94e86e
eventtraces/e2/30013/opportunity_only/hard/observation_events.parquet,247550,e4b9d7f67a7c6d76777ddb8a030bcbdb4b163b68ad5503cf609d4703c0e983b4
eventtraces/e2/30013/opportunity_only/hard/opportunity_events.parquet,435344,5a5841794bd431a58690d4539b7bf6d2ee05b72c01c9d040f3a585df240a963c
eventtraces/e2/30013/opportunity_only/hard/runtime_parameter_snapshot.json,673,bf1fc6dda52b5531ec267016c333a5425f1b4cd5473e21f642b8affdf280a567
eventtraces/e2/30013/opportunity_only/hard/usable_events.parquet,41956,d680c35ac9633b1733be70da623d2f01cc828840ac17744a45a44b19f4b48070
eventtraces/e2/30013/opportunity_only/training_eventtrace/events.parquet,239651,4a1e5e585a42dcb3112d5894d2b71e03c89af832fa5525d6d5fce215dfe3f15d
eventtraces/e2/30013/opportunity_only/training_eventtrace/metadata.json,247,ae2182d9b52bd66a4bd3f4779a547582291f1ee5c3f1698ccb04ffbaade51e93
eventtraces/e2/30013/opportunity_only/training_eventtrace/trace_identity.json,549,9a84ba8369edf0a7296e51ef72bead314101a98fd47ff82f8edd0686448cbbd9
eventtraces/e2/30013/usable_only/eventtrace_identity.json,1490,aa8879db0cd70b6fd601515464f7d14666529d3f9939fd8a2c20f3ef603c6f78
eventtraces/e2/30013/usable_only/hard/client_window_activity.parquet,8456,868f99bf4adc2af3c4bbfb1b274d9ccf6efa6839649cbb5a45a97163fbf70dd3
eventtraces/e2/30013/usable_only/hard/eventtrace_manifest.json,638,6e47869000ed04faa7e3f8950d31368c13d413582dd0e72091ef47c5e65a3e6f
eventtraces/e2/30013/usable_only/hard/failed_attempts.parquet,21982,20098ff2599daa9d9aeca98af06a4c747390eb6e33a928c3e25f703a72260bb5
eventtraces/e2/30013/usable_only/hard/hard_arrival_events.parquet,188393,96a9575400401bd16326e5e459564c55291d1b3c01b6c3a74adfaa74fa24f7fb
eventtraces/e2/30013/usable_only/hard/observation_events.parquet,249004,4238e872a39ab8d383f5f15d9bfd486dc49b1019ccd6c95e5dbd33cf200e1924
eventtraces/e2/30013/usable_only/hard/opportunity_events.parquet,435281,deecbedfcbce1e698d72768a97d373dd0b5daf1dbe06ba8a1f7ca06a356c788c
eventtraces/e2/30013/usable_only/hard/runtime_parameter_snapshot.json,668,d626f445d68134b0742d12a99975cc6c0b51ccae88caffca4dc149cc65196a7d
eventtraces/e2/30013/usable_only/hard/usable_events.parquet,42443,58b84660c540944db7bd8d186d0fc0c7503f806bd8855b8c543131b13dbe2e50
eventtraces/e2/30013/usable_only/training_eventtrace/events.parquet,242146,ba1d84aebb4539f145ce0080605831b56f673c0c0b369d0d8ad6088f316f73de
eventtraces/e2/30013/usable_only/training_eventtrace/metadata.json,242,1de7970b6f0b54871bc94e12b7ef607b05c4285777abde3f954d65748ee0f733
eventtraces/e2/30013/usable_only/training_eventtrace/trace_identity.json,544,3cf32838c621851fa154fa6757435645cf29bcf92620fa7db53db60f9c6835c1
eventtraces/e2/30014/balanced/eventtrace_identity.json,1474,64d016bd1a43ce6645d00b8326f035f877eef5bed9179bf21712c671917c335b
eventtraces/e2/30014/balanced/hard/client_window_activity.parquet,8345,9ca6a4c2e9eff3b6ab0754c47d639857b9b4670e7ce7b3455e9734f373acb634
eventtraces/e2/30014/balanced/hard/eventtrace_manifest.json,635,0acf5ba09c00b263872776ee0c774252d977e81d45ee2987e716ce0dbf80dace
eventtraces/e2/30014/balanced/hard/failed_attempts.parquet,21631,71b93270f56ff0cbec12e4c15f2133f4b2cdb620df9159f880fb531198f85e3b
eventtraces/e2/30014/balanced/hard/hard_arrival_events.parquet,188372,e9e61c3fafcfb982782712039f6f790504a5e1980cd20761c95010a8c1f5e5d0
eventtraces/e2/30014/balanced/hard/observation_events.parquet,247839,f9e44c41c4d45083ffbd975154a2076d81553648735de0583d43867762a32af3
eventtraces/e2/30014/balanced/hard/opportunity_events.parquet,435260,0f6d9d14ac5d8bfb2c990d53f5a3c0b237e2ce6e64c0894c5261d17fa5488a68
eventtraces/e2/30014/balanced/hard/runtime_parameter_snapshot.json,664,1616eb3298a2af12973739c63f23e09573973330a8a993f30c69b3ccddfb0605
eventtraces/e2/30014/balanced/hard/usable_events.parquet,41729,e28d250b9d0624ec6c3eded56832f6b593e7a5db20f89f6d624046960af3f7fc
eventtraces/e2/30014/balanced/training_eventtrace/events.parquet,240052,125ce793ee26192125ff93c640abf9be2750e9ece941f172d412ea8d63e7e44f
eventtraces/e2/30014/balanced/training_eventtrace/metadata.json,239,657a3222ac295c390343d2bf1a1803039a611eb5ce0b5eaa833774e51cc81d5a
eventtraces/e2/30014/balanced/training_eventtrace/trace_identity.json,541,baf8558d561c1f2ac4556147948996bd0ad055b07788367dca6b056bbd1ae6a9
eventtraces/e2/30014/complete_aligned/eventtrace_identity.json,1519,0981ed73052f675e4dc555d68eec1b53a01bec490a1dd55ac3af6b51a4c21cb9
eventtraces/e2/30014/complete_aligned/hard/client_window_activity.parquet,8451,4530d183683632c0f89db8ab5238540a49910928ee8af9079753f6b21988b760
eventtraces/e2/30014/complete_aligned/hard/eventtrace_manifest.json,643,b928dea3fae7b10d3eb40120f9d1de1ae1f1b458213179ceffe3a3756e868877
eventtraces/e2/30014/complete_aligned/hard/failed_attempts.parquet,21243,15ed22ec39b2fb304f7941681d57b5bdad6d27f19e206345a107a8ae223ca7da
eventtraces/e2/30014/complete_aligned/hard/hard_arrival_events.parquet,187459,8a741594c8d35e954d48ae803e2ba707f0d0232b78c71b4c9b9be109d3de6709
eventtraces/e2/30014/complete_aligned/hard/observation_events.parquet,247708,ca65b74fbdd9abd56ad7b89d25c198f833f7634444a0ce9c3178c50705173482
eventtraces/e2/30014/complete_aligned/hard/opportunity_events.parquet,435344,f360776a2092908ec3f7439f1bce86d1644cb47941d9769522b40036c686fdb6
eventtraces/e2/30014/complete_aligned/hard/runtime_parameter_snapshot.json,679,93c350a2a139e91670ee99d1f065413c74b9aa250cd86931de181a478e380369
eventtraces/e2/30014/complete_aligned/hard/usable_events.parquet,40505,8400044fdf944240275d42d2a6d88c96d4d0ef19601bd3d52bbc4d0615a53e1a
eventtraces/e2/30014/complete_aligned/training_eventtrace/events.parquet,238579,fc1e78f215f70d376cc6811dcbf26fe5a549463d6b399acc2ddf2bd5779a2ae5
eventtraces/e2/30014/complete_aligned/training_eventtrace/metadata.json,247,eebb001f7745881b84bb2c8d70877905e7db4c1620c5e373d7d5bd00f9695114
eventtraces/e2/30014/complete_aligned/training_eventtrace/trace_identity.json,549,2502c99ac85273466594a1d98f6c79c664a5495887a14b6bc3ade8bae334846b
eventtraces/e2/30014/complete_counteracting/eventtrace_identity.json,1546,b644509e02ea78e884d111205b6800e0f7943c8e8b8a674b81689da06b8e8e62
eventtraces/e2/30014/complete_counteracting/hard/client_window_activity.parquet,8451,2a45294c7d04d225b46d13ffeb9f3325f175567b7ab73306ec6c74ea75c35bda
eventtraces/e2/30014/complete_counteracting/hard/eventtrace_manifest.json,649,f675d0b77cb762a6710bb8480a93beca1b9ad422749238e0837a371c7d766bdb
eventtraces/e2/30014/complete_counteracting/hard/failed_attempts.parquet,21349,119b740983ebb3f117f73c641d4153d1868268b0e5c664612535fb8a1d500895
eventtraces/e2/30014/complete_counteracting/hard/hard_arrival_events.parquet,187775,e678b114e6c69d9cd60bb5409adc3853a41d43ae0e77a22146e1a0e51412c41f
eventtraces/e2/30014/complete_counteracting/hard/observation_events.parquet,247738,29c8f205e5e80efc9fc1f35473ea7f330ef1b9a757c6fb5db1b1ac1459a188a9
eventtraces/e2/30014/complete_counteracting/hard/opportunity_events.parquet,435386,62f5fcaf1dd36218d426702d55815bc79eb435a115231644fe024c633c097510
eventtraces/e2/30014/complete_counteracting/hard/runtime_parameter_snapshot.json,680,0e435346531631f6d954dccfa4f3cd9f0c73ec9bb38bf7ecede0c1d1676c07d5
eventtraces/e2/30014/complete_counteracting/hard/usable_events.parquet,40524,e4ba5f0dee5b6077d7c895124cb966ac819521647ffc1aefed3ac3ccff1da420
eventtraces/e2/30014/complete_counteracting/training_eventtrace/events.parquet,238577,fdd661a0f8f2ba503895e1243b7ac905fab036bf39223d6ec96f8f7482c1217a
eventtraces/e2/30014/complete_counteracting/training_eventtrace/metadata.json,253,f52ee3863c901d66f21f4e57bc6aa00e3f8f7e7752225c161d4919914746eb63
eventtraces/e2/30014/complete_counteracting/training_eventtrace/trace_identity.json,555,aeebcc80bda4252c9cec2d8e5c64b083aeb19595322d4842354c8d46b19ade44
eventtraces/e2/30014/observation_only/eventtrace_identity.json,1516,fc20aab4b25c211db8db9830c8a5221fc4a2aa485f015f78e885eb051131ddec
eventtraces/e2/30014/observation_only/hard/client_window_activity.parquet,8354,005d66e2f2084e6067b319a7031f7820bdf33c46a67f34b60a29c9c929f0c819
eventtraces/e2/30014/observation_only/hard/eventtrace_manifest.json,644,9b0f0fe7a627d2d8a233f353e18f3bd2b8ff2de356b430b035d33404eec2e60b
eventtraces/e2/30014/observation_only/hard/failed_attempts.parquet,21642,2252cdcc21e511aa65d5519cf7e5271a0cb1b086ac9856833bfd9c09caee5058
eventtraces/e2/30014/observation_only/hard/hard_arrival_events.parquet,188029,0f34d0dad8433262a0bcf23f966c86ed6567d33c6a7136c46455cb7e18c88802
eventtraces/e2/30014/observation_only/hard/observation_events.parquet,248018,f6ff2e9eef0445b40feb2e7aa22fbe4299460b3db4cabef6b8648119813af2ec
eventtraces/e2/30014/observation_only/hard/opportunity_events.parquet,435316,9bf48cc369a707fc6b540f1109dffba460d5525e8674a68989f6153e6a955177
eventtraces/e2/30014/observation_only/hard/runtime_parameter_snapshot.json,675,d7ef4f7fcb852c9c1a32262e9381ba413e39d0b8e0d601ee442798d0b04fb032
eventtraces/e2/30014/observation_only/hard/usable_events.parquet,41278,2dba54ae02059ec125cba509359b1db048d33e50e07b3f1df76798755cac7ede
eventtraces/e2/30014/observation_only/training_eventtrace/events.parquet,239880,ab39acd8970534ad4e2d409eb91f15f5341484fd72708f61c2bc73bd2f389656
eventtraces/e2/30014/observation_only/training_eventtrace/metadata.json,247,2e7d4a7cc7bf76e272374ff290c95e11eb8b9ef90ad22c0fa7d5080e64d4185f
eventtraces/e2/30014/observation_only/training_eventtrace/trace_identity.json,549,cd732e446987a88fb9632c0bd7e7e15a348388c8548bf1617c6f24bb8218959a
eventtraces/e2/30014/opportunity_only/eventtrace_identity.json,1515,d18fddfcc7a313d71411ea1230b8a6f90dc64507b49f61f3e6c40d4b3422c4b7
eventtraces/e2/30014/opportunity_only/hard/client_window_activity.parquet,8339,feb351b3afbc69a2d07bbce9b1af8e042a3864209e15fb8487853a502078b42a
eventtraces/e2/30014/opportunity_only/hard/eventtrace_manifest.json,644,cf703c751728b92bfdb94c2827c4fc74f599a08dbba26490c93f56fc7e0f358d
eventtraces/e2/30014/opportunity_only/hard/failed_attempts.parquet,21779,8ef7159595d8796bdfd67fc662e04bbe12ab549b7e8ba24f25fb59e973ba7f73
eventtraces/e2/30014/opportunity_only/hard/hard_arrival_events.parquet,188263,340196c3a9cd67cf5b109f4abe616ae9ddee3f7926685c4f18dec46258a8efa0
eventtraces/e2/30014/opportunity_only/hard/observation_events.parquet,247556,57b9b2eaec04d2bdb2bcf1ff8011096558a6ece08894d8ace4b303c0f65afa50
eventtraces/e2/30014/opportunity_only/hard/opportunity_events.parquet,435344,ffab002812629b3f80381ee7e91bff4c9c8b132653560c579debf940ffe2cc44
eventtraces/e2/30014/opportunity_only/hard/runtime_parameter_snapshot.json,673,e90d91eb81945bb5be6e78e10387d3260005301f117336e49acc70cde2b10828
eventtraces/e2/30014/opportunity_only/hard/usable_events.parquet,41774,1e5a110c899d14f0c1fc9589c51127813477a5c4156da73a7f6a8ab0af8484a9
eventtraces/e2/30014/opportunity_only/training_eventtrace/events.parquet,238867,b8aeb2fa596f0beb265b7883a0e32cb07a069b743ce46caddfb2ed7302ddf7d2
eventtraces/e2/30014/opportunity_only/training_eventtrace/metadata.json,247,18c455a2f5b27c45dae6f35f7bee3fb32ee7c69767ee5f8c8296f7426224e06c
eventtraces/e2/30014/opportunity_only/training_eventtrace/trace_identity.json,549,918b02ca3396ae3fa81af54e9ae6b06f2cd81a711ea1c25418762c0ce96c851f
eventtraces/e2/30014/usable_only/eventtrace_identity.json,1490,4a025144b0b84940a021e76017aeeaef94f3ead4199c914ddc0289857f2560ca
eventtraces/e2/30014/usable_only/hard/client_window_activity.parquet,8450,723539358ab36b3377026a70c82a970601bd083cf2c40959f89008a2806a638d
eventtraces/e2/30014/usable_only/hard/eventtrace_manifest.json,638,4d511ad6d1eb7b1521610eae108350eae6eff175a3aec4b15918fbc406810499
eventtraces/e2/30014/usable_only/hard/failed_attempts.parquet,21769,903ce749bfe70473459fa6995a5c22394c645d64efec276c2fe10376da81de90
eventtraces/e2/30014/usable_only/hard/hard_arrival_events.parquet,188362,d856584025ace66da02fb7a89f8e794f8a00a962e820cace845801b2e71fbe04
eventtraces/e2/30014/usable_only/hard/observation_events.parquet,247854,c58654ab20d661e62c0f75a67aee317ebf7b928be415322778b0e5b1e6afac87
eventtraces/e2/30014/usable_only/hard/opportunity_events.parquet,435281,09e93b4c1cd28f3a129dfbf34ba4266ffeaf62a2af78fb267a31efc404da1029
eventtraces/e2/30014/usable_only/hard/runtime_parameter_snapshot.json,668,ac8d41f98530977f1e9ea5c21f4b8efa2d31d15914f80ea7c5ebe5768c61a71b
eventtraces/e2/30014/usable_only/hard/usable_events.parquet,41953,7d83a48378fead552180698706308d4b1c4b397055819d844454fdec7a8b8c16
eventtraces/e2/30014/usable_only/training_eventtrace/events.parquet,240613,817e0453f54e50a71a94bf1bab60f4e20a0e28e87fb494f6e497607ed17b7fdf
eventtraces/e2/30014/usable_only/training_eventtrace/metadata.json,242,8c791a510d536b5c979339c5ac3b8f3eae4700628ef7dfe44320ddd9e55a5b30
eventtraces/e2/30014/usable_only/training_eventtrace/trace_identity.json,544,4a41f40f7bba32ad41b18242e8cf8b38469661cc980e15bcaa82a768c40ab87d
eventtraces/e2/30015/balanced/eventtrace_identity.json,1474,ddd0dabdca5db676a3ecaf6b1b597421cb86911fed41783b537103154a6cf7d6
eventtraces/e2/30015/balanced/hard/client_window_activity.parquet,8337,5d43bfaf74a9511359ccf0410d7b56c3fa71c5f23d56276773cb80a4bf87ea15
eventtraces/e2/30015/balanced/hard/eventtrace_manifest.json,636,d8f9f75513d5ded90a1aeca8f06f7773e1c9b93badb62885bde7e7809510068f
eventtraces/e2/30015/balanced/hard/failed_attempts.parquet,21129,bae06bb871da111172416f712c5d7d778f79f35c759937ddde0fe9aff908fb7d
eventtraces/e2/30015/balanced/hard/hard_arrival_events.parquet,188579,5fde3642038b98d95c6454bd6d31742a7f9c9d6ddf10f2018f28bc2d68a6f970
eventtraces/e2/30015/balanced/hard/observation_events.parquet,246017,af94c249c9201ebad657e12847285c31b53a47c8a88302c20b16bdefdb4101ad
eventtraces/e2/30015/balanced/hard/opportunity_events.parquet,435260,2709055a61dcc6727e0cbf3a820e546679080c075696519474cd12c66e66cb9e
eventtraces/e2/30015/balanced/hard/runtime_parameter_snapshot.json,664,3d5e3a221ff2004f67cb5ebd7a47574bcae13f16fbecec6394cabb6aab333fcf
eventtraces/e2/30015/balanced/hard/usable_events.parquet,42154,154557739a2c5713c8ab7cf08244b08e267f5e815c57e38f0b4c2494b1cdb94a
eventtraces/e2/30015/balanced/training_eventtrace/events.parquet,239455,3ec678f76f1c3c13a1cc0a184a927f9108306335ea0a22b7d65408ef216ea8d8
eventtraces/e2/30015/balanced/training_eventtrace/metadata.json,239,4084602dae2c262eed0ab7746c57833541302170b8895c1718bfd8077ffd2053
eventtraces/e2/30015/balanced/training_eventtrace/trace_identity.json,541,c8624f0807c627a02915465331a4ea0188a3f411ec95ebbe3a70731bcd3e1573
eventtraces/e2/30015/complete_aligned/eventtrace_identity.json,1519,c311d2c52cc8ceef96807ab681c89d906b5e6a6680546c9d194202e41471721d
eventtraces/e2/30015/complete_aligned/hard/client_window_activity.parquet,8491,de40bfcf238ad11f1d3d388d342190b57ec4d90b6c49533dcfb5470b88c46122
eventtraces/e2/30015/complete_aligned/hard/eventtrace_manifest.json,644,3708953393c7c5e297ca04097e4a686eebd395fef75c542ce3f2dcabe439f7a2
eventtraces/e2/30015/complete_aligned/hard/failed_attempts.parquet,21517,411fa20e49a0200fc3e6e5ccd624a895b9e2f9564fae11e623f9b57874e07fdf
eventtraces/e2/30015/complete_aligned/hard/hard_arrival_events.parquet,187619,540d32490b8a6167d15dcc0133678fb1f9563a7e2f4575ddb843e326dadcdb03
eventtraces/e2/30015/complete_aligned/hard/observation_events.parquet,246860,40a7ee883347dcd4527b4c8699c60a5a2f40658264bad88de679130dbc9566f4
eventtraces/e2/30015/complete_aligned/hard/opportunity_events.parquet,435344,3c05a23cf2768d4536c6734e85df4f8083075dd1598edb96903a2da06ec02033
eventtraces/e2/30015/complete_aligned/hard/runtime_parameter_snapshot.json,679,e577ccc5f656e62d614503e614e57e346a3d85e41a829de8fd8f947ec5b1a5d2
eventtraces/e2/30015/complete_aligned/hard/usable_events.parquet,41593,ff3bb146b826a5676eab2e9c4113a275f49eb40c6306440538cfb0951d21e45d
eventtraces/e2/30015/complete_aligned/training_eventtrace/events.parquet,239179,f4f2c1e928dd5511beda6a17b3b7cf51204b6ce41d815166e8f3fa037260f96e
eventtraces/e2/30015/complete_aligned/training_eventtrace/metadata.json,247,d934a15f1747d9e1546e6c55e736ab232dfa716175814a7af569d440b33c2790
eventtraces/e2/30015/complete_aligned/training_eventtrace/trace_identity.json,549,db6be50cd1e11eb32bb30c15bee1df291116725fb32662ce3427dc09bd581e1e
eventtraces/e2/30015/complete_counteracting/eventtrace_identity.json,1546,b0114cefbe7dfbf624aca2fa91f4a25ff6cd9bffe9e1758a62cfd88e9c7bb37f
eventtraces/e2/30015/complete_counteracting/hard/client_window_activity.parquet,8491,abeac9d1786a88c48d63ef2ab6eef8379f79134fc74b2e490d8456b46c0c4541
eventtraces/e2/30015/complete_counteracting/hard/eventtrace_manifest.json,650,01d105550dc0e960eab9f3d1e680d5bf87fab3351abb808e82ee45fb3dd740e5
eventtraces/e2/30015/complete_counteracting/hard/failed_attempts.parquet,21369,fa0142ccdf8df06c501363be96fb0ec10605e8876dbc9efab612433289e7409e
eventtraces/e2/30015/complete_counteracting/hard/hard_arrival_events.parquet,188067,56c70bffcfc89e844b9a81591a86e31806317d81fc004b7e0702038ff4dddb70
eventtraces/e2/30015/complete_counteracting/hard/observation_events.parquet,246890,c69b301b4debef4b247abc572b9d4a25b033b606b873bdd94792448f433be5c5
eventtraces/e2/30015/complete_counteracting/hard/opportunity_events.parquet,435386,48759d335c54240d5036f6f58981116e7ced43b3ce7c4b7cc38313ecf6830637
eventtraces/e2/30015/complete_counteracting/hard/runtime_parameter_snapshot.json,680,d8af746e470ba510e8a4c21585f85238d178e7acf762be388e1948872b852136
eventtraces/e2/30015/complete_counteracting/hard/usable_events.parquet,41607,5a415f4f0f6c5f3ac6cdedda40b65475391450eafc521c74d9719a8b42df3abd
eventtraces/e2/30015/complete_counteracting/training_eventtrace/events.parquet,239100,003b37f5a7bf9a05f0a6760014add6cd6430c587bfec9c5bc9fe11fd4ac1ed59
eventtraces/e2/30015/complete_counteracting/training_eventtrace/metadata.json,253,5deac646b06da99793b7c10216025ccf7ca4a6d634cdf3c6d889bc4e1d491ead
eventtraces/e2/30015/complete_counteracting/training_eventtrace/trace_identity.json,555,e87b24f0a71181d965e9d2fa9031e906b3fce9fb1fe973b25450876dbfd07d9f
eventtraces/e2/30015/observation_only/eventtrace_identity.json,1516,d12d7c02dc05c8cd23b3f24f7fdd89540d670094a5684e4ed687c446c7090e02
eventtraces/e2/30015/observation_only/hard/client_window_activity.parquet,8358,07f4e217d7e3cfbb3e31e67e0719baa8041f894ecc708678561ac66eea8bfd49
eventtraces/e2/30015/observation_only/hard/eventtrace_manifest.json,644,58914d4e0dc2bb7c8886e785fde02c4dd7933e3ccfb05cd820a88e31839b842f
eventtraces/e2/30015/observation_only/hard/failed_attempts.parquet,21395,ca379a135060e9869d91a9319fef781da8cc86e37d86960a2b97fa0ec8e92b62
eventtraces/e2/30015/observation_only/hard/hard_arrival_events.parquet,188357,595dffdc040ef980813b283d36af3d928db957e882def8bd9081d8efde06fceb
eventtraces/e2/30015/observation_only/hard/observation_events.parquet,246196,c1fbee885aaf32633f52b803a60704367f30823a2458be54648083f1fb37a5e8
eventtraces/e2/30015/observation_only/hard/opportunity_events.parquet,435316,ff7ea44f8bfc36dca8180d643fd58ab50c9489d3146bdcb1d9fb7fd174af668d
eventtraces/e2/30015/observation_only/hard/runtime_parameter_snapshot.json,675,e3d74d25f8dba8e7d2506b49accf6e4b436101bb8fb8b06ce54d41b9f36860ab
eventtraces/e2/30015/observation_only/hard/usable_events.parquet,41813,fd5fc343f524f992f230041e1b37725e4e0159f8f43435f14f4a77e503102e4c
eventtraces/e2/30015/observation_only/training_eventtrace/events.parquet,239495,4722c0794442c21f826be82b4e5d5a7b9e2ceafe03a7a1b302380e0fe16633a5
eventtraces/e2/30015/observation_only/training_eventtrace/metadata.json,247,05e2ba69f56fbee708d6297352b63d9802b9851d5ab0865386f712a2e8214886
eventtraces/e2/30015/observation_only/training_eventtrace/trace_identity.json,549,18671c3d5f7c20d7d5b8dab77fafbd74e7351b124e00a38cc649df969b13d373
eventtraces/e2/30015/opportunity_only/eventtrace_identity.json,1515,df2d2b0731a3beb4d6bacbd6d044b778b0ce4c11d4e2f47189ddd692ea50952d
eventtraces/e2/30015/opportunity_only/hard/client_window_activity.parquet,8349,7ac962752e2a63457a3d01d2368b65500acb213ef7bff185283ef31827f49bf7
eventtraces/e2/30015/opportunity_only/hard/eventtrace_manifest.json,644,613c909068d40c5e2cd76bc37e299c40bf3c54bb8548d956dc7d9da17a672ffc
eventtraces/e2/30015/opportunity_only/hard/failed_attempts.parquet,21331,56ce332544d9348fb309625fb13c2010b2b9f9316a5023c34c2771d47e27d206
eventtraces/e2/30015/opportunity_only/hard/hard_arrival_events.parquet,188457,03a33cff9ad13c9b37d6c9569b67647922e5881b0ff2782033194bb25c4178d9
eventtraces/e2/30015/opportunity_only/hard/observation_events.parquet,246721,4efea7d31401dde2c48ae079c4ab8d5ec9e6401698a1231384837ae1462bbd4f
eventtraces/e2/30015/opportunity_only/hard/opportunity_events.parquet,435344,1bb83e021d5e1389e5f71a34da4854a1110cfca1844760a833555c66c6cb73d2
eventtraces/e2/30015/opportunity_only/hard/runtime_parameter_snapshot.json,673,b7a4521d574063d67d7afd87691770c41b692802516ae472c3bbe3826b4efac4
eventtraces/e2/30015/opportunity_only/hard/usable_events.parquet,42214,d20a0b41e3e58d13ffe4f4e34f4a34018ef9aa976b252c0b87305fd5cdccd6a2
eventtraces/e2/30015/opportunity_only/training_eventtrace/events.parquet,238503,f0b2df1eb7d28366f972e99022eca2f24c4159003f73384f5d69635725c74674
eventtraces/e2/30015/opportunity_only/training_eventtrace/metadata.json,247,567467089af312d4885d8913629806aa2c55c59e8e12444394efcf41eb9fdbfd
eventtraces/e2/30015/opportunity_only/training_eventtrace/trace_identity.json,549,e3f9655ffc1c6fe267b8cd4d980fb1b42d9f949d32e213ea9d718fc95d6a4daf
eventtraces/e2/30015/usable_only/eventtrace_identity.json,1490,2324344d2fdc16b5b926124ccd1aa2788c6af769586deb9743280b0664578d1e
eventtraces/e2/30015/usable_only/hard/client_window_activity.parquet,8442,0d4b0c7fed9b88b62fb35a28555ce929647c27012a0b493529ae0776053ab4ff
eventtraces/e2/30015/usable_only/hard/eventtrace_manifest.json,638,580ef29a56a745fa30ace06f11ee0c2fbbd9fe8436fd53337fb6f5eaee7ef09b
eventtraces/e2/30015/usable_only/hard/failed_attempts.parquet,21791,6406972f1d7ac0fb59a9d913a2b50653aa3ffcb7dbf0c0a5389d06f41d31924e
eventtraces/e2/30015/usable_only/hard/hard_arrival_events.parquet,188434,d5407ef9f81c92133d3278d5bbfc968a48c9d7743f5f38908e1a7f88b3405079
eventtraces/e2/30015/usable_only/hard/observation_events.parquet,246032,1ecb53790a4bb0dba9d3610063bb733976be7dc0dc79418156d6659f9fa508e5
eventtraces/e2/30015/usable_only/hard/opportunity_events.parquet,435281,623e57038e522ae579ece1f97b4c6e7a3a3be36a2ecb42663be9c37f8ef9047e
eventtraces/e2/30015/usable_only/hard/runtime_parameter_snapshot.json,668,922caa96c8e1941cf078f174172e3d4aab40335b706889e59ca9a976ec16700c
eventtraces/e2/30015/usable_only/hard/usable_events.parquet,42379,806e74426782e4684d5a75324dd405311474c65cb5c86b129a91c321bfe8e678
eventtraces/e2/30015/usable_only/training_eventtrace/events.parquet,239936,de4d5ed1ff543b47c3b46a6e882f209d9654f6357f82781a0e354fd62accd277
eventtraces/e2/30015/usable_only/training_eventtrace/metadata.json,242,b97f124afdc3415f62ca7966bf2c226f2f75c615908850b0f818217e8d4b7ecd
eventtraces/e2/30015/usable_only/training_eventtrace/trace_identity.json,544,0a145943c2bb52217833c5a883240cb970402222b4eae092c5d7a81bf331ec4b
eventtraces/e2/30016/balanced/eventtrace_identity.json,1474,607d2be7b050422a0f1e32b0bd1cbda7a1914d0c81303d8b47bd2396df404119
eventtraces/e2/30016/balanced/hard/client_window_activity.parquet,8337,d35e001894f191ca29d36e8f891c58350fab16020790f370de4b5768afaa7f9e
eventtraces/e2/30016/balanced/hard/eventtrace_manifest.json,635,d1006f1d5ae7b25dc984d80b3c79d41a6bfb3cfef1bd4b2009ead99da9b627fe
eventtraces/e2/30016/balanced/hard/failed_attempts.parquet,21652,29e8411ab821ad7715d51ce3c3b2aa2b83596d54bb6a8db9ce13e025cf85761b
eventtraces/e2/30016/balanced/hard/hard_arrival_events.parquet,188376,0e48dc5751ab6e85f61687be673cbe29b957eefd0135ab01099258573f68dd76
eventtraces/e2/30016/balanced/hard/observation_events.parquet,247842,ce93fa09e9045a8bdea4a13c6fe9eb8240bfada60bd9f52b488c3324af2fd23c
eventtraces/e2/30016/balanced/hard/opportunity_events.parquet,435260,0f210094cc33577d8d3d30d61006b89f594718b8e9662bf5891cb6554a4e3543
eventtraces/e2/30016/balanced/hard/runtime_parameter_snapshot.json,664,e4965aa4138c02659a583d4286928f4ee32a78d6d86a631f595353ec76ff0a0d
eventtraces/e2/30016/balanced/hard/usable_events.parquet,41944,48d5eb25c5a3de7a835a7629254c51fa3988081ca90849033e236a0ce124c0d4
eventtraces/e2/30016/balanced/training_eventtrace/events.parquet,240616,2085dc4989d44218ecb4b9ee35ea2e9cfecf973aad7beee6c3097c79e1d03a5d
eventtraces/e2/30016/balanced/training_eventtrace/metadata.json,239,69b69c2211cb30d91138822909c467d0f0f50667f0e402b9edd875b4ec2be5bb
eventtraces/e2/30016/balanced/training_eventtrace/trace_identity.json,541,51c90e235b7b7ba5bafb62adebb5dc5dfb464d7a411dbdc88d7b58591a9689fa
eventtraces/e2/30016/complete_aligned/eventtrace_identity.json,1519,d348365703448fdaae570aeab25f5e2a36f10b7bd5403faa82a46848f4e54a1c
eventtraces/e2/30016/complete_aligned/hard/client_window_activity.parquet,8443,dd31d37bd246b976304d13bf2072b464338514bce0b778d51fe7d93aac1fc088
eventtraces/e2/30016/complete_aligned/hard/eventtrace_manifest.json,644,2d7851320816b2c642b86ca5d6df856dd51a3822c2b76af6d9c2fa6ff918126c
eventtraces/e2/30016/complete_aligned/hard/failed_attempts.parquet,20898,4e074dd30172583722e3fc320e3fdf4133cfd9e27536f3bae518667ce2f419e9
eventtraces/e2/30016/complete_aligned/hard/hard_arrival_events.parquet,187608,b44bd739f14055fd2ce90df61b9aeeff86966aef02bb8a0823d6d941c476a4d3
eventtraces/e2/30016/complete_aligned/hard/observation_events.parquet,246381,f7b00f4bf79cc99f3f677f0d055e50e85d823bc800cd477676dbf3f74ab7c25b
eventtraces/e2/30016/complete_aligned/hard/opportunity_events.parquet,435344,e3f6bb8545606404b5e3aeb1badb8179b638596eb36be488fbe213aac3fec030
eventtraces/e2/30016/complete_aligned/hard/runtime_parameter_snapshot.json,679,ba9eeae2f84621233ad20a77c3fec033624b61c22352cd37e5ea28f13d26345f
eventtraces/e2/30016/complete_aligned/hard/usable_events.parquet,40489,70366c039aede7b78bf2d75c039f630db05a709e74d1c94c6b5084d4bc98ad69
eventtraces/e2/30016/complete_aligned/training_eventtrace/events.parquet,238303,38db2756f86416fa6106ddb1db78c7539361a7b046d1e8569b8704227457733b
eventtraces/e2/30016/complete_aligned/training_eventtrace/metadata.json,247,975bc0cf137d73807c5dff755c65ac1db37d34462776e441ee8a1889349beabb
eventtraces/e2/30016/complete_aligned/training_eventtrace/trace_identity.json,549,375d091d6c5676a2d3620c3cc8e1c245d231bf884d99b3675c410dbd73d0f324
eventtraces/e2/30016/complete_counteracting/eventtrace_identity.json,1546,192143771b898c000e085918e13ddcde98fc464b0b723074036eb698281a84c0
eventtraces/e2/30016/complete_counteracting/hard/client_window_activity.parquet,8443,6c6bcdfafa4b0ce6dd5f02d46bc80067101c21c1ae7f8c2b1b217f50ab345969
eventtraces/e2/30016/complete_counteracting/hard/eventtrace_manifest.json,650,0d2ab2179a854901ea1e0502e861ba62a61b2fd31d2b870a96415a2f8c7cb99b
eventtraces/e2/30016/complete_counteracting/hard/failed_attempts.parquet,20665,58c01270a5e34a68897a63809f2e87c6ca9621598a59333e7ab1c24ec44f3b13
eventtraces/e2/30016/complete_counteracting/hard/hard_arrival_events.parquet,188042,cafc14a6d3119faa62b4d865535de0a2d1914141ea9d101677be59c5271acab6
eventtraces/e2/30016/complete_counteracting/hard/observation_events.parquet,246411,50497df7752a654e47aef606d812598457802358d8beaebce8cc764e1a382dbc
eventtraces/e2/30016/complete_counteracting/hard/opportunity_events.parquet,435386,34cce20c959f33c188a8e47e6489e0aedee2d416ede6e9cd28efe415d00a82f5
eventtraces/e2/30016/complete_counteracting/hard/runtime_parameter_snapshot.json,680,fa9b212545c6703069068b5fb400eebd25b4e40780dd4256da95b77aae67a7eb
eventtraces/e2/30016/complete_counteracting/hard/usable_events.parquet,40478,80af49cac256a00672c474364a3ec9d4b8146dce96748cceca8f02ac6a07c01a
eventtraces/e2/30016/complete_counteracting/training_eventtrace/events.parquet,238184,7411f553082b71212a6fcd8ae9fea5e090a98f4f4855bac4cb842181d5de6625
eventtraces/e2/30016/complete_counteracting/training_eventtrace/metadata.json,253,e6a1f731c713ed55f72c783e0875c3c376c60d9aedc6bbdd405bec54c75aa87d
eventtraces/e2/30016/complete_counteracting/training_eventtrace/trace_identity.json,555,6ef2f61f44efb8faac2ff0ff89e18cf32fe1c406e443f592462a6d583b5a7c05
eventtraces/e2/30016/observation_only/eventtrace_identity.json,1516,1367006f671fee610a9a58b69c00ac7db4954c714509eb320d104fceef6b5dc3
eventtraces/e2/30016/observation_only/hard/client_window_activity.parquet,8357,737869b4fc0e6a7dd745c8766d66379e3ddef6dbea16131dbf903d35bb726463
eventtraces/e2/30016/observation_only/hard/eventtrace_manifest.json,644,564a482f0e9d27b75a7cb19c481fbf829af6db1f228fa67b7818c08e436ceabe
eventtraces/e2/30016/observation_only/hard/failed_attempts.parquet,21299,cf1f798249be0e8cef20c9c541ee91586b106e4a64c307f31f160d407ea9b04e
eventtraces/e2/30016/observation_only/hard/hard_arrival_events.parquet,188111,7461b0526d6cd759b6b00bd2a8e0493867331f42208eb97fa8979bc6591e3c85
eventtraces/e2/30016/observation_only/hard/observation_events.parquet,248029,c72b9d190c035249dc4caa1d058ac49e83c5767e44bde30bc9c358f4951e0caa
eventtraces/e2/30016/observation_only/hard/opportunity_events.parquet,435316,d4842e3c128ba51382eb958bdbafb266c247682cffdcdde424bcbaba7d3c1cb4
eventtraces/e2/30016/observation_only/hard/runtime_parameter_snapshot.json,675,8e8d24872afc60ab415c73919c1b12ed98e74bcfb4b16363e4d090f3eea0d0ff
eventtraces/e2/30016/observation_only/hard/usable_events.parquet,41375,87e40014ce153eea018adf292de5020fdd816ecc5111c152733b6eece2930c67
eventtraces/e2/30016/observation_only/training_eventtrace/events.parquet,240249,bc13b598dfd67fbafee9ca7d384cc50642f2a271bacfd53b1b20fe6a52113cc1
eventtraces/e2/30016/observation_only/training_eventtrace/metadata.json,247,720de534a966f86d708ef14053500b4737a059c5406dfa029eb59f4f3b07ec4a
eventtraces/e2/30016/observation_only/training_eventtrace/trace_identity.json,549,758ea09074f503141d73418c86b8773535ee7d3fdd34e832d1befae072ad44c1
eventtraces/e2/30016/opportunity_only/eventtrace_identity.json,1515,340239f9053e107a0bdcfc4ad85d016d970bf4906a3c715ce5eb6d256bd49ea3
eventtraces/e2/30016/opportunity_only/hard/client_window_activity.parquet,8338,4a88b51fd85186c11a3f8694460c236a34c7819c772f52a4025e19e5c80a31ba
eventtraces/e2/30016/opportunity_only/hard/eventtrace_manifest.json,644,2b6ebcd32670e7a7787d44acaed1b138a3a2319da015cd9a9bc7073e221e9af7
eventtraces/e2/30016/opportunity_only/hard/failed_attempts.parquet,21433,4c5a928c92718dcc87260317927571bf2e0d60553f81ae5a47d1948749bb9218
eventtraces/e2/30016/opportunity_only/hard/hard_arrival_events.parquet,188303,ecaf000dcd05118853e25f6d1e29f64d5128f3f6595b052545958a59774df8cb
eventtraces/e2/30016/opportunity_only/hard/observation_events.parquet,246240,9e92e07dff0a05e803642e5823520a57d6ce34de9886f77bcd9c8baa95df4cde
eventtraces/e2/30016/opportunity_only/hard/opportunity_events.parquet,435344,6bdef48834d42595ccad9533f12c9e8a92e94eb6d02e0fbcb7ebe8a62827dc61
eventtraces/e2/30016/opportunity_only/hard/runtime_parameter_snapshot.json,673,68f6420f3b135d08ad7ae0896cd3ced78d05c75d2b624d7dd5e1d7c8a06d36b8
eventtraces/e2/30016/opportunity_only/hard/usable_events.parquet,41567,45b8ea671dc06323203663fde78d96f132368e7533f93c777e4f8845141891e6
eventtraces/e2/30016/opportunity_only/training_eventtrace/events.parquet,238036,9773aaf7eb916f95faea6c84ff90175b6fc2ba0daa1f08d228dffc71ebe1d07f
eventtraces/e2/30016/opportunity_only/training_eventtrace/metadata.json,247,d515427c1fdef4ab9fa2101ced491e2f27dfe06ff0ab8286abd8e298b26ffb05
eventtraces/e2/30016/opportunity_only/training_eventtrace/trace_identity.json,549,6c61b9b643168a95661eb1880b5ee172ea57ee9ec7000158869f435593d08422
eventtraces/e2/30016/usable_only/eventtrace_identity.json,1490,84d7e3e1abbcd75cb76e54180f7cba10c420f64987eb9ebca05f49aeae2dcc3a
eventtraces/e2/30016/usable_only/hard/client_window_activity.parquet,8442,9a83110d93fb1872d024a3fd7124d2a81efac00f2e009799089cbb644ce350bf
eventtraces/e2/30016/usable_only/hard/eventtrace_manifest.json,638,38c879d68311e3887c064e3c3d125fd1adf2ad0d3a0da1c6e6f81c4f83fbb2d8
eventtraces/e2/30016/usable_only/hard/failed_attempts.parquet,21651,58b662c2e44185a905310e9d477eada7426a1a5324bcef898e63816414fd1fd6
eventtraces/e2/30016/usable_only/hard/hard_arrival_events.parquet,188510,66a359e98e768ef780d2e7e5d00d8dcce2e963960d9744b1ffd4f1104f6ebf5a
eventtraces/e2/30016/usable_only/hard/observation_events.parquet,247857,0466214f17338bc63068c57d6f8f52df46ce93fe7f608ff93db3935ae23b71e4
eventtraces/e2/30016/usable_only/hard/opportunity_events.parquet,435281,66fcb6fb61ad0f6346daf8740f5a35746e42aa0b4b4daf82f1d860e778acb32f
eventtraces/e2/30016/usable_only/hard/runtime_parameter_snapshot.json,668,3db847ab9f050daf348ca02c59a3270d3bdb2aab2b97429cb58f074b5f0ebce7
eventtraces/e2/30016/usable_only/hard/usable_events.parquet,42169,45f1952976acd01c99df7706dc80e2af8f7b6b2b4a881c30a92f06764d7dfadf
eventtraces/e2/30016/usable_only/training_eventtrace/events.parquet,241130,1549ee0a72e7a56096e6e43c4e304415701d3bd3f3396a959097a93cbbb2ed1d
eventtraces/e2/30016/usable_only/training_eventtrace/metadata.json,242,8bea49877230dd3a4d867af72f6cd16f70704e4a3866c16f81dc6ba49070fd48
eventtraces/e2/30016/usable_only/training_eventtrace/trace_identity.json,544,870704561b55a9e2cdae472557867c0163e699a2cd86664c3087725aa496c03d
eventtraces/e2/30017/balanced/eventtrace_identity.json,1474,d9af0852252a66e98f342f0748c6ae4b2db6004c4cfbe61345ba371293fe92e2
eventtraces/e2/30017/balanced/hard/client_window_activity.parquet,8344,33c6c8597f6b207e0758c261331a0d358304a90d8e99cc84de71afc5b37e7cfd
eventtraces/e2/30017/balanced/hard/eventtrace_manifest.json,635,587f689b944a120b9d648bec8b18a2e0f45b5f6256173f70414e1529ac22736c
eventtraces/e2/30017/balanced/hard/failed_attempts.parquet,21450,6970e6edc2160479b8eb562cf1c9eca49509f68ecf9d934a8b6365ec0f004839
eventtraces/e2/30017/balanced/hard/hard_arrival_events.parquet,188481,b69caada5d907834170e10ca38f2ba503fbec2be7b036b70775c3fc5206fbe68
eventtraces/e2/30017/balanced/hard/observation_events.parquet,248976,eee91addb43bd770cd08ed012ce34f7b6a916fa910a6af0c7d9138fb25f7a4b8
eventtraces/e2/30017/balanced/hard/opportunity_events.parquet,435260,e896c143b29e6d0c2f5bf80d80b60b20a2dc3e505f336bebfd83c146467810cd
eventtraces/e2/30017/balanced/hard/runtime_parameter_snapshot.json,664,82d960e9d0d9df693858fe71fd33b8c0d87fe21f3ee691efcac700ba05cbf9e7
eventtraces/e2/30017/balanced/hard/usable_events.parquet,41983,fea85048327e24a99e50e73e0ff52a593ae9707964d14cdcbc263d0e3edb5354
eventtraces/e2/30017/balanced/training_eventtrace/events.parquet,240976,6fa782a28170607bded56cdadcd751810782b575a86d510de9e9f6dba38bcb29
eventtraces/e2/30017/balanced/training_eventtrace/metadata.json,239,0ed2cfb487d84c471d506239006da9b7beff4557766feafcf263a24e62563067
eventtraces/e2/30017/balanced/training_eventtrace/trace_identity.json,541,eb41281dac7226dbe6a6f12a7a2ba9b4173bfe543b54e7f36d8edf7296dfc98a
eventtraces/e2/30017/complete_aligned/eventtrace_identity.json,1519,88423b9ec2d31766267092649c9e2cdb0a4df45636e6f4b87a9d46431fd56351
eventtraces/e2/30017/complete_aligned/hard/client_window_activity.parquet,8468,0b5c7c946b2c660e04baa1aeab83e919bb369be48f98f531108197a25f2017b8
eventtraces/e2/30017/complete_aligned/hard/eventtrace_manifest.json,644,48ebafef31095cacb10ead0f2de741c40ca0b02e7ddcdf9717b24accc908581c
eventtraces/e2/30017/complete_aligned/hard/failed_attempts.parquet,20635,11adea8706b5bfa6ee7336d231d75d8d5098917ff97b3a33d4a700e32076349c
eventtraces/e2/30017/complete_aligned/hard/hard_arrival_events.parquet,187584,5d87479cdf012f8d36f96e802dc0421891c179e4176e17de39b00bd54950b25c
eventtraces/e2/30017/complete_aligned/hard/observation_events.parquet,246008,0c4abf7fd47ec450a7f1345bf73296d6aa6b4b0225d0dccfada101525071b3c4
eventtraces/e2/30017/complete_aligned/hard/opportunity_events.parquet,435344,780e8e4e0dbb957b5d172fc206b91462e5015d40f4f4dcee18ffe2c1fb2cec8d
eventtraces/e2/30017/complete_aligned/hard/runtime_parameter_snapshot.json,679,ef6aa3ae0dc1805b8a47a391580ef9b278c1a4e45c402ed25e653914323944e0
eventtraces/e2/30017/complete_aligned/hard/usable_events.parquet,40551,061657a3b97b7371012709840af32d54ae8f4abd363335d12a91424f216f72bb
eventtraces/e2/30017/complete_aligned/training_eventtrace/events.parquet,237820,ddba001dac48a5ffd365627cf7fef9d6ee529b4c3ed11d89579415143a043a20
eventtraces/e2/30017/complete_aligned/training_eventtrace/metadata.json,247,2b38a2537c148dbc09e2c59bc43f5bcf6d6a4ff7f8686dac9e30fae460ed0820
eventtraces/e2/30017/complete_aligned/training_eventtrace/trace_identity.json,549,30659edd1d10028b8650fa8860fad8a1bbb90470e0a1f10185a11d78f4a5c253
eventtraces/e2/30017/complete_counteracting/eventtrace_identity.json,1546,1cd3d04e28e6b94d7f526e6fa6879d46b14c8c847285803ced896861d613616b
eventtraces/e2/30017/complete_counteracting/hard/client_window_activity.parquet,8468,f0912708bb8d66d9ce871f1be8001f96b69786153f8feb17dcf45ccdbbe08c7a
eventtraces/e2/30017/complete_counteracting/hard/eventtrace_manifest.json,650,32844a9b5112786d5c47ca580ac38622416b6d1bdcdd779eb3a39bc93b06663c
eventtraces/e2/30017/complete_counteracting/hard/failed_attempts.parquet,20855,65d30131b103e383dc261b67aedd6b442d21f6f324420b17d58eca30d04d6254
eventtraces/e2/30017/complete_counteracting/hard/hard_arrival_events.parquet,187841,28fe2ec9f54016e9f688b68ee0584c97bb7822732cdd6da69479691fb10f7605
eventtraces/e2/30017/complete_counteracting/hard/observation_events.parquet,246038,d66ada648d1199ecaeb79fefc8717186723b74715170a6aa42da6ab5d15b1486
eventtraces/e2/30017/complete_counteracting/hard/opportunity_events.parquet,435386,1fe68f2b92c979287d42898ea75fc176d934be824a7a2bdcbdac00d25ac95c00
eventtraces/e2/30017/complete_counteracting/hard/runtime_parameter_snapshot.json,680,e6fd9064ef41b711fb953108df058ba560630b8e347ed0a7eca700b322751a39
eventtraces/e2/30017/complete_counteracting/hard/usable_events.parquet,40549,bc3112fb4d18fc1c53e6b9c22e3bc843dfb0d4bc46e00adfe92de12828da3b9a
eventtraces/e2/30017/complete_counteracting/training_eventtrace/events.parquet,237745,137b173825f491244abdf8dbdd8c7b0b7a5a92ff464d3cecf3c6e5358c94cfe4
eventtraces/e2/30017/complete_counteracting/training_eventtrace/metadata.json,253,522fa0d464af61904a0d6167afd7dad43efa8f4b567d78dc00b46d1f4da59b91
eventtraces/e2/30017/complete_counteracting/training_eventtrace/trace_identity.json,555,7957ab48e53d1531895f7692ef0351b1d230f267e52275ca3958a076c41471ca
eventtraces/e2/30017/observation_only/eventtrace_identity.json,1516,816a149b550032644dcf2e24ba8eb6965ea3e1d85b93ea9f09372cf8d7f54e99
eventtraces/e2/30017/observation_only/hard/client_window_activity.parquet,8353,7bb9ea97a08ac4302cac97864a81552739489f57697f31d218c900cfd5f0a67f
eventtraces/e2/30017/observation_only/hard/eventtrace_manifest.json,644,f59d143b0fd88c7075238e228f48c93e3bc8ccdcd66c29ea9bde401927f2860f
eventtraces/e2/30017/observation_only/hard/failed_attempts.parquet,21168,943820de629b2617cf85157a28ee01f0a92f6d320c4651f0b49e7a2e752c37ba
eventtraces/e2/30017/observation_only/hard/hard_arrival_events.parquet,188188,abe824f5e4c0aff07ace4cfb70312d266a2faabc5ca1839489610edca89aff40
eventtraces/e2/30017/observation_only/hard/observation_events.parquet,249160,013cbae026f31f4f44a7a26a3be24cfde5833c2e27e123e9f615ecb5a81946d5
eventtraces/e2/30017/observation_only/hard/opportunity_events.parquet,435316,1c96e3980f76b797d0ff26d42fc77d4aa07949291a4d2467e5577b37a86fd80c
eventtraces/e2/30017/observation_only/hard/runtime_parameter_snapshot.json,675,d613accf7873186097b0b0236abd668d66edeb20ff715ab26db268f1b6632bf7
eventtraces/e2/30017/observation_only/hard/usable_events.parquet,40944,f8530be9d78963f5d54e87a5a32b47fff6740247cfae47fb7792dc13d48037c4
eventtraces/e2/30017/observation_only/training_eventtrace/events.parquet,240338,f91cdc75149c7bf54931a7d558a5292710ebc96b4dacdef91b63c16c65cf22fc
eventtraces/e2/30017/observation_only/training_eventtrace/metadata.json,247,812314c967be27a0ee7b730860d3d5e3c408bed541c79e34cfec8e8febba24ca
eventtraces/e2/30017/observation_only/training_eventtrace/trace_identity.json,549,3c86a1fbb29a94151bc13b4e84aa50e2a4f311b646c0cb5115272f72c623d9b6
eventtraces/e2/30017/opportunity_only/eventtrace_identity.json,1515,4d250403599406f5d5525a43255c0ecea7728999c52be32563f7142044c6b3e4
eventtraces/e2/30017/opportunity_only/hard/client_window_activity.parquet,8346,7d3806307fd9c061e979d599d530ac7641851941ad61ff09b83ed84b189b9cfe
eventtraces/e2/30017/opportunity_only/hard/eventtrace_manifest.json,643,c5ec46dbe86515e084c8c76a482e9ead9aa2d099fbe6eb85337615ea9554da3d
eventtraces/e2/30017/opportunity_only/hard/failed_attempts.parquet,21307,90d4b0ed65a13e02e4c0c9e87d1820a24f3062660b41685eaf5ebc2730e6ee89
eventtraces/e2/30017/opportunity_only/hard/hard_arrival_events.parquet,188483,b4a3db436d8efdc207ad57a01abaf8f9335bc32aff5b2b2fd2f38ddc44abe869
eventtraces/e2/30017/opportunity_only/hard/observation_events.parquet,245866,950e2a071591b7d84afe44e77b470a24ba6f31772c55137d5dbfde00769d0f02
eventtraces/e2/30017/opportunity_only/hard/opportunity_events.parquet,435344,de0de9c01668a0cacad5def943bd8af0f425c5552f54f293339f7e4aa575b5cf
eventtraces/e2/30017/opportunity_only/hard/runtime_parameter_snapshot.json,673,68eba2e91abaa0eef8cfc7b42651df6a866f0fec4ea54f80a876b835aae52f2e
eventtraces/e2/30017/opportunity_only/hard/usable_events.parquet,41890,1ed233b403510430089957c3eae793c87b17d3c4b6e9695a157c78b5f7d076c6
eventtraces/e2/30017/opportunity_only/training_eventtrace/events.parquet,238061,555d999c096874f1e71c46e0ce80287f93c18b21d6780ea922fe3b65e2ea7530
eventtraces/e2/30017/opportunity_only/training_eventtrace/metadata.json,247,5e0e518ada3fdf1235063b193cd79a184da55ed1637abbe4be5b9dc53bf9973b
eventtraces/e2/30017/opportunity_only/training_eventtrace/trace_identity.json,549,795ada287edc6e9953d22b3fb2b34c9d9ae43b3b776918f451634ad3de3a122e
eventtraces/e2/30017/usable_only/eventtrace_identity.json,1490,94aa86ac11a2d9cfc5278e51d105b77821de35811e525fbb6d5097bf0cb58642
eventtraces/e2/30017/usable_only/hard/client_window_activity.parquet,8449,dbaba31a2005f0ec1e5f7ebce808a28a3bc0bb840e1665ab8dc14c7062093977
eventtraces/e2/30017/usable_only/hard/eventtrace_manifest.json,623,f1944e4f7c5fefcde0f1abcbb0c79685fcfcb4d8d972b1b5480627ce70d31118
eventtraces/e2/30017/usable_only/hard/failed_attempts.parquet,21638,08135a0f00a3af39d5949912f10c997cea853d11ce264c6ea4dccdb22de63fc2
eventtraces/e2/30017/usable_only/hard/hard_arrival_events.parquet,188417,3e4c6f76af0607ed7f2a68ca5f8262093575babf7a4005c513c9eae500edd9ab
eventtraces/e2/30017/usable_only/hard/observation_events.parquet,248991,8c02c7c61988b0ee9e31ae9b511134bea7818871d8a522956e53ccd76e7fa6ba
eventtraces/e2/30017/usable_only/hard/opportunity_events.parquet,435281,21cbe92968219d0d2ab6692b7e3019561701e330831840fd9238230255ea5b0a
eventtraces/e2/30017/usable_only/hard/runtime_parameter_snapshot.json,668,d31499b6d960b68225bb448f481f1ee56e74509dba9b820de1e1b6e570fa6a04
eventtraces/e2/30017/usable_only/hard/usable_events.parquet,42208,7c38ca4c1ca805ae7970246d53c551440105ab1f0bcffcbffa33ed0490f5d92b
eventtraces/e2/30017/usable_only/training_eventtrace/events.parquet,241491,fd0f823229693e4c78c7b619334a5817b2e3e9d1deb2920caf9b645d6ea1d1cc
eventtraces/e2/30017/usable_only/training_eventtrace/metadata.json,242,9cd05686e9df9afeeca52b310658fed29374146cd74a29fac5852d2fc9e1bcbb
eventtraces/e2/30017/usable_only/training_eventtrace/trace_identity.json,544,e6cc834cf9e12f2360d4fff26d28ff4ece0bbaf20dc5bc30ce1c5db2db99cf2e
eventtraces/e2/30018/balanced/eventtrace_identity.json,1474,7a0fc616db7789e84c58c8c6a6a934fd92d9f599be1d3273b5d4acb3b2a2585d
eventtraces/e2/30018/balanced/hard/client_window_activity.parquet,8346,28aa851afab4ce082132ad6358ed88253decde3c1f740141a3dfb7b677a66a83
eventtraces/e2/30018/balanced/hard/eventtrace_manifest.json,636,3619e8f731087640bfd41b7c0acf145a39a6b7b769f0ae9c352b0c81f9438c8c
eventtraces/e2/30018/balanced/hard/failed_attempts.parquet,21169,e1d245a0e37502505896f9fa37b90cd0a1017c2ee47592198e4bdb7903693711
eventtraces/e2/30018/balanced/hard/hard_arrival_events.parquet,188518,01328d22d581c501e7d8c963ef659cd5689ea96291c88bd67a395423075880d5
eventtraces/e2/30018/balanced/hard/observation_events.parquet,244819,99bdc465d0384036c17063a75a13bf839cea8f1edea4cbca062c78e420c09542
eventtraces/e2/30018/balanced/hard/opportunity_events.parquet,435260,65c3df073b09100079a64d3813f755aa6ffd43e61fefc0a0f7fc16d2c772a48d
eventtraces/e2/30018/balanced/hard/runtime_parameter_snapshot.json,664,7d104dc2f3647694e139f06ca5926c72f85317a7eafe9b60a3824c6528c5797a
eventtraces/e2/30018/balanced/hard/usable_events.parquet,41599,5e7f7f5a6e4e2c190719b400de10c9f56be2ca5f4f46e5ef1be61e264735945b
eventtraces/e2/30018/balanced/training_eventtrace/events.parquet,238457,ec8d9a1702f949b8696e434a4a6bbb91715cfb5b3c1636d11dd0719f7b06524e
eventtraces/e2/30018/balanced/training_eventtrace/metadata.json,239,86865d9d944070d1ea2c87f0657fd7e27a0f4f2e454b6dccc18a15ad37de7fdd
eventtraces/e2/30018/balanced/training_eventtrace/trace_identity.json,541,8cf68afb97c54328e0803174702e179da9a7792dea316564a16de3692c784fa0
eventtraces/e2/30018/complete_aligned/eventtrace_identity.json,1519,fdf209bbd5f45c42d457457cfb6eb768415b5642b6f10453a7591e78c2ef0b4d
eventtraces/e2/30018/complete_aligned/hard/client_window_activity.parquet,8474,5394110c32b125161f01a6aad2436d9ddeb4204403392a19d749c870c4cf77ef
eventtraces/e2/30018/complete_aligned/hard/eventtrace_manifest.json,643,16af7a17acfc788aaaa059323b7baefe90291863717a3db403106204a7c962b4
eventtraces/e2/30018/complete_aligned/hard/failed_attempts.parquet,20824,098720c6dc6b3bccf1b32e520fc7bd7d43bf3f8028870ea6f8a97c17f216108c
eventtraces/e2/30018/complete_aligned/hard/hard_arrival_events.parquet,187407,0a927afb16c05ff51b132c553500ef68357fa29e2b832bb711e90c12e3c50dbb
eventtraces/e2/30018/complete_aligned/hard/observation_events.parquet,245214,040eb1af1477a3fec7ab346edc448bc0c9fbf35d2ea06f7227885a6c129989ef
eventtraces/e2/30018/complete_aligned/hard/opportunity_events.parquet,435344,93b63b1e62776817bcb76859ee7a71473d19db2513a8d2a40dd247fb66773bf0
eventtraces/e2/30018/complete_aligned/hard/runtime_parameter_snapshot.json,679,7e07e4bacb0141064cacb87f418204e0571bd74fe726a4abe70a88c015884bfc
eventtraces/e2/30018/complete_aligned/hard/usable_events.parquet,40708,f28c4f0b3a9c71122889a43ee3ff10daff3552312eb3b98fce507970e710174a
eventtraces/e2/30018/complete_aligned/training_eventtrace/events.parquet,237601,043b4a3f00e02541889047ad3bfc320da386ff081d0f7ee64df32fd7062a4626
eventtraces/e2/30018/complete_aligned/training_eventtrace/metadata.json,247,9651b2b14cf3e0c59f4fbfc4a96450c1f6c25f973841aa459d30c3e4b9151820
eventtraces/e2/30018/complete_aligned/training_eventtrace/trace_identity.json,549,38bdf947fa746d7eb4454a3a6fb72a019497d5517c74a651ced681f557d23386
eventtraces/e2/30018/complete_counteracting/eventtrace_identity.json,1546,35118fb904a3e28fbc94516401035ef8b02c2c7c899d0d91489ae77166e5680a
eventtraces/e2/30018/complete_counteracting/hard/client_window_activity.parquet,8474,ec5b08d4a8edede817617b69a38f6117071ed3dc00de2df6a079703488c24de5
eventtraces/e2/30018/complete_counteracting/hard/eventtrace_manifest.json,649,e261dbd3ceb8388d3b0eba9c6e7bdf03c17007596e3f57bf2c1b4556c76f057c
eventtraces/e2/30018/complete_counteracting/hard/failed_attempts.parquet,20907,eacd62369bc517c90e7989b425e89e92853c8a1aba37b772fdcbc6ab8088813d
eventtraces/e2/30018/complete_counteracting/hard/hard_arrival_events.parquet,187905,aefac0a4c6369a7c00edca34ab26218966c4d5cc815cd41b31d5ed5fbbab83b8
eventtraces/e2/30018/complete_counteracting/hard/observation_events.parquet,245244,73dfe231abd4e1a26e845c67a824476410ffedad3c9cfd330d5b79625575de84
eventtraces/e2/30018/complete_counteracting/hard/opportunity_events.parquet,435386,eeecf60a22cb1432810c3ea95fc109e1802e6f5e3b21c1946e51f0994d534bd1
eventtraces/e2/30018/complete_counteracting/hard/runtime_parameter_snapshot.json,680,3e13f57940db3767d375c397f5e181fbe7ece2f3888c50c67868aee3004c86da
eventtraces/e2/30018/complete_counteracting/hard/usable_events.parquet,40711,98187809682c6730ff3aa334c732bafa4c9a716410acd9260d5dcaecc7fa121b
eventtraces/e2/30018/complete_counteracting/training_eventtrace/events.parquet,237547,89bc8e80e79861ac53593df67fd472b75dbbf38819f8b89af54b092e4a8c28b7
eventtraces/e2/30018/complete_counteracting/training_eventtrace/metadata.json,253,2207a4a5c45eda112ba2d964f78e9d155476a9258dd147e0f784fa715d52fa1d
eventtraces/e2/30018/complete_counteracting/training_eventtrace/trace_identity.json,555,074a263c8155140d0a982f6dee7a08d7a9afe54e4f4825d84309b3969a66656f
eventtraces/e2/30018/observation_only/eventtrace_identity.json,1516,6c783d9422a9f7d3f155d66920a4a4803236342fa42188e661d5a86cbe732725
eventtraces/e2/30018/observation_only/hard/client_window_activity.parquet,8354,5c016f7939e85cef19d131808e93d5bd766284976f481c9412cce498950b2bb0
eventtraces/e2/30018/observation_only/hard/eventtrace_manifest.json,644,cd523e01c408167291696bdd7fb9c396fe4c8aaf28e926e3b7ef162319c60255
eventtraces/e2/30018/observation_only/hard/failed_attempts.parquet,21208,781041d5548d8cd4b1b9c1dc8f771895519a3fda3f9e14a3c859477fc535f669
eventtraces/e2/30018/observation_only/hard/hard_arrival_events.parquet,188265,a002a0d18d0ecd9853a789b24d7eab0a2badd37b515fe8fe8fd185e6801656d4
eventtraces/e2/30018/observation_only/hard/observation_events.parquet,245000,cc47e5e843dcf2e6fde5a5a96ba99f8decd0e68909a92261949a1b13739aa644
eventtraces/e2/30018/observation_only/hard/opportunity_events.parquet,435316,b1539ee22ed979a7c9004352c7c2ff4f09669dfd04fb89214a486c0a1841165a
eventtraces/e2/30018/observation_only/hard/runtime_parameter_snapshot.json,675,16143541149cb5fcebceee372ca07f910eb767a35ce007bf0b5fdb6f93ab6ae9
eventtraces/e2/30018/observation_only/hard/usable_events.parquet,41251,da661813ad3c249b42d64456a864331a78ca18c3899752f08244e2b3d63aa8bd
eventtraces/e2/30018/observation_only/training_eventtrace/events.parquet,238239,3ded2b70e8092110ce20980860ebd100a16bc13bac22de96e3a2b72861cafa43
eventtraces/e2/30018/observation_only/training_eventtrace/metadata.json,247,d1e1373998ab96dc3aa8f4fb6116e6a97eba6d6433d7dbd522ade3705b1a18e8
eventtraces/e2/30018/observation_only/training_eventtrace/trace_identity.json,549,72b9b74c539e31dfb51da4c011fe25eb572e45fa39f7024763d3a8b38b2edecb
eventtraces/e2/30018/opportunity_only/eventtrace_identity.json,1515,d31a330282e8b1d19bc281ae09004ec1abd4ea5b2c3b69ab7d14d209e91dbcf7
eventtraces/e2/30018/opportunity_only/hard/client_window_activity.parquet,8350,1c70c2010ce61eee9fc9420e3023398adc560fa3c4ed59381d4d912d6c051891
eventtraces/e2/30018/opportunity_only/hard/eventtrace_manifest.json,644,ee087bcc74202d5d005fbd2c26f8a536cc1920596a4087eba5f24ecb6759dd37
eventtraces/e2/30018/opportunity_only/hard/failed_attempts.parquet,21083,f398512c9ce8f14d33e38e68f8f4de3ebf0fd4315c75663add2bbca2078267c2
eventtraces/e2/30018/opportunity_only/hard/hard_arrival_events.parquet,188403,37698ba6c94ec45088b41d1031f55eb6c62dcd61b7d3f698d3c8eae57f252183
eventtraces/e2/30018/opportunity_only/hard/observation_events.parquet,245070,f6be96496b1f44624670b1d23b8b1252f1f820158eec0fd64bb1a21261f4aca9
eventtraces/e2/30018/opportunity_only/hard/opportunity_events.parquet,435344,12d18abb5484d0f5063923ee5b1e2550339259f59a6a54e71287d2e6604d8fe6
eventtraces/e2/30018/opportunity_only/hard/runtime_parameter_snapshot.json,673,5ae3fbc3ee409fe25e5bb97f9bfa20964bc4e6779dc1ac06f1abfb1a0824103e
eventtraces/e2/30018/opportunity_only/hard/usable_events.parquet,41687,e67c6af667b10a02e526b9ccd707b5276645ea121ca882ec3d2462ed5a3d167e
eventtraces/e2/30018/opportunity_only/training_eventtrace/events.parquet,237585,3cb6e39042747bd6f49fec585363715f7c18be0550d655fa165390d5e0e2eacc
eventtraces/e2/30018/opportunity_only/training_eventtrace/metadata.json,247,cf40ee7db07440144ec1259073d244b62c082d3a1c049ad09b86b39b2e78ea4b
eventtraces/e2/30018/opportunity_only/training_eventtrace/trace_identity.json,549,438a7ab3533316019d5d94512c475d5970e5f41c98edd6cdd5042ca0bc6a466a
eventtraces/e2/30018/usable_only/eventtrace_identity.json,1490,c67f310daf8cd6bd8527fa4a86455d584d07b668fc145711a33e7ad4a7a02ae8
eventtraces/e2/30018/usable_only/hard/client_window_activity.parquet,8451,c761a315e1f052bbb5040d6fd1c0c5b42cb75c6d1770fb61dfe7d588ec26eadf
eventtraces/e2/30018/usable_only/hard/eventtrace_manifest.json,639,902ed718fc33d7d5466d42897bb67768b17d9842a9ece7329d3f889e8635c81d
eventtraces/e2/30018/usable_only/hard/failed_attempts.parquet,21373,dae84429a54fdc1c042ec82b3afdd5de33d407d0b05af5c9d7abd14377569caf
eventtraces/e2/30018/usable_only/hard/hard_arrival_events.parquet,188446,4b8348ba4c7863d6aa33c7f62f266fab0c09912e66f07161605762d1313b4688
eventtraces/e2/30018/usable_only/hard/observation_events.parquet,244834,fa44395f1db90b424eddceb0035bace79946d6752f5f3e6534b17cb974917f91
eventtraces/e2/30018/usable_only/hard/opportunity_events.parquet,435281,5f107bbdad53822a34ac804a6a610af3ac24877c7d927489bafa2495dd7be9ca
eventtraces/e2/30018/usable_only/hard/runtime_parameter_snapshot.json,668,e79414cb77ac491534da034a4597ac1718b0905a12b4af21f8122115b94decca
eventtraces/e2/30018/usable_only/hard/usable_events.parquet,41824,096739cc16b3d3b2ed4d9d362805326db42353a4b0885b6ec55b16cc5a8734a4
eventtraces/e2/30018/usable_only/training_eventtrace/events.parquet,238977,3d9c922a9023ce551ad981256941aa20410f5465a57eb62a7e92c24cc0eba409
eventtraces/e2/30018/usable_only/training_eventtrace/metadata.json,242,9d6925e1cd6150505482483bc94a8bb209e5b1af986218f49ceceac81e530158
eventtraces/e2/30018/usable_only/training_eventtrace/trace_identity.json,544,b7c53cf6aae4c1f8b472bfd8a4071a4de3a85d65a5c525f8694880867f3ed161
eventtraces/e2/30019/balanced/eventtrace_identity.json,1474,6498e1f1a40038bade5df31d9d1df76984ab5989dd94879736f2edfb05669cb4
eventtraces/e2/30019/balanced/hard/client_window_activity.parquet,8338,082d7285accc6715883292eb08ecfbe1621c577627c070a51d97e0bfb6161ed0
eventtraces/e2/30019/balanced/hard/eventtrace_manifest.json,636,a13f89b79e6efb87963767e695d00e41b3777b05a03234c0dc19b71924023166
eventtraces/e2/30019/balanced/hard/failed_attempts.parquet,21652,1063f5e0cac2efbf5dba7b5eb64c1a0c0037516544611a57d58758e7251f1384
eventtraces/e2/30019/balanced/hard/hard_arrival_events.parquet,188385,0d2ca3bfd557e03523ee9239fde5205f21e1710a49ae3e3c485ff410c557233f
eventtraces/e2/30019/balanced/hard/observation_events.parquet,247515,8f02384bd1b1388d1b708e99cc20c861c31b15babcac58ac6f0b13e972834ff8
eventtraces/e2/30019/balanced/hard/opportunity_events.parquet,435260,2be35771e921e6d3fab0083546d6f385c27e3e14e31cf6c6c73443cccc00a4b4
eventtraces/e2/30019/balanced/hard/runtime_parameter_snapshot.json,664,8952b4f3775f5c08d9aee70417eca4be16ef1c01431e2c1223d69954710a010c
eventtraces/e2/30019/balanced/hard/usable_events.parquet,41927,e9e21baa4d671a5718539cfcc4ab39a57573fab4f075521bc2a6f7f983712abf
eventtraces/e2/30019/balanced/training_eventtrace/events.parquet,239788,c12878cc1d66423b7d4001a7d33131a7195f49fcd22c4d9202d5b87843ad3e2a
eventtraces/e2/30019/balanced/training_eventtrace/metadata.json,239,661cde8e2439c891ed1685404d220ec2f00a48c395f37cbfb75e726214524567
eventtraces/e2/30019/balanced/training_eventtrace/trace_identity.json,541,ad1f1382486bebb424b3114cffe8b5f5975f9af9005b1e61039b91cf891ab7d0
eventtraces/e2/30019/complete_aligned/eventtrace_identity.json,1519,3a6b15b1d54862783124d4e3098a7c63db488c9016b08268c8cfa004106c897c
eventtraces/e2/30019/complete_aligned/hard/client_window_activity.parquet,8455,5bd572031c3c825a735c0828f22be333c65cf43235c53404eae6b1c25d4fbdc6
eventtraces/e2/30019/complete_aligned/hard/eventtrace_manifest.json,644,f0f9a7b6ac0a411baa67bb1615dbec97b0af528769b61f412519b7be756e9e46
eventtraces/e2/30019/complete_aligned/hard/failed_attempts.parquet,21245,d092147a74795f105519376c5dd4c2dc288eb715f3e9262d98b84f4262c53cc8
eventtraces/e2/30019/complete_aligned/hard/hard_arrival_events.parquet,187597,fb3a237cae1804fa77301e5c78472db2aa09bf8750e146d154d106f667fa0dd1
eventtraces/e2/30019/complete_aligned/hard/observation_events.parquet,246888,f262e700aa9557f6aacb57cca1f594c6c76c3fa067b58530e90cde4c84bb375a
eventtraces/e2/30019/complete_aligned/hard/opportunity_events.parquet,435344,d69683b2ffe466fa791641104965299441c3005f88129e6467e950b7f8b0d571
eventtraces/e2/30019/complete_aligned/hard/runtime_parameter_snapshot.json,679,394a37c85bc8f91ef0f68d5bf7ced5321cfb80c3d9fda57cdc04bc3fa86dc388
eventtraces/e2/30019/complete_aligned/hard/usable_events.parquet,40710,172b5eb527aff78dd13555f87555113da7b4b864d56e25bfbb3182eea6c023bd
eventtraces/e2/30019/complete_aligned/training_eventtrace/events.parquet,238756,1d088069fa95a19cebf7db9daace31a6393e40413b264e3c63ff3c831541844b
eventtraces/e2/30019/complete_aligned/training_eventtrace/metadata.json,247,13b6d55f2865700dd25107d408a805bd0c82795af257f7446963bd7db50e2c6f
eventtraces/e2/30019/complete_aligned/training_eventtrace/trace_identity.json,549,4b1f1fd413a8c2a8f87423982493b04b3322af3a5a034d1a28464ce8f7b73979
eventtraces/e2/30019/complete_counteracting/eventtrace_identity.json,1546,c1e5b83efbdc7da019755790e49f331ebcfe20d91ce44ebdb8959d0bf6e1ee62
eventtraces/e2/30019/complete_counteracting/hard/client_window_activity.parquet,8455,639449ad4f535c0085af717e5bd3a49aa3d9df1a60cfcab0e2ef5fba48ee187a
eventtraces/e2/30019/complete_counteracting/hard/eventtrace_manifest.json,650,388043a2edb58ec4194243d7e61b9a6101b22ff87e045e104efe24e886241b16
eventtraces/e2/30019/complete_counteracting/hard/failed_attempts.parquet,20912,55eb11ecfadeb6711869e25e3e3ff2c43bd8d022e9e1549c8120dfde9e355ff9
eventtraces/e2/30019/complete_counteracting/hard/hard_arrival_events.parquet,188015,0a0cc7081c7536ace350106a6b80b573c8de60d1edf5d2e91e5b655c456e4365
eventtraces/e2/30019/complete_counteracting/hard/observation_events.parquet,246918,c12f5eb7d91dac63adabd75317f302bd2a40b695ae417d5b1efc37525b68cabf
eventtraces/e2/30019/complete_counteracting/hard/opportunity_events.parquet,435386,b34d00256a6ce48a1fe84ea0314028a9ba6635142cef6bb89c66c27cf78be087
eventtraces/e2/30019/complete_counteracting/hard/runtime_parameter_snapshot.json,680,49b55051613fc78b9f5bf942ff60fb466b5e572ec258c8ed0337464d948a3ce4
eventtraces/e2/30019/complete_counteracting/hard/usable_events.parquet,40712,053bc0f6dcc26375e6cb9bb8f169ee6126980d8e7a343afe645e8548dfeac450
eventtraces/e2/30019/complete_counteracting/training_eventtrace/events.parquet,238738,4218caeb2afc5574cbcb0f5ed96bdf9c3c5f2c5467b3d638d97cbfcfe89c783d
eventtraces/e2/30019/complete_counteracting/training_eventtrace/metadata.json,253,9ef259cd764f46a9c6b70bc663226ca44290ff294239e28c12118bdbfb4b90df
eventtraces/e2/30019/complete_counteracting/training_eventtrace/trace_identity.json,555,aac04d250ab8c5838af142a3d168b026ceed01ddecdbdfbc3271a9178548599e
eventtraces/e2/30019/observation_only/eventtrace_identity.json,1516,4f2917a12413f9dee3a4474aefdeeba3c348bcc074d259a2048827a93c4db8dc
eventtraces/e2/30019/observation_only/hard/client_window_activity.parquet,8343,09d6a4c5ba561a9d38cd7a56824ca54aeab9ae87a705743e3136ed9538dc3641
eventtraces/e2/30019/observation_only/hard/eventtrace_manifest.json,644,fd26659062ad95fe405e81710ea231b6aac58e5c046a81ad7c7068962b90ed79
eventtraces/e2/30019/observation_only/hard/failed_attempts.parquet,21291,5f12d8f62696d9d3ceccb5824aab958b3c95a15fa0cfa3eed1ca59213589ddeb
eventtraces/e2/30019/observation_only/hard/hard_arrival_events.parquet,188137,73ec3a81fc7b5b5abe7bb223bfc9cc07e54421086bcd6ce0061f4561945dc624
eventtraces/e2/30019/observation_only/hard/observation_events.parquet,247697,fcef4e1c40b63a1766f5f0f0a15277f4aa1a156ce44cb47f08ffe7865b82c6a6
eventtraces/e2/30019/observation_only/hard/opportunity_events.parquet,435316,919bbd1e62c682df9dcdf7cf94c5746f235d774822453cc9af5a7220476e099d
eventtraces/e2/30019/observation_only/hard/runtime_parameter_snapshot.json,675,86b16676bc0db10158a264da2e5407280977c82e6976b229f8e573043f651045
eventtraces/e2/30019/observation_only/hard/usable_events.parquet,41045,f131116f79b450577efa9e6bddf8f7c51d37908f8b5367e61ca2fd446d94918f
eventtraces/e2/30019/observation_only/training_eventtrace/events.parquet,239473,6c9cfda4e9c8cba81aaf9de3f96e82e13f6f9ab6b8c515b7e13d5b4d4ec55bfb
eventtraces/e2/30019/observation_only/training_eventtrace/metadata.json,247,9d7a05221d877e5049bf4694368a6afc908b7eb25490f5f09ad0de409c3837ab
eventtraces/e2/30019/observation_only/training_eventtrace/trace_identity.json,549,b3b814e1272875b094375972e20bea2424a566f21e3e6105982b700cd7e2b2fb
eventtraces/e2/30019/opportunity_only/eventtrace_identity.json,1515,1d16a34cf24909825d9d689a16dfcf30909d5645e0f930269b65c4966d3cf608
eventtraces/e2/30019/opportunity_only/hard/client_window_activity.parquet,8343,18fa797344c24ffec98fd3cb96cec110fc6be2b1a3cb2d8feafae53b5f51443e
eventtraces/e2/30019/opportunity_only/hard/eventtrace_manifest.json,644,8e6b2b9bc53495318f08c4e09a3841c18078dd177ae053c58adc6a11e759040b
eventtraces/e2/30019/opportunity_only/hard/failed_attempts.parquet,21529,dd0c673e0a96d9ed1bfd9087a5c400378b7c69f12c40665b6d2239c5eb2a0fdd
eventtraces/e2/30019/opportunity_only/hard/hard_arrival_events.parquet,188412,6e08f8ea7e54b00485189414585b814305436e6215eaa6086da7c3de0e27708c
eventtraces/e2/30019/opportunity_only/hard/observation_events.parquet,246744,59ba86ba501ffd29022b5631cc2c5b3be16e7e3ed1ecfe71d5c6bda29fbf1013
eventtraces/e2/30019/opportunity_only/hard/opportunity_events.parquet,435344,71acca34194854563a8476bd0b9b8c0f57737dea7d7c94b2e85d19023c95ff4f
eventtraces/e2/30019/opportunity_only/hard/runtime_parameter_snapshot.json,673,ce68964d2df4af18f7d9c5e504a9bc8ecae9fa8094d1ddc2e8bcaa2a161729a3
eventtraces/e2/30019/opportunity_only/hard/usable_events.parquet,42026,cb168bef3c0d53623d93118bd8410ff7fcf924e686f65c9fb16d962bc115ea66
eventtraces/e2/30019/opportunity_only/training_eventtrace/events.parquet,238606,03be2117d7d71bcc4f69289b5abc897fcf4c80018371559ff32f32c6c785893f
eventtraces/e2/30019/opportunity_only/training_eventtrace/metadata.json,247,4f13d9dfc6587564a8164b41ba738f74832d672864c9cd1d2427cddeb2212e3a
eventtraces/e2/30019/opportunity_only/training_eventtrace/trace_identity.json,549,f3343fadcc22614b9fc6b0780300480f3ea2fd9570c0d8059d49243f03fb7195
eventtraces/e2/30019/usable_only/eventtrace_identity.json,1490,8711decce4e9883d5b1aa2533d74629bba7e0cc0a3db26a8167d0de125c00627
eventtraces/e2/30019/usable_only/hard/client_window_activity.parquet,8443,d836e36802cc17a761ce4698e6c6edb65b1dbf3d8c199c573f497cf541d4078f
eventtraces/e2/30019/usable_only/hard/eventtrace_manifest.json,639,06374c7315abe74ff86698b5160417eb80703e8a8c41ec9a537a5287876f60e2
eventtraces/e2/30019/usable_only/hard/failed_attempts.parquet,21902,7c29174294b6b51a28f8256405549ed15f0dec016803bb034b91b9b0f9941db0
eventtraces/e2/30019/usable_only/hard/hard_arrival_events.parquet,188352,1b6d94f21a35be0165701dc50d3c7ba7d5f7fdb4c528e9cc502adce82cc2e29f
eventtraces/e2/30019/usable_only/hard/observation_events.parquet,247530,0bc6be4da2f8e6c793eecc9daa2ac2232cc5f9f55a7077ba6afd6f76dcbf1ec0
eventtraces/e2/30019/usable_only/hard/opportunity_events.parquet,435281,5b41daa8137673e79fa95cfe99cebcc1d41c52fbb72b18947548227344cfb828
eventtraces/e2/30019/usable_only/hard/runtime_parameter_snapshot.json,668,fad38e0a22e033de57e2ad09129c7051e4f8a7f78c20603b12d4caadea6ded6e
eventtraces/e2/30019/usable_only/hard/usable_events.parquet,42152,6d25fe610870fe798329d041a4b6ae6fb19426a8994f5353056985b54f515cef
eventtraces/e2/30019/usable_only/training_eventtrace/events.parquet,240343,fe180915a08ccfe933dbdeeb33bb58f00fb77389ff140d635bebef6cd00feb5b
eventtraces/e2/30019/usable_only/training_eventtrace/metadata.json,242,3b2f7457c0f2a9194ccd0b68191d529e174ff4cb3f8850be5dba827bead0aa1c
eventtraces/e2/30019/usable_only/training_eventtrace/trace_identity.json,544,46ce2afc14ad766bc4bfd75bca3ddc781b030a0f5de9fe9179e0dd67ae42e30c
eventtraces/e2/30020/balanced/eventtrace_identity.json,1474,a7b18b547e6e325460265554fea0232f0f5c7e9d0b06df63d175a3d39fc8d1c7
eventtraces/e2/30020/balanced/hard/client_window_activity.parquet,8336,b5bf86123bd1b49cf0cc5294c785a1a999c2a19e5b8e3e84520f4011b1701a71
eventtraces/e2/30020/balanced/hard/eventtrace_manifest.json,636,a779ee9f998857dbcd9ad7b9b1bcae9701b0fcac9ff4fc7fb5f557e01b4e33dc
eventtraces/e2/30020/balanced/hard/failed_attempts.parquet,21361,f2a8584ef321892b80d5973f7b6b1a056be9f09cf67009ccddddc690598fa88d
eventtraces/e2/30020/balanced/hard/hard_arrival_events.parquet,188502,4b26ce7655a6a13e9764bbaeaafda9d3c59c78d7d3a22fc702a3d4baa271a059
eventtraces/e2/30020/balanced/hard/observation_events.parquet,247669,54357b06c153effb95ea14b721c08c6bcf8073be4fe22d5a2747bdc734d0475f
eventtraces/e2/30020/balanced/hard/opportunity_events.parquet,435260,61df697b5f93f2bfa6f4f75f513ff40d2ad882450515c37df2f3d260e8ad3af3
eventtraces/e2/30020/balanced/hard/runtime_parameter_snapshot.json,664,05c7d38d09efac85353c073ee0fbb44b8a5c5519548cedbe15f62f89cb11db7f
eventtraces/e2/30020/balanced/hard/usable_events.parquet,42167,dd0ff27ad95a03f8f85b6637c724b42a79de76d4f3c77a86d35644e290b5d150
eventtraces/e2/30020/balanced/training_eventtrace/events.parquet,240310,dc74ee2a9c17f7e97104ea58c19b2dc0a38a12c9ab6f4d3df3252b5c570cbccd
eventtraces/e2/30020/balanced/training_eventtrace/metadata.json,239,8d9b51618eabc794eb56c24c70d4401cf16efaa0fab9bc51b9821103d4575297
eventtraces/e2/30020/balanced/training_eventtrace/trace_identity.json,541,7a2c969c82969db9614ba3c04ff3a82a83bd9404ff7ead227d2f92bfca3bb3ff
eventtraces/e2/30020/complete_aligned/eventtrace_identity.json,1519,5c7ad65f40d3fe5f89201592157876bb9f2dd20cc8144c028d20b803a86bd7d1
eventtraces/e2/30020/complete_aligned/hard/client_window_activity.parquet,8478,7539dbf347b5de8cf359a17702d606dcaeb06b037745bb6c40504dad61fc94f2
eventtraces/e2/30020/complete_aligned/hard/eventtrace_manifest.json,644,9e41b8da21208e4407bd4a462e23085cd0affd9057fb8258d759628ad9d1e9cc
eventtraces/e2/30020/complete_aligned/hard/failed_attempts.parquet,21006,82a85ced186a3a2bda94a009d7f6bd16e8032233cfc46e16626e3f54ca6fc9e1
eventtraces/e2/30020/complete_aligned/hard/hard_arrival_events.parquet,187713,659f526a7ef2e6d066e4aeb7080337ef6c6344e2d6fae645e0fb493a5ce9c83d
eventtraces/e2/30020/complete_aligned/hard/observation_events.parquet,246650,59e0732ed447cd745e0caadd69dc818e4b51931231826077643f082b210a9611
eventtraces/e2/30020/complete_aligned/hard/opportunity_events.parquet,435344,c450b363466f2be0cc975d82e222bea2293da9c9d3263fd58ab7529b37c5f0ae
eventtraces/e2/30020/complete_aligned/hard/runtime_parameter_snapshot.json,679,4aca9e1038fffb17b9d8c73acc0850acc2977743b2eff62688c7b75a09a84447
eventtraces/e2/30020/complete_aligned/hard/usable_events.parquet,41068,ca79fbdba533c854dfc72dba370e65d47b9089a814b155c7bc525d1531afe47d
eventtraces/e2/30020/complete_aligned/training_eventtrace/events.parquet,238849,d035656477ff2d999c8d7acdcb4addd8415b11048aa335fa57b477d5a7db9262
eventtraces/e2/30020/complete_aligned/training_eventtrace/metadata.json,247,5cf6fab70151d13873d1fcce46435d9caf9f18c9af7d48976a0f25ac35da9a9d
eventtraces/e2/30020/complete_aligned/training_eventtrace/trace_identity.json,549,b6812a519998b9c8c36eece12c74fb32a64eb86d4b28228f723392297f162006
eventtraces/e2/30020/complete_counteracting/eventtrace_identity.json,1546,13838940de0aa66177d6eb263da7a925ca7a6be78959d10269088233f09f7e87
eventtraces/e2/30020/complete_counteracting/hard/client_window_activity.parquet,8478,f79cd76c9e66b7b20aa9967c25c85b4d46d9177d71152924fda9931ba6fce686
eventtraces/e2/30020/complete_counteracting/hard/eventtrace_manifest.json,650,439a107c141e0018f1fbf8d547a135db91d4b94d50bc87f47a453477c5626489
eventtraces/e2/30020/complete_counteracting/hard/failed_attempts.parquet,21326,3cb6a3777608174bd7cb04b160d1be781a42d68f29ebf4bcda8bce33c47a5889
eventtraces/e2/30020/complete_counteracting/hard/hard_arrival_events.parquet,187919,d8ba7d370885cfd72ec25d63c3d6e5ed0458f89f34ca1998f17e57003dbcba56
eventtraces/e2/30020/complete_counteracting/hard/observation_events.parquet,246680,6f8c50e56d29a86096e09be904988b2896bb48841dfc78dd30260aefab77a4ea
eventtraces/e2/30020/complete_counteracting/hard/opportunity_events.parquet,435386,0c7a6086f311fa376a41eb670ea009676a2f12c3015001cc8f5641fd448154b8
eventtraces/e2/30020/complete_counteracting/hard/runtime_parameter_snapshot.json,680,588f5ccc8a81bcdee5e1b242c4ebeeba22a2814e98ac4763ff02492aa09c0acd
eventtraces/e2/30020/complete_counteracting/hard/usable_events.parquet,41069,fec5cd05754b4d32a2215501d391c03e5d053f50573986f872d483d799cb3f57
eventtraces/e2/30020/complete_counteracting/training_eventtrace/events.parquet,238652,4c71f0f8f59bd10edac0775c8e507cd6d171972ee49fc0bd0341bf93c25092cf
eventtraces/e2/30020/complete_counteracting/training_eventtrace/metadata.json,253,a7e23cd7d60eb997321c53d2608c20988f27c48c4e2fce2b095d2daf4cfc0f64
eventtraces/e2/30020/complete_counteracting/training_eventtrace/trace_identity.json,555,00ed0aaa37a00ac17abe76852220373c750725af045bf2f33e96b4c4406609d4
eventtraces/e2/30020/observation_only/eventtrace_identity.json,1516,2a8d63f926558b11d52af3b5b68176d159dc5b28940e68ee9081e29eaf7157a4
eventtraces/e2/30020/observation_only/hard/client_window_activity.parquet,8351,1baf02fcdd88014a165ae92cacd6ad0ae165b00312ed2b42099e8ecc5e43d4e8
eventtraces/e2/30020/observation_only/hard/eventtrace_manifest.json,644,674fa71a4f3f61c5b8d9e7579667dca216e9e282343af7d08cc86411b7c2753b
eventtraces/e2/30020/observation_only/hard/failed_attempts.parquet,20871,52ddfae4b209819e21c4b0cc66ab53e92f36daa6e9e75619f2618651a5d1fff3
eventtraces/e2/30020/observation_only/hard/hard_arrival_events.parquet,188270,b0e0e71764da25ff5fbe0c2ede93a826991cc9301c3d40627e436159c56b8078
eventtraces/e2/30020/observation_only/hard/observation_events.parquet,247852,89f5082dde5c0af9b0cfd7a28951af573c1e635f02da32329ea5731e6f3d101e
eventtraces/e2/30020/observation_only/hard/opportunity_events.parquet,435316,316fae40ff8d340d0f1f0eb8f1225790c30af199a48882aec0c2d732c1fbebc4
eventtraces/e2/30020/observation_only/hard/runtime_parameter_snapshot.json,675,86c6ff83f6c1af37f23a39451a50407c89b0ffc91d355c6d04bf186ea019fd81
eventtraces/e2/30020/observation_only/hard/usable_events.parquet,41319,96060f96c3801cdbb9cb5c494a735ebfdfc6a1304b8454328f677ba676bdac1d
eventtraces/e2/30020/observation_only/training_eventtrace/events.parquet,240041,88575fda7ec09a0e990a465c58c98d40abe9bce1210f7bacebb743004bed450a
eventtraces/e2/30020/observation_only/training_eventtrace/metadata.json,247,473626355cd9a1cdb0f1ed1db25709473813241f100efa815b769e3735a6df2e
eventtraces/e2/30020/observation_only/training_eventtrace/trace_identity.json,549,7506ce0bafe4de18fc937dc9f660a6b131685ead55d73d58918b301e926fac96
eventtraces/e2/30020/opportunity_only/eventtrace_identity.json,1515,cb1edd26ba21f23c765f2cf276e20c2e25e43d6b1d835793be943ba5053f4d2f
eventtraces/e2/30020/opportunity_only/hard/client_window_activity.parquet,8343,644861fb3cc6fd4b086292efc7607c20751e75dc6a02d429301f1ba9b561e47b
eventtraces/e2/30020/opportunity_only/hard/eventtrace_manifest.json,643,9413f1669a50ec8a92383e54d060e1160274cc3834c3752ccd5721e1cd0da08b
eventtraces/e2/30020/opportunity_only/hard/failed_attempts.parquet,21523,adc99e4cfe8a0ff247bc6a523fc101b90b6e3c369e869b74df748e48f41a07ae
eventtraces/e2/30020/opportunity_only/hard/hard_arrival_events.parquet,188472,ef3f38987c18a8d6d214eba80b6ee5d83ef76fd87fcc8bffe1cf48aff93b1ac3
eventtraces/e2/30020/opportunity_only/hard/observation_events.parquet,246512,e4bdea21f122b72a6dfbfdfe439a309ced995f811e4de670662c555c61f11dd4
eventtraces/e2/30020/opportunity_only/hard/opportunity_events.parquet,435344,90029e9a328860e186350a692a5927343cf329df75368d00bed41f0a2ccb4e43
eventtraces/e2/30020/opportunity_only/hard/runtime_parameter_snapshot.json,673,bbe7687a732e35bdb1407212ff9c067866069b04706b40db86c407488d918fec
eventtraces/e2/30020/opportunity_only/hard/usable_events.parquet,42288,7cd0e30423c1013dd6c62e23a5035c1225f03ebdb1eee66a4f9733da10393d2b
eventtraces/e2/30020/opportunity_only/training_eventtrace/events.parquet,238536,1f8f5f8e6dd47a10901c65b3308248103a86492d8b68cbe914c0e0a86b2144e4
eventtraces/e2/30020/opportunity_only/training_eventtrace/metadata.json,247,7127be2341925232fdaf933574829c371124832e3cadf2e7e76ad2de6d388ba9
eventtraces/e2/30020/opportunity_only/training_eventtrace/trace_identity.json,549,5a760a3a2176c9f4783721b759bca466a87ff8a06a03d773820272eb5c9a4643
eventtraces/e2/30020/usable_only/eventtrace_identity.json,1490,54ed538e0daf0c258768ca9c3ccedf48f6c49469292b0d0ac2ea2c61fea80e2c
eventtraces/e2/30020/usable_only/hard/client_window_activity.parquet,8441,ed151635e885442a4e368a98c094c6fa4616dcdd48dbc3f6a85d9a8143a030dc
eventtraces/e2/30020/usable_only/hard/eventtrace_manifest.json,639,b843e129f180a9fcde18ef4718de2e42a7a96bc374b9bf1a471166fc82ec8070
eventtraces/e2/30020/usable_only/hard/failed_attempts.parquet,21605,e66898622135ba2b16bbffe3a35e4c7020ee6fb324b27f2187c858f0f3847aed
eventtraces/e2/30020/usable_only/hard/hard_arrival_events.parquet,188428,1e401023061ec235e19e3dc4b48b9424eed19033bd3d0e9bf5059c5dc75ef46e
eventtraces/e2/30020/usable_only/hard/observation_events.parquet,247684,63784274653821d828ab1ac0c4cee219f1395e3ac72fb0110427dfc4ea52a1cb
eventtraces/e2/30020/usable_only/hard/opportunity_events.parquet,435281,c1484d5d4de3cbcd1d29469f2c598fe5554b9ff78226b95570b19303583fdbe0
eventtraces/e2/30020/usable_only/hard/runtime_parameter_snapshot.json,668,5d1f0dc24313aa89d32eb88dd97a24e4208bd60b8435900d9fa15a9be5fe4ceb
eventtraces/e2/30020/usable_only/hard/usable_events.parquet,42392,56c7b68fc5e176b3fd542d17a09425440c4cb8ef14dfc03787d919ff8e80d1e3
eventtraces/e2/30020/usable_only/training_eventtrace/events.parquet,240807,ec62fb1c002b58493848fb3869ea6d74e8fbb947b0d8cb024c76f46b0f70b348
eventtraces/e2/30020/usable_only/training_eventtrace/metadata.json,242,e5e1c056aeba62bfd34cf02ccfebcd604bef1c85b1e6f811c3a259209ff46027
eventtraces/e2/30020/usable_only/training_eventtrace/trace_identity.json,544,c969d46c8caf4c7840aa0d91bd23925648fcd0eb922acc6818f8c54fd32d24be
eventtraces/E2_EVENTTRACE_INDEX.csv,29706,075a915384bd031a4fbf56b5b9d0ddf98caef4a8ceb2bf0218eb46f9a578b434
eventtraces/E2_EVENTTRACE_MANIFEST.csv,10569,7d49a14a583b170f5fbebda89de0209fd20f1d58278d77ef26dee33f01165f4c
eventtraces/e3/sensorscope/seed30001/atomic_p_obs_true.parquet,21245,6841be27c15e2858dcca75fb078ff9a36f6893606acb1ab09661ca86305cd0b3
eventtraces/e3/sensorscope/seed30001/generation_meta.json,252,a1ac6d1f4a1493b5aa718ee6db61aa54fe1db412f7f9e14d74e6b36e22661034
eventtraces/e3/sensorscope/seed30001/opportunity_events.parquet,10257,f3cc93a87be958fa1f382077586a7b77cda8b492e8ec22751204f30a21c311db
eventtraces/e3/sensorscope/seed30001/training_eventtrace/events.parquet,122353,3cb008eb8a65c75f927991a319259180778f0b71ab1127b7099cf1b6010d9f87
eventtraces/e3/sensorscope/seed30001/training_eventtrace/metadata.json,249,1e24ed76c7863808212d5418841cd3d55bb75236dc9d778932d3e67226983416
eventtraces/e3/sensorscope/seed30001/training_eventtrace/trace_identity.json,553,7012f457cce3c25ec6948fda6ce30a6e6805c95aebb53f72a5264f96daf0a3cf
eventtraces/e3/sensorscope/seed30002/atomic_p_obs_true.parquet,21394,050a897d07a0be33388cf1909f3f2e5ad2fb6e34d0047d10b3a799cf59bb5847
eventtraces/e3/sensorscope/seed30002/generation_meta.json,252,a1ac6d1f4a1493b5aa718ee6db61aa54fe1db412f7f9e14d74e6b36e22661034
eventtraces/e3/sensorscope/seed30002/opportunity_events.parquet,10279,c21211d50ba061c0a2952e96ee095067ba3d82532a823c45a897135bef1d7cec
eventtraces/e3/sensorscope/seed30002/training_eventtrace/events.parquet,122617,27695a97bc442a2bbd5ce528a4f06d6cbf18a994fed9c4c37b6db1e5b9f3d43e
eventtraces/e3/sensorscope/seed30002/training_eventtrace/metadata.json,249,8a8f999bbadefc8c7ed738ed1059d14cc7ea00cd9da471730fc762d5b56c6899
eventtraces/e3/sensorscope/seed30002/training_eventtrace/trace_identity.json,553,4e73c295c5b5863051d470d6138de9ee36873ddbe91c83bf0b9bae062b22bf93
eventtraces/e3/sensorscope/seed30003/atomic_p_obs_true.parquet,21143,28a4eb0275e92726272dc5f937030607c34d7255f4d0206ed15c4e8d5a6e3373
eventtraces/e3/sensorscope/seed30003/generation_meta.json,252,a1ac6d1f4a1493b5aa718ee6db61aa54fe1db412f7f9e14d74e6b36e22661034
eventtraces/e3/sensorscope/seed30003/opportunity_events.parquet,10233,675c04277f11ddace6c2bd16e591b4d788d94374881705d4274f73fefef01558
eventtraces/e3/sensorscope/seed30003/training_eventtrace/events.parquet,121286,8523273566d12ccfad7f92bb78e324c00dcd69940f9d7d8146fec24286b8e863
eventtraces/e3/sensorscope/seed30003/training_eventtrace/metadata.json,249,d58c145911e89bb4f8a3259e01ec130e403fc89fc2c55318fb6887b5f420e75c
eventtraces/e3/sensorscope/seed30003/training_eventtrace/trace_identity.json,553,2ff97183c497b4f5fa04c8cada50d4cc6191f8de63f834663811a77a1e2d5b0a
eventtraces/e3/sensorscope/seed30004/atomic_p_obs_true.parquet,21180,be0ee5238c866db95f58ba37d4d49d0f76bcf9d324bc1fbcc6155c7d9abd169f
eventtraces/e3/sensorscope/seed30004/generation_meta.json,252,a1ac6d1f4a1493b5aa718ee6db61aa54fe1db412f7f9e14d74e6b36e22661034
eventtraces/e3/sensorscope/seed30004/opportunity_events.parquet,10257,4f7e362f959696d44b19adecef9092c97630193fc633014abb4b545db2e14072
eventtraces/e3/sensorscope/seed30004/training_eventtrace/events.parquet,121410,8a4c97a7307fdc18f03e85243719524a790fea2ac8626ac450ad3b651cd6382d
eventtraces/e3/sensorscope/seed30004/training_eventtrace/metadata.json,249,faa21409b9072d9dd3162359c6b4f4fb8b80948a09c97d9c2da0022cbc4c2546
eventtraces/e3/sensorscope/seed30004/training_eventtrace/trace_identity.json,553,add94d8a5b646695e44f2a3434fa36ddda23e58aae540a494ac836742040694f
eventtraces/e3/sensorscope/seed30005/atomic_p_obs_true.parquet,20958,9d3858948b784f2bf1060bab82a85ec33d548c1d327fd72b5312def08cf129af
eventtraces/e3/sensorscope/seed30005/generation_meta.json,252,a1ac6d1f4a1493b5aa718ee6db61aa54fe1db412f7f9e14d74e6b36e22661034
eventtraces/e3/sensorscope/seed30005/opportunity_events.parquet,10178,dcc21c02b8a890e734fd3f19fbf2bcacc062541173b416eef31ade110f02adc9
eventtraces/e3/sensorscope/seed30005/training_eventtrace/events.parquet,121758,91b4a26ba144bb16d31923caa86c1285d419a27fd5b04a5bc9c91e0d85e2cd94
eventtraces/e3/sensorscope/seed30005/training_eventtrace/metadata.json,249,c598d1323ee81597618aa44d67cc1011de481ae7107932c247f4af18a515cd91
eventtraces/e3/sensorscope/seed30005/training_eventtrace/trace_identity.json,553,10f901e63cff698625ac72262dc89195f75bd0c7afc7273eecc2b02047d57ad6
eventtraces/e3/sensorscope/seed30006/atomic_p_obs_true.parquet,21388,950fa386d352953afac59eb655e16f7a704849d0cc2b7cb02f718f8dec7cb13e
eventtraces/e3/sensorscope/seed30006/generation_meta.json,252,a1ac6d1f4a1493b5aa718ee6db61aa54fe1db412f7f9e14d74e6b36e22661034
eventtraces/e3/sensorscope/seed30006/opportunity_events.parquet,10231,093ae92eb604a5990b1e7ad6ec9104a3d30a67fbe4775a9045fc2255f2971f1e
eventtraces/e3/sensorscope/seed30006/training_eventtrace/events.parquet,120108,9669e54c55eae0528ce7ecc76647eea504479ce56b56dce5fe4d6d76903d4a7b
eventtraces/e3/sensorscope/seed30006/training_eventtrace/metadata.json,249,ed4e29356dc9ab41431c48a38939516f1802a14669a3a4f6fb588be324877bdd
eventtraces/e3/sensorscope/seed30006/training_eventtrace/trace_identity.json,553,d42149cdb6dd4475774bb0226bfc24d0e17ef6d7d01f8d0bcdebb36e20a3dac7
eventtraces/e3/sensorscope/seed30007/atomic_p_obs_true.parquet,21457,b8a7dd8c72e8920835118d71ff491f34af0516f098969edf45fa7596d5c5febe
eventtraces/e3/sensorscope/seed30007/generation_meta.json,252,a1ac6d1f4a1493b5aa718ee6db61aa54fe1db412f7f9e14d74e6b36e22661034
eventtraces/e3/sensorscope/seed30007/opportunity_events.parquet,10293,04270b86156d07bb9390b71d99d59db79e958edddd59d4810607c13c71688f53
eventtraces/e3/sensorscope/seed30007/training_eventtrace/events.parquet,121189,4c1cb6014924b5ca38edbf8b9bef4c2589bfaf4f7bdd884eee8cc012ecd545d8
eventtraces/e3/sensorscope/seed30007/training_eventtrace/metadata.json,249,bf033082a026d3d266b7ed04ffa2678d209f981268019ac5b4e779f2ffa35ce3
eventtraces/e3/sensorscope/seed30007/training_eventtrace/trace_identity.json,553,f26be26e501d08a49813613ca3121b9d30cad4325eb1e1d5a2cd32188b9a27bd
eventtraces/e3/sensorscope/seed30008/atomic_p_obs_true.parquet,21401,1c82f0fd61d8e6f049e1c64b7c908b71526f92a029f72abd81edc296cc13601e
eventtraces/e3/sensorscope/seed30008/generation_meta.json,252,a1ac6d1f4a1493b5aa718ee6db61aa54fe1db412f7f9e14d74e6b36e22661034
eventtraces/e3/sensorscope/seed30008/opportunity_events.parquet,10330,9a5b087acb8cc6f45135d3a5d79180f4403ac8223685b717a5641730df2f3ddb
eventtraces/e3/sensorscope/seed30008/training_eventtrace/events.parquet,121494,4c02669277adb15237e8bb4df70f0005f5327891637d404f475224d04d541f04
eventtraces/e3/sensorscope/seed30008/training_eventtrace/metadata.json,249,133e5ee5787a8cf0310bca7dad6f128905db11a95e2415a4f4216b3471575306
eventtraces/e3/sensorscope/seed30008/training_eventtrace/trace_identity.json,553,334e3caa1585e5a338611928762cbeaa68c48953736bbf3ca9f5ec1730203866
eventtraces/e3/sensorscope/seed30009/atomic_p_obs_true.parquet,21114,2255af8e11f7063389dd35c1513275a8e76b3ff24982e34fea4307f712df6589
eventtraces/e3/sensorscope/seed30009/generation_meta.json,252,a1ac6d1f4a1493b5aa718ee6db61aa54fe1db412f7f9e14d74e6b36e22661034
eventtraces/e3/sensorscope/seed30009/opportunity_events.parquet,10189,c59ed687bd24ea8a3c117b014b0efea38da0a83fd3d3727aa83f06057380974f
eventtraces/e3/sensorscope/seed30009/training_eventtrace/events.parquet,121622,c7becac0d92fa4609fc9577aa58c8d53eb2cb281700c19bee10ae71361aae428
eventtraces/e3/sensorscope/seed30009/training_eventtrace/metadata.json,249,42038ce19ac9d0ff6bb89469782c3b7195ad1a78b34093d1eeaea598e1df0dff
eventtraces/e3/sensorscope/seed30009/training_eventtrace/trace_identity.json,553,d3fbed94baefa78b114a85fbcc8f598e32cbe1289115c0b37cc77b75dcb9eb76
eventtraces/e3/sensorscope/seed30010/atomic_p_obs_true.parquet,21033,5909444927900e3ae4ad16711529b68fb8026dd6cea865cc0ee2339f1156a72e
eventtraces/e3/sensorscope/seed30010/generation_meta.json,252,a1ac6d1f4a1493b5aa718ee6db61aa54fe1db412f7f9e14d74e6b36e22661034
eventtraces/e3/sensorscope/seed30010/opportunity_events.parquet,10178,e31949d70e2ed91260057da9891052b46c2c90b8f0e79afb5fbb6b77a5afc740
eventtraces/e3/sensorscope/seed30010/training_eventtrace/events.parquet,120872,a9f20f2b2631d536774446540aff766fa7ac357cd1ce35b32a1d189ed0c48357
eventtraces/e3/sensorscope/seed30010/training_eventtrace/metadata.json,249,1bb6dc3c15632226fc96ee4a1ac0182e4e9fa3adfade1e58262227cb00e01871
eventtraces/e3/sensorscope/seed30010/training_eventtrace/trace_identity.json,553,c91517f28de2feb80b2cffadac7e46cff1058e9077f9c64d5387be8d5470426c
eventtraces/e3/sensorscope/seed30011/atomic_p_obs_true.parquet,21303,aa84fc698e3c2b825b7daf663b116437733c0c003eb68fa57e47d5cae8a8f406
eventtraces/e3/sensorscope/seed30011/generation_meta.json,252,a1ac6d1f4a1493b5aa718ee6db61aa54fe1db412f7f9e14d74e6b36e22661034
eventtraces/e3/sensorscope/seed30011/opportunity_events.parquet,10207,539787b62e76df59295aac92f4e258387c06e5c48dfaceceae3b78c7cde597e5
eventtraces/e3/sensorscope/seed30011/training_eventtrace/events.parquet,122357,cfcad24380ad2d79fadd6dd3b2cad048c7939a35e8e887c04925c9170ff86b91
eventtraces/e3/sensorscope/seed30011/training_eventtrace/metadata.json,249,f869dbc63e39d9ebd633cdf8851402e1128459450731022d3cb3d50e0b999ac1
eventtraces/e3/sensorscope/seed30011/training_eventtrace/trace_identity.json,553,6fec15aea3c1add7361049051cbc82a94249e349b4e69997a1f33c2243672806
eventtraces/e3/sensorscope/seed30012/atomic_p_obs_true.parquet,21305,eecc2efca370b3710b21df2b4efb819d213d5ddef3518e817ec4bc64d75c9d80
eventtraces/e3/sensorscope/seed30012/generation_meta.json,252,a1ac6d1f4a1493b5aa718ee6db61aa54fe1db412f7f9e14d74e6b36e22661034
eventtraces/e3/sensorscope/seed30012/opportunity_events.parquet,10147,7ec820c1adcde993314f11101276545d2ab9c8c285ee7f93913a09d82a4cdc31
eventtraces/e3/sensorscope/seed30012/training_eventtrace/events.parquet,122067,b8116d85e6668f2c1df149af440b8abec292f4249dd050badd8e484bd0158650
eventtraces/e3/sensorscope/seed30012/training_eventtrace/metadata.json,249,b09bbef739ea1b6bffce48c4fdf85727c381e9cf7905f5595a302cba09c9138a
eventtraces/e3/sensorscope/seed30012/training_eventtrace/trace_identity.json,553,93090045e0d9cec9ba9bb1571e943b657bb0a88c64a528e0213248053d24746a
eventtraces/e3/sensorscope/seed30013/atomic_p_obs_true.parquet,21450,d596712e92a2148d23ec5dd57fedf432c32fa5470873bd2dabeacd58f4e0bf9a
eventtraces/e3/sensorscope/seed30013/generation_meta.json,252,a1ac6d1f4a1493b5aa718ee6db61aa54fe1db412f7f9e14d74e6b36e22661034
eventtraces/e3/sensorscope/seed30013/opportunity_events.parquet,10237,72c3b940ef12345d84f974e1997eb4745efebe34afd8c615e0f4f5a94d7a0476
eventtraces/e3/sensorscope/seed30013/training_eventtrace/events.parquet,121903,55dcf8fdaf011be09b1429244a37aa4b5cb90a3e6dd562543648169bc98692b3
eventtraces/e3/sensorscope/seed30013/training_eventtrace/metadata.json,249,f195ed8ff994b3b6b8fd5de44dd025620a42f619795d3ac5428791ff28b38d83
eventtraces/e3/sensorscope/seed30013/training_eventtrace/trace_identity.json,553,9d82da554015f6b65da6454f1ebd0246c531f55a185fe29c344a59876544d976
eventtraces/e3/sensorscope/seed30014/atomic_p_obs_true.parquet,21326,e8c97c07ddabee52fd7a5d835c6ae8f959895bf56ffa3b878426685810faa052
eventtraces/e3/sensorscope/seed30014/generation_meta.json,252,a1ac6d1f4a1493b5aa718ee6db61aa54fe1db412f7f9e14d74e6b36e22661034
eventtraces/e3/sensorscope/seed30014/opportunity_events.parquet,10248,622f6b5eac85d6f9bcbd76775748f5d0535b0c6cb22bb23fa07f611568ac2fa4
eventtraces/e3/sensorscope/seed30014/training_eventtrace/events.parquet,121281,1586c5b640135bac9d5a73051003298484ee9c62e850678c85e0b69a26b1305c
eventtraces/e3/sensorscope/seed30014/training_eventtrace/metadata.json,249,107b6358073d4bf0ef6bdef1c7f36c706c44977ad6ccf0d4d74865ac91cee8e6
eventtraces/e3/sensorscope/seed30014/training_eventtrace/trace_identity.json,553,eb6ab0db601fdc2bd1b21353dc37a6ae89b41862694bf9dadce5261631a5f5d8
eventtraces/e3/sensorscope/seed30015/atomic_p_obs_true.parquet,21326,746aea759f962882a6f78fa304c2c59df4fd30d57cb23c1862fb2bf2b678defa
eventtraces/e3/sensorscope/seed30015/generation_meta.json,252,a1ac6d1f4a1493b5aa718ee6db61aa54fe1db412f7f9e14d74e6b36e22661034
eventtraces/e3/sensorscope/seed30015/opportunity_events.parquet,10191,d5297cb467bada5e6d48f0f75b07dbd72c2f86baeb9c7c78113025631774a90f
eventtraces/e3/sensorscope/seed30015/training_eventtrace/events.parquet,120871,cb42ca2cd6df08e393359e2a421971341c1c8af2c412f578d8a74618a1a0bd97
eventtraces/e3/sensorscope/seed30015/training_eventtrace/metadata.json,249,265da34fb9b7b280ac7414a863ca8b6f24b0bd41c56894a420bda0f4dd1b8e79
eventtraces/e3/sensorscope/seed30015/training_eventtrace/trace_identity.json,553,6ef2e0c75bedadfa501c79411fe5c81f4680065bdb7355288c4c7c8718420c56
eventtraces/e3/sensorscope/seed30016/atomic_p_obs_true.parquet,21158,27223c968d38f95cce7433e7a546adb6505898e4c10e30e57b1cbb70cc2b7a0a
eventtraces/e3/sensorscope/seed30016/generation_meta.json,252,a1ac6d1f4a1493b5aa718ee6db61aa54fe1db412f7f9e14d74e6b36e22661034
eventtraces/e3/sensorscope/seed30016/opportunity_events.parquet,10201,8b841ff3bdb07a9c296ccc8aa9503fdbcf7a0054d84241fdfdad2ac7616d6d19
eventtraces/e3/sensorscope/seed30016/training_eventtrace/events.parquet,120533,d22afa88903253119a06a958fe5b2f1c742a0bd7f09d47907ea55ad14b8f0300
eventtraces/e3/sensorscope/seed30016/training_eventtrace/metadata.json,249,ec24745adae9dd75c41c4717634e53d2bf1f1199706ac7edc73dcc28d1aeb10a
eventtraces/e3/sensorscope/seed30016/training_eventtrace/trace_identity.json,553,30ebf5cc614e43e899b8e6259f3fd4ee6ed8089012b8ce2e5e0a33acf9ccb13e
eventtraces/e3/sensorscope/seed30017/atomic_p_obs_true.parquet,21411,ad5ac5c0f0ff8ef97ed1b9a75d2dd8cab0b8f4591fefc8b8a4d3a8b1e1a6959d
eventtraces/e3/sensorscope/seed30017/generation_meta.json,252,a1ac6d1f4a1493b5aa718ee6db61aa54fe1db412f7f9e14d74e6b36e22661034
eventtraces/e3/sensorscope/seed30017/opportunity_events.parquet,10249,e96fe6e8d5c0ba52830384f9849dc7fee8fe2807caabe07c6d8d0b8fcab4cc1e
eventtraces/e3/sensorscope/seed30017/training_eventtrace/events.parquet,122405,0a0d675aa2f09c02408a803b53656ab0d7345d2bfdf2afb6b65ffeb4c4e32c05
eventtraces/e3/sensorscope/seed30017/training_eventtrace/metadata.json,249,b26ac670d66e4037f1585b1b6b96f60520c3dbc62e416b7f93ae52535d975bfc
eventtraces/e3/sensorscope/seed30017/training_eventtrace/trace_identity.json,553,494f6f2ebb5abaca9359722ed1e5dfeeec2f94b1cb3f56b76d86ce1ef9e2e490
eventtraces/e3/sensorscope/seed30018/atomic_p_obs_true.parquet,21361,2734a2d192bc149b3c5018575cdf0e3cc59fcc7440b63074a944169e38635b74
eventtraces/e3/sensorscope/seed30018/generation_meta.json,252,a1ac6d1f4a1493b5aa718ee6db61aa54fe1db412f7f9e14d74e6b36e22661034
eventtraces/e3/sensorscope/seed30018/opportunity_events.parquet,10257,beb477ac4690dd147c324b10dbf6f0bf4b152c3e57c0dae23bcca9c2cc933fdf
eventtraces/e3/sensorscope/seed30018/training_eventtrace/events.parquet,122350,bf9c906fa4286deb2dc6de0cf468e8ac2e563668944420fe8c1500bb6cdfb567
eventtraces/e3/sensorscope/seed30018/training_eventtrace/metadata.json,249,42a1733c367f28d75fb6e84ea740aa6f3fa7ffb0b9d89bef67c91b0c9658183b
eventtraces/e3/sensorscope/seed30018/training_eventtrace/trace_identity.json,553,92926b958bcac55f20f59fbc9b1cf4fe474df1e99edf2db0c63af12c7e7f62ba
eventtraces/e3/sensorscope/seed30019/atomic_p_obs_true.parquet,21519,5abb7fbb4a6b44ed6b7ff2a8f1d6c3b09081ab0f7714862967d3693572bcfa30
eventtraces/e3/sensorscope/seed30019/generation_meta.json,252,a1ac6d1f4a1493b5aa718ee6db61aa54fe1db412f7f9e14d74e6b36e22661034
eventtraces/e3/sensorscope/seed30019/opportunity_events.parquet,10328,9422d917afd4bb8abc0f367eac58b03aacce77d54ef99e3a74e41496ba778379
eventtraces/e3/sensorscope/seed30019/training_eventtrace/events.parquet,121960,cb3e7e35adca8d66e76a49118df3362342e272389bd536f6e0bab0e966b28d64
eventtraces/e3/sensorscope/seed30019/training_eventtrace/metadata.json,249,19973dccc365e19cbf58fef476f0207f865da501271d367cfb874d41e7f461dc
eventtraces/e3/sensorscope/seed30019/training_eventtrace/trace_identity.json,553,79ea57972e25f3a3831675fca41935523ff9b7661109cfa735f0eaf4d8c8a558
eventtraces/e3/sensorscope/seed30020/atomic_p_obs_true.parquet,21329,96442f9be738b00fb9a077e48baedf74b70fe283f617baa50f5a5350af56c11f
eventtraces/e3/sensorscope/seed30020/generation_meta.json,252,a1ac6d1f4a1493b5aa718ee6db61aa54fe1db412f7f9e14d74e6b36e22661034
eventtraces/e3/sensorscope/seed30020/opportunity_events.parquet,10277,239224d13cdb8afce3fd417bc89e7120258cd1c29e1493ecb115213ea1f7a1fb
eventtraces/e3/sensorscope/seed30020/training_eventtrace/events.parquet,122012,32ec7bca7fa9a31df4322c538f7c026db8dfdf2ef42511bdfd3d0f511c828a2b
eventtraces/e3/sensorscope/seed30020/training_eventtrace/metadata.json,249,e3e8459989129593864c7fa9c08c537a3e41fed67c3bad5a574e2df523beb8de
eventtraces/e3/sensorscope/seed30020/training_eventtrace/trace_identity.json,553,bcd4bf01841004afb8ffc42e6d4f36dcc734e2cfeefe02c5dba0fccc570697a6
eventtraces/e3/traffic/seed30001/e2_reuse_provenance.json,164,e0b39e00fc163a82e3087e84d73c9871350e9e83088578d6c95f807ad03fc0f5
eventtraces/e3/traffic/seed30001/training_eventtrace/events.parquet,238680,f4ae137ab49672673236440cb2f6484a52318474377df47af83812caa5eb1f7e
eventtraces/e3/traffic/seed30001/training_eventtrace/metadata.json,247,cb5716650193ab0da3ac01bb05dc9b37be37b5032cf81d2de66700cc9327a31c
eventtraces/e3/traffic/seed30001/training_eventtrace/trace_identity.json,549,dbaed630a7f09bbac0018a660805f3db2a913182d0729a535607f27180361852
eventtraces/e3/traffic/seed30002/e2_reuse_provenance.json,164,60eab27b96bd1fd687ba226f189cf60c70011abf021044e6ae4e40b6d7d2047d
eventtraces/e3/traffic/seed30002/training_eventtrace/events.parquet,239534,ac0d284605363c57e9fa444160828ef0e45dbc41d28ff36b391556c0fbf42fd3
eventtraces/e3/traffic/seed30002/training_eventtrace/metadata.json,247,64c2930ef7db5fbe91488e75570698c4924d84f1afbd0888c021c3731f826cb6
eventtraces/e3/traffic/seed30002/training_eventtrace/trace_identity.json,549,e3daa5a5c86d65619dad8274933ad43a2bfaea38ae64926bb4b50659e60fd81a
eventtraces/e3/traffic/seed30003/e2_reuse_provenance.json,164,0be43b88bb84ec9dacaea9825a7f6aaa3f6ee695b709728f68fbfe193165b25f
eventtraces/e3/traffic/seed30003/training_eventtrace/events.parquet,237533,7ff13b9bbdd9c6c7dc0915dd1efc9495df20dc79570f7ad19f4e8f86c66e4f5d
eventtraces/e3/traffic/seed30003/training_eventtrace/metadata.json,247,fab182c64b3daa41302bb2e84496817c7f09aa09483085409f85afd5b890dc93
eventtraces/e3/traffic/seed30003/training_eventtrace/trace_identity.json,549,3d881bd861a025c6d5f3bf374952388c76c5b3d465ff38f3c1ca27362f15f0bb
eventtraces/e3/traffic/seed30004/e2_reuse_provenance.json,164,cb77a84473f17df88fcecfc983527bca98a0bde4b21b84907ae10346370c389b
eventtraces/e3/traffic/seed30004/training_eventtrace/events.parquet,239639,0803988000b9519173c7def053c38c2a0afd1b4e5bdf3c42d5097af8ac66b150
eventtraces/e3/traffic/seed30004/training_eventtrace/metadata.json,247,2a05b28da8a242ddd3a27e596d1524ac8c53fe372b0a9639d2e81a63a57d0f11
eventtraces/e3/traffic/seed30004/training_eventtrace/trace_identity.json,549,a8a6677653e13ac037b02760df71da173b1bdd07add02521277342da10d8b3e7
eventtraces/e3/traffic/seed30005/e2_reuse_provenance.json,164,88ee9f3430c6f014eb1c42912e73fa2785dc9f53efff42420fa3f3b95636405a
eventtraces/e3/traffic/seed30005/training_eventtrace/events.parquet,239593,f5617229d0b76e26f18967abe181aad3ab1a3de841dd85c518eca0bdc98ad6a8
eventtraces/e3/traffic/seed30005/training_eventtrace/metadata.json,247,984a049988d24f776c9c96124d51a3a8213325aabb4ad8d0ec89127b3690d8e5
eventtraces/e3/traffic/seed30005/training_eventtrace/trace_identity.json,549,15a028d082eb038f7ab31d1d8f1e79ea66a5be2e5e0abc27d036ac4a57abced2
eventtraces/e3/traffic/seed30006/e2_reuse_provenance.json,164,f9bc850204b2bc1e3fade09f677861514d15ee50684ee6bdd9b06bd0bc37c13b
eventtraces/e3/traffic/seed30006/training_eventtrace/events.parquet,239610,999d3ce5b58e573d8a411e96437784c7a7a6a4c383c4b8fbe99c66c7f07b168f
eventtraces/e3/traffic/seed30006/training_eventtrace/metadata.json,247,8383a7bb3ccbfffb4aa654fbbdd59514f80fc534e9718d1f3f917085f9643680
eventtraces/e3/traffic/seed30006/training_eventtrace/trace_identity.json,549,6cc689af9d1a258704efc936e0bdbed39772211111f85bb83d08216888bc6f27
eventtraces/e3/traffic/seed30007/e2_reuse_provenance.json,164,d0abd2f766129f5891aaf555c887ff03226082fef7fbf22b1614c08cc9911fd2
eventtraces/e3/traffic/seed30007/training_eventtrace/events.parquet,238725,6f8d246c044694c1f68081e414f2c36a982c44091bbf30fa01cd0069eaaff17c
eventtraces/e3/traffic/seed30007/training_eventtrace/metadata.json,247,5a0cbd6d6c36f94cd3907a4487753a9750cbd741001968f44ff605cfbc8481dc
eventtraces/e3/traffic/seed30007/training_eventtrace/trace_identity.json,549,20b00d0ee92c0bcfe9531a92769846bf687f7d59b6ca9ce7cfaf519f8e769d8c
eventtraces/e3/traffic/seed30008/e2_reuse_provenance.json,164,f3b6049e8b19e9e0a5380b660b1cfa5f81af09e00ad9a72a15c84e11d068b44b
eventtraces/e3/traffic/seed30008/training_eventtrace/events.parquet,236613,a784e32d81e04ce65def0f449d2222110cb7cef92d42494ee4648bec72c5ccb9
eventtraces/e3/traffic/seed30008/training_eventtrace/metadata.json,247,2cb354dbb97a25dfd35f1559dd2eb0c17bfaf93cc4332477d2a376c468ae83fa
eventtraces/e3/traffic/seed30008/training_eventtrace/trace_identity.json,549,01d9a9ad009bfecb3d2c13dc6772bd0b347a4185ba280d94c24ffb80aa37634d
eventtraces/e3/traffic/seed30009/e2_reuse_provenance.json,164,d2258127c68f89d67292e8112280723063062bf7a001177638c943c77b9dc8a0
eventtraces/e3/traffic/seed30009/training_eventtrace/events.parquet,239221,4531c4e80375f005d41ab2b8c50a2a16c36fa93fa608706d457d2a3cba130825
eventtraces/e3/traffic/seed30009/training_eventtrace/metadata.json,247,22cebd19bdb8f7c1018db960e2a0d6081ba493099241cc9943b9e439fc303c00
eventtraces/e3/traffic/seed30009/training_eventtrace/trace_identity.json,549,6ecd4b75dcf806e13b11a7a9a1c48dceb73179181dd8a66883a27a71f99e88c2
eventtraces/e3/traffic/seed30010/e2_reuse_provenance.json,164,b33625174d89951a3ff08dd4d406db838c31557a7a0d593dfb0ad95631a11644
eventtraces/e3/traffic/seed30010/training_eventtrace/events.parquet,239213,da3766480e75f6825226007527b773b590f0b5f028312b301c7c4ba441c1ccc8
eventtraces/e3/traffic/seed30010/training_eventtrace/metadata.json,247,2b2c97fe85e1ce621c017192f75522953b57653181c225b48d6352650649ae75
eventtraces/e3/traffic/seed30010/training_eventtrace/trace_identity.json,549,5f7b0897cd552b2e0a11154606454c4c6c48f285013e20013e6a551430ecee14
eventtraces/e3/traffic/seed30011/e2_reuse_provenance.json,164,acc16a10fc44a16ac34022911205bd64799273eb3a11d6dbf7b63d27842ef400
eventtraces/e3/traffic/seed30011/training_eventtrace/events.parquet,239060,c35d3d42efb275e1ba84235768b36eea957514a3360fc4373c5da2593e4a0019
eventtraces/e3/traffic/seed30011/training_eventtrace/metadata.json,247,7ef7dbffb6db306239479572e26f43221f33a760d2aa1d18d766e0b59fc450f3
eventtraces/e3/traffic/seed30011/training_eventtrace/trace_identity.json,549,a598c15977dd0254b0f55e8bf5a8774ab2381e7d83bcf36d1e1d71b48fdfac91
eventtraces/e3/traffic/seed30012/e2_reuse_provenance.json,164,b54ec3a5245f3f088a92c03b9c73b891c6913ae139d6c4ac6225717c049483b9
eventtraces/e3/traffic/seed30012/training_eventtrace/events.parquet,239783,fb56cc2513b6dca611302457b71e5a75600b91bb753139213644792cfc292fa1
eventtraces/e3/traffic/seed30012/training_eventtrace/metadata.json,247,af16b9bf0a62a7bbe005f1d7ec9c968920f7a1c65b2e8e5f0885bceecd685362
eventtraces/e3/traffic/seed30012/training_eventtrace/trace_identity.json,549,aafec3051095baeb74f6c681aa3d17bdb7f603204884ed7b98e8b1917d8b86ce
eventtraces/e3/traffic/seed30013/e2_reuse_provenance.json,164,3373b7384b1a3c7ab89e93075c12511d13a80aaecaf33ffb9eab49eda1c1fa6f
eventtraces/e3/traffic/seed30013/training_eventtrace/events.parquet,239554,895cebb79ae04fb321999a0407431675f95aa8c358661fe05bc4452908db30f5
eventtraces/e3/traffic/seed30013/training_eventtrace/metadata.json,247,24cd06c177d3d75b3346c8a78d7188bca61c1bdfab341c4fda9f862c86640d7c
eventtraces/e3/traffic/seed30013/training_eventtrace/trace_identity.json,549,4dbe2eb494fcb42cef68ed0ac379cf29c8fe215aa878f804dddf63e16685865d
eventtraces/e3/traffic/seed30014/e2_reuse_provenance.json,164,2479f99c6d7f83b2aec61b9b8eb76c6a4133fbd7a282ce39c5621530bb99bf41
eventtraces/e3/traffic/seed30014/training_eventtrace/events.parquet,238579,fc1e78f215f70d376cc6811dcbf26fe5a549463d6b399acc2ddf2bd5779a2ae5
eventtraces/e3/traffic/seed30014/training_eventtrace/metadata.json,247,eebb001f7745881b84bb2c8d70877905e7db4c1620c5e373d7d5bd00f9695114
eventtraces/e3/traffic/seed30014/training_eventtrace/trace_identity.json,549,2502c99ac85273466594a1d98f6c79c664a5495887a14b6bc3ade8bae334846b
eventtraces/e3/traffic/seed30015/e2_reuse_provenance.json,164,a85e9c4ca2979f241ad0f30b241c14d8514a00711934805207eba9f7b7ac5b60
eventtraces/e3/traffic/seed30015/training_eventtrace/events.parquet,239179,f4f2c1e928dd5511beda6a17b3b7cf51204b6ce41d815166e8f3fa037260f96e
eventtraces/e3/traffic/seed30015/training_eventtrace/metadata.json,247,d934a15f1747d9e1546e6c55e736ab232dfa716175814a7af569d440b33c2790
eventtraces/e3/traffic/seed30015/training_eventtrace/trace_identity.json,549,db6be50cd1e11eb32bb30c15bee1df291116725fb32662ce3427dc09bd581e1e
eventtraces/e3/traffic/seed30016/e2_reuse_provenance.json,164,ac24c9b47c9a688c11fcba2183f7ca46d93d6e2148a7b4e6bce97b10b9557686
eventtraces/e3/traffic/seed30016/training_eventtrace/events.parquet,238303,38db2756f86416fa6106ddb1db78c7539361a7b046d1e8569b8704227457733b
eventtraces/e3/traffic/seed30016/training_eventtrace/metadata.json,247,975bc0cf137d73807c5dff755c65ac1db37d34462776e441ee8a1889349beabb
eventtraces/e3/traffic/seed30016/training_eventtrace/trace_identity.json,549,375d091d6c5676a2d3620c3cc8e1c245d231bf884d99b3675c410dbd73d0f324
eventtraces/e3/traffic/seed30017/e2_reuse_provenance.json,164,2b4f672194df3bda79310a4a3b93fe45fbbac614a8f4ef629739bfaa6e6c90f0
eventtraces/e3/traffic/seed30017/training_eventtrace/events.parquet,237820,ddba001dac48a5ffd365627cf7fef9d6ee529b4c3ed11d89579415143a043a20
eventtraces/e3/traffic/seed30017/training_eventtrace/metadata.json,247,2b38a2537c148dbc09e2c59bc43f5bcf6d6a4ff7f8686dac9e30fae460ed0820
eventtraces/e3/traffic/seed30017/training_eventtrace/trace_identity.json,549,30659edd1d10028b8650fa8860fad8a1bbb90470e0a1f10185a11d78f4a5c253
eventtraces/e3/traffic/seed30018/e2_reuse_provenance.json,164,97d555f508fbf7ab31cf94ee6cb40312275b9f1abbee16e1171b751c19d7b703
eventtraces/e3/traffic/seed30018/training_eventtrace/events.parquet,237601,043b4a3f00e02541889047ad3bfc320da386ff081d0f7ee64df32fd7062a4626
eventtraces/e3/traffic/seed30018/training_eventtrace/metadata.json,247,9651b2b14cf3e0c59f4fbfc4a96450c1f6c25f973841aa459d30c3e4b9151820
eventtraces/e3/traffic/seed30018/training_eventtrace/trace_identity.json,549,38bdf947fa746d7eb4454a3a6fb72a019497d5517c74a651ced681f557d23386
eventtraces/e3/traffic/seed30019/e2_reuse_provenance.json,164,7a53c0189e06722e57db99787cb1a5bee0829c31b99c7162c40a9b1d26c8554a
eventtraces/e3/traffic/seed30019/training_eventtrace/events.parquet,238756,1d088069fa95a19cebf7db9daace31a6393e40413b264e3c63ff3c831541844b
eventtraces/e3/traffic/seed30019/training_eventtrace/metadata.json,247,13b6d55f2865700dd25107d408a805bd0c82795af257f7446963bd7db50e2c6f
eventtraces/e3/traffic/seed30019/training_eventtrace/trace_identity.json,549,4b1f1fd413a8c2a8f87423982493b04b3322af3a5a034d1a28464ce8f7b73979
eventtraces/e3/traffic/seed30020/e2_reuse_provenance.json,164,3c30a0ad5fcf0c2e3a9ab389437f7e87719f43bf83fcd4fdd7555a569ef1bde0
eventtraces/e3/traffic/seed30020/training_eventtrace/events.parquet,238849,d035656477ff2d999c8d7acdcb4addd8415b11048aa335fa57b477d5a7db9262
eventtraces/e3/traffic/seed30020/training_eventtrace/metadata.json,247,5cf6fab70151d13873d1fcce46435d9caf9f18c9af7d48976a0f25ac35da9a9d
eventtraces/e3/traffic/seed30020/training_eventtrace/trace_identity.json,549,b6812a519998b9c8c36eece12c74fb32a64eb86d4b28228f723392297f162006
eventtraces/e3/uair/seed30001/atomic_p_obs_true.parquet,18161,1922a8b13123b499935cefb096983c1697f2725442cac881286e355f1eada74e
eventtraces/e3/uair/seed30001/generation_meta.json,244,70d605d30c0f3833a29ebfdf2a63b809a54185c9a7399c62f86d3af81582fc9a
eventtraces/e3/uair/seed30001/opportunity_events.parquet,9070,e4bb3b519dabcfeec7436adbaabd0ce195d1eb28df1cf4e8946fea51fb9435b8
eventtraces/e3/uair/seed30001/training_eventtrace/events.parquet,102661,d685b67b5cd5f0cc34cd2cc95a5e8ca5c30726b43e8afc9122093244e0193f3d
eventtraces/e3/uair/seed30001/training_eventtrace/metadata.json,241,9eff268b70c53730eb3d4166115c01439adad6e2bc73a1094fb587a32d0ac0e2
eventtraces/e3/uair/seed30001/training_eventtrace/trace_identity.json,545,1bd6ea8babbe78ae7623be5e3c659adf6b71dc8a9c693088902fbf44f7724b20
eventtraces/e3/uair/seed30002/atomic_p_obs_true.parquet,17965,59394fc0963b56940e820e03bfc81926701165903c0c8444ed1153823f5423e5
eventtraces/e3/uair/seed30002/generation_meta.json,244,70d605d30c0f3833a29ebfdf2a63b809a54185c9a7399c62f86d3af81582fc9a
eventtraces/e3/uair/seed30002/opportunity_events.parquet,9067,d72c80c1ef8e8108158ec465f34e5b99ab585208378514e92d8e8f12e6d28ff7
eventtraces/e3/uair/seed30002/training_eventtrace/events.parquet,101846,9f6700c93ac3085061320cfcdea3bdf08d1129a5dca93bdac9c0bb5ae0988839
eventtraces/e3/uair/seed30002/training_eventtrace/metadata.json,241,5beee9ad29e89e5360fec5f18329ca655210be600ffdbf6dba01729b3f6c2078
eventtraces/e3/uair/seed30002/training_eventtrace/trace_identity.json,545,864ac7d4b06ca2712c0fac4898b1dff50815630b4264b1837311dd3cc22e82e4
eventtraces/e3/uair/seed30003/atomic_p_obs_true.parquet,18013,2df80f1b56890c5fb68debe256be12f02e03aefcf9179fe84e75aa2cfa8f37db
eventtraces/e3/uair/seed30003/generation_meta.json,244,70d605d30c0f3833a29ebfdf2a63b809a54185c9a7399c62f86d3af81582fc9a
eventtraces/e3/uair/seed30003/opportunity_events.parquet,9071,09fc374785874a8129b10b1d1689fad9e7b1b89b6ddff0f857f1b663843e0aab
eventtraces/e3/uair/seed30003/training_eventtrace/events.parquet,101795,2bc9f7ab1eb7323cdc97f7ad7c9b57ef8e9e9492bb5cebe6a6563a29f5e5029e
eventtraces/e3/uair/seed30003/training_eventtrace/metadata.json,241,b96a733c5e89c844e2411a679a62a022d4a58f6d982d9959f994471bdaf00c39
eventtraces/e3/uair/seed30003/training_eventtrace/trace_identity.json,545,fe372273f59483708fb09ca351fda4100fbb2f5a004486fba0f38cf662a069c2
eventtraces/e3/uair/seed30004/atomic_p_obs_true.parquet,17948,06329cf129774458cb28a99565e13656f881a16dd1805e7ec1748c3463c3f2ab
eventtraces/e3/uair/seed30004/generation_meta.json,244,70d605d30c0f3833a29ebfdf2a63b809a54185c9a7399c62f86d3af81582fc9a
eventtraces/e3/uair/seed30004/opportunity_events.parquet,8992,8ee1cea510acf83a60118de3d0e6027a601856d9ef2f5de30eef13a641c5db8b
eventtraces/e3/uair/seed30004/training_eventtrace/events.parquet,102019,fae197343b9a1f77896141a30e3e0ab2cf9e3a3c06f65969348e2c2c1d87cd1a
eventtraces/e3/uair/seed30004/training_eventtrace/metadata.json,241,a3360d4ee1c77906d061303db91e70025d12ee70046abe25860543503b519801
eventtraces/e3/uair/seed30004/training_eventtrace/trace_identity.json,545,4f1fbe0e9695a448ae9a6c2477ba84c40ed1b68b01796f8e99eb4e146120bf31
eventtraces/e3/uair/seed30005/atomic_p_obs_true.parquet,18288,a0db0fa92e2b349e38deacda552b1d22254dd093a56f51c2048f1ae489a1e521
eventtraces/e3/uair/seed30005/generation_meta.json,244,70d605d30c0f3833a29ebfdf2a63b809a54185c9a7399c62f86d3af81582fc9a
eventtraces/e3/uair/seed30005/opportunity_events.parquet,9046,252058c6747e0096eaf040bf5026684ae023afdaed79023360747ce895854d19
eventtraces/e3/uair/seed30005/training_eventtrace/events.parquet,101026,c35c72c7e228e344c0ab67f8db8ea6ce8d898b35e5c1d43f6a66f091c8a96acc
eventtraces/e3/uair/seed30005/training_eventtrace/metadata.json,241,13d8cdec4b2d7380683f7b760e4a82fb33f8a55e3119422dbf2502052c048b36
eventtraces/e3/uair/seed30005/training_eventtrace/trace_identity.json,545,bb2de5e73599d193931c3b0dd40bc78c616f137ff17dddc7632d396dc3d7cbd1
eventtraces/e3/uair/seed30006/atomic_p_obs_true.parquet,18046,5239d0f5042e1de06819e16c6a189ccf686313352b9255d223705a149d3b2b34
eventtraces/e3/uair/seed30006/generation_meta.json,244,70d605d30c0f3833a29ebfdf2a63b809a54185c9a7399c62f86d3af81582fc9a
eventtraces/e3/uair/seed30006/opportunity_events.parquet,9024,6cdda91e9dfe40bd341a5dce8261aeb2398fbc5e8074ebb7476f07fb9607e13b
eventtraces/e3/uair/seed30006/training_eventtrace/events.parquet,100896,7cbb429e5c606f32e632f55ab9342da4b9adec605e7aa0a69a023d7710d3e22b
eventtraces/e3/uair/seed30006/training_eventtrace/metadata.json,241,e1c268e098626e7324ffdd5c5bcaf53993a1379821ad4be1f4ae2dca21ba65c4
eventtraces/e3/uair/seed30006/training_eventtrace/trace_identity.json,545,41ec161261477d57ae6f2c8aeb7af13806fd6668564b9867bea53e70c1c3dd6c
eventtraces/e3/uair/seed30007/atomic_p_obs_true.parquet,18132,42665c0ec0a098af5bfcb3a6460170c3b2c2180358b77d5d066755b06c86d3be
eventtraces/e3/uair/seed30007/generation_meta.json,244,70d605d30c0f3833a29ebfdf2a63b809a54185c9a7399c62f86d3af81582fc9a
eventtraces/e3/uair/seed30007/opportunity_events.parquet,9070,5d1ea9daeed0c04c3a24ef617d4dc6ab143aa011c24b88df9c8ead2b6a139c59
eventtraces/e3/uair/seed30007/training_eventtrace/events.parquet,100647,eada8499d5cd4e2b42f4bd1401ce0e341796239180653f3637ad07f7bc0486fa
eventtraces/e3/uair/seed30007/training_eventtrace/metadata.json,241,842030b8351b2a3674665d1f8c0c5d5f76c745a94d5c0648587dc61f38c3d40c
eventtraces/e3/uair/seed30007/training_eventtrace/trace_identity.json,545,6dd3bace00420b9221a1be87142bca0bd5249582d5fb7451fb22b0a612c6d046
eventtraces/e3/uair/seed30008/atomic_p_obs_true.parquet,17950,dbae27e259ffcea5add8148dda97192baf6ba7ede713fc23c6e41305fdad1980
eventtraces/e3/uair/seed30008/generation_meta.json,244,70d605d30c0f3833a29ebfdf2a63b809a54185c9a7399c62f86d3af81582fc9a
eventtraces/e3/uair/seed30008/opportunity_events.parquet,9078,49a7e342d836a67e8ab8bd7b0e3ab437c8915f74e7cdb6261a34f1088209438c
eventtraces/e3/uair/seed30008/training_eventtrace/events.parquet,101526,b192586455044fa92ea6186d23b4d9aa05e970a1825f2b390356b3d745d2d736
eventtraces/e3/uair/seed30008/training_eventtrace/metadata.json,241,c42583b5ada41638fd46330fdb69d48e87cbdd8bf592ce2511585179651cf89a
eventtraces/e3/uair/seed30008/training_eventtrace/trace_identity.json,545,b6845f6a8df9ae8e295ab734eb2c9c148fdf20f524389bec8a4f6cde73ccc271
eventtraces/e3/uair/seed30009/atomic_p_obs_true.parquet,17966,12c990fa1514f6dd4c5c6a6485635ee9832e395dd90cf42c4b21669421cd0cfe
eventtraces/e3/uair/seed30009/generation_meta.json,244,70d605d30c0f3833a29ebfdf2a63b809a54185c9a7399c62f86d3af81582fc9a
eventtraces/e3/uair/seed30009/opportunity_events.parquet,9089,9a85a5a24216b057956d7579baf9e708a28c8dbc035b3fd59e950e54ca9e39aa
eventtraces/e3/uair/seed30009/training_eventtrace/events.parquet,101037,bce6ea09b6339c47bd96b2ea6e01c3de0d98238a6286f512d903581ee87c20d5
eventtraces/e3/uair/seed30009/training_eventtrace/metadata.json,241,d855a734bb67cb226304e65b7b1f9df9baab7b00968a17bebbdb18a6057f6e4c
eventtraces/e3/uair/seed30009/training_eventtrace/trace_identity.json,545,ef7de30c942774cebddd5301502c9cf2099befc472060f7e3c17ee813f50d949
eventtraces/e3/uair/seed30010/atomic_p_obs_true.parquet,18036,e1a1c992bd47648bdefdb381873c450ad0ee1efdbcf165a8004ff9bb6f8fefc8
eventtraces/e3/uair/seed30010/generation_meta.json,244,70d605d30c0f3833a29ebfdf2a63b809a54185c9a7399c62f86d3af81582fc9a
eventtraces/e3/uair/seed30010/opportunity_events.parquet,9067,a21b0b300304f11cddbc84aa1f1aedc23897bdfa7065a6c6cc337bca31cc71f1
eventtraces/e3/uair/seed30010/training_eventtrace/events.parquet,100200,9d4eb2da645f0031044e640083325234292892ac750a3fe8a801915573945add
eventtraces/e3/uair/seed30010/training_eventtrace/metadata.json,241,ec0bc67c69183ac8852c1575a5387cd89f588be40baf9386f64f3404e045f5fb
eventtraces/e3/uair/seed30010/training_eventtrace/trace_identity.json,545,50df9bf3a7b39e46649fea818d74f6834a50e27b511c8162db396111dccc68c8
eventtraces/e3/uair/seed30011/atomic_p_obs_true.parquet,17925,5cfed4502a6dc2a7fcc83c0a5fe00550d2c456c42528b3bde221fab4c69cc706
eventtraces/e3/uair/seed30011/generation_meta.json,244,70d605d30c0f3833a29ebfdf2a63b809a54185c9a7399c62f86d3af81582fc9a
eventtraces/e3/uair/seed30011/opportunity_events.parquet,9061,1d31f23e2d34e89317b4a80ba0954b7bb7486d24fe3e7012a8fb9672f24a6f7c
eventtraces/e3/uair/seed30011/training_eventtrace/events.parquet,100760,f07b93c6f25f46308b17207c5fd434a1a316a70f9d1589f6ae521a0a9c0c6ba8
eventtraces/e3/uair/seed30011/training_eventtrace/metadata.json,241,ad41519ed1b30979d52a7f5b3c94edc32f50c076dd29dff145a1a34a48e0e14a
eventtraces/e3/uair/seed30011/training_eventtrace/trace_identity.json,545,9d76ebc41b905f4a2de4c3b7086c4a69dad9424de49a040137e9f53a6b10a3c1
eventtraces/e3/uair/seed30012/atomic_p_obs_true.parquet,18001,bc94c04759d1993dc84d95233288885fcaa43fbbad032a22ab68582ae0dfea48
eventtraces/e3/uair/seed30012/generation_meta.json,244,70d605d30c0f3833a29ebfdf2a63b809a54185c9a7399c62f86d3af81582fc9a
eventtraces/e3/uair/seed30012/opportunity_events.parquet,9072,832a407c037338baeabb97c99d3796a64622d651f477e0359e4bca3194cae8ab
eventtraces/e3/uair/seed30012/training_eventtrace/events.parquet,100905,2fce73fde43ee02f2e00da90eb6f9ca2064acce381d3e5e16c0f2bf7da8d2f2f
eventtraces/e3/uair/seed30012/training_eventtrace/metadata.json,241,f332e8931d23a2d651ec345f0e0152690f1dd403892f7cbb99ce2055f89deb60
eventtraces/e3/uair/seed30012/training_eventtrace/trace_identity.json,545,b03c390b90c94a229f6f36b206b4d9bc24bcb9a979a92bc876952bc1da3d3bcf
eventtraces/e3/uair/seed30013/atomic_p_obs_true.parquet,17848,f86cbc95874054351207711d1f4fa1962c4e7962f74a4c50cf413a66dff4b2b4
eventtraces/e3/uair/seed30013/generation_meta.json,244,70d605d30c0f3833a29ebfdf2a63b809a54185c9a7399c62f86d3af81582fc9a
eventtraces/e3/uair/seed30013/opportunity_events.parquet,9014,aec03335ae527b3d5c442d09ce4bc527211e8799cef57389240c256b71206f91
eventtraces/e3/uair/seed30013/training_eventtrace/events.parquet,102881,a456497ab62b0155d40af7feffe1a865641d611d9e7649630684e1c6d90752e0
eventtraces/e3/uair/seed30013/training_eventtrace/metadata.json,241,55945eb12209a629af586118099ce51f76226384d036fd71a01122ca7234502c
eventtraces/e3/uair/seed30013/training_eventtrace/trace_identity.json,545,3c0f7e3633e05bf010abff5f812813bd9581eddd4ed897431321ef72dfb38107
eventtraces/e3/uair/seed30014/atomic_p_obs_true.parquet,18060,787bcb1148bcbb11e69a7247111454ef9474d2552b5a2b84ecc0534d9ae754bb
eventtraces/e3/uair/seed30014/generation_meta.json,244,70d605d30c0f3833a29ebfdf2a63b809a54185c9a7399c62f86d3af81582fc9a
eventtraces/e3/uair/seed30014/opportunity_events.parquet,9105,514853208fa144244180e54706bafe83dd24a40d1d8679596ea4f9271e4af6c3
eventtraces/e3/uair/seed30014/training_eventtrace/events.parquet,101259,d7428bb86eb228aebbbe3a5d56e209c905289b998e6a4b226078f1d9346922c0
eventtraces/e3/uair/seed30014/training_eventtrace/metadata.json,241,a51c04342358d8cf1329b31bb607ac8b0a4c7390d811c0eb451794c95f7c5357
eventtraces/e3/uair/seed30014/training_eventtrace/trace_identity.json,545,61f9b353c4de2681daa5316117bcba219efaffa6fc42ed36c92684e6083c8eda
eventtraces/e3/uair/seed30015/atomic_p_obs_true.parquet,18203,97de2446bef168bb7779f268bf18495d6b37e89bef6fee6f07087ab470b9195b
eventtraces/e3/uair/seed30015/generation_meta.json,244,70d605d30c0f3833a29ebfdf2a63b809a54185c9a7399c62f86d3af81582fc9a
eventtraces/e3/uair/seed30015/opportunity_events.parquet,9076,f65e638f8a2a5b92bf864c70c20fde376e00f93fd333ba74740198fd258488e5
eventtraces/e3/uair/seed30015/training_eventtrace/events.parquet,101128,9e8a553af47b8cf278e706f3402f29d355a773a46220e62d83de856bb98caf0e
eventtraces/e3/uair/seed30015/training_eventtrace/metadata.json,241,873c7b6ad3a462dde54a62c5e5b4d245bbc4a718ec055432ce9ce6575cf9f0cc
eventtraces/e3/uair/seed30015/training_eventtrace/trace_identity.json,545,7c2ec7c506303dd3f99e3e2c1b5c4ed820709e0757a5dacff7d2a0d8ade8126a
eventtraces/e3/uair/seed30016/atomic_p_obs_true.parquet,17937,ba912d700c793fa45123bc59ace2ffced7320fda74b5fd7c0c7c1fe477cbeb64
eventtraces/e3/uair/seed30016/generation_meta.json,244,70d605d30c0f3833a29ebfdf2a63b809a54185c9a7399c62f86d3af81582fc9a
eventtraces/e3/uair/seed30016/opportunity_events.parquet,9032,7203fec1972e16aac42d1837e004715b48a291b2edd68e37a3c8c2920b76eaad
eventtraces/e3/uair/seed30016/training_eventtrace/events.parquet,101943,f014b9c46ea1af7b3beb088a88115a19917b83fa6d1f4fbea63e2d59297cd5df
eventtraces/e3/uair/seed30016/training_eventtrace/metadata.json,241,c4448f37de400e2c8b5787b9f2ec4fc029a3928908b6ae0f897db67a0b49b42c
eventtraces/e3/uair/seed30016/training_eventtrace/trace_identity.json,545,0dfd702d1bede55f0d0f90a0ecf7d554d1f30bd3a1f3e871c3532c5b187d9a16
eventtraces/e3/uair/seed30017/atomic_p_obs_true.parquet,18025,66609e6d3bafeb51c38016b42e3c46a123eec38d5b014d8387d5e4bb4a701ccd
eventtraces/e3/uair/seed30017/generation_meta.json,244,70d605d30c0f3833a29ebfdf2a63b809a54185c9a7399c62f86d3af81582fc9a
eventtraces/e3/uair/seed30017/opportunity_events.parquet,9087,6697ea0fdc801e5191c3c849fd0d6dbab2a655808dfffcc674250774577d91b5
eventtraces/e3/uair/seed30017/training_eventtrace/events.parquet,101143,c93f9f0ffedf2892d3ee50982cacea8ce1d41bab1c6da7c03168d0905a0c3964
eventtraces/e3/uair/seed30017/training_eventtrace/metadata.json,241,2ff8b5c68c4d2500dba651aa5c6fbab9dfaf3e23d0f240eb6d0488f3947a5af5
eventtraces/e3/uair/seed30017/training_eventtrace/trace_identity.json,545,b812c4468496e73943004b424d52773dcc264828a901e47619153fda3fb382b6
eventtraces/e3/uair/seed30018/atomic_p_obs_true.parquet,17754,d06009f4ba82c16f9d19f52f3d654b1668a05fc909aba221ac56e790273206ef
eventtraces/e3/uair/seed30018/generation_meta.json,244,70d605d30c0f3833a29ebfdf2a63b809a54185c9a7399c62f86d3af81582fc9a
eventtraces/e3/uair/seed30018/opportunity_events.parquet,9044,1d5ecfe6adac33d5e1069e15686b2fb04efd8546c53429311dce18ea6d45de64
eventtraces/e3/uair/seed30018/training_eventtrace/events.parquet,102912,c778af029a18af9bb935266623cc9d7bc4e688e1cd0cfd4dea8c892e9d7b861e
eventtraces/e3/uair/seed30018/training_eventtrace/metadata.json,241,36bfdcc4b6610689e54a463b190acabe46675c783e2a14a061b9102b0be21168
eventtraces/e3/uair/seed30018/training_eventtrace/trace_identity.json,545,b478358f7318273a28fed3edcf5663b8bea56ed8a2b86d8e4d21fe6735d07fb6
eventtraces/e3/uair/seed30019/atomic_p_obs_true.parquet,17857,b0ab83a92f832e97f051602ffdbff9c5721c402d8de22c7a7e8f33405fbab6da
eventtraces/e3/uair/seed30019/generation_meta.json,244,70d605d30c0f3833a29ebfdf2a63b809a54185c9a7399c62f86d3af81582fc9a
eventtraces/e3/uair/seed30019/opportunity_events.parquet,9045,e2a562cb7924f41b4647910af98bdefd64e090aa5cf8915e61910bc878648956
eventtraces/e3/uair/seed30019/training_eventtrace/events.parquet,100548,c96dbe09c9044652f4d3a0a26e5927045ceb60e41b1fc3d7504702bb15fd00aa
eventtraces/e3/uair/seed30019/training_eventtrace/metadata.json,241,c376eb2f3aa13ba972d03154fe8196b0fb8cdf5231ecbed1383f0ddeea8958a9
eventtraces/e3/uair/seed30019/training_eventtrace/trace_identity.json,545,984bd04c7236705515d30981df39defc6b1798b19ea6dcd718a0afda2dadd5a7
eventtraces/e3/uair/seed30020/atomic_p_obs_true.parquet,18113,416549cb8f3f27b43ae9528c4bb5fef534c457a6a9a5beb65f2d601822f943fe
eventtraces/e3/uair/seed30020/generation_meta.json,244,70d605d30c0f3833a29ebfdf2a63b809a54185c9a7399c62f86d3af81582fc9a
eventtraces/e3/uair/seed30020/opportunity_events.parquet,9101,8ba9343df43c4054e0f352aa95caed6c92a1df433501445a9afd4a2d454c09fc
eventtraces/e3/uair/seed30020/training_eventtrace/events.parquet,101398,81411def4c024654e55cd9977f500b79b465eb998a8941191de088c2f469a32e
eventtraces/e3/uair/seed30020/training_eventtrace/metadata.json,241,57298a7713620a822ed5d1f9727eaa7e4c13a70c5c6b8540f87a5d69d2892377
eventtraces/e3/uair/seed30020/training_eventtrace/trace_identity.json,545,dff81b3fcd606f37ccb48728dc7da7e067cd27993366ac3f531eb20fc856ee0f
eventtraces/E3_EVENTTRACE_MANIFEST.json,10359,8458438a37eb66bb35643183c6dca155db4c492379a522c4ace24d56b34ce33e
figures/FIG_CERTIFICATE_STRESS.csv,1137,e48662e76e8dc05316e3a3bbe779037f88e94be12f88707e6954d635130d6cf2
figures/FIG_CERTIFICATE_WINDOWS.csv,51771,849b27d048fce05d7c0d506badcb5a3e603cd249c976653e86bb4d71f5b6948b
figures/FIG_E1_E2_RISK_NONINTERCHANGEABILITY.csv,8277,28605d1ebf874c5f2c1ad7e780790a68c02bcd7ea2c12d1636f49755628b6511
figures/FIG_E2_E3_STRUCTURAL_ALIGNMENT.csv,23839,0949f2e89e82953b1853de1f7893904b5149feaac3e5cabe2dee39a1d5b0c32f
figures/FIG_E3_E3_PREDICTION_RISK.csv,54029,8110240a5f88644b29e5d0aa85986d6d052a653a09ad9c7292c11ff2f71a9685
figures/FIG_E4_E4_COMPONENT_ABLATION.csv,5656,c80f6dddabd7c8e76d01e88b33537b0490454bf673baeea7d1e79b4a550330a9
figures/FIG_G3_TDRIVE_H_MASS.csv,302,2e5199bc682bd7ef4ad2eb465b740b7cc707dd2088c6ce1305b4d200c4793d91
figures/FIG_G3_TDRIVE_TV.csv,176,e742948e1a8e677930815fdb6e5e9c55fd0eda0d8e3ea6d2234ce517e54b2a79
figures/FIG_W1_DESIGN_GATE.csv,275,5462183b6858f4b486626ab35c2499e1705b6f60694d44723e2b3ae07ca19716
LICENSE.txt,347,a91d2cabf53f67fa19007ea95f357f9be6cf386f8114bb6e66209096d2263551
processed/sensorscope/atomic_units.parquet,285081,47581d5b04d3795b3fe663198ba32a53e83f35707718a82bd1ec0662daff88ce
processed/sensorscope/client_measurements.parquet,5822758,292524d4c9679bb76de760fd45c7b7c797a6edba1a9d38d40da9eb83bb1aa295
processed/traffic/atomic_units.parquet,326389,db45a2ecc66c27abeaf58b0c03ce66de7bfaf6727f4523ea06ef226a9ce3de50
processed/traffic/client_measurements.parquet,10471477,f80ff849be57f8513b7122e67ffe78ece1f3ddfa00f7efd274a73672bbc60787
processed/uair/atomic_units.parquet,83882,0d57445890f7e1a21038c17106a8e7f332e95fe13fe81713f24b8fd0ab254eed
processed/uair/client_measurements.parquet,3279884,4ec8ae79c7b6f74f5969e1914310bc61d0005c86cf9cfd434e1ee5e60f70647f
PROTOCOL.json,1858,7b98bf10d08409aa4e0781ce020992f8146bf6634d399aed8d73dea1f9bf5861
README.md,2313,c736b66b7b8895ba8d8b49687c4120236a5aeabad71e5adda0432d77a1a34451
scripts/build_public_repro_bundle.py,15225,fad1dacb5ef85f1baff2ec987197ed61d1b15425900beba516a97b2c107d3158
tables/CONFIG_REGISTRY.csv,7804,14c1319dc2c37ea63b6fa60c27c8a893dbf952317ab90fa4c4f4794dbe2b23d6
tables/E3_FORMAL_HOLM_RESULTS.csv,1652,215ea720d6c41fe873b4ee8102a39879cfbe989df6e47ecb699b75f746a51a9f
tables/E4_ABLATION_HOLM_RESULTS.csv,5015,8fd647f4adcdfdfd8e620cc439af923fc2f184da87f476a88e53824374e77a7b
tables/E4_ABLATION_RELATIVE_CHANGE.csv,105519,67c21119c32331bc800274feb036125c9368d462b2740a06e06b2b15c42937cd
tables/PAPER_EVIDENCE_MASTER_LONG.csv,1788681,bef082fb6d26383537a91c3a9201630b73bcff439720218a946a3d2157703004
tables/TABLE_DATASET_SUMMARY.csv,5135,3fda564ab2671fd1b9358ac52b2da1443c6eba3b80f44bdfc4338f2ab119a775
tables/TABLE_E1_BALANCED_SANITY.csv,446,092ecf8ede39bf0ca2f5c9cf0bad3c79d18c271f98e8f8fbcdb17db7dba3b09e
tables/TABLE_E2_RISK_SEMANTICS.csv,320,69f236e4de5592654555a958807b9e6d5209a11f4b26eca9c09c200f43ce5cc6
tables/TABLE_E3_FULL_METHODS_SUPPLEMENT.csv,71981,01a974e7ea47fd130ba3990b04b9ab8a6e379b728366bc1c1beab4ee01094673
tables/TABLE_E3_MAIN_EFFECTIVENESS.csv,1939,4fc603c0cb82a42c870671341d8c66244e2e3dc374e07e134297e05727b9db0f
tables/TABLE_E4_COMPONENT_EFFECTS.csv,29563,b65d2fa4c3dcf57531cc5086e5ef2f9eca482c1a403248e4dd340f627c2ee999
tables/TABLE_E4_CORE_ABLATION.csv,2362,5509df7ec44029bc1e6f1059337c0bd4b7eee6ceacec0b36c6af2772196c927c
tdrive/TDRIVE_EVENTTRACE_SCHEMA.json,2822,051f973382566eaeaded624031943f8337f9144ac0ed7b59105f78f9491f5357
tdrive/TDRIVE_OBSERVATION_SEAL.json,605,aa7f9f7b13703f650cff6ed198d4540d81f58f1d9ec95eb5d8f169727c004a66
tdrive/TDRIVE_OPPORTUNITY_DISTRIBUTION_SUMMARY.csv,292302,4b0b239c700cbd79ba981c1d791e41e20c9fd7100dd6ff90722eea16894bc35d
tdrive/TDRIVE_REAL_MOBILITY_OPPORTUNITY_SEAL.json,738,08d8f35ed4d7446049153df310ff640a7a1efbe1ec2b3c2bcd5621c1e7d41d4b
tdrive/TDRIVE_SEED_POLICY_SEAL.json,606,a20e3d1495069289f54f6c666b9e7975cee6cfaab186b886e7692b20975f1cbd
tdrive/TDRIVE_TARGET_H_SEAL.json,1201,ae2fbb05ba56f17fe129d9e53a7abb4db4317edb8c84b87ee838f50c53cbaf97
tdrive/TDRIVE_TARGET_MU.csv,193,091e8aead9d1857a36857e8be2eda403fbbff40fd3ad3e579f41c991fa3319a1
tdrive/TDRIVE_TARGET_MU_SEAL.json,273,b98d4a90eb895ee0161607d7c1a8f1e72b509af1d85428d780c00df8a6ae45b5
tdrive/TDRIVE_USABLE_UPDATE_SEAL.json,1024,db3ef153a0aafab8e975d746dcca38c9b28bbb53d80ca774e7effbdc004d23ec
verify.py,1225,ab8e36422ddd654247cb39b4a8ad62dafc76cfbd1e055f8e3a2f4964d0c15cd6
