axis,key,opportunity_count
client,vehicle::100,787
client,vehicle::10000,339
client,vehicle::10001,451
client,vehicle::10003,296
client,vehicle::10005,371
client,vehicle::10006,392
client,vehicle::10009,534
client,vehicle::1001,566
client,vehicle::10013,206
client,vehicle::10014,270
client,vehicle::10015,368
client,vehicle::10016,355
client,vehicle::10017,357
client,vehicle::10018,446
client,vehicle::10019,207
client,vehicle::10020,145
client,vehicle::10022,398
client,vehicle::10025,329
client,vehicle::10026,573
client,vehicle::10027,208
client,vehicle::10029,431
client,vehicle::10031,303
client,vehicle::10033,326
client,vehicle::10034,255
client,vehicle::10035,370
client,vehicle::10036,272
client,vehicle::10040,372
client,vehicle::10042,403
client,vehicle::10047,544
client,vehicle::10048,654
client,vehicle::1005,213
client,vehicle::10051,295
client,vehicle::10053,486
client,vehicle::10054,120
client,vehicle::10056,6
client,vehicle::10057,10
client,vehicle::10060,716
client,vehicle::10061,482
client,vehicle::10062,519
client,vehicle::10066,558
client,vehicle::10068,308
client,vehicle::10069,706
client,vehicle::10072,372
client,vehicle::10074,118
client,vehicle::10075,268
client,vehicle::10077,424
client,vehicle::10078,8
client,vehicle::10079,553
client,vehicle::10080,130
client,vehicle::10084,334
client,vehicle::10086,759
client,vehicle::10088,248
client,vehicle::10089,363
client,vehicle::1009,344
client,vehicle::10090,604
client,vehicle::10095,214
client,vehicle::10097,311
client,vehicle::10098,373
client,vehicle::10099,300
client,vehicle::1010,346
client,vehicle::10100,444
client,vehicle::10101,392
client,vehicle::10103,206
client,vehicle::10105,434
client,vehicle::10106,337
client,vehicle::10108,535
client,vehicle::10110,138
client,vehicle::10111,600
client,vehicle::10112,631
client,vehicle::10116,173
client,vehicle::10117,996
client,vehicle::10118,332
client,vehicle::10120,102
client,vehicle::10121,313
client,vehicle::10122,338
client,vehicle::10125,746
client,vehicle::10127,483
client,vehicle::10128,343
client,vehicle::10132,411
client,vehicle::10135,184
client,vehicle::10137,451
client,vehicle::10139,632
client,vehicle::10140,339
client,vehicle::10141,633
client,vehicle::10142,175
client,vehicle::10143,235
client,vehicle::10146,527
client,vehicle::10147,471
client,vehicle::10148,356
client,vehicle::1015,350
client,vehicle::10150,508
client,vehicle::10151,508
client,vehicle::10153,141
client,vehicle::10154,549
client,vehicle::10156,466
client,vehicle::10157,525
client,vehicle::1016,455
client,vehicle::10160,581
client,vehicle::10161,600
client,vehicle::10162,117
client,vehicle::10163,342
client,vehicle::10164,661
client,vehicle::10165,228
client,vehicle::10166,599
client,vehicle::10167,570
client,vehicle::1017,215
client,vehicle::10170,79
client,vehicle::10173,683
client,vehicle::10177,427
client,vehicle::10181,417
client,vehicle::10183,577
client,vehicle::10184,473
client,vehicle::10190,339
client,vehicle::10192,564
client,vehicle::10194,370
client,vehicle::10196,497
client,vehicle::10197,382
client,vehicle::10199,680
client,vehicle::102,432
client,vehicle::1020,386
client,vehicle::10203,484
client,vehicle::10205,523
client,vehicle::10208,90
client,vehicle::10209,515
client,vehicle::1021,410
client,vehicle::10210,279
client,vehicle::10212,278
client,vehicle::10213,515
client,vehicle::10214,658
client,vehicle::10216,578
client,vehicle::10218,332
client,vehicle::10219,53
client,vehicle::10220,268
client,vehicle::10223,535
client,vehicle::10224,293
client,vehicle::10227,378
client,vehicle::10228,631
client,vehicle::1023,434
client,vehicle::10230,464
client,vehicle::10231,320
client,vehicle::10232,450
client,vehicle::10234,55
client,vehicle::1024,219
client,vehicle::10248,480
client,vehicle::10249,466
client,vehicle::1025,276
client,vehicle::10251,389
client,vehicle::10253,213
client,vehicle::10255,317
client,vehicle::10257,321
client,vehicle::10261,422
client,vehicle::10263,449
client,vehicle::10265,666
client,vehicle::10268,205
client,vehicle::1027,452
client,vehicle::10270,87
client,vehicle::10271,440
client,vehicle::10273,477
client,vehicle::10274,516
client,vehicle::10275,49
client,vehicle::10276,170
client,vehicle::10277,100
client,vehicle::10278,702
client,vehicle::10280,324
client,vehicle::10282,123
client,vehicle::10283,233
client,vehicle::10284,529
client,vehicle::10289,243
client,vehicle::1029,493
client,vehicle::10291,700
client,vehicle::10296,174
client,vehicle::10297,219
client,vehicle::1030,389
client,vehicle::10300,354
client,vehicle::10301,267
client,vehicle::10303,203
client,vehicle::10304,112
client,vehicle::10305,85
client,vehicle::10307,186
client,vehicle::10308,375
client,vehicle::10309,214
client,vehicle::10310,246
client,vehicle::10311,142
client,vehicle::10312,438
client,vehicle::10314,371
client,vehicle::10315,146
client,vehicle::10316,114
client,vehicle::10318,227
client,vehicle::1032,369
client,vehicle::10321,2
client,vehicle::10323,255
client,vehicle::10324,238
client,vehicle::10325,152
client,vehicle::10326,518
client,vehicle::10327,651
client,vehicle::10329,778
client,vehicle::10330,489
client,vehicle::10331,359
client,vehicle::10332,420
client,vehicle::10334,171
client,vehicle::10335,306
client,vehicle::10336,652
client,vehicle::10338,545
client,vehicle::10339,400
client,vehicle::1034,206
client,vehicle::10340,405
client,vehicle::10342,24
client,vehicle::10343,284
client,vehicle::10344,176
client,vehicle::10345,306
client,vehicle::1035,57
client,vehicle::10354,806
client,vehicle::10356,160
client,vehicle::10357,250
client,vehicle::1037,551
client,vehicle::1038,139
client,vehicle::1039,307
client,vehicle::104,407
client,vehicle::1044,316
client,vehicle::1045,1
client,vehicle::1049,1
client,vehicle::105,219
client,vehicle::1050,133
client,vehicle::1052,320
client,vehicle::1053,208
client,vehicle::1056,349
client,vehicle::1057,519
client,vehicle::106,574
client,vehicle::1060,436
client,vehicle::1061,660
client,vehicle::1067,259
client,vehicle::1069,181
client,vehicle::1070,234
client,vehicle::1071,123
client,vehicle::1072,202
client,vehicle::1074,461
client,vehicle::1075,189
client,vehicle::1076,342
client,vehicle::1087,678
client,vehicle::1088,599
client,vehicle::1090,470
client,vehicle::1096,820
client,vehicle::1098,336
client,vehicle::1099,363
client,vehicle::1100,609
client,vehicle::1102,300
client,vehicle::1103,408
client,vehicle::1104,354
client,vehicle::111,3
client,vehicle::1111,553
client,vehicle::1113,613
client,vehicle::1114,381
client,vehicle::1117,425
client,vehicle::1118,811
client,vehicle::1119,665
client,vehicle::112,166
client,vehicle::1121,436
client,vehicle::1124,449
client,vehicle::1125,837
client,vehicle::1127,457
client,vehicle::1129,784
client,vehicle::1132,710
client,vehicle::1133,769
client,vehicle::1134,122
client,vehicle::1135,782
client,vehicle::1136,443
client,vehicle::1137,261
client,vehicle::1140,169
client,vehicle::1141,328
client,vehicle::1142,488
client,vehicle::1143,265
client,vehicle::1144,526
client,vehicle::1146,292
client,vehicle::1147,234
client,vehicle::1148,519
client,vehicle::115,612
client,vehicle::1152,402
client,vehicle::1153,718
client,vehicle::1154,201
client,vehicle::1156,311
client,vehicle::116,824
client,vehicle::1161,419
client,vehicle::1162,211
client,vehicle::1163,720
client,vehicle::1164,455
client,vehicle::1165,201
client,vehicle::1167,415
client,vehicle::1168,142
client,vehicle::1169,324
client,vehicle::117,342
client,vehicle::1170,340
client,vehicle::1171,533
client,vehicle::1172,650
client,vehicle::1173,17
client,vehicle::1175,294
client,vehicle::1176,686
client,vehicle::1178,239
client,vehicle::1180,524
client,vehicle::1181,156
client,vehicle::1184,171
client,vehicle::1192,152
client,vehicle::1193,186
client,vehicle::1194,698
client,vehicle::1196,304
client,vehicle::1198,188
client,vehicle::1199,476
client,vehicle::12,311
client,vehicle::1203,164
client,vehicle::1205,281
client,vehicle::1206,54
client,vehicle::1207,267
client,vehicle::1208,284
client,vehicle::1209,110
client,vehicle::121,499
client,vehicle::1210,741
client,vehicle::1211,733
client,vehicle::1213,272
client,vehicle::1214,481
client,vehicle::1215,307
client,vehicle::1217,122
client,vehicle::1218,440
client,vehicle::122,784
client,vehicle::1221,152
client,vehicle::1223,389
client,vehicle::1224,143
client,vehicle::1229,533
client,vehicle::123,299
client,vehicle::1230,181
client,vehicle::1231,479
client,vehicle::1232,200
client,vehicle::1233,186
client,vehicle::1235,290
client,vehicle::1236,597
client,vehicle::1237,223
client,vehicle::1238,618
client,vehicle::1240,569
client,vehicle::1241,487
client,vehicle::1242,708
client,vehicle::1244,365
client,vehicle::1245,76
client,vehicle::1247,190
client,vehicle::1249,561
client,vehicle::1250,135
client,vehicle::1251,213
client,vehicle::1253,546
client,vehicle::1254,133
client,vehicle::1255,396
client,vehicle::1259,610
client,vehicle::1260,53
client,vehicle::1263,226
client,vehicle::1265,158
client,vehicle::1267,235
client,vehicle::1268,515
client,vehicle::1269,678
client,vehicle::127,61
client,vehicle::1272,516
client,vehicle::1274,532
client,vehicle::1275,445
client,vehicle::1278,720
client,vehicle::128,675
client,vehicle::1283,552
client,vehicle::1284,45
client,vehicle::1287,98
client,vehicle::1288,439
client,vehicle::129,338
client,vehicle::1290,131
client,vehicle::1291,177
client,vehicle::1292,333
client,vehicle::1293,126
client,vehicle::1297,164
client,vehicle::1298,371
client,vehicle::130,445
client,vehicle::1301,501
client,vehicle::1302,326
client,vehicle::1304,137
client,vehicle::1306,346
client,vehicle::1310,203
client,vehicle::1313,691
client,vehicle::1315,491
client,vehicle::1316,436
client,vehicle::1317,704
client,vehicle::1319,452
client,vehicle::1321,493
client,vehicle::1322,698
client,vehicle::1326,622
client,vehicle::1328,231
client,vehicle::1329,654
client,vehicle::133,235
client,vehicle::1330,283
client,vehicle::1332,596
client,vehicle::1333,254
client,vehicle::1335,156
client,vehicle::134,105
client,vehicle::1340,233
client,vehicle::1341,430
client,vehicle::1342,403
client,vehicle::1343,723
client,vehicle::1345,11
client,vehicle::1347,365
client,vehicle::1349,814
client,vehicle::135,16
client,vehicle::1352,121
client,vehicle::1354,632
client,vehicle::1355,427
client,vehicle::1357,397
client,vehicle::1358,433
client,vehicle::1362,109
client,vehicle::1363,336
client,vehicle::1365,434
client,vehicle::1369,174
client,vehicle::137,186
client,vehicle::1371,305
client,vehicle::1376,181
client,vehicle::138,250
client,vehicle::1380,407
client,vehicle::1381,282
client,vehicle::1382,519
client,vehicle::1383,1143
client,vehicle::1384,436
client,vehicle::1387,472
client,vehicle::139,363
client,vehicle::1390,680
client,vehicle::1391,302
client,vehicle::1395,739
client,vehicle::1397,525
client,vehicle::1398,209
client,vehicle::1400,385
client,vehicle::1402,83
client,vehicle::1405,177
client,vehicle::1406,426
client,vehicle::1411,289
client,vehicle::1413,321
client,vehicle::1416,433
client,vehicle::1417,192
client,vehicle::1418,255
client,vehicle::1420,415
client,vehicle::1421,477
client,vehicle::1424,179
client,vehicle::1425,571
client,vehicle::1427,23
client,vehicle::1429,270
client,vehicle::1430,401
client,vehicle::1431,216
client,vehicle::1432,2
client,vehicle::1433,650
client,vehicle::1434,254
client,vehicle::1435,286
client,vehicle::1436,315
client,vehicle::1438,69
client,vehicle::1440,712
client,vehicle::1441,508
client,vehicle::1445,290
client,vehicle::1446,310
client,vehicle::1447,89
client,vehicle::1448,216
client,vehicle::1450,442
client,vehicle::1453,283
client,vehicle::1455,461
client,vehicle::1456,220
client,vehicle::1457,339
client,vehicle::1458,462
client,vehicle::1459,272
client,vehicle::1460,2
client,vehicle::1461,353
client,vehicle::1462,395
client,vehicle::1463,379
client,vehicle::1465,280
client,vehicle::1468,250
client,vehicle::1469,337
client,vehicle::1472,548
client,vehicle::1474,234
client,vehicle::1475,258
client,vehicle::1476,169
client,vehicle::1477,555
client,vehicle::1478,147
client,vehicle::1479,515
client,vehicle::148,76
client,vehicle::1481,509
client,vehicle::1485,325
client,vehicle::1488,190
client,vehicle::1489,26
client,vehicle::149,353
client,vehicle::1494,214
client,vehicle::1495,653
client,vehicle::1496,715
client,vehicle::1499,552
client,vehicle::15,495
client,vehicle::1500,500
client,vehicle::1502,217
client,vehicle::1505,634
client,vehicle::1506,292
client,vehicle::1507,201
client,vehicle::1508,434
client,vehicle::151,621
client,vehicle::1512,477
client,vehicle::1514,247
client,vehicle::1515,91
client,vehicle::1516,306
client,vehicle::1517,290
client,vehicle::1518,593
client,vehicle::1520,415
client,vehicle::1521,361
client,vehicle::1522,356
client,vehicle::1523,748
client,vehicle::1524,297
client,vehicle::1525,355
client,vehicle::1527,152
client,vehicle::1529,172
client,vehicle::153,331
client,vehicle::1531,188
client,vehicle::1533,476
client,vehicle::1535,482
client,vehicle::1536,228
client,vehicle::1537,331
client,vehicle::1538,142
client,vehicle::1540,251
client,vehicle::1542,514
client,vehicle::1544,266
client,vehicle::1547,152
client,vehicle::1549,6
client,vehicle::1551,341
client,vehicle::1554,300
client,vehicle::1555,566
client,vehicle::1558,330
client,vehicle::1559,315
client,vehicle::156,393
client,vehicle::1560,264
client,vehicle::1561,345
client,vehicle::1562,220
client,vehicle::1564,187
client,vehicle::1565,583
client,vehicle::1568,258
client,vehicle::1569,360
client,vehicle::1571,258
client,vehicle::1572,233
client,vehicle::1573,376
client,vehicle::1574,188
client,vehicle::1575,450
client,vehicle::1576,344
client,vehicle::1579,661
client,vehicle::158,447
client,vehicle::1581,153
client,vehicle::1582,562
client,vehicle::1583,323
client,vehicle::1584,308
client,vehicle::1585,221
client,vehicle::1587,41
client,vehicle::1589,319
client,vehicle::159,11
client,vehicle::1590,241
client,vehicle::1591,123
client,vehicle::1592,131
client,vehicle::1593,584
client,vehicle::1594,303
client,vehicle::1596,377
client,vehicle::1597,95
client,vehicle::1599,522
client,vehicle::1600,382
client,vehicle::1603,501
client,vehicle::1605,486
client,vehicle::1606,215
client,vehicle::1608,1
client,vehicle::1612,155
client,vehicle::1613,277
client,vehicle::1614,429
client,vehicle::1615,356
client,vehicle::1616,671
client,vehicle::1617,307
client,vehicle::1618,338
client,vehicle::162,565
client,vehicle::1620,310
client,vehicle::1622,131
client,vehicle::1627,823
client,vehicle::1628,29
client,vehicle::1629,637
client,vehicle::1630,151
client,vehicle::1631,464
client,vehicle::1633,141
client,vehicle::1634,340
client,vehicle::1635,375
client,vehicle::1636,400
client,vehicle::1637,177
client,vehicle::1639,51
client,vehicle::164,463
client,vehicle::1641,400
client,vehicle::1643,274
client,vehicle::1645,303
client,vehicle::1646,31
client,vehicle::1648,400
client,vehicle::1649,252
client,vehicle::165,243
client,vehicle::1650,225
client,vehicle::1652,179
client,vehicle::1653,93
client,vehicle::1654,538
client,vehicle::1656,454
client,vehicle::1659,694
client,vehicle::166,341
client,vehicle::1661,272
client,vehicle::1662,396
client,vehicle::1663,425
client,vehicle::1664,246
client,vehicle::1665,260
client,vehicle::1666,311
client,vehicle::1667,383
client,vehicle::1668,334
client,vehicle::167,402
client,vehicle::1672,531
client,vehicle::1673,784
client,vehicle::1674,366
client,vehicle::1675,427
client,vehicle::1677,646
client,vehicle::1678,280
client,vehicle::1679,590
client,vehicle::168,323
client,vehicle::1680,258
client,vehicle::1681,287
client,vehicle::1682,313
client,vehicle::1683,252
client,vehicle::1686,327
client,vehicle::169,278
client,vehicle::1690,405
client,vehicle::1691,619
client,vehicle::1692,739
client,vehicle::1694,724
client,vehicle::1696,276
client,vehicle::1697,477
client,vehicle::1698,627
client,vehicle::1700,507
client,vehicle::1701,563
client,vehicle::1703,674
client,vehicle::1706,797
client,vehicle::1707,310
client,vehicle::1709,337
client,vehicle::1710,380
client,vehicle::1711,374
client,vehicle::1713,148
client,vehicle::1717,288
client,vehicle::1718,418
client,vehicle::1719,666
client,vehicle::172,1
client,vehicle::1720,149
client,vehicle::1722,420
client,vehicle::1723,268
client,vehicle::1732,666
client,vehicle::1735,55
client,vehicle::1736,255
client,vehicle::1739,526
client,vehicle::174,337
client,vehicle::1740,303
client,vehicle::1742,267
client,vehicle::1748,605
client,vehicle::1751,149
client,vehicle::1758,270
client,vehicle::1759,255
client,vehicle::1760,86
client,vehicle::1761,299
client,vehicle::1764,536
client,vehicle::1765,131
client,vehicle::1766,141
client,vehicle::1767,217
client,vehicle::1769,266
client,vehicle::1771,316
client,vehicle::1779,261
client,vehicle::178,6
client,vehicle::1780,291
client,vehicle::1782,83
client,vehicle::1783,626
client,vehicle::1784,157
client,vehicle::1785,188
client,vehicle::1787,703
client,vehicle::1790,635
client,vehicle::1791,568
client,vehicle::1797,248
client,vehicle::1799,164
client,vehicle::18,154
client,vehicle::180,735
client,vehicle::1800,281
client,vehicle::1801,538
client,vehicle::1802,125
client,vehicle::1803,246
client,vehicle::1804,160
client,vehicle::1806,560
client,vehicle::1807,494
client,vehicle::1808,482
client,vehicle::1809,659
client,vehicle::1810,317
client,vehicle::1812,449
client,vehicle::1815,431
client,vehicle::1816,254
client,vehicle::1819,320
client,vehicle::182,125
client,vehicle::1820,349
client,vehicle::1821,291
client,vehicle::1823,589
client,vehicle::1828,168
client,vehicle::1829,419
client,vehicle::183,668
client,vehicle::1834,468
client,vehicle::1835,5
client,vehicle::184,747
client,vehicle::1840,343
client,vehicle::1842,152
client,vehicle::1843,627
client,vehicle::1844,292
client,vehicle::1846,1
client,vehicle::1848,467
client,vehicle::185,122
client,vehicle::1855,249
client,vehicle::1856,372
client,vehicle::1857,530
client,vehicle::1858,214
client,vehicle::1859,273
client,vehicle::186,253
client,vehicle::1861,124
client,vehicle::1863,161
client,vehicle::1864,807
client,vehicle::1865,499
client,vehicle::1866,712
client,vehicle::1867,261
client,vehicle::187,282
client,vehicle::1871,814
client,vehicle::1872,826
client,vehicle::1873,833
client,vehicle::1875,64
client,vehicle::1877,325
client,vehicle::1878,210
client,vehicle::1879,760
client,vehicle::188,364
client,vehicle::1880,442
client,vehicle::1882,903
client,vehicle::1883,199
client,vehicle::1884,461
client,vehicle::1885,171
client,vehicle::1886,189
client,vehicle::1889,505
client,vehicle::189,419
client,vehicle::1890,329
client,vehicle::1891,223
client,vehicle::1892,109
client,vehicle::1893,78
client,vehicle::1894,255
client,vehicle::1895,228
client,vehicle::1896,197
client,vehicle::1898,496
client,vehicle::1899,168
client,vehicle::19,124
client,vehicle::190,501
client,vehicle::1900,305
client,vehicle::1901,777
client,vehicle::1902,739
client,vehicle::1904,351
client,vehicle::1905,986
client,vehicle::1906,89
client,vehicle::1908,234
client,vehicle::191,839
client,vehicle::1912,2
client,vehicle::1913,557
client,vehicle::1914,201
client,vehicle::1915,308
client,vehicle::1916,344
client,vehicle::1917,334
client,vehicle::1919,431
client,vehicle::1922,608
client,vehicle::1923,322
client,vehicle::1928,243
client,vehicle::1932,571
client,vehicle::1933,148
client,vehicle::1936,88
client,vehicle::1937,339
client,vehicle::194,341
client,vehicle::1940,262
client,vehicle::1941,129
client,vehicle::1942,89
client,vehicle::1944,272
client,vehicle::1945,268
client,vehicle::1952,25
client,vehicle::1953,372
client,vehicle::1957,3
client,vehicle::1960,1
client,vehicle::1962,216
client,vehicle::1963,127
client,vehicle::1964,489
client,vehicle::1966,307
client,vehicle::1967,15
client,vehicle::1968,142
client,vehicle::1969,563
client,vehicle::197,437
client,vehicle::1972,209
client,vehicle::1974,561
client,vehicle::1975,162
client,vehicle::1976,338
client,vehicle::1977,191
client,vehicle::1978,64
client,vehicle::198,209
client,vehicle::1980,286
client,vehicle::1981,337
client,vehicle::1982,598
client,vehicle::1983,461
client,vehicle::1984,360
client,vehicle::1985,144
client,vehicle::1986,146
client,vehicle::1987,3
client,vehicle::1988,105
client,vehicle::1989,31
client,vehicle::1992,287
client,vehicle::1993,497
client,vehicle::1997,142
client,vehicle::1998,28
client,vehicle::200,165
client,vehicle::2000,493
client,vehicle::2001,195
client,vehicle::2002,158
client,vehicle::2004,108
client,vehicle::2005,312
client,vehicle::2007,166
client,vehicle::2008,173
client,vehicle::2009,394
client,vehicle::2010,465
client,vehicle::2013,174
client,vehicle::2014,10
client,vehicle::2015,378
client,vehicle::2019,681
client,vehicle::2020,391
client,vehicle::2021,557
client,vehicle::2022,324
client,vehicle::2023,469
client,vehicle::2027,543
client,vehicle::2028,180
client,vehicle::2029,700
client,vehicle::203,349
client,vehicle::2031,482
client,vehicle::2037,424
client,vehicle::2040,256
client,vehicle::2041,344
client,vehicle::2043,350
client,vehicle::2044,420
client,vehicle::2046,173
client,vehicle::2049,385
client,vehicle::2050,290
client,vehicle::2052,139
client,vehicle::2053,324
client,vehicle::2054,376
client,vehicle::2055,323
client,vehicle::2056,396
client,vehicle::2057,44
client,vehicle::2059,150
client,vehicle::206,64
client,vehicle::2060,369
client,vehicle::2061,249
client,vehicle::2062,368
client,vehicle::2063,242
client,vehicle::2064,156
client,vehicle::2065,323
client,vehicle::2066,334
client,vehicle::2067,294
client,vehicle::2068,433
client,vehicle::2069,188
client,vehicle::2071,155
client,vehicle::2073,328
client,vehicle::2074,450
client,vehicle::2075,200
client,vehicle::2076,500
client,vehicle::2077,252
client,vehicle::2078,222
client,vehicle::2079,193
client,vehicle::208,430
client,vehicle::2082,481
client,vehicle::2083,400
client,vehicle::2084,221
client,vehicle::2086,408
client,vehicle::2087,385
client,vehicle::2088,181
client,vehicle::2089,378
client,vehicle::209,451
client,vehicle::2090,190
client,vehicle::2091,486
client,vehicle::2092,466
client,vehicle::2093,64
client,vehicle::2094,268
client,vehicle::2097,100
client,vehicle::2098,343
client,vehicle::2099,503
client,vehicle::210,36
client,vehicle::2101,63
client,vehicle::2102,270
client,vehicle::2104,164
client,vehicle::2106,340
client,vehicle::2109,265
client,vehicle::211,268
client,vehicle::2110,397
client,vehicle::2111,239
client,vehicle::2112,308
client,vehicle::2113,529
client,vehicle::2115,304
client,vehicle::2116,146
client,vehicle::2118,788
client,vehicle::2120,307
client,vehicle::2121,23
client,vehicle::2122,57
client,vehicle::2125,283
client,vehicle::2129,169
client,vehicle::213,305
client,vehicle::2130,408
client,vehicle::2131,42
client,vehicle::2133,454
client,vehicle::2134,145
client,vehicle::2135,505
client,vehicle::2139,332
client,vehicle::2142,271
client,vehicle::2144,593
client,vehicle::2145,294
client,vehicle::2148,285
client,vehicle::2149,114
client,vehicle::2152,297
client,vehicle::2155,527
client,vehicle::2156,580
client,vehicle::2158,346
client,vehicle::216,363
client,vehicle::2160,311
client,vehicle::2162,360
client,vehicle::2165,295
client,vehicle::2166,251
client,vehicle::2167,156
client,vehicle::2169,414
client,vehicle::217,431
client,vehicle::2170,532
client,vehicle::2171,164
client,vehicle::2175,70
client,vehicle::2176,330
client,vehicle::2177,332
client,vehicle::2178,233
client,vehicle::2179,119
client,vehicle::218,432
client,vehicle::2181,520
client,vehicle::2183,496
client,vehicle::2184,233
client,vehicle::2188,337
client,vehicle::2189,176
client,vehicle::219,438
client,vehicle::2190,437
client,vehicle::2192,515
client,vehicle::2197,717
client,vehicle::220,638
client,vehicle::2200,213
client,vehicle::2201,105
client,vehicle::2202,209
client,vehicle::2206,230
client,vehicle::2207,159
client,vehicle::2209,146
client,vehicle::221,691
client,vehicle::2210,213
client,vehicle::2211,15
client,vehicle::2212,417
client,vehicle::2213,258
client,vehicle::2214,195
client,vehicle::2215,270
client,vehicle::2216,160
client,vehicle::2217,565
client,vehicle::2218,348
client,vehicle::2219,282
client,vehicle::2220,153
client,vehicle::2221,253
client,vehicle::2223,122
client,vehicle::2225,168
client,vehicle::2228,8
client,vehicle::2229,579
client,vehicle::2231,294
client,vehicle::2232,197
client,vehicle::2234,234
client,vehicle::2235,688
client,vehicle::2236,492
client,vehicle::2239,449
client,vehicle::2241,546
client,vehicle::2242,271
client,vehicle::2244,213
client,vehicle::2247,350
client,vehicle::2248,191
client,vehicle::2249,97
client,vehicle::225,824
client,vehicle::2250,6
client,vehicle::2251,417
client,vehicle::2255,619
client,vehicle::2257,321
client,vehicle::2259,184
client,vehicle::2260,359
client,vehicle::2262,561
client,vehicle::2263,184
client,vehicle::2264,200
client,vehicle::2265,79
client,vehicle::2266,461
client,vehicle::2269,600
client,vehicle::2271,76
client,vehicle::2275,365
client,vehicle::2276,169
client,vehicle::2277,132
client,vehicle::2278,165
client,vehicle::2282,741
client,vehicle::2283,846
client,vehicle::2285,699
client,vehicle::2287,445
client,vehicle::2288,50
client,vehicle::2289,160
client,vehicle::229,372
client,vehicle::2293,449
client,vehicle::2296,274
client,vehicle::2297,449
client,vehicle::2298,268
client,vehicle::2299,70
client,vehicle::23,192
client,vehicle::2301,238
client,vehicle::2303,370
client,vehicle::2304,287
client,vehicle::2309,150
client,vehicle::231,60
client,vehicle::2310,394
client,vehicle::2311,397
client,vehicle::2312,88
client,vehicle::2314,696
client,vehicle::2316,319
client,vehicle::2319,324
client,vehicle::2321,651
client,vehicle::2322,609
client,vehicle::2323,211
client,vehicle::2324,592
client,vehicle::2325,210
client,vehicle::2326,267
client,vehicle::2327,35
client,vehicle::2328,285
client,vehicle::2329,286
client,vehicle::233,483
client,vehicle::2330,380
client,vehicle::2332,82
client,vehicle::2334,4
client,vehicle::2335,226
client,vehicle::2337,122
client,vehicle::2338,205
client,vehicle::234,577
client,vehicle::2340,390
client,vehicle::2341,117
client,vehicle::2343,143
client,vehicle::2344,311
client,vehicle::2345,511
client,vehicle::2346,244
client,vehicle::2347,594
client,vehicle::2349,320
client,vehicle::235,882
client,vehicle::2350,509
client,vehicle::2351,552
client,vehicle::2352,278
client,vehicle::2354,369
client,vehicle::2355,174
client,vehicle::2356,523
client,vehicle::2357,427
client,vehicle::236,238
client,vehicle::2360,564
client,vehicle::2361,286
client,vehicle::2363,375
client,vehicle::2364,333
client,vehicle::2365,529
client,vehicle::2366,549
client,vehicle::2368,615
client,vehicle::2369,292
client,vehicle::237,301
client,vehicle::2370,285
client,vehicle::2371,467
client,vehicle::2373,540
client,vehicle::2375,323
client,vehicle::2376,673
client,vehicle::2377,468
client,vehicle::2378,522
client,vehicle::238,632
client,vehicle::2380,819
client,vehicle::2381,914
client,vehicle::2382,362
client,vehicle::2383,396
client,vehicle::2384,827
client,vehicle::2385,546
client,vehicle::2387,277
client,vehicle::2391,67
client,vehicle::2392,232
client,vehicle::2395,146
client,vehicle::2396,589
client,vehicle::2398,659
client,vehicle::2399,320
client,vehicle::2400,75
client,vehicle::2401,359
client,vehicle::2402,845
client,vehicle::2403,173
client,vehicle::2406,607
client,vehicle::2409,220
client,vehicle::241,797
client,vehicle::2412,389
client,vehicle::2416,773
client,vehicle::2419,636
client,vehicle::2420,898
client,vehicle::2421,477
client,vehicle::2427,494
client,vehicle::2428,427
client,vehicle::243,375
client,vehicle::2431,676
client,vehicle::2433,619
client,vehicle::2434,636
client,vehicle::2435,503
client,vehicle::2437,314
client,vehicle::2438,437
client,vehicle::2439,326
client,vehicle::244,472
client,vehicle::2443,116
client,vehicle::2444,476
client,vehicle::2446,154
client,vehicle::2451,564
client,vehicle::2452,686
client,vehicle::2455,865
client,vehicle::2456,164
client,vehicle::246,324
client,vehicle::2460,289
client,vehicle::2461,938
client,vehicle::2464,326
client,vehicle::2465,336
client,vehicle::2467,518
client,vehicle::2468,103
client,vehicle::2469,380
client,vehicle::2471,389
client,vehicle::2472,365
client,vehicle::2473,447
client,vehicle::2474,877
client,vehicle::2476,448
client,vehicle::2479,531
client,vehicle::248,399
client,vehicle::2482,54
client,vehicle::2485,395
client,vehicle::2488,30
client,vehicle::2490,349
client,vehicle::2492,418
client,vehicle::2493,238
client,vehicle::2495,714
client,vehicle::2496,218
client,vehicle::2497,397
client,vehicle::2498,551
client,vehicle::250,271
client,vehicle::2500,491
client,vehicle::2506,773
client,vehicle::2508,212
client,vehicle::2510,13
client,vehicle::2511,45
client,vehicle::2513,325
client,vehicle::2517,533
client,vehicle::2519,387
client,vehicle::2521,416
client,vehicle::2522,643
client,vehicle::2523,328
client,vehicle::2524,185
client,vehicle::2526,18
client,vehicle::2528,99
client,vehicle::2529,409
client,vehicle::253,544
client,vehicle::2530,443
client,vehicle::2532,620
client,vehicle::2536,449
client,vehicle::2538,33
client,vehicle::2539,312
client,vehicle::2540,401
client,vehicle::2541,60
client,vehicle::2547,128
client,vehicle::2549,167
client,vehicle::255,789
client,vehicle::2551,765
client,vehicle::2555,325
client,vehicle::2556,484
client,vehicle::2557,193
client,vehicle::2558,33
client,vehicle::2559,58
client,vehicle::256,264
client,vehicle::2570,736
client,vehicle::2572,61
client,vehicle::2574,683
client,vehicle::2575,166
client,vehicle::2576,521
client,vehicle::2577,48
client,vehicle::258,424
client,vehicle::2583,257
client,vehicle::2586,494
client,vehicle::2587,492
client,vehicle::2589,103
client,vehicle::2591,513
client,vehicle::2592,611
client,vehicle::2598,86
client,vehicle::26,537
client,vehicle::260,456
client,vehicle::2600,299
client,vehicle::2602,606
client,vehicle::2606,522
client,vehicle::2608,232
client,vehicle::2609,75
client,vehicle::261,172
client,vehicle::2611,162
client,vehicle::2616,455
client,vehicle::2618,754
client,vehicle::2621,29
client,vehicle::2622,337
client,vehicle::2624,172
client,vehicle::2625,87
client,vehicle::263,560
client,vehicle::2633,6
client,vehicle::2634,16
client,vehicle::2639,676
client,vehicle::264,282
client,vehicle::2644,302
client,vehicle::2646,170
client,vehicle::2647,366
client,vehicle::2650,4
client,vehicle::2652,258
client,vehicle::2653,664
client,vehicle::2654,344
client,vehicle::2659,512
client,vehicle::2661,246
client,vehicle::2664,565
client,vehicle::2666,141
client,vehicle::267,93
client,vehicle::2671,441
client,vehicle::2678,525
client,vehicle::268,75
client,vehicle::2680,855
client,vehicle::2681,411
client,vehicle::2682,342
client,vehicle::2685,2
client,vehicle::2687,2
client,vehicle::2688,2
client,vehicle::2689,1
client,vehicle::2691,2
client,vehicle::2693,378
client,vehicle::2694,465
client,vehicle::2695,561
client,vehicle::2696,489
client,vehicle::2697,539
client,vehicle::2699,569
client,vehicle::2700,319
client,vehicle::2704,217
client,vehicle::2705,440
client,vehicle::2706,627
client,vehicle::2707,392
client,vehicle::2708,416
client,vehicle::2710,565
client,vehicle::2712,229
client,vehicle::2714,246
client,vehicle::2716,970
client,vehicle::2717,719
client,vehicle::2718,195
client,vehicle::272,542
client,vehicle::2721,379
client,vehicle::2722,353
client,vehicle::2725,720
client,vehicle::2728,568
client,vehicle::273,402
client,vehicle::2731,511
client,vehicle::2736,5
client,vehicle::2738,3
client,vehicle::274,352
client,vehicle::2742,265
client,vehicle::2745,114
client,vehicle::2747,521
client,vehicle::275,312
client,vehicle::2750,613
client,vehicle::2753,778
client,vehicle::2754,210
client,vehicle::2758,548
client,vehicle::276,628
client,vehicle::2760,314
client,vehicle::2761,289
client,vehicle::2764,212
client,vehicle::2765,423
client,vehicle::2766,373
client,vehicle::2767,514
client,vehicle::277,132
client,vehicle::2772,109
client,vehicle::2774,427
client,vehicle::2777,500
client,vehicle::2778,489
client,vehicle::278,440
client,vehicle::2783,470
client,vehicle::2785,742
client,vehicle::2786,523
client,vehicle::279,553
client,vehicle::2790,298
client,vehicle::2791,899
client,vehicle::2792,302
client,vehicle::2793,2
client,vehicle::2795,163
client,vehicle::2796,618
client,vehicle::2797,539
client,vehicle::2798,192
client,vehicle::280,455
client,vehicle::2800,216
client,vehicle::2801,534
client,vehicle::2802,71
client,vehicle::2804,167
client,vehicle::2805,78
client,vehicle::2808,258
client,vehicle::281,451
client,vehicle::2810,351
client,vehicle::2811,304
client,vehicle::2812,494
client,vehicle::2819,161
client,vehicle::282,453
client,vehicle::2820,734
client,vehicle::2821,511
client,vehicle::2825,583
client,vehicle::2826,810
client,vehicle::2827,475
client,vehicle::2828,484
client,vehicle::2829,325
client,vehicle::283,608
client,vehicle::2830,199
client,vehicle::2835,410
client,vehicle::2836,208
client,vehicle::2839,462
client,vehicle::2840,326
client,vehicle::2841,640
client,vehicle::2842,751
client,vehicle::2843,816
client,vehicle::2844,166
client,vehicle::2845,609
client,vehicle::2846,200
client,vehicle::2848,261
client,vehicle::285,96
client,vehicle::2851,323
client,vehicle::2852,537
client,vehicle::2853,514
client,vehicle::2854,357
client,vehicle::2855,346
client,vehicle::2856,747
client,vehicle::2857,546
client,vehicle::2858,711
client,vehicle::286,458
client,vehicle::2860,296
client,vehicle::2863,195
client,vehicle::2869,478
client,vehicle::2871,745
client,vehicle::2872,482
client,vehicle::2874,531
client,vehicle::2879,298
client,vehicle::2882,250
client,vehicle::2886,627
client,vehicle::2887,601
client,vehicle::289,467
client,vehicle::2891,569
client,vehicle::2892,579
client,vehicle::2893,380
client,vehicle::2900,452
client,vehicle::2903,471
client,vehicle::2904,592
client,vehicle::2906,464
client,vehicle::2908,613
client,vehicle::291,433
client,vehicle::2912,361
client,vehicle::2913,582
client,vehicle::292,418
client,vehicle::2920,101
client,vehicle::2922,76
client,vehicle::2928,85
client,vehicle::293,720
client,vehicle::2930,260
client,vehicle::2931,486
client,vehicle::2933,117
client,vehicle::2935,340
client,vehicle::2936,351
client,vehicle::2937,100
client,vehicle::2939,130
client,vehicle::2940,686
client,vehicle::2944,277
client,vehicle::2947,286
client,vehicle::2949,705
client,vehicle::2951,511
client,vehicle::2952,371
client,vehicle::2953,456
client,vehicle::2957,680
client,vehicle::2958,324
client,vehicle::2961,783
client,vehicle::2963,51
client,vehicle::2964,725
client,vehicle::2965,70
client,vehicle::2969,604
client,vehicle::297,624
client,vehicle::2972,229
client,vehicle::2973,549
client,vehicle::2974,118
client,vehicle::2976,675
client,vehicle::2978,42
client,vehicle::2979,184
client,vehicle::298,345
client,vehicle::2980,9
client,vehicle::2983,680
client,vehicle::2985,688
client,vehicle::2990,198
client,vehicle::2991,474
client,vehicle::2992,113
client,vehicle::2995,208
client,vehicle::2996,664
client,vehicle::2997,223
client,vehicle::2998,131
client,vehicle::3,421
client,vehicle::300,620
client,vehicle::3000,582
client,vehicle::3001,213
client,vehicle::3002,430
client,vehicle::3004,215
client,vehicle::3005,68
client,vehicle::3007,737
client,vehicle::3008,242
client,vehicle::3010,787
client,vehicle::3012,147
client,vehicle::3013,138
client,vehicle::3014,159
client,vehicle::3017,283
client,vehicle::3018,687
client,vehicle::302,391
client,vehicle::3020,705
client,vehicle::3021,451
client,vehicle::3022,94
client,vehicle::3025,421
client,vehicle::3027,257
client,vehicle::303,296
client,vehicle::3030,507
client,vehicle::3031,419
client,vehicle::3032,639
client,vehicle::3034,497
client,vehicle::3035,440
client,vehicle::3036,164
client,vehicle::3038,571
client,vehicle::3039,146
client,vehicle::304,522
client,vehicle::3041,773
client,vehicle::3042,616
client,vehicle::3044,358
client,vehicle::3045,492
client,vehicle::3047,635
client,vehicle::3048,224
client,vehicle::3049,209
client,vehicle::305,235
client,vehicle::3051,549
client,vehicle::3052,12
client,vehicle::3054,230
client,vehicle::3055,63
client,vehicle::3056,529
client,vehicle::3058,502
client,vehicle::3059,526
client,vehicle::306,425
client,vehicle::3061,698
client,vehicle::3063,186
client,vehicle::3064,456
client,vehicle::3065,451
client,vehicle::3066,436
client,vehicle::3067,602
client,vehicle::3068,623
client,vehicle::3069,202
client,vehicle::307,345
client,vehicle::3070,492
client,vehicle::3071,465
client,vehicle::3073,285
client,vehicle::3074,444
client,vehicle::3077,193
client,vehicle::3078,795
client,vehicle::3079,1
client,vehicle::308,286
client,vehicle::3080,403
client,vehicle::3085,522
client,vehicle::3087,829
client,vehicle::3088,824
client,vehicle::3091,380
client,vehicle::3092,494
client,vehicle::3094,555
client,vehicle::3097,6
client,vehicle::3098,182
client,vehicle::310,534
client,vehicle::3100,468
client,vehicle::3102,360
client,vehicle::3105,174
client,vehicle::3107,662
client,vehicle::311,489
client,vehicle::3110,457
client,vehicle::3112,276
client,vehicle::3115,739
client,vehicle::3116,221
client,vehicle::3117,439
client,vehicle::3118,821
client,vehicle::312,359
client,vehicle::3121,312
client,vehicle::3123,434
client,vehicle::3127,692
client,vehicle::313,631
client,vehicle::3133,261
client,vehicle::3135,404
client,vehicle::3139,253
client,vehicle::314,254
client,vehicle::3140,523
client,vehicle::3141,351
client,vehicle::3144,572
client,vehicle::3145,540
client,vehicle::3146,674
client,vehicle::3147,212
client,vehicle::3149,452
client,vehicle::3150,601
client,vehicle::3151,862
client,vehicle::3152,461
client,vehicle::3153,723
client,vehicle::3155,343
client,vehicle::3156,464
client,vehicle::3157,528
client,vehicle::3161,295
client,vehicle::3162,547
client,vehicle::3163,446
client,vehicle::3164,91
client,vehicle::3165,97
client,vehicle::3167,241
client,vehicle::317,703
client,vehicle::3170,211
client,vehicle::3171,292
client,vehicle::3172,390
client,vehicle::3173,535
client,vehicle::3174,482
client,vehicle::3175,714
client,vehicle::3178,398
client,vehicle::3183,221
client,vehicle::3184,236
client,vehicle::3185,553
client,vehicle::3187,162
client,vehicle::3188,439
client,vehicle::319,426
client,vehicle::3192,345
client,vehicle::3193,210
client,vehicle::3195,237
client,vehicle::3196,118
client,vehicle::3197,279
client,vehicle::3198,452
client,vehicle::3199,37
client,vehicle::32,279
client,vehicle::320,265
client,vehicle::3200,146
client,vehicle::3201,527
client,vehicle::3204,499
client,vehicle::3205,315
client,vehicle::3206,429
client,vehicle::3208,194
client,vehicle::321,605
client,vehicle::3211,69
client,vehicle::3213,1
client,vehicle::3214,312
client,vehicle::3218,114
client,vehicle::3219,205
client,vehicle::3220,550
client,vehicle::3222,418
client,vehicle::3225,560
client,vehicle::3229,319
client,vehicle::323,348
client,vehicle::3230,143
client,vehicle::3231,733
client,vehicle::3232,158
client,vehicle::3235,272
client,vehicle::3236,362
client,vehicle::324,400
client,vehicle::3241,400
client,vehicle::3244,470
client,vehicle::3246,357
client,vehicle::3247,177
client,vehicle::3249,84
client,vehicle::3252,488
client,vehicle::3254,154
client,vehicle::3255,280
client,vehicle::3257,393
client,vehicle::326,562
client,vehicle::3261,804
client,vehicle::3263,863
client,vehicle::3264,172
client,vehicle::3266,363
client,vehicle::3267,252
client,vehicle::3268,607
client,vehicle::3269,139
client,vehicle::327,162
client,vehicle::3270,570
client,vehicle::3272,446
client,vehicle::3275,432
client,vehicle::3276,528
client,vehicle::3277,229
client,vehicle::3281,214
client,vehicle::3282,165
client,vehicle::3283,521
client,vehicle::3285,389
client,vehicle::3286,679
client,vehicle::3287,174
client,vehicle::3288,770
client,vehicle::3289,290
client,vehicle::329,754
client,vehicle::3290,746
client,vehicle::3292,500
client,vehicle::3295,976
client,vehicle::3297,388
client,vehicle::3298,129
client,vehicle::33,484
client,vehicle::3302,79
client,vehicle::3304,797
client,vehicle::3307,15
client,vehicle::3308,235
client,vehicle::3309,271
client,vehicle::3310,727
client,vehicle::3312,441
client,vehicle::3314,662
client,vehicle::3315,228
client,vehicle::3316,288
client,vehicle::3317,184
client,vehicle::3318,240
client,vehicle::3319,721
client,vehicle::332,5
client,vehicle::3320,453
client,vehicle::3322,121
client,vehicle::3323,355
client,vehicle::3325,559
client,vehicle::3326,307
client,vehicle::3328,446
client,vehicle::333,929
client,vehicle::3332,411
client,vehicle::3334,596
client,vehicle::3335,406
client,vehicle::3338,306
client,vehicle::3339,125
client,vehicle::3340,519
client,vehicle::3342,323
client,vehicle::3343,175
client,vehicle::3344,399
client,vehicle::3346,309
client,vehicle::3347,223
client,vehicle::3348,78
client,vehicle::3349,297
client,vehicle::335,199
client,vehicle::3350,357
client,vehicle::3352,409
client,vehicle::3354,273
client,vehicle::3355,379
client,vehicle::3356,468
client,vehicle::3357,271
client,vehicle::3358,398
client,vehicle::3359,393
client,vehicle::336,224
client,vehicle::3360,28
client,vehicle::3361,381
client,vehicle::3362,361
client,vehicle::3364,363
client,vehicle::3365,147
client,vehicle::3367,321
client,vehicle::3368,174
client,vehicle::3369,422
client,vehicle::337,388
client,vehicle::3370,471
client,vehicle::3371,255
client,vehicle::3373,628
client,vehicle::3374,741
client,vehicle::3375,423
client,vehicle::338,315
client,vehicle::3383,139
client,vehicle::3384,281
client,vehicle::339,494
client,vehicle::3391,591
client,vehicle::3392,570
client,vehicle::3395,431
client,vehicle::3396,162
client,vehicle::3398,173
client,vehicle::3399,248
client,vehicle::340,277
client,vehicle::3401,528
client,vehicle::3402,451
client,vehicle::3405,309
client,vehicle::3406,565
client,vehicle::341,358
client,vehicle::3412,286
client,vehicle::3413,308
client,vehicle::3414,451
client,vehicle::342,240
client,vehicle::3420,475
client,vehicle::3421,375
client,vehicle::3422,332
client,vehicle::3424,167
client,vehicle::3427,120
client,vehicle::3428,405
client,vehicle::3429,432
client,vehicle::3430,142
client,vehicle::3433,59
client,vehicle::3434,337
client,vehicle::3435,349
client,vehicle::3437,113
client,vehicle::3438,215
client,vehicle::3439,584
client,vehicle::3440,329
client,vehicle::3443,74
client,vehicle::3446,79
client,vehicle::3447,483
client,vehicle::3448,572
client,vehicle::3449,400
client,vehicle::345,28
client,vehicle::3450,358
client,vehicle::3451,331
client,vehicle::3454,434
client,vehicle::3455,56
client,vehicle::3456,120
client,vehicle::3457,107
client,vehicle::3458,394
client,vehicle::3459,219
client,vehicle::3460,202
client,vehicle::3461,471
client,vehicle::3463,649
client,vehicle::3465,531
client,vehicle::3466,250
client,vehicle::3468,754
client,vehicle::3469,577
client,vehicle::347,178
client,vehicle::3471,377
client,vehicle::3472,218
client,vehicle::3473,314
client,vehicle::3474,434
client,vehicle::3475,244
client,vehicle::3476,323
client,vehicle::3477,195
client,vehicle::3479,627
client,vehicle::348,45
client,vehicle::3480,355
client,vehicle::3481,416
client,vehicle::3483,262
client,vehicle::3485,599
client,vehicle::3486,414
client,vehicle::3488,766
client,vehicle::3489,314
client,vehicle::349,184
client,vehicle::3490,180
client,vehicle::3491,378
client,vehicle::3493,470
client,vehicle::3494,296
client,vehicle::3496,711
client,vehicle::3497,302
client,vehicle::3498,230
client,vehicle::3499,42
client,vehicle::350,299
client,vehicle::3500,516
client,vehicle::3502,474
client,vehicle::3503,473
client,vehicle::3504,399
client,vehicle::3505,330
client,vehicle::3506,384
client,vehicle::3507,230
client,vehicle::3508,371
client,vehicle::351,215
client,vehicle::3514,854
client,vehicle::3515,932
client,vehicle::3518,291
client,vehicle::3519,518
client,vehicle::3520,435
client,vehicle::3521,358
client,vehicle::3522,222
client,vehicle::3523,201
client,vehicle::3526,258
client,vehicle::3529,466
client,vehicle::353,633
client,vehicle::3534,503
client,vehicle::3538,623
client,vehicle::354,341
client,vehicle::3543,841
client,vehicle::3545,397
client,vehicle::3546,540
client,vehicle::3548,383
client,vehicle::355,200
client,vehicle::3550,463
client,vehicle::3552,474
client,vehicle::3553,392
client,vehicle::3554,803
client,vehicle::3555,648
client,vehicle::3556,590
client,vehicle::3563,286
client,vehicle::3564,167
client,vehicle::3565,268
client,vehicle::3566,156
client,vehicle::3567,167
client,vehicle::3568,197
client,vehicle::3569,566
client,vehicle::357,260
client,vehicle::3571,400
client,vehicle::3572,8
client,vehicle::3574,441
client,vehicle::3576,390
client,vehicle::3577,117
client,vehicle::3578,341
client,vehicle::358,402
client,vehicle::3581,191
client,vehicle::3582,59
client,vehicle::3583,34
client,vehicle::3584,99
client,vehicle::3585,473
client,vehicle::3587,686
client,vehicle::3588,120
client,vehicle::3590,172
client,vehicle::3594,558
client,vehicle::3596,142
client,vehicle::3598,379
client,vehicle::3599,434
client,vehicle::36,141
client,vehicle::360,693
client,vehicle::3600,609
client,vehicle::3601,311
client,vehicle::3602,880
client,vehicle::3604,454
client,vehicle::3607,627
client,vehicle::3608,397
client,vehicle::361,359
client,vehicle::3610,494
client,vehicle::3611,355
client,vehicle::3612,507
client,vehicle::3613,580
client,vehicle::3615,500
client,vehicle::3617,529
client,vehicle::3618,648
client,vehicle::362,243
client,vehicle::3620,136
client,vehicle::3628,329
client,vehicle::363,328
client,vehicle::3632,554
client,vehicle::3633,107
client,vehicle::3636,711
client,vehicle::3637,608
client,vehicle::3639,708
client,vehicle::3640,150
client,vehicle::3641,416
client,vehicle::3642,171
client,vehicle::3643,238
client,vehicle::3645,250
client,vehicle::3648,334
client,vehicle::3649,386
client,vehicle::365,398
client,vehicle::3652,468
client,vehicle::3653,376
client,vehicle::3654,327
client,vehicle::3657,374
client,vehicle::3661,582
client,vehicle::3662,650
client,vehicle::3663,5
client,vehicle::3664,632
client,vehicle::3665,221
client,vehicle::3666,613
client,vehicle::3669,604
client,vehicle::367,409
client,vehicle::3671,781
client,vehicle::3672,433
client,vehicle::3673,384
client,vehicle::3675,762
client,vehicle::3677,290
client,vehicle::3678,586
client,vehicle::368,301
client,vehicle::3680,702
client,vehicle::3681,436
client,vehicle::3682,230
client,vehicle::3683,635
client,vehicle::3685,600
client,vehicle::3686,127
client,vehicle::3687,323
client,vehicle::3688,563
client,vehicle::3689,138
client,vehicle::3690,150
client,vehicle::3691,137
client,vehicle::3692,560
client,vehicle::3693,485
client,vehicle::3694,2
client,vehicle::3695,204
client,vehicle::3697,280
client,vehicle::3698,284
client,vehicle::3699,453
client,vehicle::37,143
client,vehicle::370,268
client,vehicle::3701,120
client,vehicle::3705,205
client,vehicle::3707,314
client,vehicle::3708,512
client,vehicle::3709,582
client,vehicle::371,351
client,vehicle::3711,464
client,vehicle::3712,488
client,vehicle::3714,399
client,vehicle::3716,466
client,vehicle::3718,217
client,vehicle::3719,475
client,vehicle::372,331
client,vehicle::3720,18
client,vehicle::3721,621
client,vehicle::3727,178
client,vehicle::3728,504
client,vehicle::3729,579
client,vehicle::373,171
client,vehicle::3731,341
client,vehicle::3733,195
client,vehicle::3734,234
client,vehicle::3735,300
client,vehicle::3738,568
client,vehicle::3739,21
client,vehicle::374,117
client,vehicle::3740,208
client,vehicle::3742,231
client,vehicle::3744,758
client,vehicle::3746,648
client,vehicle::3747,109
client,vehicle::3749,325
client,vehicle::3750,142
client,vehicle::3751,545
client,vehicle::3753,299
client,vehicle::3754,527
client,vehicle::3756,231
client,vehicle::3757,477
client,vehicle::3760,176
client,vehicle::3761,411
client,vehicle::3763,113
client,vehicle::3765,215
client,vehicle::3766,93
client,vehicle::3767,432
client,vehicle::3768,382
client,vehicle::3769,256
client,vehicle::377,468
client,vehicle::3771,363
client,vehicle::3773,140
client,vehicle::3774,615
client,vehicle::3776,408
client,vehicle::3777,282
client,vehicle::3778,428
client,vehicle::3779,741
client,vehicle::378,324
client,vehicle::3780,293
client,vehicle::3784,296
client,vehicle::3786,356
client,vehicle::3787,616
client,vehicle::3789,376
client,vehicle::3790,520
client,vehicle::3791,205
client,vehicle::3792,320
client,vehicle::3793,284
client,vehicle::3794,224
client,vehicle::3796,290
client,vehicle::3797,162
client,vehicle::38,489
client,vehicle::380,729
client,vehicle::3800,207
client,vehicle::3803,312
client,vehicle::3804,462
client,vehicle::3806,368
client,vehicle::3807,543
client,vehicle::3809,583
client,vehicle::381,236
client,vehicle::3811,107
client,vehicle::3812,246
client,vehicle::3815,340
client,vehicle::3816,376
client,vehicle::3818,512
client,vehicle::382,386
client,vehicle::3822,468
client,vehicle::3823,157
client,vehicle::3826,618
client,vehicle::3827,311
client,vehicle::383,245
client,vehicle::3830,486
client,vehicle::3832,726
client,vehicle::3835,425
client,vehicle::3837,318
client,vehicle::3840,309
client,vehicle::3841,375
client,vehicle::3844,263
client,vehicle::3846,600
client,vehicle::3849,93
client,vehicle::3851,162
client,vehicle::3852,371
client,vehicle::3854,662
client,vehicle::3855,248
client,vehicle::3856,40
client,vehicle::3858,463
client,vehicle::3859,241
client,vehicle::386,627
client,vehicle::3861,429
client,vehicle::3869,585
client,vehicle::387,169
client,vehicle::3871,457
client,vehicle::3873,514
client,vehicle::3875,354
client,vehicle::3877,524
client,vehicle::3879,386
client,vehicle::3880,31
client,vehicle::3882,86
client,vehicle::3889,405
client,vehicle::389,265
client,vehicle::3890,263
client,vehicle::3891,662
client,vehicle::3892,370
client,vehicle::3894,42
client,vehicle::3897,469
client,vehicle::39,762
client,vehicle::390,257
client,vehicle::3900,616
client,vehicle::3901,292
client,vehicle::3903,500
client,vehicle::3906,217
client,vehicle::3907,181
client,vehicle::3908,96
client,vehicle::3909,158
client,vehicle::3910,717
client,vehicle::3911,505
client,vehicle::3913,242
client,vehicle::3914,1053
client,vehicle::3916,838
client,vehicle::3917,334
client,vehicle::3919,450
client,vehicle::392,582
client,vehicle::3921,177
client,vehicle::3922,300
client,vehicle::3923,210
client,vehicle::3924,545
client,vehicle::3925,333
client,vehicle::3926,118
client,vehicle::3927,459
client,vehicle::3928,68
client,vehicle::3929,317
client,vehicle::3930,257
client,vehicle::3931,250
client,vehicle::3933,395
client,vehicle::3935,272
client,vehicle::3941,458
client,vehicle::3943,174
client,vehicle::3946,200
client,vehicle::3949,557
client,vehicle::3952,124
client,vehicle::3959,610
client,vehicle::3960,134
client,vehicle::3963,642
client,vehicle::3967,767
client,vehicle::397,680
client,vehicle::3971,313
client,vehicle::3973,441
client,vehicle::3976,864
client,vehicle::3977,938
client,vehicle::3979,593
client,vehicle::3980,491
client,vehicle::3987,720
client,vehicle::3988,487
client,vehicle::3989,655
client,vehicle::3990,262
client,vehicle::3992,500
client,vehicle::3994,601
client,vehicle::3996,486
client,vehicle::3998,447
client,vehicle::3999,519
client,vehicle::4000,358
client,vehicle::4001,543
client,vehicle::4002,269
client,vehicle::4004,689
client,vehicle::4006,269
client,vehicle::4007,734
client,vehicle::4008,501
client,vehicle::401,826
client,vehicle::4013,663
client,vehicle::4014,440
client,vehicle::4018,631
client,vehicle::4022,395
client,vehicle::4023,178
client,vehicle::4024,385
client,vehicle::4025,195
client,vehicle::4026,185
client,vehicle::4027,221
client,vehicle::4028,255
client,vehicle::403,377
client,vehicle::4031,456
client,vehicle::4032,483
client,vehicle::4033,374
client,vehicle::4035,457
client,vehicle::4036,65
client,vehicle::4038,554
client,vehicle::4039,192
client,vehicle::404,298
client,vehicle::4040,304
client,vehicle::4041,372
client,vehicle::4043,378
client,vehicle::4046,235
client,vehicle::4048,365
client,vehicle::4050,359
client,vehicle::4051,208
client,vehicle::4052,278
client,vehicle::4053,193
client,vehicle::4056,609
client,vehicle::4058,144
client,vehicle::4059,160
client,vehicle::4061,289
client,vehicle::4062,404
client,vehicle::4064,142
client,vehicle::4065,318
client,vehicle::4066,425
client,vehicle::4070,124
client,vehicle::4071,324
client,vehicle::4072,438
client,vehicle::4074,422
client,vehicle::4076,149
client,vehicle::4078,228
client,vehicle::4080,500
client,vehicle::4082,95
client,vehicle::4084,307
client,vehicle::4085,388
client,vehicle::4086,322
client,vehicle::4087,94
client,vehicle::4089,144
client,vehicle::409,370
client,vehicle::4091,732
client,vehicle::4092,402
client,vehicle::4094,493
client,vehicle::4097,254
client,vehicle::4098,221
client,vehicle::41,506
client,vehicle::410,376
client,vehicle::4104,480
client,vehicle::4105,478
client,vehicle::4106,552
client,vehicle::4107,279
client,vehicle::4109,158
client,vehicle::4111,196
client,vehicle::4114,649
client,vehicle::4116,604
client,vehicle::4117,244
client,vehicle::4118,357
client,vehicle::4119,112
client,vehicle::4120,415
client,vehicle::4121,218
client,vehicle::4123,473
client,vehicle::4124,521
client,vehicle::4128,546
client,vehicle::413,311
client,vehicle::4132,138
client,vehicle::4133,69
client,vehicle::4135,714
client,vehicle::4136,374
client,vehicle::4137,329
client,vehicle::4138,451
client,vehicle::4139,406
client,vehicle::414,312
client,vehicle::4141,326
client,vehicle::4143,459
client,vehicle::4145,303
client,vehicle::4146,451
client,vehicle::4147,259
client,vehicle::4148,499
client,vehicle::4149,137
client,vehicle::415,483
client,vehicle::4150,303
client,vehicle::4151,349
client,vehicle::4152,357
client,vehicle::4155,135
client,vehicle::4156,385
client,vehicle::4158,375
client,vehicle::416,526
client,vehicle::4160,463
client,vehicle::4161,352
client,vehicle::4162,636
client,vehicle::4163,291
client,vehicle::4164,375
client,vehicle::4166,476
client,vehicle::4167,357
client,vehicle::4168,145
client,vehicle::4169,495
client,vehicle::417,589
client,vehicle::4172,513
client,vehicle::4175,348
client,vehicle::4178,426
client,vehicle::4179,555
client,vehicle::4181,436
client,vehicle::4183,525
client,vehicle::4185,253
client,vehicle::4186,385
client,vehicle::4188,607
client,vehicle::419,219
client,vehicle::4190,546
client,vehicle::4191,93
client,vehicle::4192,758
client,vehicle::4193,727
client,vehicle::4194,502
client,vehicle::4196,565
client,vehicle::4197,353
client,vehicle::4199,285
client,vehicle::42,424
client,vehicle::420,541
client,vehicle::4200,403
client,vehicle::4201,354
client,vehicle::4202,664
client,vehicle::4205,237
client,vehicle::4207,465
client,vehicle::4208,264
client,vehicle::4209,356
client,vehicle::421,578
client,vehicle::4211,104
client,vehicle::4213,563
client,vehicle::4214,4
client,vehicle::4217,235
client,vehicle::4218,684
client,vehicle::422,269
client,vehicle::4220,354
client,vehicle::4221,618
client,vehicle::4222,499
client,vehicle::4225,113
client,vehicle::4227,296
client,vehicle::4228,609
client,vehicle::423,448
client,vehicle::4230,53
client,vehicle::4232,480
client,vehicle::4238,309
client,vehicle::4240,221
client,vehicle::4250,653
client,vehicle::4253,183
client,vehicle::4254,257
client,vehicle::4256,809
client,vehicle::426,431
client,vehicle::4262,117
client,vehicle::4263,129
client,vehicle::4264,133
client,vehicle::4266,299
client,vehicle::4268,623
client,vehicle::427,1
client,vehicle::4270,369
client,vehicle::4273,90
client,vehicle::4274,317
client,vehicle::4277,309
client,vehicle::4278,252
client,vehicle::4279,660
client,vehicle::428,507
client,vehicle::4280,631
client,vehicle::4281,247
client,vehicle::4282,252
client,vehicle::4284,320
client,vehicle::4285,640
client,vehicle::4286,405
client,vehicle::4288,662
client,vehicle::429,279
client,vehicle::4290,348
client,vehicle::4292,563
client,vehicle::4293,265
client,vehicle::4295,331
client,vehicle::4297,195
client,vehicle::4298,284
client,vehicle::4299,918
client,vehicle::430,340
client,vehicle::4301,750
client,vehicle::4303,44
client,vehicle::4304,317
client,vehicle::4307,138
client,vehicle::4308,258
client,vehicle::4309,426
client,vehicle::431,458
client,vehicle::4313,416
client,vehicle::4314,457
client,vehicle::4316,412
client,vehicle::4317,116
client,vehicle::432,504
client,vehicle::4324,507
client,vehicle::4326,614
client,vehicle::4334,120
client,vehicle::4336,160
client,vehicle::434,328
client,vehicle::4341,1
client,vehicle::4342,297
client,vehicle::4344,548
client,vehicle::4345,556
client,vehicle::4347,654
client,vehicle::4348,627
client,vehicle::4349,450
client,vehicle::435,236
client,vehicle::4350,840
client,vehicle::4351,671
client,vehicle::4354,541
client,vehicle::4356,555
client,vehicle::4357,465
client,vehicle::4358,633
client,vehicle::4359,486
client,vehicle::436,171
client,vehicle::4360,551
client,vehicle::4361,140
client,vehicle::4362,587
client,vehicle::4364,167
client,vehicle::4365,98
client,vehicle::4366,880
client,vehicle::4368,721
client,vehicle::4369,339
client,vehicle::437,217
client,vehicle::4370,359
client,vehicle::4371,266
client,vehicle::4373,489
client,vehicle::4374,204
client,vehicle::4376,270
client,vehicle::4377,423
client,vehicle::4378,493
client,vehicle::438,120
client,vehicle::4383,311
client,vehicle::4384,62
client,vehicle::4386,585
client,vehicle::4388,250
client,vehicle::4389,486
client,vehicle::4390,391
client,vehicle::4394,215
client,vehicle::4395,174
client,vehicle::4399,227
client,vehicle::44,326
client,vehicle::440,325
client,vehicle::4403,246
client,vehicle::4404,261
client,vehicle::4405,2
client,vehicle::4406,485
client,vehicle::4407,443
client,vehicle::4408,568
client,vehicle::441,248
client,vehicle::4412,117
client,vehicle::4417,603
client,vehicle::442,246
client,vehicle::4420,514
client,vehicle::4421,37
client,vehicle::4423,145
client,vehicle::4424,394
client,vehicle::4426,331
client,vehicle::4427,566
client,vehicle::4428,258
client,vehicle::4429,463
client,vehicle::443,553
client,vehicle::4430,784
client,vehicle::4431,440
client,vehicle::4432,292
client,vehicle::4433,458
client,vehicle::4434,362
client,vehicle::4435,195
client,vehicle::4436,104
client,vehicle::4437,528
client,vehicle::4438,24
client,vehicle::4439,543
client,vehicle::4441,218
client,vehicle::4442,174
client,vehicle::4445,225
client,vehicle::4447,150
client,vehicle::4449,293
client,vehicle::445,345
client,vehicle::4450,236
client,vehicle::4451,494
client,vehicle::4454,32
client,vehicle::446,629
client,vehicle::4460,652
client,vehicle::4464,39
client,vehicle::4465,466
client,vehicle::4467,416
client,vehicle::4468,330
client,vehicle::4469,693
client,vehicle::4470,590
client,vehicle::4472,97
client,vehicle::4473,547
client,vehicle::4476,773
client,vehicle::4477,203
client,vehicle::4479,284
client,vehicle::4481,160
client,vehicle::4482,451
client,vehicle::4484,377
client,vehicle::4491,574
client,vehicle::4497,450
client,vehicle::4498,337
client,vehicle::4499,434
client,vehicle::450,181
client,vehicle::4503,87
client,vehicle::4504,333
client,vehicle::4508,377
client,vehicle::451,181
client,vehicle::4510,237
client,vehicle::4511,479
client,vehicle::4512,327
client,vehicle::4513,35
client,vehicle::4514,118
client,vehicle::4516,699
client,vehicle::4518,250
client,vehicle::4519,551
client,vehicle::4524,392
client,vehicle::4525,613
client,vehicle::4526,709
client,vehicle::453,255
client,vehicle::4533,55
client,vehicle::4536,221
client,vehicle::4537,386
client,vehicle::4539,347
client,vehicle::454,711
client,vehicle::4543,647
client,vehicle::4544,847
client,vehicle::4546,178
client,vehicle::4547,167
client,vehicle::4548,14
client,vehicle::455,198
client,vehicle::4550,125
client,vehicle::4554,517
client,vehicle::4555,340
client,vehicle::4557,441
client,vehicle::4559,416
client,vehicle::456,223
client,vehicle::4560,287
client,vehicle::4562,90
client,vehicle::4563,447
client,vehicle::4566,226
client,vehicle::4567,424
client,vehicle::4569,447
client,vehicle::4570,28
client,vehicle::4571,236
client,vehicle::4573,234
client,vehicle::4574,461
client,vehicle::4575,285
client,vehicle::4577,700
client,vehicle::4579,5
client,vehicle::458,258
client,vehicle::4581,433
client,vehicle::4584,213
client,vehicle::4585,300
client,vehicle::4586,176
client,vehicle::4587,67
client,vehicle::4588,66
client,vehicle::4589,286
client,vehicle::4594,14
client,vehicle::4595,324
client,vehicle::4597,440
client,vehicle::4599,228
client,vehicle::46,741
client,vehicle::4600,608
client,vehicle::4601,291
client,vehicle::4603,428
client,vehicle::4604,356
client,vehicle::4605,217
client,vehicle::4606,259
client,vehicle::4608,459
client,vehicle::461,336
client,vehicle::4610,665
client,vehicle::4611,70
client,vehicle::4612,8
client,vehicle::4613,898
client,vehicle::4616,224
client,vehicle::4621,278
client,vehicle::4622,359
client,vehicle::4623,418
client,vehicle::4626,412
client,vehicle::4627,553
client,vehicle::4628,293
client,vehicle::4629,378
client,vehicle::463,395
client,vehicle::4630,726
client,vehicle::4631,653
client,vehicle::4632,721
client,vehicle::4634,313
client,vehicle::4635,820
client,vehicle::4637,291
client,vehicle::464,328
client,vehicle::4640,836
client,vehicle::4644,482
client,vehicle::4646,166
client,vehicle::4648,5
client,vehicle::4649,709
client,vehicle::465,257
client,vehicle::4652,592
client,vehicle::4653,422
client,vehicle::4654,254
client,vehicle::4655,351
client,vehicle::4656,535
client,vehicle::4657,431
client,vehicle::4658,297
client,vehicle::466,311
client,vehicle::4662,458
client,vehicle::4665,453
client,vehicle::4670,563
client,vehicle::4674,130
client,vehicle::4675,861
client,vehicle::4676,7
client,vehicle::468,214
client,vehicle::4683,222
client,vehicle::4685,342
client,vehicle::4686,266
client,vehicle::469,303
client,vehicle::4690,5
client,vehicle::4691,412
client,vehicle::4692,554
client,vehicle::4693,259
client,vehicle::4695,53
client,vehicle::4696,174
client,vehicle::4698,582
client,vehicle::470,189
client,vehicle::4700,661
client,vehicle::4701,1
client,vehicle::4703,711
client,vehicle::4704,183
client,vehicle::4705,110
client,vehicle::4706,293
client,vehicle::4707,290
client,vehicle::4709,253
client,vehicle::4714,424
client,vehicle::4719,157
client,vehicle::4721,331
client,vehicle::4725,504
client,vehicle::4726,350
client,vehicle::4728,507
client,vehicle::4729,236
client,vehicle::473,130
client,vehicle::4732,447
client,vehicle::4733,218
client,vehicle::4736,688
client,vehicle::4739,400
client,vehicle::4741,11
client,vehicle::4742,79
client,vehicle::4743,874
client,vehicle::4744,510
client,vehicle::475,186
client,vehicle::4753,179
client,vehicle::4755,1
client,vehicle::4760,295
client,vehicle::4765,386
client,vehicle::4766,6
client,vehicle::4769,283
client,vehicle::4770,572
client,vehicle::4771,125
client,vehicle::4772,266
client,vehicle::4774,432
client,vehicle::4776,426
client,vehicle::4777,412
client,vehicle::478,306
client,vehicle::4780,6
client,vehicle::4782,311
client,vehicle::4783,668
client,vehicle::4784,287
client,vehicle::4785,888
client,vehicle::4787,741
client,vehicle::4788,415
client,vehicle::4789,176
client,vehicle::479,707
client,vehicle::4790,213
client,vehicle::4793,464
client,vehicle::4794,550
client,vehicle::4795,752
client,vehicle::4799,352
client,vehicle::48,240
client,vehicle::480,432
client,vehicle::4800,766
client,vehicle::4801,500
client,vehicle::4802,223
client,vehicle::4804,645
client,vehicle::4809,451
client,vehicle::4811,154
client,vehicle::4813,689
client,vehicle::4816,141
client,vehicle::4818,375
client,vehicle::482,112
client,vehicle::4822,2
client,vehicle::4823,608
client,vehicle::4824,176
client,vehicle::4825,787
client,vehicle::4827,6
client,vehicle::4831,928
client,vehicle::4833,387
client,vehicle::4834,389
client,vehicle::4836,378
client,vehicle::4837,368
client,vehicle::4838,645
client,vehicle::484,401
client,vehicle::4841,571
client,vehicle::4842,567
client,vehicle::4844,508
client,vehicle::4845,438
client,vehicle::4846,708
client,vehicle::4847,542
client,vehicle::4848,520
client,vehicle::485,278
client,vehicle::4852,344
client,vehicle::4853,566
client,vehicle::4856,319
client,vehicle::4858,479
client,vehicle::4859,401
client,vehicle::4864,492
client,vehicle::4865,764
client,vehicle::487,571
client,vehicle::4871,412
client,vehicle::4874,273
client,vehicle::4876,99
client,vehicle::4877,139
client,vehicle::4879,208
client,vehicle::488,536
client,vehicle::4880,590
client,vehicle::4883,316
client,vehicle::4884,397
client,vehicle::4886,645
client,vehicle::489,300
client,vehicle::4890,367
client,vehicle::4891,806
client,vehicle::4892,258
client,vehicle::4895,225
client,vehicle::4896,477
client,vehicle::4897,342
client,vehicle::49,428
client,vehicle::4900,308
client,vehicle::4901,637
client,vehicle::4902,474
client,vehicle::4903,417
client,vehicle::4904,561
client,vehicle::4905,302
client,vehicle::4906,252
client,vehicle::4907,612
client,vehicle::4908,659
client,vehicle::491,562
client,vehicle::4912,523
client,vehicle::4913,486
client,vehicle::4914,243
client,vehicle::4915,894
client,vehicle::4916,384
client,vehicle::4917,1
client,vehicle::4918,648
client,vehicle::492,102
client,vehicle::4920,129
client,vehicle::4923,116
client,vehicle::4925,904
client,vehicle::4926,310
client,vehicle::4929,537
client,vehicle::493,386
client,vehicle::4931,4
client,vehicle::4932,841
client,vehicle::4933,241
client,vehicle::4934,336
client,vehicle::4935,384
client,vehicle::4936,451
client,vehicle::4937,438
client,vehicle::4938,382
client,vehicle::494,610
client,vehicle::4940,238
client,vehicle::4941,319
client,vehicle::4942,377
client,vehicle::4944,152
client,vehicle::4946,230
client,vehicle::4947,863
client,vehicle::495,357
client,vehicle::4950,443
client,vehicle::4954,355
client,vehicle::4958,329
client,vehicle::4959,250
client,vehicle::496,178
client,vehicle::4961,608
client,vehicle::4964,683
client,vehicle::4965,498
client,vehicle::4966,271
client,vehicle::4967,407
client,vehicle::497,294
client,vehicle::4972,705
client,vehicle::4975,417
client,vehicle::4976,620
client,vehicle::4978,267
client,vehicle::4979,269
client,vehicle::498,163
client,vehicle::4981,295
client,vehicle::4982,372
client,vehicle::4985,1117
client,vehicle::4986,155
client,vehicle::4988,168
client,vehicle::499,248
client,vehicle::4991,153
client,vehicle::4993,473
client,vehicle::4996,501
client,vehicle::4999,360
client,vehicle::50,291
client,vehicle::500,601
client,vehicle::5000,479
client,vehicle::5001,464
client,vehicle::5003,443
client,vehicle::5005,544
client,vehicle::5006,45
client,vehicle::5007,592
client,vehicle::5008,437
client,vehicle::5009,371
client,vehicle::501,135
client,vehicle::5010,384
client,vehicle::5012,291
client,vehicle::5013,247
client,vehicle::5014,683
client,vehicle::5016,376
client,vehicle::5017,465
client,vehicle::5019,480
client,vehicle::502,267
client,vehicle::5020,214
client,vehicle::5022,43
client,vehicle::5024,426
client,vehicle::5025,196
client,vehicle::5027,297
client,vehicle::5030,322
client,vehicle::5032,254
client,vehicle::5034,241
client,vehicle::5040,440
client,vehicle::5041,570
client,vehicle::5042,393
client,vehicle::5044,204
client,vehicle::5045,889
client,vehicle::5047,284
client,vehicle::5049,401
client,vehicle::505,718
client,vehicle::5052,371
client,vehicle::5053,264
client,vehicle::5055,697
client,vehicle::5057,239
client,vehicle::506,411
client,vehicle::5060,544
client,vehicle::5064,198
client,vehicle::5065,972
client,vehicle::5066,296
client,vehicle::507,471
client,vehicle::5073,188
client,vehicle::5074,151
client,vehicle::5077,498
client,vehicle::5078,713
client,vehicle::508,132
client,vehicle::5080,270
client,vehicle::5081,711
client,vehicle::5082,409
client,vehicle::5083,397
client,vehicle::5084,264
client,vehicle::5085,667
client,vehicle::5086,278
client,vehicle::509,63
client,vehicle::5090,528
client,vehicle::5091,399
client,vehicle::5092,169
client,vehicle::5097,410
client,vehicle::5098,54
client,vehicle::51,478
client,vehicle::5100,560
client,vehicle::5106,415
client,vehicle::5107,567
client,vehicle::5108,652
client,vehicle::5109,456
client,vehicle::5110,125
client,vehicle::5111,94
client,vehicle::5112,172
client,vehicle::5113,195
client,vehicle::5114,364
client,vehicle::5115,487
client,vehicle::5116,232
client,vehicle::5118,397
client,vehicle::5119,526
client,vehicle::512,233
client,vehicle::5122,836
client,vehicle::5123,623
client,vehicle::5124,247
client,vehicle::5125,427
client,vehicle::5126,256
client,vehicle::5129,333
client,vehicle::513,359
client,vehicle::5130,814
client,vehicle::5131,524
client,vehicle::5132,524
client,vehicle::5134,568
client,vehicle::5135,314
client,vehicle::5136,374
client,vehicle::5138,435
client,vehicle::5141,577
client,vehicle::5142,409
client,vehicle::5143,634
client,vehicle::5146,363
client,vehicle::5147,392
client,vehicle::5149,374
client,vehicle::515,377
client,vehicle::5150,255
client,vehicle::5153,259
client,vehicle::5154,465
client,vehicle::5155,232
client,vehicle::5156,734
client,vehicle::5157,395
client,vehicle::5158,548
client,vehicle::5160,279
client,vehicle::5162,337
client,vehicle::5164,655
client,vehicle::5165,225
client,vehicle::5166,711
client,vehicle::5167,537
client,vehicle::517,288
client,vehicle::5171,467
client,vehicle::5173,366
client,vehicle::5177,292
client,vehicle::5178,265
client,vehicle::518,459
client,vehicle::5180,553
client,vehicle::5181,458
client,vehicle::5182,411
client,vehicle::5184,538
client,vehicle::5186,9
client,vehicle::5188,392
client,vehicle::5189,167
client,vehicle::519,238
client,vehicle::5190,90
client,vehicle::5191,397
client,vehicle::5192,455
client,vehicle::5193,379
client,vehicle::5194,256
client,vehicle::5196,214
client,vehicle::5198,154
client,vehicle::5199,487
client,vehicle::52,632
client,vehicle::520,488
client,vehicle::5200,91
client,vehicle::5201,334
client,vehicle::5202,167
client,vehicle::5203,226
client,vehicle::5204,401
client,vehicle::5206,329
client,vehicle::5207,602
client,vehicle::5210,344
client,vehicle::5214,439
client,vehicle::5216,272
client,vehicle::5217,345
client,vehicle::5218,411
client,vehicle::5219,230
client,vehicle::522,470
client,vehicle::5220,205
client,vehicle::5226,613
client,vehicle::5227,216
client,vehicle::5228,485
client,vehicle::5229,165
client,vehicle::523,527
client,vehicle::5231,173
client,vehicle::5233,276
client,vehicle::5234,8
client,vehicle::5236,289
client,vehicle::5238,499
client,vehicle::524,112
client,vehicle::5241,79
client,vehicle::5246,599
client,vehicle::5247,152
client,vehicle::5249,200
client,vehicle::525,298
client,vehicle::5250,658
client,vehicle::5252,557
client,vehicle::5253,210
client,vehicle::5254,333
client,vehicle::5256,395
client,vehicle::5257,470
client,vehicle::5258,376
client,vehicle::5259,320
client,vehicle::526,373
client,vehicle::5260,250
client,vehicle::5261,791
client,vehicle::5262,457
client,vehicle::5264,194
client,vehicle::527,478
client,vehicle::5270,379
client,vehicle::5271,177
client,vehicle::5272,311
client,vehicle::5273,105
client,vehicle::5274,707
client,vehicle::5275,514
client,vehicle::5276,157
client,vehicle::5277,451
client,vehicle::5279,467
client,vehicle::5283,318
client,vehicle::5286,132
client,vehicle::5288,386
client,vehicle::5289,145
client,vehicle::529,293
client,vehicle::5292,202
client,vehicle::5293,125
client,vehicle::5296,242
client,vehicle::5298,211
client,vehicle::53,533
client,vehicle::530,199
client,vehicle::5300,418
client,vehicle::5301,132
client,vehicle::5302,312
client,vehicle::5303,552
client,vehicle::5306,439
client,vehicle::5308,281
client,vehicle::531,343
client,vehicle::5312,410
client,vehicle::5314,423
client,vehicle::5318,599
client,vehicle::5319,470
client,vehicle::532,489
client,vehicle::5320,571
client,vehicle::5321,258
client,vehicle::5322,270
client,vehicle::5323,752
client,vehicle::5326,387
client,vehicle::5327,599
client,vehicle::5328,302
client,vehicle::533,331
client,vehicle::5331,190
client,vehicle::5335,223
client,vehicle::5337,339
client,vehicle::5339,76
client,vehicle::5340,125
client,vehicle::5344,217
client,vehicle::5348,382
client,vehicle::5349,11
client,vehicle::5351,309
client,vehicle::5352,1
client,vehicle::5353,642
client,vehicle::5355,511
client,vehicle::5357,272
client,vehicle::5359,271
client,vehicle::536,262
client,vehicle::5361,506
client,vehicle::5363,172
client,vehicle::5365,543
client,vehicle::5366,145
client,vehicle::5367,366
client,vehicle::5369,257
client,vehicle::537,663
client,vehicle::5370,175
client,vehicle::5371,190
client,vehicle::5372,388
client,vehicle::5374,395
client,vehicle::5376,335
client,vehicle::5377,400
client,vehicle::5378,838
client,vehicle::5379,544
client,vehicle::5381,634
client,vehicle::5382,414
client,vehicle::5383,148
client,vehicle::5384,598
client,vehicle::5385,642
client,vehicle::5386,217
client,vehicle::5387,461
client,vehicle::5389,258
client,vehicle::539,52
client,vehicle::5394,197
client,vehicle::5398,108
client,vehicle::54,633
client,vehicle::540,164
client,vehicle::5400,381
client,vehicle::5401,343
client,vehicle::5402,326
client,vehicle::5403,178
client,vehicle::5406,436
client,vehicle::5408,494
client,vehicle::541,594
client,vehicle::5413,520
client,vehicle::5417,533
client,vehicle::5418,120
client,vehicle::5419,480
client,vehicle::5420,47
client,vehicle::5421,383
client,vehicle::5425,422
client,vehicle::5426,305
client,vehicle::5427,403
client,vehicle::543,540
client,vehicle::5431,206
client,vehicle::5434,2
client,vehicle::5437,773
client,vehicle::5438,365
client,vehicle::5439,311
client,vehicle::5440,637
client,vehicle::5441,789
client,vehicle::5442,559
client,vehicle::5447,470
client,vehicle::5448,531
client,vehicle::5449,415
client,vehicle::5452,218
client,vehicle::5453,412
client,vehicle::5455,360
client,vehicle::5456,130
client,vehicle::5457,410
client,vehicle::5459,674
client,vehicle::5461,402
client,vehicle::5463,500
client,vehicle::5464,488
client,vehicle::5465,665
client,vehicle::5466,537
client,vehicle::5467,158
client,vehicle::5469,307
client,vehicle::547,360
client,vehicle::5471,960
client,vehicle::5472,302
client,vehicle::5474,567
client,vehicle::5476,198
client,vehicle::5479,461
client,vehicle::548,388
client,vehicle::5480,682
client,vehicle::5481,173
client,vehicle::5482,436
client,vehicle::5483,409
client,vehicle::5487,451
client,vehicle::5488,892
client,vehicle::5489,434
client,vehicle::5491,240
client,vehicle::5492,529
client,vehicle::5495,189
client,vehicle::5497,340
client,vehicle::5498,482
client,vehicle::5499,474
client,vehicle::55,328
client,vehicle::5500,158
client,vehicle::5502,635
client,vehicle::5504,652
client,vehicle::5506,412
client,vehicle::5512,471
client,vehicle::5514,557
client,vehicle::5515,897
client,vehicle::5517,300
client,vehicle::5518,192
client,vehicle::5519,213
client,vehicle::552,308
client,vehicle::5520,1002
client,vehicle::5521,503
client,vehicle::5524,538
client,vehicle::5525,674
client,vehicle::5526,420
client,vehicle::5527,171
client,vehicle::5528,271
client,vehicle::553,402
client,vehicle::5530,661
client,vehicle::5533,693
client,vehicle::5534,543
client,vehicle::5536,706
client,vehicle::5537,759
client,vehicle::5538,432
client,vehicle::554,586
client,vehicle::5543,604
client,vehicle::5544,711
client,vehicle::5546,688
client,vehicle::5548,726
client,vehicle::555,147
client,vehicle::5550,753
client,vehicle::5552,847
client,vehicle::5554,691
client,vehicle::5555,582
client,vehicle::5556,522
client,vehicle::5559,599
client,vehicle::556,219
client,vehicle::5560,387
client,vehicle::5561,563
client,vehicle::5562,225
client,vehicle::5563,736
client,vehicle::5564,348
client,vehicle::5565,739
client,vehicle::5566,214
client,vehicle::5569,170
client,vehicle::557,319
client,vehicle::5574,386
client,vehicle::5575,599
client,vehicle::5576,8
client,vehicle::5577,719
client,vehicle::5582,588
client,vehicle::5583,296
client,vehicle::5585,470
client,vehicle::5586,365
client,vehicle::5589,705
client,vehicle::559,376
client,vehicle::5590,447
client,vehicle::5591,304
client,vehicle::5602,825
client,vehicle::5603,420
client,vehicle::5608,424
client,vehicle::5609,499
client,vehicle::561,141
client,vehicle::5610,521
client,vehicle::5611,266
client,vehicle::5612,617
client,vehicle::5613,441
client,vehicle::5614,478
client,vehicle::5615,360
client,vehicle::5617,589
client,vehicle::562,279
client,vehicle::5620,551
client,vehicle::5621,367
client,vehicle::5622,865
client,vehicle::5623,27
client,vehicle::5624,600
client,vehicle::5627,488
client,vehicle::5629,335
client,vehicle::5630,677
client,vehicle::5631,348
client,vehicle::5632,968
client,vehicle::5634,776
client,vehicle::5636,255
client,vehicle::5637,590
client,vehicle::5641,679
client,vehicle::5642,564
client,vehicle::5643,246
client,vehicle::5646,467
client,vehicle::5648,371
client,vehicle::5649,312
client,vehicle::565,212
client,vehicle::5650,792
client,vehicle::5652,300
client,vehicle::5653,376
client,vehicle::5654,532
client,vehicle::5656,573
client,vehicle::5661,440
client,vehicle::5663,469
client,vehicle::5666,218
client,vehicle::5667,685
client,vehicle::5668,392
client,vehicle::5669,480
client,vehicle::567,472
client,vehicle::5672,290
client,vehicle::5673,275
client,vehicle::5675,501
client,vehicle::5676,377
client,vehicle::5677,626
client,vehicle::5678,191
client,vehicle::5679,541
client,vehicle::5682,448
client,vehicle::5685,550
client,vehicle::5686,211
client,vehicle::5687,511
client,vehicle::5688,252
client,vehicle::5689,496
client,vehicle::569,2
client,vehicle::5690,136
client,vehicle::5691,225
client,vehicle::5692,454
client,vehicle::5693,176
client,vehicle::5694,207
client,vehicle::5698,142
client,vehicle::5699,380
client,vehicle::57,351
client,vehicle::570,176
client,vehicle::5701,515
client,vehicle::5705,32
client,vehicle::5706,236
client,vehicle::5707,349
client,vehicle::5709,236
client,vehicle::571,1
client,vehicle::5710,307
client,vehicle::5712,357
client,vehicle::5713,275
client,vehicle::5714,352
client,vehicle::5716,412
client,vehicle::5717,486
client,vehicle::5718,424
client,vehicle::5719,464
client,vehicle::5720,398
client,vehicle::5721,413
client,vehicle::5722,478
client,vehicle::5724,383
client,vehicle::5725,291
client,vehicle::5726,15
client,vehicle::5727,326
client,vehicle::5730,360
client,vehicle::5732,428
client,vehicle::5735,257
client,vehicle::5738,159
client,vehicle::5739,223
client,vehicle::5742,488
client,vehicle::5744,210
client,vehicle::5746,393
client,vehicle::5747,249
client,vehicle::5748,538
client,vehicle::575,467
client,vehicle::5751,280
client,vehicle::5752,539
client,vehicle::5753,536
client,vehicle::5754,500
client,vehicle::5755,189
client,vehicle::5756,343
client,vehicle::5759,315
client,vehicle::576,221
client,vehicle::5760,234
client,vehicle::5761,419
client,vehicle::5763,328
client,vehicle::5766,477
client,vehicle::5768,75
client,vehicle::577,150
client,vehicle::5770,335
client,vehicle::5771,416
client,vehicle::5772,195
client,vehicle::5773,247
client,vehicle::5774,379
client,vehicle::5776,250
client,vehicle::5777,384
client,vehicle::578,1
client,vehicle::5780,63
client,vehicle::5781,129
client,vehicle::5782,206
client,vehicle::5786,185
client,vehicle::5787,328
client,vehicle::5788,395
client,vehicle::5789,374
client,vehicle::579,447
client,vehicle::5790,146
client,vehicle::5792,270
client,vehicle::5795,117
client,vehicle::5796,429
client,vehicle::5797,536
client,vehicle::5798,806
client,vehicle::5799,332
client,vehicle::58,533
client,vehicle::5801,549
client,vehicle::5803,466
client,vehicle::5804,481
client,vehicle::581,333
client,vehicle::5810,938
client,vehicle::5813,179
client,vehicle::5814,429
client,vehicle::5816,353
client,vehicle::5817,305
client,vehicle::5818,591
client,vehicle::5819,495
client,vehicle::582,362
client,vehicle::5821,145
client,vehicle::5823,507
client,vehicle::5825,249
client,vehicle::5828,527
client,vehicle::583,3
client,vehicle::5831,373
client,vehicle::5834,622
client,vehicle::5835,402
client,vehicle::5836,550
client,vehicle::5837,80
client,vehicle::5838,546
client,vehicle::584,326
client,vehicle::5841,853
client,vehicle::5842,271
client,vehicle::5844,165
client,vehicle::5845,215
client,vehicle::5846,647
client,vehicle::5848,179
client,vehicle::585,367
client,vehicle::5850,434
client,vehicle::5851,452
client,vehicle::5852,331
client,vehicle::5857,435
client,vehicle::586,674
client,vehicle::5863,132
client,vehicle::5865,388
client,vehicle::5868,242
client,vehicle::5869,194
client,vehicle::587,308
client,vehicle::5870,239
client,vehicle::5871,176
client,vehicle::5876,456
client,vehicle::588,592
client,vehicle::5880,105
client,vehicle::5882,735
client,vehicle::5888,539
client,vehicle::5892,706
client,vehicle::5893,626
client,vehicle::5897,255
client,vehicle::5898,355
client,vehicle::59,284
client,vehicle::5900,462
client,vehicle::5901,366
client,vehicle::5902,400
client,vehicle::5904,399
client,vehicle::5908,398
client,vehicle::5909,271
client,vehicle::591,271
client,vehicle::5913,596
client,vehicle::5914,497
client,vehicle::5915,210
client,vehicle::5919,299
client,vehicle::592,377
client,vehicle::5920,308
client,vehicle::5922,237
client,vehicle::5923,499
client,vehicle::5924,585
client,vehicle::5926,248
client,vehicle::5927,385
client,vehicle::5928,501
client,vehicle::5929,166
client,vehicle::5931,216
client,vehicle::5933,526
client,vehicle::5934,166
client,vehicle::5936,597
client,vehicle::5939,435
client,vehicle::594,471
client,vehicle::5941,330
client,vehicle::5945,421
client,vehicle::5946,693
client,vehicle::5948,171
client,vehicle::5950,290
client,vehicle::5955,679
client,vehicle::5957,42
client,vehicle::5958,493
client,vehicle::5959,449
client,vehicle::5962,232
client,vehicle::5963,326
client,vehicle::5965,188
client,vehicle::5966,830
client,vehicle::5968,913
client,vehicle::5971,198
client,vehicle::5973,314
client,vehicle::5974,580
client,vehicle::5977,350
client,vehicle::5979,679
client,vehicle::5980,481
client,vehicle::5982,303
client,vehicle::5984,661
client,vehicle::599,333
client,vehicle::5990,139
client,vehicle::5991,478
client,vehicle::5992,701
client,vehicle::5993,298
client,vehicle::5994,363
client,vehicle::5995,170
client,vehicle::5997,713
client,vehicle::5999,226
client,vehicle::6,250
client,vehicle::60,449
client,vehicle::600,215
client,vehicle::6002,345
client,vehicle::6005,397
client,vehicle::6006,402
client,vehicle::6007,598
client,vehicle::6008,612
client,vehicle::6009,394
client,vehicle::601,269
client,vehicle::6010,405
client,vehicle::6011,222
client,vehicle::6012,250
client,vehicle::6013,388
client,vehicle::6014,595
client,vehicle::6018,297
client,vehicle::6021,863
client,vehicle::6025,156
client,vehicle::6026,682
client,vehicle::6027,692
client,vehicle::6032,798
client,vehicle::6033,515
client,vehicle::6035,721
client,vehicle::6036,873
client,vehicle::6037,469
client,vehicle::604,308
client,vehicle::6041,285
client,vehicle::6043,189
client,vehicle::6044,724
client,vehicle::6045,302
client,vehicle::6046,588
client,vehicle::6048,254
client,vehicle::6049,574
client,vehicle::605,259
client,vehicle::6050,292
client,vehicle::6051,362
client,vehicle::6052,488
client,vehicle::6054,564
client,vehicle::6055,585
client,vehicle::6056,869
client,vehicle::6057,490
client,vehicle::6058,318
client,vehicle::6059,718
client,vehicle::6061,536
client,vehicle::6064,449
client,vehicle::6065,541
client,vehicle::6067,74
client,vehicle::6068,114
client,vehicle::6069,293
client,vehicle::6070,185
client,vehicle::6072,1017
client,vehicle::6073,342
client,vehicle::6076,706
client,vehicle::6079,655
client,vehicle::608,2
client,vehicle::6080,660
client,vehicle::6081,438
client,vehicle::6082,723
client,vehicle::6084,66
client,vehicle::6085,324
client,vehicle::6086,942
client,vehicle::6088,475
client,vehicle::6089,370
client,vehicle::6091,236
client,vehicle::6096,234
client,vehicle::6098,147
client,vehicle::6099,356
client,vehicle::61,713
client,vehicle::6103,494
client,vehicle::6104,324
client,vehicle::6107,640
client,vehicle::6108,294
client,vehicle::6110,182
client,vehicle::6111,631
client,vehicle::6112,537
client,vehicle::6113,612
client,vehicle::6116,296
client,vehicle::6117,194
client,vehicle::6118,360
client,vehicle::6119,208
client,vehicle::6122,608
client,vehicle::6125,703
client,vehicle::6127,707
client,vehicle::6129,233
client,vehicle::613,2
client,vehicle::6130,685
client,vehicle::6133,159
client,vehicle::6135,358
client,vehicle::6136,75
client,vehicle::6137,376
client,vehicle::6139,618
client,vehicle::614,315
client,vehicle::6140,153
client,vehicle::6141,288
client,vehicle::6143,215
client,vehicle::6144,261
client,vehicle::6145,278
client,vehicle::6146,449
client,vehicle::6149,196
client,vehicle::615,350
client,vehicle::6151,882
client,vehicle::6152,385
client,vehicle::6153,287
client,vehicle::6154,5
client,vehicle::6155,419
client,vehicle::6156,477
client,vehicle::6157,284
client,vehicle::6158,191
client,vehicle::6160,350
client,vehicle::6162,478
client,vehicle::6163,275
client,vehicle::6164,836
client,vehicle::6165,73
client,vehicle::6167,292
client,vehicle::617,361
client,vehicle::6170,838
client,vehicle::6171,860
client,vehicle::6172,895
client,vehicle::6173,519
client,vehicle::6175,666
client,vehicle::6176,313
client,vehicle::6177,248
client,vehicle::6178,325
client,vehicle::6179,734
client,vehicle::618,261
client,vehicle::6181,266
client,vehicle::6182,135
client,vehicle::6183,223
client,vehicle::6184,327
client,vehicle::6185,339
client,vehicle::6186,487
client,vehicle::6187,190
client,vehicle::6188,478
client,vehicle::6190,389
client,vehicle::6191,286
client,vehicle::6192,538
client,vehicle::6194,243
client,vehicle::6195,50
client,vehicle::6196,308
client,vehicle::6199,589
client,vehicle::62,466
client,vehicle::620,199
client,vehicle::6200,502
client,vehicle::6201,329
client,vehicle::6202,181
client,vehicle::6204,557
client,vehicle::6206,327
client,vehicle::621,331
client,vehicle::6210,378
client,vehicle::6213,477
client,vehicle::6214,296
client,vehicle::6217,271
client,vehicle::6218,510
client,vehicle::6219,602
client,vehicle::6220,578
client,vehicle::6222,400
client,vehicle::6224,486
client,vehicle::6225,555
client,vehicle::6226,526
client,vehicle::6227,404
client,vehicle::6228,499
client,vehicle::6229,622
client,vehicle::623,264
client,vehicle::6230,341
client,vehicle::6231,623
client,vehicle::6232,359
client,vehicle::6234,549
client,vehicle::6235,414
client,vehicle::6237,370
client,vehicle::6241,423
client,vehicle::6242,513
client,vehicle::6243,258
client,vehicle::6246,253
client,vehicle::6247,416
client,vehicle::6249,299
client,vehicle::625,210
client,vehicle::6251,268
client,vehicle::6253,634
client,vehicle::6254,300
client,vehicle::6255,486
client,vehicle::6256,33
client,vehicle::6258,409
client,vehicle::626,29
client,vehicle::6260,270
client,vehicle::6262,110
client,vehicle::6263,318
client,vehicle::6264,205
client,vehicle::6266,552
client,vehicle::6267,655
client,vehicle::627,382
client,vehicle::6278,191
client,vehicle::6279,343
client,vehicle::6280,267
client,vehicle::6281,281
client,vehicle::6282,214
client,vehicle::6284,159
client,vehicle::6288,702
client,vehicle::6289,146
client,vehicle::629,193
client,vehicle::6290,230
client,vehicle::6291,312
client,vehicle::6292,305
client,vehicle::6293,227
client,vehicle::6297,646
client,vehicle::6298,133
client,vehicle::6299,730
client,vehicle::6300,129
client,vehicle::6301,357
client,vehicle::6302,175
client,vehicle::6303,610
client,vehicle::6304,736
client,vehicle::6306,384
client,vehicle::6307,261
client,vehicle::6309,586
client,vehicle::631,329
client,vehicle::6312,347
client,vehicle::6315,322
client,vehicle::6316,354
client,vehicle::6317,774
client,vehicle::6319,533
client,vehicle::632,447
client,vehicle::6320,250
client,vehicle::6321,369
client,vehicle::6324,570
client,vehicle::6325,310
client,vehicle::6326,153
client,vehicle::6328,39
client,vehicle::633,555
client,vehicle::6330,181
client,vehicle::6331,223
client,vehicle::6334,68
client,vehicle::6335,768
client,vehicle::6336,211
client,vehicle::6337,538
client,vehicle::6338,355
client,vehicle::6339,347
client,vehicle::6343,266
client,vehicle::6344,290
client,vehicle::6345,529
client,vehicle::6347,284
client,vehicle::6348,192
client,vehicle::6349,275
client,vehicle::635,83
client,vehicle::6351,607
client,vehicle::6352,312
client,vehicle::6353,59
client,vehicle::6354,478
client,vehicle::6357,651
client,vehicle::6359,334
client,vehicle::6363,398
client,vehicle::6364,478
client,vehicle::6365,127
client,vehicle::6366,247
client,vehicle::6367,151
client,vehicle::6369,239
client,vehicle::637,242
client,vehicle::6370,100
client,vehicle::6371,431
client,vehicle::6372,207
client,vehicle::6374,541
client,vehicle::6376,793
client,vehicle::6377,572
client,vehicle::6379,510
client,vehicle::638,283
client,vehicle::6380,34
client,vehicle::6382,642
client,vehicle::6383,434
client,vehicle::6385,356
client,vehicle::6386,145
client,vehicle::6387,379
client,vehicle::6388,242
client,vehicle::639,760
client,vehicle::6390,241
client,vehicle::6392,238
client,vehicle::6395,345
client,vehicle::6397,492
client,vehicle::64,745
client,vehicle::640,140
client,vehicle::6402,358
client,vehicle::6403,366
client,vehicle::6404,633
client,vehicle::6406,667
client,vehicle::6407,807
client,vehicle::6408,641
client,vehicle::6409,522
client,vehicle::6410,414
client,vehicle::6413,480
client,vehicle::6414,376
client,vehicle::6415,152
client,vehicle::6417,78
client,vehicle::6418,455
client,vehicle::6419,402
client,vehicle::6420,453
client,vehicle::6426,125
client,vehicle::6428,786
client,vehicle::6429,333
client,vehicle::643,286
client,vehicle::6431,178
client,vehicle::6432,431
client,vehicle::6433,479
client,vehicle::6434,151
client,vehicle::6435,97
client,vehicle::6436,463
client,vehicle::6437,87
client,vehicle::6438,423
client,vehicle::644,297
client,vehicle::6440,522
client,vehicle::6441,371
client,vehicle::6442,190
client,vehicle::6443,336
client,vehicle::6446,29
client,vehicle::6448,369
client,vehicle::6449,332
client,vehicle::645,562
client,vehicle::6450,455
client,vehicle::6451,611
client,vehicle::6452,457
client,vehicle::6453,523
client,vehicle::6455,310
client,vehicle::6456,630
client,vehicle::6457,394
client,vehicle::6458,455
client,vehicle::6459,358
client,vehicle::646,513
client,vehicle::6461,346
client,vehicle::6465,231
client,vehicle::6466,298
client,vehicle::6467,340
client,vehicle::6470,297
client,vehicle::6471,116
client,vehicle::6472,329
client,vehicle::6474,447
client,vehicle::6475,362
client,vehicle::6476,459
client,vehicle::6477,315
client,vehicle::6478,452
client,vehicle::648,329
client,vehicle::6481,359
client,vehicle::6482,361
client,vehicle::6483,257
client,vehicle::6484,461
client,vehicle::6485,382
client,vehicle::6486,628
client,vehicle::6487,410
client,vehicle::6488,481
client,vehicle::649,317
client,vehicle::6490,270
client,vehicle::6491,214
client,vehicle::6492,307
client,vehicle::6495,676
client,vehicle::6496,609
client,vehicle::6497,703
client,vehicle::6498,138
client,vehicle::6499,199
client,vehicle::65,803
client,vehicle::6500,395
client,vehicle::6501,134
client,vehicle::6502,141
client,vehicle::6503,699
client,vehicle::6506,828
client,vehicle::6507,680
client,vehicle::651,402
client,vehicle::6511,565
client,vehicle::6513,541
client,vehicle::6514,454
client,vehicle::6515,659
client,vehicle::6516,234
client,vehicle::6517,232
client,vehicle::652,187
client,vehicle::6522,585
client,vehicle::6523,329
client,vehicle::6525,459
client,vehicle::6526,792
client,vehicle::6527,263
client,vehicle::6528,241
client,vehicle::6529,415
client,vehicle::6530,373
client,vehicle::6532,558
client,vehicle::6533,844
client,vehicle::6536,381
client,vehicle::6537,526
client,vehicle::6538,514
client,vehicle::6539,534
client,vehicle::6540,242
client,vehicle::6541,271
client,vehicle::6542,468
client,vehicle::6543,525
client,vehicle::6544,66
client,vehicle::6545,660
client,vehicle::6548,461
client,vehicle::6549,420
client,vehicle::6551,298
client,vehicle::6554,216
client,vehicle::6556,317
client,vehicle::656,390
client,vehicle::6560,394
client,vehicle::6561,530
client,vehicle::6563,576
client,vehicle::6565,178
client,vehicle::6566,620
client,vehicle::6568,659
client,vehicle::657,272
client,vehicle::6570,343
client,vehicle::6573,384
client,vehicle::6574,310
client,vehicle::658,506
client,vehicle::6583,333
client,vehicle::6586,509
client,vehicle::6587,346
client,vehicle::6589,814
client,vehicle::6591,304
client,vehicle::6593,677
client,vehicle::6594,660
client,vehicle::6595,578
client,vehicle::6596,349
client,vehicle::6597,560
client,vehicle::6598,513
client,vehicle::66,483
client,vehicle::6601,254
client,vehicle::6602,578
client,vehicle::6603,493
client,vehicle::6604,252
client,vehicle::6605,5
client,vehicle::661,117
client,vehicle::6610,298
client,vehicle::6612,572
client,vehicle::6613,77
client,vehicle::662,288
client,vehicle::6620,802
client,vehicle::6621,647
client,vehicle::6622,477
client,vehicle::6624,152
client,vehicle::6625,325
client,vehicle::6626,199
client,vehicle::6627,296
client,vehicle::663,233
client,vehicle::6631,400
client,vehicle::6633,598
client,vehicle::6636,399
client,vehicle::6640,550
client,vehicle::6641,479
client,vehicle::6643,902
client,vehicle::6645,213
client,vehicle::6646,536
client,vehicle::6647,152
client,vehicle::6648,287
client,vehicle::6650,327
client,vehicle::6651,652
client,vehicle::6654,256
client,vehicle::6658,135
client,vehicle::6660,192
client,vehicle::6661,249
client,vehicle::6662,255
client,vehicle::6663,280
client,vehicle::6667,231
client,vehicle::6668,121
client,vehicle::6670,853
client,vehicle::6671,539
client,vehicle::6672,366
client,vehicle::6673,280
client,vehicle::6675,502
client,vehicle::6677,454
client,vehicle::6682,848
client,vehicle::6683,258
client,vehicle::6684,432
client,vehicle::6685,57
client,vehicle::6688,712
client,vehicle::6689,661
client,vehicle::6690,671
client,vehicle::6692,193
client,vehicle::6693,136
client,vehicle::6694,212
client,vehicle::6695,587
client,vehicle::6696,667
client,vehicle::6698,663
client,vehicle::670,1
client,vehicle::6703,219
client,vehicle::6705,437
client,vehicle::6707,626
client,vehicle::6710,560
client,vehicle::6711,276
client,vehicle::6715,532
client,vehicle::6716,607
client,vehicle::6718,351
client,vehicle::6719,560
client,vehicle::6723,392
client,vehicle::6724,586
client,vehicle::6725,420
client,vehicle::6726,541
client,vehicle::6727,748
client,vehicle::673,257
client,vehicle::6731,167
client,vehicle::6735,249
client,vehicle::6739,446
client,vehicle::674,281
client,vehicle::6741,263
client,vehicle::6742,400
client,vehicle::6743,441
client,vehicle::6745,91
client,vehicle::6747,630
client,vehicle::6748,410
client,vehicle::6750,268
client,vehicle::6752,782
client,vehicle::6753,514
client,vehicle::6755,711
client,vehicle::6756,201
client,vehicle::6758,675
client,vehicle::6759,511
client,vehicle::6760,77
client,vehicle::6761,555
client,vehicle::6763,485
client,vehicle::6764,167
client,vehicle::6765,184
client,vehicle::6766,239
client,vehicle::6769,403
client,vehicle::6770,328
client,vehicle::6771,437
client,vehicle::6773,362
client,vehicle::6774,438
client,vehicle::6775,14
client,vehicle::6776,883
client,vehicle::6777,2
client,vehicle::6778,418
client,vehicle::6780,341
client,vehicle::6782,73
client,vehicle::6784,339
client,vehicle::6786,436
client,vehicle::6788,80
client,vehicle::6789,279
client,vehicle::6792,156
client,vehicle::6795,540
client,vehicle::6796,144
client,vehicle::6798,430
client,vehicle::680,253
client,vehicle::6801,298
client,vehicle::6805,264
client,vehicle::6808,394
client,vehicle::6809,86
client,vehicle::681,731
client,vehicle::6816,229
client,vehicle::6817,663
client,vehicle::6819,237
client,vehicle::6820,113
client,vehicle::6823,81
client,vehicle::6824,269
client,vehicle::6825,436
client,vehicle::6826,160
client,vehicle::6827,354
client,vehicle::6829,234
client,vehicle::683,375
client,vehicle::6833,603
client,vehicle::6835,590
client,vehicle::6836,263
client,vehicle::6837,455
client,vehicle::6838,486
client,vehicle::6839,208
client,vehicle::684,163
client,vehicle::6840,220
client,vehicle::6842,14
client,vehicle::6843,768
client,vehicle::6844,361
client,vehicle::6845,236
client,vehicle::6849,750
client,vehicle::6852,208
client,vehicle::6853,231
client,vehicle::6854,259
client,vehicle::6856,327
client,vehicle::6858,305
client,vehicle::6860,288
client,vehicle::6861,369
client,vehicle::6862,553
client,vehicle::6863,722
client,vehicle::6864,181
client,vehicle::6867,712
client,vehicle::6869,169
client,vehicle::687,439
client,vehicle::6870,466
client,vehicle::6872,310
client,vehicle::6873,191
client,vehicle::6874,202
client,vehicle::6875,286
client,vehicle::6877,193
client,vehicle::6878,592
client,vehicle::688,479
client,vehicle::6885,270
client,vehicle::6886,378
client,vehicle::6887,607
client,vehicle::6888,759
client,vehicle::6889,308
client,vehicle::689,592
client,vehicle::6890,571
client,vehicle::6891,398
client,vehicle::6892,304
client,vehicle::6894,662
client,vehicle::6896,254
client,vehicle::6897,416
client,vehicle::6906,436
client,vehicle::6907,552
client,vehicle::691,768
client,vehicle::6911,506
client,vehicle::6913,2
client,vehicle::6915,88
client,vehicle::6917,265
client,vehicle::6919,448
client,vehicle::692,328
client,vehicle::6920,378
client,vehicle::6921,210
client,vehicle::6924,238
client,vehicle::6925,469
client,vehicle::6926,214
client,vehicle::6927,10
client,vehicle::6928,351
client,vehicle::6929,168
client,vehicle::6930,172
client,vehicle::6931,296
client,vehicle::6932,456
client,vehicle::6933,493
client,vehicle::6934,307
client,vehicle::6937,696
client,vehicle::6938,361
client,vehicle::694,209
client,vehicle::6941,176
client,vehicle::6947,324
client,vehicle::6948,703
client,vehicle::6949,175
client,vehicle::695,109
client,vehicle::6951,255
client,vehicle::6952,575
client,vehicle::6953,519
client,vehicle::6954,482
client,vehicle::6955,571
client,vehicle::6957,154
client,vehicle::696,494
client,vehicle::6960,16
client,vehicle::6962,15
client,vehicle::6964,640
client,vehicle::6967,600
client,vehicle::6968,288
client,vehicle::697,455
client,vehicle::6972,186
client,vehicle::6973,331
client,vehicle::6975,596
client,vehicle::6977,724
client,vehicle::6979,79
client,vehicle::698,1
client,vehicle::6980,293
client,vehicle::6981,252
client,vehicle::6982,330
client,vehicle::6984,441
client,vehicle::6985,259
client,vehicle::6986,186
client,vehicle::6987,242
client,vehicle::6988,598
client,vehicle::699,300
client,vehicle::6990,288
client,vehicle::6993,401
client,vehicle::6994,139
client,vehicle::6996,383
client,vehicle::6999,236
client,vehicle::70,267
client,vehicle::700,216
client,vehicle::7001,239
client,vehicle::7003,105
client,vehicle::7005,759
client,vehicle::7007,284
client,vehicle::7010,55
client,vehicle::7011,442
client,vehicle::7015,732
client,vehicle::7017,285
client,vehicle::7019,931
client,vehicle::702,520
client,vehicle::7022,164
client,vehicle::7024,148
client,vehicle::7025,303
client,vehicle::7026,248
client,vehicle::7028,85
client,vehicle::7029,362
client,vehicle::7033,344
client,vehicle::7036,161
client,vehicle::7037,163
client,vehicle::7038,319
client,vehicle::7039,255
client,vehicle::7040,52
client,vehicle::7041,626
client,vehicle::7043,162
client,vehicle::7044,206
client,vehicle::7045,177
client,vehicle::7046,421
client,vehicle::7047,309
client,vehicle::7048,524
client,vehicle::7049,630
client,vehicle::705,493
client,vehicle::7050,847
client,vehicle::7052,403
client,vehicle::7053,618
client,vehicle::7055,191
client,vehicle::7059,247
client,vehicle::7061,257
client,vehicle::7062,421
client,vehicle::7064,318
client,vehicle::7065,181
client,vehicle::7066,184
client,vehicle::7068,154
client,vehicle::7069,589
client,vehicle::707,261
client,vehicle::7070,704
client,vehicle::7072,25
client,vehicle::7076,443
client,vehicle::7077,472
client,vehicle::7081,589
client,vehicle::7082,514
client,vehicle::7083,635
client,vehicle::7088,434
client,vehicle::7089,265
client,vehicle::709,413
client,vehicle::7090,240
client,vehicle::7093,705
client,vehicle::7094,858
client,vehicle::7096,230
client,vehicle::710,118
client,vehicle::7102,422
client,vehicle::7107,556
client,vehicle::711,2
client,vehicle::7111,471
client,vehicle::7114,514
client,vehicle::7116,677
client,vehicle::7117,433
client,vehicle::7119,258
client,vehicle::7121,638
client,vehicle::7122,481
client,vehicle::7123,245
client,vehicle::7124,491
client,vehicle::7129,701
client,vehicle::713,272
client,vehicle::7130,3
client,vehicle::7131,376
client,vehicle::7134,334
client,vehicle::7136,291
client,vehicle::7138,339
client,vehicle::714,49
client,vehicle::7142,193
client,vehicle::7143,811
client,vehicle::7144,379
client,vehicle::7147,581
client,vehicle::7148,241
client,vehicle::7151,480
client,vehicle::7153,185
client,vehicle::7156,708
client,vehicle::7158,610
client,vehicle::7159,443
client,vehicle::716,566
client,vehicle::7160,283
client,vehicle::7162,168
client,vehicle::7164,198
client,vehicle::7167,372
client,vehicle::717,746
client,vehicle::7170,160
client,vehicle::7174,326
client,vehicle::7175,417
client,vehicle::7177,301
client,vehicle::7178,556
client,vehicle::7179,102
client,vehicle::718,279
client,vehicle::7181,151
client,vehicle::7182,351
client,vehicle::7183,455
client,vehicle::7185,624
client,vehicle::7186,558
client,vehicle::7187,461
client,vehicle::7189,360
client,vehicle::7191,104
client,vehicle::7197,581
client,vehicle::72,846
client,vehicle::720,442
client,vehicle::7200,502
client,vehicle::7201,579
client,vehicle::7203,418
client,vehicle::7208,321
client,vehicle::721,296
client,vehicle::7210,338
client,vehicle::7211,437
client,vehicle::7212,405
client,vehicle::7214,508
client,vehicle::7215,215
client,vehicle::7217,311
client,vehicle::7219,16
client,vehicle::7222,368
client,vehicle::7223,567
client,vehicle::7225,615
client,vehicle::7230,248
client,vehicle::7234,610
client,vehicle::7235,836
client,vehicle::7237,596
client,vehicle::7242,392
client,vehicle::7246,206
client,vehicle::7247,688
client,vehicle::7248,746
client,vehicle::7249,167
client,vehicle::7250,252
client,vehicle::7251,487
client,vehicle::7252,539
client,vehicle::7253,846
client,vehicle::7255,135
client,vehicle::7256,516
client,vehicle::7258,720
client,vehicle::7259,540
client,vehicle::726,424
client,vehicle::7261,988
client,vehicle::7264,543
client,vehicle::7265,306
client,vehicle::7266,543
client,vehicle::7267,599
client,vehicle::7268,704
client,vehicle::7269,234
client,vehicle::7270,232
client,vehicle::7271,720
client,vehicle::7272,333
client,vehicle::7274,958
client,vehicle::7275,372
client,vehicle::7276,222
client,vehicle::7277,583
client,vehicle::7278,1006
client,vehicle::728,737
client,vehicle::7280,283
client,vehicle::7281,88
client,vehicle::7282,679
client,vehicle::7283,621
client,vehicle::7286,184
client,vehicle::7287,156
client,vehicle::7288,957
client,vehicle::729,698
client,vehicle::7291,498
client,vehicle::7292,130
client,vehicle::7295,383
client,vehicle::7296,443
client,vehicle::7297,413
client,vehicle::7298,356
client,vehicle::73,506
client,vehicle::7300,429
client,vehicle::7302,493
client,vehicle::7304,246
client,vehicle::7305,357
client,vehicle::7308,769
client,vehicle::7309,353
client,vehicle::731,336
client,vehicle::7314,251
client,vehicle::7315,233
client,vehicle::7317,528
client,vehicle::7318,605
client,vehicle::7319,206
client,vehicle::732,681
client,vehicle::7320,144
client,vehicle::7321,95
client,vehicle::7322,154
client,vehicle::7325,167
client,vehicle::7326,242
client,vehicle::7328,292
client,vehicle::7329,362
client,vehicle::733,261
client,vehicle::7330,172
client,vehicle::7332,678
client,vehicle::7333,303
client,vehicle::7335,504
client,vehicle::7337,232
client,vehicle::7339,174
client,vehicle::7340,59
client,vehicle::7341,619
client,vehicle::7344,176
client,vehicle::7346,100
client,vehicle::7348,526
client,vehicle::7349,463
client,vehicle::735,262
client,vehicle::7352,283
client,vehicle::7353,281
client,vehicle::7354,366
client,vehicle::7357,207
client,vehicle::7358,2
client,vehicle::736,588
client,vehicle::7360,377
client,vehicle::7362,560
client,vehicle::7363,235
client,vehicle::7364,13
client,vehicle::7366,161
client,vehicle::7368,178
client,vehicle::737,177
client,vehicle::7370,159
client,vehicle::7371,822
client,vehicle::7372,569
client,vehicle::7374,314
client,vehicle::7375,29
client,vehicle::7377,312
client,vehicle::738,590
client,vehicle::7380,380
client,vehicle::7381,32
client,vehicle::7383,411
client,vehicle::7384,287
client,vehicle::7385,187
client,vehicle::7386,149
client,vehicle::7389,392
client,vehicle::739,460
client,vehicle::7390,323
client,vehicle::7391,691
client,vehicle::7392,129
client,vehicle::7393,28
client,vehicle::7395,237
client,vehicle::7398,122
client,vehicle::7399,281
client,vehicle::74,543
client,vehicle::740,557
client,vehicle::7402,350
client,vehicle::7403,183
client,vehicle::7405,189
client,vehicle::7407,288
client,vehicle::7408,457
client,vehicle::7409,193
client,vehicle::7412,307
client,vehicle::7413,345
client,vehicle::7414,656
client,vehicle::7415,25
client,vehicle::7420,115
client,vehicle::7423,165
client,vehicle::7426,267
client,vehicle::7431,322
client,vehicle::7432,121
client,vehicle::7435,234
client,vehicle::7436,285
client,vehicle::7437,180
client,vehicle::7439,428
client,vehicle::7440,322
client,vehicle::7441,368
client,vehicle::7442,100
client,vehicle::7443,217
client,vehicle::7445,605
client,vehicle::7447,187
client,vehicle::7448,150
client,vehicle::745,296
client,vehicle::7451,335
client,vehicle::7453,423
client,vehicle::7455,46
client,vehicle::7456,526
client,vehicle::7458,529
client,vehicle::746,781
client,vehicle::7460,852
client,vehicle::7462,214
client,vehicle::7463,682
client,vehicle::7464,593
client,vehicle::7465,506
client,vehicle::7466,699
client,vehicle::7468,2
client,vehicle::747,397
client,vehicle::7470,303
client,vehicle::7472,233
client,vehicle::7473,361
client,vehicle::7475,787
client,vehicle::7477,405
client,vehicle::7478,567
client,vehicle::748,189
client,vehicle::7481,128
client,vehicle::7483,637
client,vehicle::7486,670
client,vehicle::7487,262
client,vehicle::7488,320
client,vehicle::749,671
client,vehicle::7492,603
client,vehicle::7493,38
client,vehicle::7494,670
client,vehicle::7496,459
client,vehicle::7499,174
client,vehicle::7502,72
client,vehicle::7503,413
client,vehicle::7504,134
client,vehicle::7505,218
client,vehicle::7506,317
client,vehicle::7507,320
client,vehicle::7510,330
client,vehicle::7512,411
client,vehicle::7513,455
client,vehicle::7515,72
client,vehicle::7516,378
client,vehicle::7520,285
client,vehicle::7521,146
client,vehicle::7522,300
client,vehicle::7523,297
client,vehicle::7524,402
client,vehicle::7527,446
client,vehicle::7528,161
client,vehicle::7529,442
client,vehicle::753,485
client,vehicle::7530,326
client,vehicle::7533,661
client,vehicle::7534,97
client,vehicle::7535,230
client,vehicle::7537,237
client,vehicle::7538,622
client,vehicle::7539,277
client,vehicle::7540,348
client,vehicle::7541,502
client,vehicle::7543,288
client,vehicle::7544,446
client,vehicle::7545,512
client,vehicle::7546,161
client,vehicle::7549,540
client,vehicle::755,713
client,vehicle::7550,253
client,vehicle::7551,583
client,vehicle::7554,220
client,vehicle::7555,327
client,vehicle::7557,281
client,vehicle::7559,292
client,vehicle::7560,47
client,vehicle::7561,216
client,vehicle::7562,194
client,vehicle::7563,342
client,vehicle::7564,501
client,vehicle::7565,339
client,vehicle::7569,281
client,vehicle::7571,398
client,vehicle::7574,27
client,vehicle::7575,442
client,vehicle::7578,517
client,vehicle::7579,144
client,vehicle::7580,295
client,vehicle::7582,553
client,vehicle::7585,297
client,vehicle::7586,611
client,vehicle::7587,318
client,vehicle::7589,312
client,vehicle::7590,290
client,vehicle::7591,223
client,vehicle::7593,315
client,vehicle::7595,322
client,vehicle::7596,370
client,vehicle::7598,480
client,vehicle::7599,234
client,vehicle::76,427
client,vehicle::760,496
client,vehicle::7600,2
client,vehicle::7601,337
client,vehicle::7602,551
client,vehicle::7603,5
client,vehicle::7605,255
client,vehicle::7606,709
client,vehicle::7607,154
client,vehicle::7609,163
client,vehicle::761,581
client,vehicle::7610,442
client,vehicle::7615,81
client,vehicle::7616,150
client,vehicle::7618,88
client,vehicle::7619,354
client,vehicle::762,435
client,vehicle::7621,135
client,vehicle::7622,149
client,vehicle::7626,208
client,vehicle::7627,254
client,vehicle::7628,624
client,vehicle::7631,74
client,vehicle::7633,719
client,vehicle::7634,91
client,vehicle::7636,322
client,vehicle::7637,73
client,vehicle::7638,274
client,vehicle::7639,400
client,vehicle::764,344
client,vehicle::7640,251
client,vehicle::7641,728
client,vehicle::7646,171
client,vehicle::7647,11
client,vehicle::7648,899
client,vehicle::7649,745
client,vehicle::765,261
client,vehicle::7650,630
client,vehicle::7652,575
client,vehicle::7658,505
client,vehicle::7659,74
client,vehicle::766,636
client,vehicle::7662,566
client,vehicle::7664,197
client,vehicle::7666,239
client,vehicle::7669,418
client,vehicle::767,447
client,vehicle::7672,131
client,vehicle::7673,737
client,vehicle::7678,896
client,vehicle::7679,418
client,vehicle::7680,234
client,vehicle::7681,340
client,vehicle::7682,361
client,vehicle::7684,360
client,vehicle::7687,598
client,vehicle::7688,473
client,vehicle::769,190
client,vehicle::7691,276
client,vehicle::7693,668
client,vehicle::7696,169
client,vehicle::7699,320
client,vehicle::77,508
client,vehicle::770,540
client,vehicle::7702,751
client,vehicle::7703,571
client,vehicle::7705,456
client,vehicle::7706,392
client,vehicle::7707,713
client,vehicle::7710,645
client,vehicle::7711,608
client,vehicle::7712,430
client,vehicle::7713,644
client,vehicle::7714,225
client,vehicle::7715,718
client,vehicle::7716,606
client,vehicle::7717,765
client,vehicle::7718,307
client,vehicle::7719,262
client,vehicle::772,400
client,vehicle::7720,73
client,vehicle::7721,93
client,vehicle::7722,514
client,vehicle::7723,108
client,vehicle::7724,25
client,vehicle::7727,587
client,vehicle::7728,445
client,vehicle::7729,177
client,vehicle::773,424
client,vehicle::7730,638
client,vehicle::7734,288
client,vehicle::7736,120
client,vehicle::7738,192
client,vehicle::7739,124
client,vehicle::774,565
client,vehicle::7741,253
client,vehicle::7743,456
client,vehicle::7744,258
client,vehicle::7745,254
client,vehicle::7746,376
client,vehicle::7747,132
client,vehicle::7749,448
client,vehicle::775,269
client,vehicle::7750,165
client,vehicle::7751,363
client,vehicle::7752,331
client,vehicle::7753,14
client,vehicle::7757,219
client,vehicle::7758,368
client,vehicle::7760,287
client,vehicle::7761,467
client,vehicle::7762,117
client,vehicle::7764,194
client,vehicle::7765,74
client,vehicle::7767,314
client,vehicle::7770,212
client,vehicle::7771,380
client,vehicle::7772,48
client,vehicle::7773,779
client,vehicle::7774,291
client,vehicle::7777,323
client,vehicle::778,484
client,vehicle::7780,426
client,vehicle::7787,469
client,vehicle::7789,132
client,vehicle::779,463
client,vehicle::7791,364
client,vehicle::7792,508
client,vehicle::7793,256
client,vehicle::7795,274
client,vehicle::7797,192
client,vehicle::78,381
client,vehicle::780,605
client,vehicle::7802,93
client,vehicle::7807,341
client,vehicle::7808,296
client,vehicle::781,328
client,vehicle::7810,384
client,vehicle::7813,337
client,vehicle::7814,220
client,vehicle::7815,230
client,vehicle::7818,300
client,vehicle::7822,307
client,vehicle::7824,276
client,vehicle::7825,296
client,vehicle::7826,276
client,vehicle::7827,238
client,vehicle::7828,126
client,vehicle::7829,6
client,vehicle::783,106
client,vehicle::7830,469
client,vehicle::7831,500
client,vehicle::7832,600
client,vehicle::7833,550
client,vehicle::7839,156
client,vehicle::784,1001
client,vehicle::7841,584
client,vehicle::7846,87
client,vehicle::7847,155
client,vehicle::7848,308
client,vehicle::7849,305
client,vehicle::785,662
client,vehicle::7851,369
client,vehicle::7852,236
client,vehicle::7853,224
client,vehicle::7856,686
client,vehicle::7857,409
client,vehicle::7858,315
client,vehicle::7859,214
client,vehicle::786,870
client,vehicle::7860,128
client,vehicle::7861,213
client,vehicle::7863,192
client,vehicle::7864,17
client,vehicle::7867,127
client,vehicle::7868,413
client,vehicle::787,568
client,vehicle::7870,293
client,vehicle::7874,502
client,vehicle::7878,145
client,vehicle::788,286
client,vehicle::7882,61
client,vehicle::7884,328
client,vehicle::7885,423
client,vehicle::7886,243
client,vehicle::7887,207
client,vehicle::7888,249
client,vehicle::789,588
client,vehicle::7890,40
client,vehicle::7891,56
client,vehicle::7892,580
client,vehicle::7893,381
client,vehicle::7894,15
client,vehicle::7895,443
client,vehicle::7899,547
client,vehicle::790,440
client,vehicle::7900,424
client,vehicle::7902,314
client,vehicle::7903,212
client,vehicle::7904,224
client,vehicle::7906,250
client,vehicle::7909,382
client,vehicle::791,542
client,vehicle::7911,432
client,vehicle::7912,664
client,vehicle::7913,377
client,vehicle::7914,495
client,vehicle::7915,459
client,vehicle::7916,220
client,vehicle::7917,408
client,vehicle::7918,229
client,vehicle::7921,230
client,vehicle::7923,147
client,vehicle::7924,463
client,vehicle::7925,266
client,vehicle::7926,197
client,vehicle::7928,284
client,vehicle::7929,701
client,vehicle::793,507
client,vehicle::7930,613
client,vehicle::7931,173
client,vehicle::7932,54
client,vehicle::7933,267
client,vehicle::7934,119
client,vehicle::7936,291
client,vehicle::7937,539
client,vehicle::7938,498
client,vehicle::7939,409
client,vehicle::794,483
client,vehicle::7940,95
client,vehicle::7945,152
client,vehicle::7946,282
client,vehicle::7951,417
client,vehicle::7954,437
client,vehicle::7955,787
client,vehicle::7957,438
client,vehicle::7959,61
client,vehicle::796,764
client,vehicle::7962,522
client,vehicle::7963,465
client,vehicle::7968,1212
client,vehicle::7969,355
client,vehicle::797,400
client,vehicle::7970,177
client,vehicle::7972,289
client,vehicle::7973,492
client,vehicle::7974,36
client,vehicle::7975,92
client,vehicle::7976,112
client,vehicle::7977,282
client,vehicle::7979,137
client,vehicle::798,645
client,vehicle::7980,216
client,vehicle::7981,149
client,vehicle::7982,502
client,vehicle::7983,344
client,vehicle::7984,434
client,vehicle::7985,322
client,vehicle::7986,477
client,vehicle::7988,882
client,vehicle::7989,424
client,vehicle::7991,201
client,vehicle::7995,491
client,vehicle::7996,348
client,vehicle::7997,519
client,vehicle::7998,507
client,vehicle::7999,358
client,vehicle::80,562
client,vehicle::8000,298
client,vehicle::8002,172
client,vehicle::8003,196
client,vehicle::8007,360
client,vehicle::8008,22
client,vehicle::8010,625
client,vehicle::8012,469
client,vehicle::8013,459
client,vehicle::8014,568
client,vehicle::8015,418
client,vehicle::8017,194
client,vehicle::802,399
client,vehicle::8020,381
client,vehicle::8021,299
client,vehicle::8022,1
client,vehicle::8024,212
client,vehicle::8027,613
client,vehicle::8029,459
client,vehicle::8030,395
client,vehicle::8031,753
client,vehicle::8032,218
client,vehicle::8034,281
client,vehicle::8035,494
client,vehicle::8037,409
client,vehicle::8038,394
client,vehicle::8039,285
client,vehicle::804,679
client,vehicle::8040,249
client,vehicle::8041,365
client,vehicle::8043,82
client,vehicle::8044,601
client,vehicle::8047,131
client,vehicle::8048,603
client,vehicle::805,655
client,vehicle::8050,480
client,vehicle::8051,78
client,vehicle::8054,398
client,vehicle::8056,147
client,vehicle::8057,197
client,vehicle::8058,261
client,vehicle::8059,584
client,vehicle::806,715
client,vehicle::8060,365
client,vehicle::807,553
client,vehicle::8071,248
client,vehicle::8072,305
client,vehicle::8073,2
client,vehicle::8074,176
client,vehicle::8075,316
client,vehicle::8076,532
client,vehicle::8077,295
client,vehicle::808,503
client,vehicle::8081,46
client,vehicle::8085,335
client,vehicle::8086,2
client,vehicle::8087,452
client,vehicle::809,211
client,vehicle::8090,604
client,vehicle::8091,267
client,vehicle::8093,564
client,vehicle::8096,241
client,vehicle::8097,469
client,vehicle::8098,352
client,vehicle::81,460
client,vehicle::810,426
client,vehicle::8100,344
client,vehicle::8102,211
client,vehicle::8104,87
client,vehicle::8109,195
client,vehicle::811,362
client,vehicle::8112,109
client,vehicle::8114,425
client,vehicle::8115,213
client,vehicle::8118,552
client,vehicle::8119,289
client,vehicle::8120,513
client,vehicle::8122,762
client,vehicle::8123,436
client,vehicle::8124,250
client,vehicle::8129,635
client,vehicle::813,480
client,vehicle::8130,493
client,vehicle::8131,187
client,vehicle::8133,390
client,vehicle::8134,105
client,vehicle::8136,392
client,vehicle::8137,153
client,vehicle::8138,369
client,vehicle::814,231
client,vehicle::8144,298
client,vehicle::8145,307
client,vehicle::8148,360
client,vehicle::8149,480
client,vehicle::815,247
client,vehicle::8153,266
client,vehicle::8156,295
client,vehicle::8157,511
client,vehicle::8160,660
client,vehicle::8161,265
client,vehicle::8163,590
client,vehicle::8164,250
client,vehicle::8165,208
client,vehicle::8166,181
client,vehicle::8167,392
client,vehicle::8168,429
client,vehicle::8169,226
client,vehicle::8170,501
client,vehicle::8173,228
client,vehicle::8177,432
client,vehicle::8180,580
client,vehicle::8183,472
client,vehicle::8184,388
client,vehicle::8185,747
client,vehicle::8187,695
client,vehicle::819,164
client,vehicle::8191,565
client,vehicle::8192,270
client,vehicle::8196,251
client,vehicle::8197,313
client,vehicle::8199,819
client,vehicle::82,310
client,vehicle::8200,605
client,vehicle::8202,16
client,vehicle::8203,369
client,vehicle::8204,223
client,vehicle::8205,630
client,vehicle::8206,284
client,vehicle::8207,665
client,vehicle::8208,528
client,vehicle::8210,417
client,vehicle::8211,110
client,vehicle::8212,371
client,vehicle::8213,398
client,vehicle::8215,466
client,vehicle::8216,417
client,vehicle::8217,69
client,vehicle::8218,627
client,vehicle::8219,515
client,vehicle::822,286
client,vehicle::8220,587
client,vehicle::8221,339
client,vehicle::8225,326
client,vehicle::8226,341
client,vehicle::8227,546
client,vehicle::8229,505
client,vehicle::8230,503
client,vehicle::8231,569
client,vehicle::8232,553
client,vehicle::8234,482
client,vehicle::8235,557
client,vehicle::8236,126
client,vehicle::8237,254
client,vehicle::8239,26
client,vehicle::824,323
client,vehicle::8241,217
client,vehicle::8243,397
client,vehicle::8245,219
client,vehicle::8246,365
client,vehicle::8247,508
client,vehicle::8248,173
client,vehicle::8252,367
client,vehicle::8253,284
client,vehicle::8255,375
client,vehicle::8257,454
client,vehicle::8258,438
client,vehicle::826,688
client,vehicle::8261,142
client,vehicle::8263,448
client,vehicle::8264,70
client,vehicle::8265,278
client,vehicle::8266,137
client,vehicle::8267,460
client,vehicle::8268,102
client,vehicle::827,115
client,vehicle::8270,154
client,vehicle::8271,340
client,vehicle::8272,148
client,vehicle::8273,253
client,vehicle::8276,564
client,vehicle::8279,327
client,vehicle::828,197
client,vehicle::8280,383
client,vehicle::8281,350
client,vehicle::8282,220
client,vehicle::8287,242
client,vehicle::8288,243
client,vehicle::829,630
client,vehicle::8290,213
client,vehicle::8292,266
client,vehicle::8293,444
client,vehicle::8294,433
client,vehicle::8299,304
client,vehicle::83,465
client,vehicle::830,73
client,vehicle::8300,562
client,vehicle::8304,269
client,vehicle::8306,624
client,vehicle::8308,595
client,vehicle::8309,423
client,vehicle::831,492
client,vehicle::8311,694
client,vehicle::8313,840
client,vehicle::8314,403
client,vehicle::8316,606
client,vehicle::8317,368
client,vehicle::8318,523
client,vehicle::8319,309
client,vehicle::832,544
client,vehicle::8321,517
client,vehicle::8322,476
client,vehicle::8324,70
client,vehicle::8325,598
client,vehicle::8326,441
client,vehicle::8328,137
client,vehicle::8329,341
client,vehicle::8331,526
client,vehicle::8332,431
client,vehicle::8333,589
client,vehicle::8335,379
client,vehicle::8336,233
client,vehicle::834,602
client,vehicle::8340,6
client,vehicle::8342,591
client,vehicle::8343,369
client,vehicle::8344,447
client,vehicle::8345,281
client,vehicle::8346,317
client,vehicle::8347,593
client,vehicle::8349,469
client,vehicle::835,156
client,vehicle::8350,593
client,vehicle::8351,330
client,vehicle::8352,320
client,vehicle::8355,622
client,vehicle::8356,644
client,vehicle::8358,301
client,vehicle::8359,119
client,vehicle::836,593
client,vehicle::8363,610
client,vehicle::8364,712
client,vehicle::8365,249
client,vehicle::8366,753
client,vehicle::8368,491
client,vehicle::837,315
client,vehicle::8370,764
client,vehicle::8371,121
client,vehicle::8372,181
client,vehicle::8374,331
client,vehicle::8376,265
client,vehicle::8378,193
client,vehicle::8379,87
client,vehicle::8380,568
client,vehicle::8381,58
client,vehicle::8382,111
client,vehicle::8383,361
client,vehicle::8385,444
client,vehicle::8386,195
client,vehicle::8389,71
client,vehicle::8391,344
client,vehicle::8392,107
client,vehicle::8393,307
client,vehicle::8394,333
client,vehicle::8396,162
client,vehicle::8400,207
client,vehicle::8401,239
client,vehicle::8403,240
client,vehicle::8404,573
client,vehicle::8405,505
client,vehicle::8406,445
client,vehicle::8408,630
client,vehicle::8410,322
client,vehicle::8412,546
client,vehicle::8416,602
client,vehicle::8417,422
client,vehicle::8419,318
client,vehicle::8420,478
client,vehicle::8421,428
client,vehicle::8423,591
client,vehicle::8426,570
client,vehicle::8432,20
client,vehicle::8434,74
client,vehicle::8435,550
client,vehicle::8436,535
client,vehicle::8437,133
client,vehicle::8439,108
client,vehicle::8440,436
client,vehicle::8442,436
client,vehicle::8443,67
client,vehicle::8444,407
client,vehicle::8445,587
client,vehicle::8449,378
client,vehicle::8451,100
client,vehicle::8452,206
client,vehicle::8454,303
client,vehicle::8455,333
client,vehicle::8456,33
client,vehicle::8457,224
client,vehicle::8458,266
client,vehicle::846,267
client,vehicle::8465,316
client,vehicle::8466,607
client,vehicle::8468,244
client,vehicle::8470,632
client,vehicle::8472,568
client,vehicle::8476,206
client,vehicle::8478,24
client,vehicle::8479,692
client,vehicle::8480,508
client,vehicle::8481,703
client,vehicle::8485,786
client,vehicle::8486,406
client,vehicle::8488,613
client,vehicle::849,555
client,vehicle::8490,313
client,vehicle::8491,483
client,vehicle::8492,929
client,vehicle::8493,605
client,vehicle::8494,391
client,vehicle::8495,273
client,vehicle::8496,211
client,vehicle::8497,101
client,vehicle::85,853
client,vehicle::8503,468
client,vehicle::8504,367
client,vehicle::8505,351
client,vehicle::8506,410
client,vehicle::8507,543
client,vehicle::8508,271
client,vehicle::851,789
client,vehicle::8510,637
client,vehicle::8512,572
client,vehicle::8515,623
client,vehicle::8516,743
client,vehicle::8518,775
client,vehicle::852,253
client,vehicle::8520,487
client,vehicle::8524,558
client,vehicle::8529,286
client,vehicle::8530,305
client,vehicle::8532,558
client,vehicle::8533,304
client,vehicle::8537,502
client,vehicle::8539,487
client,vehicle::8540,450
client,vehicle::8541,109
client,vehicle::8542,503
client,vehicle::8543,111
client,vehicle::8545,214
client,vehicle::8546,565
client,vehicle::8547,6
client,vehicle::8549,407
client,vehicle::855,433
client,vehicle::8550,417
client,vehicle::8551,462
client,vehicle::8553,527
client,vehicle::8556,113
client,vehicle::8559,156
client,vehicle::856,216
client,vehicle::8560,314
client,vehicle::8562,175
client,vehicle::8563,281
client,vehicle::8564,239
client,vehicle::8566,204
client,vehicle::8567,31
client,vehicle::8569,338
client,vehicle::857,738
client,vehicle::8571,583
client,vehicle::8572,495
client,vehicle::8574,339
client,vehicle::8575,323
client,vehicle::8576,331
client,vehicle::8577,546
client,vehicle::8578,351
client,vehicle::8579,222
client,vehicle::8582,282
client,vehicle::8584,720
client,vehicle::8585,261
client,vehicle::8587,395
client,vehicle::8588,496
client,vehicle::8589,237
client,vehicle::8590,302
client,vehicle::8591,51
client,vehicle::8592,138
client,vehicle::8596,400
client,vehicle::860,287
client,vehicle::8600,231
client,vehicle::8602,171
client,vehicle::8606,403
client,vehicle::8608,511
client,vehicle::8611,751
client,vehicle::8612,259
client,vehicle::8613,93
client,vehicle::8614,389
client,vehicle::8616,833
client,vehicle::8617,375
client,vehicle::8618,291
client,vehicle::8619,298
client,vehicle::8620,301
client,vehicle::8622,556
client,vehicle::8623,163
client,vehicle::8626,621
client,vehicle::8627,724
client,vehicle::8628,256
client,vehicle::863,453
client,vehicle::8631,290
client,vehicle::8633,484
client,vehicle::8640,452
client,vehicle::8641,95
client,vehicle::8645,2
client,vehicle::8646,541
client,vehicle::8649,564
client,vehicle::865,633
client,vehicle::8650,648
client,vehicle::8651,783
client,vehicle::8653,156
client,vehicle::8658,75
client,vehicle::866,505
client,vehicle::8660,302
client,vehicle::8661,290
client,vehicle::8663,436
client,vehicle::8664,459
client,vehicle::8666,318
client,vehicle::8667,243
client,vehicle::8668,176
client,vehicle::867,1
client,vehicle::8673,2
client,vehicle::8677,531
client,vehicle::8678,588
client,vehicle::8679,558
client,vehicle::8681,382
client,vehicle::8682,417
client,vehicle::8684,262
client,vehicle::8686,324
client,vehicle::8687,487
client,vehicle::8690,155
client,vehicle::8692,608
client,vehicle::8693,764
client,vehicle::8694,308
client,vehicle::8698,384
client,vehicle::87,726
client,vehicle::8700,549
client,vehicle::8704,590
client,vehicle::8705,441
client,vehicle::8706,701
client,vehicle::8708,315
client,vehicle::8709,276
client,vehicle::871,692
client,vehicle::8712,249
client,vehicle::8714,526
client,vehicle::8715,486
client,vehicle::8716,409
client,vehicle::8718,458
client,vehicle::8719,298
client,vehicle::8720,346
client,vehicle::8721,417
client,vehicle::8723,677
client,vehicle::8724,543
client,vehicle::8725,848
client,vehicle::8726,181
client,vehicle::8727,743
client,vehicle::8729,185
client,vehicle::873,338
client,vehicle::8733,200
client,vehicle::8734,398
client,vehicle::8735,783
client,vehicle::8737,430
client,vehicle::8739,507
client,vehicle::8740,656
client,vehicle::8742,200
client,vehicle::8743,442
client,vehicle::8745,843
client,vehicle::8746,359
client,vehicle::8747,469
client,vehicle::8751,533
client,vehicle::8752,256
client,vehicle::8753,426
client,vehicle::8754,178
client,vehicle::8755,725
client,vehicle::8757,563
client,vehicle::8760,235
client,vehicle::8762,201
client,vehicle::8763,236
client,vehicle::8766,884
client,vehicle::8767,674
client,vehicle::8768,10
client,vehicle::8769,127
client,vehicle::8770,278
client,vehicle::8779,304
client,vehicle::878,324
client,vehicle::8781,582
client,vehicle::8782,175
client,vehicle::8783,208
client,vehicle::8785,361
client,vehicle::8786,555
client,vehicle::8787,559
client,vehicle::879,83
client,vehicle::8791,655
client,vehicle::8792,555
client,vehicle::8793,616
client,vehicle::8798,438
client,vehicle::8799,499
client,vehicle::8802,634
client,vehicle::8806,293
client,vehicle::8807,543
client,vehicle::8808,55
client,vehicle::8810,132
client,vehicle::8811,806
client,vehicle::8812,133
client,vehicle::8813,481
client,vehicle::8815,258
client,vehicle::8816,576
client,vehicle::8818,360
client,vehicle::8819,579
client,vehicle::8820,426
client,vehicle::8826,209
client,vehicle::8828,293
client,vehicle::8830,263
client,vehicle::8831,374
client,vehicle::8832,384
client,vehicle::8834,123
client,vehicle::8835,199
client,vehicle::8837,663
client,vehicle::8839,414
client,vehicle::884,351
client,vehicle::8841,364
client,vehicle::8842,554
client,vehicle::8843,646
client,vehicle::8844,562
client,vehicle::8845,442
client,vehicle::8848,295
client,vehicle::8849,422
client,vehicle::885,456
client,vehicle::8850,280
client,vehicle::8852,243
client,vehicle::8853,497
client,vehicle::8854,379
client,vehicle::8855,348
client,vehicle::8856,447
client,vehicle::8857,232
client,vehicle::8858,192
client,vehicle::8859,440
client,vehicle::8861,393
client,vehicle::8865,537
client,vehicle::8866,573
client,vehicle::8869,675
client,vehicle::887,265
client,vehicle::8870,516
client,vehicle::8871,219
client,vehicle::8872,154
client,vehicle::8874,124
client,vehicle::8877,591
client,vehicle::8879,547
client,vehicle::888,368
client,vehicle::8881,419
client,vehicle::8882,302
client,vehicle::8883,84
client,vehicle::8884,137
client,vehicle::8885,409
client,vehicle::8886,271
client,vehicle::8887,480
client,vehicle::8888,237
client,vehicle::8889,206
client,vehicle::889,283
client,vehicle::8891,397
client,vehicle::8892,466
client,vehicle::8893,541
client,vehicle::8895,258
client,vehicle::8896,550
client,vehicle::8897,646
client,vehicle::8898,393
client,vehicle::8899,630
client,vehicle::89,766
client,vehicle::890,218
client,vehicle::8900,591
client,vehicle::8903,494
client,vehicle::8905,222
client,vehicle::8907,495
client,vehicle::8908,293
client,vehicle::8909,146
client,vehicle::891,555
client,vehicle::8911,334
client,vehicle::8912,328
client,vehicle::8913,388
client,vehicle::8915,249
client,vehicle::8918,377
client,vehicle::8919,70
client,vehicle::892,735
client,vehicle::8922,290
client,vehicle::8923,499
client,vehicle::8924,1
client,vehicle::8926,3
client,vehicle::8927,348
client,vehicle::8929,287
client,vehicle::893,193
client,vehicle::8930,584
client,vehicle::8932,525
client,vehicle::8933,503
client,vehicle::8934,190
client,vehicle::8936,286
client,vehicle::8937,329
client,vehicle::8938,368
client,vehicle::8939,492
client,vehicle::8940,288
client,vehicle::8941,374
client,vehicle::8942,485
client,vehicle::8943,903
client,vehicle::8944,44
client,vehicle::8945,671
client,vehicle::8947,366
client,vehicle::8948,715
client,vehicle::895,322
client,vehicle::8951,251
client,vehicle::8952,363
client,vehicle::8954,532
client,vehicle::8956,525
client,vehicle::8957,740
client,vehicle::8958,152
client,vehicle::896,422
client,vehicle::8960,710
client,vehicle::8962,102
client,vehicle::8964,544
client,vehicle::8965,183
client,vehicle::8966,346
client,vehicle::8967,128
client,vehicle::8969,303
client,vehicle::897,540
client,vehicle::8970,469
client,vehicle::8971,696
client,vehicle::8972,11
client,vehicle::8975,285
client,vehicle::8976,356
client,vehicle::8977,307
client,vehicle::8978,463
client,vehicle::8979,179
client,vehicle::8980,483
client,vehicle::8982,76
client,vehicle::8984,501
client,vehicle::8985,709
client,vehicle::8987,499
client,vehicle::8989,379
client,vehicle::8990,229
client,vehicle::8992,323
client,vehicle::8994,354
client,vehicle::8995,247
client,vehicle::8996,701
client,vehicle::8999,415
client,vehicle::9,360
client,vehicle::90,659
client,vehicle::900,139
client,vehicle::9000,338
client,vehicle::9003,462
client,vehicle::9006,400
client,vehicle::9007,544
client,vehicle::9008,801
client,vehicle::9009,791
client,vehicle::901,574
client,vehicle::9011,483
client,vehicle::9012,117
client,vehicle::9014,387
client,vehicle::9015,573
client,vehicle::9016,33
client,vehicle::9019,118
client,vehicle::9020,259
client,vehicle::9021,310
client,vehicle::9022,340
client,vehicle::9023,176
client,vehicle::9025,637
client,vehicle::9026,146
client,vehicle::9027,368
client,vehicle::9028,827
client,vehicle::9029,490
client,vehicle::9030,553
client,vehicle::9031,151
client,vehicle::9032,465
client,vehicle::9033,353
client,vehicle::9034,160
client,vehicle::9035,423
client,vehicle::9036,255
client,vehicle::9037,79
client,vehicle::9039,341
client,vehicle::9040,435
client,vehicle::9042,128
client,vehicle::9044,370
client,vehicle::9046,502
client,vehicle::9047,761
client,vehicle::905,200
client,vehicle::9051,361
client,vehicle::9052,186
client,vehicle::9053,349
client,vehicle::9055,638
client,vehicle::9056,384
client,vehicle::9058,138
client,vehicle::9059,579
client,vehicle::906,314
client,vehicle::9060,569
client,vehicle::9061,784
client,vehicle::9064,522
client,vehicle::9065,122
client,vehicle::9066,744
client,vehicle::907,310
client,vehicle::9070,455
client,vehicle::9071,394
client,vehicle::9072,697
client,vehicle::9074,653
client,vehicle::9075,425
client,vehicle::9076,438
client,vehicle::9078,342
client,vehicle::908,456
client,vehicle::9080,268
client,vehicle::9081,35
client,vehicle::9082,429
client,vehicle::9084,213
client,vehicle::9086,582
client,vehicle::9088,73
client,vehicle::909,483
client,vehicle::9090,478
client,vehicle::9092,172
client,vehicle::9093,291
client,vehicle::9094,188
client,vehicle::9095,347
client,vehicle::9096,414
client,vehicle::9098,797
client,vehicle::91,804
client,vehicle::9101,831
client,vehicle::9102,316
client,vehicle::9104,600
client,vehicle::9105,167
client,vehicle::9106,427
client,vehicle::9107,743
client,vehicle::9110,372
client,vehicle::9113,311
client,vehicle::9114,132
client,vehicle::9116,274
client,vehicle::9117,454
client,vehicle::9118,20
client,vehicle::9119,246
client,vehicle::9124,419
client,vehicle::9125,406
client,vehicle::9126,13
client,vehicle::9129,196
client,vehicle::913,456
client,vehicle::9134,363
client,vehicle::9135,514
client,vehicle::9137,303
client,vehicle::914,3
client,vehicle::9140,438
client,vehicle::9141,491
client,vehicle::9143,209
client,vehicle::9144,116
client,vehicle::9147,327
client,vehicle::9149,349
client,vehicle::915,273
client,vehicle::9150,519
client,vehicle::9151,552
client,vehicle::9153,558
client,vehicle::9154,514
client,vehicle::9155,653
client,vehicle::9156,878
client,vehicle::9159,355
client,vehicle::916,42
client,vehicle::9164,791
client,vehicle::9165,631
client,vehicle::9168,612
client,vehicle::9169,365
client,vehicle::917,299
client,vehicle::9171,371
client,vehicle::9172,303
client,vehicle::9173,327
client,vehicle::9178,488
client,vehicle::9179,686
client,vehicle::918,500
client,vehicle::9180,608
client,vehicle::9182,362
client,vehicle::9183,478
client,vehicle::9188,366
client,vehicle::9192,746
client,vehicle::9195,122
client,vehicle::9197,124
client,vehicle::9198,258
client,vehicle::9199,431
client,vehicle::92,257
client,vehicle::920,186
client,vehicle::9201,442
client,vehicle::9202,423
client,vehicle::9203,112
client,vehicle::9204,257
client,vehicle::921,423
client,vehicle::9210,144
client,vehicle::9211,31
client,vehicle::9212,454
client,vehicle::9215,696
client,vehicle::9217,398
client,vehicle::9218,494
client,vehicle::9220,386
client,vehicle::9222,356
client,vehicle::9226,323
client,vehicle::9227,507
client,vehicle::9228,10
client,vehicle::9229,354
client,vehicle::923,108
client,vehicle::9233,371
client,vehicle::9234,569
client,vehicle::9235,460
client,vehicle::9238,522
client,vehicle::9239,817
client,vehicle::924,306
client,vehicle::9242,612
client,vehicle::9243,572
client,vehicle::9245,430
client,vehicle::9246,478
client,vehicle::9249,686
client,vehicle::9253,191
client,vehicle::9254,624
client,vehicle::9256,364
client,vehicle::9257,5
client,vehicle::926,286
client,vehicle::9260,592
client,vehicle::9262,353
client,vehicle::9263,427
client,vehicle::9267,290
client,vehicle::9268,238
client,vehicle::9269,92
client,vehicle::927,525
client,vehicle::9270,264
client,vehicle::9271,166
client,vehicle::9273,549
client,vehicle::9274,382
client,vehicle::9276,425
client,vehicle::9277,456
client,vehicle::9280,395
client,vehicle::9283,481
client,vehicle::9285,486
client,vehicle::9287,456
client,vehicle::9289,750
client,vehicle::929,482
client,vehicle::9291,550
client,vehicle::9294,361
client,vehicle::9295,424
client,vehicle::9296,716
client,vehicle::9297,289
client,vehicle::9299,425
client,vehicle::9300,283
client,vehicle::9302,640
client,vehicle::9304,384
client,vehicle::9305,532
client,vehicle::9306,243
client,vehicle::9307,549
client,vehicle::9309,699
client,vehicle::9310,252
client,vehicle::9311,496
client,vehicle::9313,500
client,vehicle::9314,441
client,vehicle::9315,508
client,vehicle::9317,478
client,vehicle::9319,604
client,vehicle::932,206
client,vehicle::9322,552
client,vehicle::9323,822
client,vehicle::9325,521
client,vehicle::9326,255
client,vehicle::9327,109
client,vehicle::9328,590
client,vehicle::9333,308
client,vehicle::9335,563
client,vehicle::9336,365
client,vehicle::9337,532
client,vehicle::9338,381
client,vehicle::9339,538
client,vehicle::9341,548
client,vehicle::9345,114
client,vehicle::9347,234
client,vehicle::9349,562
client,vehicle::935,176
client,vehicle::9352,479
client,vehicle::9355,368
client,vehicle::9357,532
client,vehicle::9358,168
client,vehicle::9359,456
client,vehicle::936,348
client,vehicle::9362,405
client,vehicle::9363,302
client,vehicle::9364,834
client,vehicle::9367,466
client,vehicle::9370,436
client,vehicle::9371,404
client,vehicle::9372,670
client,vehicle::9373,703
client,vehicle::9377,435
client,vehicle::9378,574
client,vehicle::9380,465
client,vehicle::9381,382
client,vehicle::9382,502
client,vehicle::9383,347
client,vehicle::9384,618
client,vehicle::9385,568
client,vehicle::9386,430
client,vehicle::9387,392
client,vehicle::9389,394
client,vehicle::9392,888
client,vehicle::9393,95
client,vehicle::9397,316
client,vehicle::9399,715
client,vehicle::94,301
client,vehicle::9400,133
client,vehicle::9402,406
client,vehicle::9403,560
client,vehicle::9405,588
client,vehicle::941,807
client,vehicle::9410,613
client,vehicle::9418,405
client,vehicle::9419,579
client,vehicle::942,711
client,vehicle::9425,580
client,vehicle::9429,288
client,vehicle::9432,528
client,vehicle::9433,405
client,vehicle::9434,239
client,vehicle::9436,370
client,vehicle::9439,447
client,vehicle::944,567
client,vehicle::9441,364
client,vehicle::9442,482
client,vehicle::9447,304
client,vehicle::9448,402
client,vehicle::9449,404
client,vehicle::945,594
client,vehicle::9450,185
client,vehicle::9452,243
client,vehicle::9454,332
client,vehicle::9455,223
client,vehicle::9456,243
client,vehicle::9457,211
client,vehicle::9458,91
client,vehicle::9459,230
client,vehicle::9460,488
client,vehicle::9461,394
client,vehicle::9462,146
client,vehicle::9464,412
client,vehicle::9467,913
client,vehicle::9472,306
client,vehicle::9473,309
client,vehicle::9476,411
client,vehicle::9477,216
client,vehicle::9478,363
client,vehicle::948,338
client,vehicle::9480,512
client,vehicle::9482,315
client,vehicle::9483,165
client,vehicle::9484,329
client,vehicle::9486,217
client,vehicle::9488,484
client,vehicle::9489,534
client,vehicle::949,513
client,vehicle::9491,541
client,vehicle::9492,321
client,vehicle::9493,453
client,vehicle::9495,159
client,vehicle::9497,245
client,vehicle::9498,272
client,vehicle::9499,566
client,vehicle::95,280
client,vehicle::9501,499
client,vehicle::9502,558
client,vehicle::9503,600
client,vehicle::9504,454
client,vehicle::9505,910
client,vehicle::9508,322
client,vehicle::9509,514
client,vehicle::951,550
client,vehicle::9510,342
client,vehicle::9512,286
client,vehicle::9514,368
client,vehicle::9518,417
client,vehicle::9519,431
client,vehicle::952,365
client,vehicle::9520,288
client,vehicle::9521,513
client,vehicle::9523,584
client,vehicle::9524,543
client,vehicle::9527,384
client,vehicle::953,371
client,vehicle::9531,522
client,vehicle::9532,431
client,vehicle::9535,202
client,vehicle::9536,302
client,vehicle::9538,747
client,vehicle::9540,313
client,vehicle::9541,266
client,vehicle::9544,437
client,vehicle::9545,366
client,vehicle::9547,309
client,vehicle::9549,521
client,vehicle::9550,361
client,vehicle::9551,298
client,vehicle::9552,481
client,vehicle::9557,324
client,vehicle::9558,83
client,vehicle::9564,463
client,vehicle::9565,392
client,vehicle::9566,161
client,vehicle::957,730
client,vehicle::9570,361
client,vehicle::9572,172
client,vehicle::9574,160
client,vehicle::9576,438
client,vehicle::9581,559
client,vehicle::9584,124
client,vehicle::9589,420
client,vehicle::959,657
client,vehicle::9590,445
client,vehicle::9592,318
client,vehicle::9594,510
client,vehicle::9595,259
client,vehicle::9597,642
client,vehicle::9599,489
client,vehicle::96,462
client,vehicle::960,1022
client,vehicle::9601,381
client,vehicle::9606,143
client,vehicle::9607,688
client,vehicle::9609,533
client,vehicle::9611,650
client,vehicle::9612,428
client,vehicle::9613,547
client,vehicle::9614,625
client,vehicle::962,624
client,vehicle::9620,393
client,vehicle::9621,505
client,vehicle::9626,375
client,vehicle::9628,409
client,vehicle::9629,186
client,vehicle::9632,443
client,vehicle::9634,255
client,vehicle::9636,358
client,vehicle::9637,190
client,vehicle::9639,606
client,vehicle::964,657
client,vehicle::9642,617
client,vehicle::9643,9
client,vehicle::9644,480
client,vehicle::9645,366
client,vehicle::9646,245
client,vehicle::9647,238
client,vehicle::9648,183
client,vehicle::965,565
client,vehicle::9650,41
client,vehicle::9651,634
client,vehicle::9652,340
client,vehicle::9653,349
client,vehicle::9656,455
client,vehicle::9657,450
client,vehicle::9659,315
client,vehicle::9660,493
client,vehicle::9661,65
client,vehicle::9662,421
client,vehicle::9663,309
client,vehicle::9664,781
client,vehicle::9666,460
client,vehicle::9667,454
client,vehicle::9668,715
client,vehicle::9670,203
client,vehicle::9672,443
client,vehicle::9673,200
client,vehicle::9674,94
client,vehicle::9675,339
client,vehicle::9676,389
client,vehicle::9678,419
client,vehicle::9679,177
client,vehicle::9681,211
client,vehicle::9682,63
client,vehicle::9685,461
client,vehicle::9686,346
client,vehicle::9688,460
client,vehicle::969,486
client,vehicle::9690,282
client,vehicle::9691,201
client,vehicle::9692,869
client,vehicle::9693,699
client,vehicle::9695,520
client,vehicle::9697,680
client,vehicle::9699,287
client,vehicle::970,643
client,vehicle::9702,617
client,vehicle::9703,204
client,vehicle::9704,741
client,vehicle::9705,594
client,vehicle::9706,390
client,vehicle::9707,307
client,vehicle::9708,311
client,vehicle::9710,216
client,vehicle::9712,275
client,vehicle::9715,395
client,vehicle::9716,694
client,vehicle::9717,473
client,vehicle::9718,668
client,vehicle::9719,813
client,vehicle::972,959
client,vehicle::9720,451
client,vehicle::9721,3
client,vehicle::9722,409
client,vehicle::9723,587
client,vehicle::9724,742
client,vehicle::9726,907
client,vehicle::9727,280
client,vehicle::973,403
client,vehicle::9730,559
client,vehicle::9731,762
client,vehicle::9732,287
client,vehicle::9733,310
client,vehicle::9734,155
client,vehicle::9738,545
client,vehicle::974,409
client,vehicle::9744,667
client,vehicle::9745,393
client,vehicle::9747,332
client,vehicle::9748,211
client,vehicle::9751,51
client,vehicle::9752,396
client,vehicle::9753,97
client,vehicle::9758,194
client,vehicle::9759,417
client,vehicle::976,1060
client,vehicle::9760,643
client,vehicle::9762,296
client,vehicle::9763,611
client,vehicle::9764,319
client,vehicle::9765,783
client,vehicle::9766,537
client,vehicle::9767,585
client,vehicle::9769,314
client,vehicle::977,639
client,vehicle::9770,552
client,vehicle::9773,445
client,vehicle::9774,778
client,vehicle::9778,835
client,vehicle::9780,555
client,vehicle::9782,113
client,vehicle::9783,383
client,vehicle::9784,586
client,vehicle::9785,643
client,vehicle::9787,322
client,vehicle::9789,580
client,vehicle::979,339
client,vehicle::9790,455
client,vehicle::9791,487
client,vehicle::9792,467
client,vehicle::9793,339
client,vehicle::9797,741
client,vehicle::9798,61
client,vehicle::98,637
client,vehicle::980,612
client,vehicle::9805,653
client,vehicle::9806,504
client,vehicle::9807,513
client,vehicle::9808,498
client,vehicle::9811,512
client,vehicle::9815,367
client,vehicle::9817,637
client,vehicle::9819,424
client,vehicle::982,27
client,vehicle::9820,500
client,vehicle::9823,633
client,vehicle::9825,639
client,vehicle::9826,286
client,vehicle::9829,570
client,vehicle::9830,304
client,vehicle::9832,723
client,vehicle::9834,455
client,vehicle::9838,249
client,vehicle::984,260
client,vehicle::9840,203
client,vehicle::9842,690
client,vehicle::9843,287
client,vehicle::9844,150
client,vehicle::9846,438
client,vehicle::9847,334
client,vehicle::9848,599
client,vehicle::9849,793
client,vehicle::985,784
client,vehicle::9850,425
client,vehicle::9851,212
client,vehicle::9852,521
client,vehicle::9853,239
client,vehicle::9854,350
client,vehicle::9855,269
client,vehicle::9856,501
client,vehicle::9857,554
client,vehicle::9858,364
client,vehicle::9860,281
client,vehicle::9863,446
client,vehicle::9868,493
client,vehicle::9869,258
client,vehicle::987,464
client,vehicle::9872,496
client,vehicle::9873,188
client,vehicle::9875,244
client,vehicle::9876,339
client,vehicle::9877,407
client,vehicle::9878,569
client,vehicle::988,411
client,vehicle::9880,527
client,vehicle::9881,141
client,vehicle::9883,185
client,vehicle::9886,337
client,vehicle::9888,190
client,vehicle::9890,337
client,vehicle::9891,266
client,vehicle::9892,319
client,vehicle::9893,275
client,vehicle::9894,386
client,vehicle::9895,339
client,vehicle::9898,472
client,vehicle::990,318
client,vehicle::9901,113
client,vehicle::9904,189
client,vehicle::9905,137
client,vehicle::9906,468
client,vehicle::9909,476
client,vehicle::991,741
client,vehicle::9910,210
client,vehicle::9912,285
client,vehicle::9913,653
client,vehicle::9915,310
client,vehicle::9916,410
client,vehicle::9919,376
client,vehicle::992,403
client,vehicle::9920,152
client,vehicle::9921,685
client,vehicle::9922,163
client,vehicle::9923,455
client,vehicle::9924,440
client,vehicle::9926,386
client,vehicle::9927,380
client,vehicle::9930,430
client,vehicle::9931,406
client,vehicle::9932,90
client,vehicle::9934,318
client,vehicle::9936,282
client,vehicle::994,584
client,vehicle::9940,172
client,vehicle::9943,736
client,vehicle::9954,211
client,vehicle::9955,256
client,vehicle::9956,638
client,vehicle::9958,144
client,vehicle::9959,388
client,vehicle::9961,210
client,vehicle::9964,469
client,vehicle::9966,348
client,vehicle::9967,56
client,vehicle::997,516
client,vehicle::9970,389
client,vehicle::9973,411
client,vehicle::9974,142
client,vehicle::9975,311
client,vehicle::9976,391
client,vehicle::9977,482
client,vehicle::9978,469
client,vehicle::998,1057
client,vehicle::9980,281
client,vehicle::9981,85
client,vehicle::9985,843
client,vehicle::9986,360
client,vehicle::9987,142
client,vehicle::9988,302
client,vehicle::9990,390
client,vehicle::9991,139
client,vehicle::9993,364
client,vehicle::9994,360
client,vehicle::9996,463
client,vehicle::9999,515
spatial_id,g0000_0022,7
spatial_id,g0001_0022,1
spatial_id,g0001_0023,5
spatial_id,g0002_0023,7
spatial_id,g0002_0039,1
spatial_id,g0003_0023,2
spatial_id,g0003_0063,1
spatial_id,g0003_0064,1
spatial_id,g0003_0089,1
spatial_id,g0004_0023,12
spatial_id,g0004_0038,1
spatial_id,g0005_0023,1
spatial_id,g0005_0024,2
spatial_id,g0006_0008,1
spatial_id,g0006_0024,7
spatial_id,g0006_0030,1
spatial_id,g0006_0084,2
spatial_id,g0007_0004,1
spatial_id,g0007_0005,1
spatial_id,g0007_0024,1
spatial_id,g0007_0031,1
spatial_id,g0008_0024,9
spatial_id,g0008_0026,1
spatial_id,g0008_0027,1
spatial_id,g0008_0030,1
spatial_id,g0009_0010,1
spatial_id,g0009_0012,1
spatial_id,g0009_0024,1
spatial_id,g0009_0025,6
spatial_id,g0009_0027,2
spatial_id,g0009_0029,5
spatial_id,g0009_0084,1
spatial_id,g0010_0007,2
spatial_id,g0010_0009,4
spatial_id,g0010_0010,5
spatial_id,g0010_0014,1
spatial_id,g0010_0025,2
spatial_id,g0010_0029,2
spatial_id,g0010_0046,3
spatial_id,g0010_0073,2
spatial_id,g0010_0084,1
spatial_id,g0011_0010,1
spatial_id,g0011_0025,5
spatial_id,g0011_0027,5
spatial_id,g0011_0046,1
spatial_id,g0011_0073,1
spatial_id,g0011_0074,7
spatial_id,g0012_0006,1
spatial_id,g0012_0010,4
spatial_id,g0012_0011,2
spatial_id,g0012_0012,12
spatial_id,g0012_0013,1
spatial_id,g0012_0014,1
spatial_id,g0012_0025,26
spatial_id,g0012_0026,1
spatial_id,g0012_0036,1
spatial_id,g0012_0038,1
spatial_id,g0012_0046,1
spatial_id,g0012_0049,1
spatial_id,g0012_0060,1
spatial_id,g0012_0074,12
spatial_id,g0012_0075,3
spatial_id,g0013_0013,1
spatial_id,g0013_0014,1
spatial_id,g0013_0015,1
spatial_id,g0013_0016,3
spatial_id,g0013_0023,1
spatial_id,g0013_0025,20
spatial_id,g0013_0026,1
spatial_id,g0013_0037,3
spatial_id,g0013_0038,3
spatial_id,g0013_0040,1
spatial_id,g0013_0041,1
spatial_id,g0013_0046,1
spatial_id,g0013_0060,1
spatial_id,g0013_0073,1
spatial_id,g0013_0074,1
spatial_id,g0013_0075,8
spatial_id,g0014_0014,5
spatial_id,g0014_0017,2
spatial_id,g0014_0026,11
spatial_id,g0014_0032,2
spatial_id,g0014_0033,1
spatial_id,g0014_0037,1
spatial_id,g0014_0046,1
spatial_id,g0014_0060,1
spatial_id,g0014_0063,1
spatial_id,g0014_0074,4
spatial_id,g0014_0075,10
spatial_id,g0014_0076,21
spatial_id,g0014_0077,1
spatial_id,g0014_0082,4
spatial_id,g0015_0015,3
spatial_id,g0015_0026,12
spatial_id,g0015_0028,4
spatial_id,g0015_0032,1
spatial_id,g0015_0041,1
spatial_id,g0015_0044,2
spatial_id,g0015_0045,9
spatial_id,g0015_0046,1
spatial_id,g0015_0054,1
spatial_id,g0015_0061,4
spatial_id,g0015_0062,4
spatial_id,g0015_0074,11
spatial_id,g0015_0075,6
spatial_id,g0015_0076,90
spatial_id,g0015_0077,21
spatial_id,g0015_0078,10
spatial_id,g0015_0079,10
spatial_id,g0015_0080,5
spatial_id,g0015_0082,3
spatial_id,g0015_0083,2
spatial_id,g0015_0084,2
spatial_id,g0015_0085,1
spatial_id,g0015_0087,2
spatial_id,g0015_0088,6
spatial_id,g0016_0010,1
spatial_id,g0016_0017,9
spatial_id,g0016_0021,1
spatial_id,g0016_0026,19
spatial_id,g0016_0042,1
spatial_id,g0016_0045,2
spatial_id,g0016_0046,1
spatial_id,g0016_0053,1
spatial_id,g0016_0061,1
spatial_id,g0016_0074,62
spatial_id,g0016_0075,18
spatial_id,g0016_0076,21
spatial_id,g0016_0077,1
spatial_id,g0016_0079,5
spatial_id,g0016_0080,1
spatial_id,g0016_0081,2
spatial_id,g0017_0016,2
spatial_id,g0017_0017,1
spatial_id,g0017_0018,1
spatial_id,g0017_0019,8
spatial_id,g0017_0020,1
spatial_id,g0017_0023,1
spatial_id,g0017_0025,1
spatial_id,g0017_0026,28
spatial_id,g0017_0027,2
spatial_id,g0017_0028,1
spatial_id,g0017_0036,1
spatial_id,g0017_0042,1
spatial_id,g0017_0045,6
spatial_id,g0017_0053,2
spatial_id,g0017_0064,3
spatial_id,g0017_0065,7
spatial_id,g0017_0066,2
spatial_id,g0017_0067,12
spatial_id,g0017_0068,3
spatial_id,g0017_0072,5
spatial_id,g0017_0073,27
spatial_id,g0017_0074,53
spatial_id,g0017_0075,11
spatial_id,g0017_0076,32
spatial_id,g0017_0079,2
spatial_id,g0017_0080,21
spatial_id,g0017_0090,1
spatial_id,g0018_0002,1
spatial_id,g0018_0010,3
spatial_id,g0018_0011,1
spatial_id,g0018_0012,1
spatial_id,g0018_0013,4
spatial_id,g0018_0014,4
spatial_id,g0018_0020,3
spatial_id,g0018_0021,7
spatial_id,g0018_0027,102
spatial_id,g0018_0028,6
spatial_id,g0018_0029,2
spatial_id,g0018_0030,2
spatial_id,g0018_0031,2
spatial_id,g0018_0034,2
spatial_id,g0018_0045,9
spatial_id,g0018_0052,1
spatial_id,g0018_0063,1
spatial_id,g0018_0064,2
spatial_id,g0018_0068,6
spatial_id,g0018_0069,11
spatial_id,g0018_0070,5
spatial_id,g0018_0071,6
spatial_id,g0018_0072,9
spatial_id,g0018_0073,36
spatial_id,g0018_0074,65
spatial_id,g0018_0077,1
spatial_id,g0018_0078,1
spatial_id,g0018_0079,3
spatial_id,g0018_0080,1
spatial_id,g0018_0090,1
spatial_id,g0018_0111,1
spatial_id,g0018_0113,1
spatial_id,g0018_0115,2
spatial_id,g0019_0022,13
spatial_id,g0019_0027,1
spatial_id,g0019_0028,51
spatial_id,g0019_0029,9
spatial_id,g0019_0030,1
spatial_id,g0019_0031,1
spatial_id,g0019_0034,1
spatial_id,g0019_0051,6
spatial_id,g0019_0052,5
spatial_id,g0019_0055,4
spatial_id,g0019_0072,1
spatial_id,g0019_0074,48
spatial_id,g0019_0075,1
spatial_id,g0019_0079,8
spatial_id,g0019_0110,1
spatial_id,g0019_0111,1
spatial_id,g0019_0115,1
spatial_id,g0020_0010,1
spatial_id,g0020_0023,11
spatial_id,g0020_0024,1
spatial_id,g0020_0027,3
spatial_id,g0020_0028,3
spatial_id,g0020_0029,56
spatial_id,g0020_0031,7
spatial_id,g0020_0032,7
spatial_id,g0020_0040,1
spatial_id,g0020_0045,1
spatial_id,g0020_0046,6
spatial_id,g0020_0051,3
spatial_id,g0020_0052,1
spatial_id,g0020_0056,2
spatial_id,g0020_0075,95
spatial_id,g0020_0078,5
spatial_id,g0020_0079,3
spatial_id,g0020_0090,1
spatial_id,g0020_0117,2
spatial_id,g0021_0015,1
spatial_id,g0021_0025,15
spatial_id,g0021_0028,2
spatial_id,g0021_0029,5
spatial_id,g0021_0030,19
spatial_id,g0021_0031,24
spatial_id,g0021_0032,4
spatial_id,g0021_0042,2
spatial_id,g0021_0046,16
spatial_id,g0021_0048,1
spatial_id,g0021_0056,4
spatial_id,g0021_0063,3
spatial_id,g0021_0073,26
spatial_id,g0021_0074,126
spatial_id,g0021_0075,1
spatial_id,g0021_0076,1
spatial_id,g0021_0077,15
spatial_id,g0021_0078,1
spatial_id,g0021_0079,1
spatial_id,g0021_0107,1
spatial_id,g0021_0108,1
spatial_id,g0021_0110,2
spatial_id,g0021_0111,2
spatial_id,g0021_0112,2
spatial_id,g0022_0008,1
spatial_id,g0022_0018,1
spatial_id,g0022_0022,1
spatial_id,g0022_0023,1
spatial_id,g0022_0026,35
spatial_id,g0022_0027,34
spatial_id,g0022_0028,21
spatial_id,g0022_0029,48
spatial_id,g0022_0030,116
spatial_id,g0022_0031,5
spatial_id,g0022_0032,29
spatial_id,g0022_0033,2
spatial_id,g0022_0042,3
spatial_id,g0022_0046,11
spatial_id,g0022_0057,1
spatial_id,g0022_0064,3
spatial_id,g0022_0072,8
spatial_id,g0022_0073,6
spatial_id,g0022_0074,2
spatial_id,g0022_0075,1
spatial_id,g0022_0076,22
spatial_id,g0022_0100,1
spatial_id,g0022_0103,3
spatial_id,g0022_0104,3
spatial_id,g0022_0118,6
spatial_id,g0022_0119,3
spatial_id,g0023_0015,1
spatial_id,g0023_0027,123
spatial_id,g0023_0028,36
spatial_id,g0023_0029,63
spatial_id,g0023_0030,70
spatial_id,g0023_0031,219
spatial_id,g0023_0032,160
spatial_id,g0023_0033,139
spatial_id,g0023_0034,225
spatial_id,g0023_0038,1
spatial_id,g0023_0039,2
spatial_id,g0023_0043,2
spatial_id,g0023_0046,19
spatial_id,g0023_0056,1
spatial_id,g0023_0057,1
spatial_id,g0023_0064,5
spatial_id,g0023_0072,79
spatial_id,g0023_0075,31
spatial_id,g0023_0118,3
spatial_id,g0023_0119,1
spatial_id,g0024_0014,9
spatial_id,g0024_0016,7
spatial_id,g0024_0017,12
spatial_id,g0024_0018,3
spatial_id,g0024_0020,12
spatial_id,g0024_0021,5
spatial_id,g0024_0022,2
spatial_id,g0024_0023,1
spatial_id,g0024_0024,5
spatial_id,g0024_0025,13
spatial_id,g0024_0026,6
spatial_id,g0024_0027,13
spatial_id,g0024_0028,19
spatial_id,g0024_0029,9
spatial_id,g0024_0030,22
spatial_id,g0024_0031,9
spatial_id,g0024_0032,21
spatial_id,g0024_0033,1
spatial_id,g0024_0034,4
spatial_id,g0024_0035,50
spatial_id,g0024_0043,1
spatial_id,g0024_0044,5
spatial_id,g0024_0045,1
spatial_id,g0024_0046,20
spatial_id,g0024_0048,1
spatial_id,g0024_0064,1
spatial_id,g0024_0071,33
spatial_id,g0024_0074,4
spatial_id,g0024_0075,4
spatial_id,g0025_0008,8
spatial_id,g0025_0009,2
spatial_id,g0025_0012,7
spatial_id,g0025_0020,1
spatial_id,g0025_0027,4
spatial_id,g0025_0032,7
spatial_id,g0025_0033,63
spatial_id,g0025_0034,6
spatial_id,g0025_0036,39
spatial_id,g0025_0037,2
spatial_id,g0025_0043,1
spatial_id,g0025_0044,14
spatial_id,g0025_0045,15
spatial_id,g0025_0046,55
spatial_id,g0025_0047,1
spatial_id,g0025_0048,1
spatial_id,g0025_0071,24
spatial_id,g0025_0073,33
spatial_id,g0025_0074,13
spatial_id,g0025_0100,1
spatial_id,g0025_0110,1
spatial_id,g0026_0017,2
spatial_id,g0026_0018,1
spatial_id,g0026_0027,2
spatial_id,g0026_0030,1
spatial_id,g0026_0034,42
spatial_id,g0026_0035,43
spatial_id,g0026_0036,2
spatial_id,g0026_0037,24
spatial_id,g0026_0038,36
spatial_id,g0026_0045,2
spatial_id,g0026_0046,152
spatial_id,g0026_0054,1
spatial_id,g0026_0058,8
spatial_id,g0026_0063,9
spatial_id,g0026_0066,2
spatial_id,g0026_0070,4
spatial_id,g0026_0071,76
spatial_id,g0026_0072,70
spatial_id,g0026_0073,61
spatial_id,g0026_0100,1
spatial_id,g0026_0103,5
spatial_id,g0026_0104,1
spatial_id,g0026_0105,1
spatial_id,g0026_0117,1
spatial_id,g0027_0008,1
spatial_id,g0027_0027,1
spatial_id,g0027_0031,1
spatial_id,g0027_0035,1
spatial_id,g0027_0036,11
spatial_id,g0027_0037,16
spatial_id,g0027_0038,8
spatial_id,g0027_0039,41
spatial_id,g0027_0044,3
spatial_id,g0027_0045,6
spatial_id,g0027_0046,41
spatial_id,g0027_0047,11
spatial_id,g0027_0059,1
spatial_id,g0027_0060,4
spatial_id,g0027_0061,5
spatial_id,g0027_0062,3
spatial_id,g0027_0063,5
spatial_id,g0027_0064,2
spatial_id,g0027_0068,1
spatial_id,g0027_0069,6
spatial_id,g0027_0070,6
spatial_id,g0027_0071,103
spatial_id,g0027_0072,69
spatial_id,g0027_0073,22
spatial_id,g0027_0074,3
spatial_id,g0027_0096,1
spatial_id,g0027_0098,1
spatial_id,g0027_0099,1
spatial_id,g0027_0100,13
spatial_id,g0027_0103,4
spatial_id,g0027_0133,1
spatial_id,g0028_0026,1
spatial_id,g0028_0030,2
spatial_id,g0028_0031,1
spatial_id,g0028_0033,6
spatial_id,g0028_0034,1
spatial_id,g0028_0037,3
spatial_id,g0028_0038,24
spatial_id,g0028_0039,14
spatial_id,g0028_0040,21
spatial_id,g0028_0044,3
spatial_id,g0028_0045,42
spatial_id,g0028_0046,1
spatial_id,g0028_0048,8
spatial_id,g0028_0052,2
spatial_id,g0028_0053,5
spatial_id,g0028_0057,1
spatial_id,g0028_0060,1
spatial_id,g0028_0064,6
spatial_id,g0028_0068,9
spatial_id,g0028_0069,1
spatial_id,g0028_0071,132
spatial_id,g0028_0072,75
spatial_id,g0028_0073,1
spatial_id,g0028_0074,2
spatial_id,g0028_0075,1
spatial_id,g0028_0076,3
spatial_id,g0028_0099,3
spatial_id,g0028_0103,1
spatial_id,g0029_0002,2
spatial_id,g0029_0033,3
spatial_id,g0029_0036,2
spatial_id,g0029_0039,12
spatial_id,g0029_0040,53
spatial_id,g0029_0043,2
spatial_id,g0029_0045,18
spatial_id,g0029_0047,2
spatial_id,g0029_0048,3
spatial_id,g0029_0049,8
spatial_id,g0029_0050,2
spatial_id,g0029_0053,1
spatial_id,g0029_0057,1
spatial_id,g0029_0064,12
spatial_id,g0029_0068,21
spatial_id,g0029_0069,2
spatial_id,g0029_0071,19
spatial_id,g0029_0072,321
spatial_id,g0029_0074,6
spatial_id,g0029_0098,2
spatial_id,g0029_0116,1
spatial_id,g0030_0030,1
spatial_id,g0030_0031,1
spatial_id,g0030_0032,6
spatial_id,g0030_0033,3
spatial_id,g0030_0036,3
spatial_id,g0030_0037,1
spatial_id,g0030_0040,51
spatial_id,g0030_0041,9
spatial_id,g0030_0043,1
spatial_id,g0030_0045,8
spatial_id,g0030_0046,19
spatial_id,g0030_0053,6
spatial_id,g0030_0056,2
spatial_id,g0030_0064,17
spatial_id,g0030_0068,146
spatial_id,g0030_0069,57
spatial_id,g0030_0070,52
spatial_id,g0030_0071,108
spatial_id,g0030_0072,360
spatial_id,g0030_0073,69
spatial_id,g0030_0074,19
spatial_id,g0030_0098,4
spatial_id,g0030_0099,5
spatial_id,g0030_0100,1
spatial_id,g0030_0103,2
spatial_id,g0031_0033,1
spatial_id,g0031_0040,10
spatial_id,g0031_0041,25
spatial_id,g0031_0042,34
spatial_id,g0031_0043,15
spatial_id,g0031_0044,5
spatial_id,g0031_0045,1
spatial_id,g0031_0046,58
spatial_id,g0031_0051,3
spatial_id,g0031_0052,7
spatial_id,g0031_0053,2
spatial_id,g0031_0064,8
spatial_id,g0031_0068,133
spatial_id,g0031_0069,12
spatial_id,g0031_0070,26
spatial_id,g0031_0071,11
spatial_id,g0031_0072,112
spatial_id,g0031_0073,109
spatial_id,g0031_0074,33
spatial_id,g0031_0075,3
spatial_id,g0031_0076,2
spatial_id,g0031_0077,21
spatial_id,g0031_0078,1
spatial_id,g0031_0097,4
spatial_id,g0031_0126,1
spatial_id,g0032_0033,2
spatial_id,g0032_0041,46
spatial_id,g0032_0042,55
spatial_id,g0032_0043,1
spatial_id,g0032_0044,4
spatial_id,g0032_0045,22
spatial_id,g0032_0046,107
spatial_id,g0032_0050,2
spatial_id,g0032_0051,26
spatial_id,g0032_0052,16
spatial_id,g0032_0055,10
spatial_id,g0032_0056,1
spatial_id,g0032_0064,5
spatial_id,g0032_0067,1
spatial_id,g0032_0068,510
spatial_id,g0032_0069,187
spatial_id,g0032_0070,217
spatial_id,g0032_0071,148
spatial_id,g0032_0072,325
spatial_id,g0032_0073,162
spatial_id,g0032_0074,8
spatial_id,g0032_0076,2
spatial_id,g0032_0077,7
spatial_id,g0032_0086,1
spatial_id,g0032_0097,4
spatial_id,g0032_0099,1
spatial_id,g0033_0003,1
spatial_id,g0033_0004,1
spatial_id,g0033_0009,1
spatial_id,g0033_0013,1
spatial_id,g0033_0031,2
spatial_id,g0033_0033,9
spatial_id,g0033_0036,3
spatial_id,g0033_0043,28
spatial_id,g0033_0044,28
spatial_id,g0033_0045,40
spatial_id,g0033_0046,175
spatial_id,g0033_0047,4
spatial_id,g0033_0048,2
spatial_id,g0033_0050,6
spatial_id,g0033_0051,3
spatial_id,g0033_0052,25
spatial_id,g0033_0053,81
spatial_id,g0033_0054,7
spatial_id,g0033_0064,14
spatial_id,g0033_0067,71
spatial_id,g0033_0068,186
spatial_id,g0033_0069,31
spatial_id,g0033_0070,16
spatial_id,g0033_0071,32
spatial_id,g0033_0072,86
spatial_id,g0033_0073,30
spatial_id,g0033_0074,89
spatial_id,g0033_0075,26
spatial_id,g0033_0076,110
spatial_id,g0033_0077,1
spatial_id,g0033_0087,6
spatial_id,g0033_0097,4
spatial_id,g0033_0098,7
spatial_id,g0033_0099,1
spatial_id,g0034_0016,2
spatial_id,g0034_0033,1
spatial_id,g0034_0036,4
spatial_id,g0034_0044,1
spatial_id,g0034_0045,3
spatial_id,g0034_0046,20
spatial_id,g0034_0047,293
spatial_id,g0034_0048,94
spatial_id,g0034_0049,87
spatial_id,g0034_0050,107
spatial_id,g0034_0051,91
spatial_id,g0034_0052,67
spatial_id,g0034_0053,285
spatial_id,g0034_0054,60
spatial_id,g0034_0055,1
spatial_id,g0034_0061,5
spatial_id,g0034_0062,2
spatial_id,g0034_0063,13
spatial_id,g0034_0064,32
spatial_id,g0034_0065,23
spatial_id,g0034_0066,42
spatial_id,g0034_0067,184
spatial_id,g0034_0068,473
spatial_id,g0034_0069,56
spatial_id,g0034_0070,76
spatial_id,g0034_0071,46
spatial_id,g0034_0072,73
spatial_id,g0034_0074,13
spatial_id,g0034_0075,7
spatial_id,g0034_0076,67
spatial_id,g0034_0079,2
spatial_id,g0034_0080,7
spatial_id,g0034_0081,4
spatial_id,g0034_0082,6
spatial_id,g0034_0083,6
spatial_id,g0034_0084,4
spatial_id,g0034_0085,7
spatial_id,g0034_0086,3
spatial_id,g0034_0087,18
spatial_id,g0034_0096,8
spatial_id,g0034_0097,69
spatial_id,g0034_0098,1
spatial_id,g0035_0022,1
spatial_id,g0035_0033,2
spatial_id,g0035_0034,2
spatial_id,g0035_0036,3
spatial_id,g0035_0045,3
spatial_id,g0035_0048,49
spatial_id,g0035_0049,56
spatial_id,g0035_0050,46
spatial_id,g0035_0051,42
spatial_id,g0035_0052,48
spatial_id,g0035_0053,430
spatial_id,g0035_0054,267
spatial_id,g0035_0059,2
spatial_id,g0035_0064,3
spatial_id,g0035_0065,130
spatial_id,g0035_0066,128
spatial_id,g0035_0067,248
spatial_id,g0035_0068,584
spatial_id,g0035_0069,9
spatial_id,g0035_0070,13
spatial_id,g0035_0071,19
spatial_id,g0035_0072,32
spatial_id,g0035_0073,17
spatial_id,g0035_0074,2
spatial_id,g0035_0075,20
spatial_id,g0035_0076,20
spatial_id,g0035_0077,27
spatial_id,g0035_0078,63
spatial_id,g0035_0079,16
spatial_id,g0035_0082,1
spatial_id,g0035_0086,1
spatial_id,g0035_0087,9
spatial_id,g0035_0096,1
spatial_id,g0035_0097,5
spatial_id,g0035_0098,1
spatial_id,g0035_0102,1
spatial_id,g0035_0103,1
spatial_id,g0035_0108,1
spatial_id,g0035_0109,1
spatial_id,g0035_0110,3
spatial_id,g0035_0111,3
spatial_id,g0035_0112,1
spatial_id,g0035_0116,1
spatial_id,g0036_0036,21
spatial_id,g0036_0038,1
spatial_id,g0036_0039,1
spatial_id,g0036_0040,2
spatial_id,g0036_0043,1
spatial_id,g0036_0044,1
spatial_id,g0036_0046,1
spatial_id,g0036_0054,520
spatial_id,g0036_0055,4
spatial_id,g0036_0056,1
spatial_id,g0036_0065,39
spatial_id,g0036_0066,138
spatial_id,g0036_0067,350
spatial_id,g0036_0068,528
spatial_id,g0036_0070,1
spatial_id,g0036_0071,12
spatial_id,g0036_0072,25
spatial_id,g0036_0073,10
spatial_id,g0036_0078,31
spatial_id,g0036_0080,1
spatial_id,g0036_0082,15
spatial_id,g0036_0083,1
spatial_id,g0036_0084,1
spatial_id,g0036_0086,4
spatial_id,g0036_0087,17
spatial_id,g0036_0097,12
spatial_id,g0036_0100,1
spatial_id,g0036_0103,1
spatial_id,g0036_0104,1
spatial_id,g0036_0110,3
spatial_id,g0037_0034,1
spatial_id,g0037_0035,2
spatial_id,g0037_0036,16
spatial_id,g0037_0037,1
spatial_id,g0037_0054,576
spatial_id,g0037_0060,1
spatial_id,g0037_0064,22
spatial_id,g0037_0065,100
spatial_id,g0037_0066,70
spatial_id,g0037_0067,133
spatial_id,g0037_0068,210
spatial_id,g0037_0069,6
spatial_id,g0037_0071,21
spatial_id,g0037_0072,32
spatial_id,g0037_0073,17
spatial_id,g0037_0078,18
spatial_id,g0037_0080,1
spatial_id,g0037_0082,1
spatial_id,g0037_0086,7
spatial_id,g0037_0087,28
spatial_id,g0037_0088,3
spatial_id,g0037_0097,1
spatial_id,g0037_0098,10
spatial_id,g0037_0104,2
spatial_id,g0037_0105,1
spatial_id,g0037_0129,1
spatial_id,g0037_0133,7
spatial_id,g0038_0021,1
spatial_id,g0038_0037,11
spatial_id,g0038_0054,110
spatial_id,g0038_0055,655
spatial_id,g0038_0058,1
spatial_id,g0038_0059,1
spatial_id,g0038_0060,9
spatial_id,g0038_0061,4
spatial_id,g0038_0062,6
spatial_id,g0038_0063,16
spatial_id,g0038_0064,244
spatial_id,g0038_0065,380
spatial_id,g0038_0066,211
spatial_id,g0038_0067,334
spatial_id,g0038_0068,136
spatial_id,g0038_0069,6
spatial_id,g0038_0070,7
spatial_id,g0038_0071,5
spatial_id,g0038_0072,39
spatial_id,g0038_0073,39
spatial_id,g0038_0077,1
spatial_id,g0038_0078,22
spatial_id,g0038_0082,11
spatial_id,g0038_0085,1
spatial_id,g0038_0088,3
spatial_id,g0038_0096,1
spatial_id,g0038_0098,24
spatial_id,g0038_0104,6
spatial_id,g0038_0110,1
spatial_id,g0038_0126,1
spatial_id,g0038_0131,2
spatial_id,g0038_0132,7
spatial_id,g0038_0133,7
spatial_id,g0039_0037,15
spatial_id,g0039_0052,17
spatial_id,g0039_0053,28
spatial_id,g0039_0054,3
spatial_id,g0039_0055,233
spatial_id,g0039_0056,389
spatial_id,g0039_0057,120
spatial_id,g0039_0058,9
spatial_id,g0039_0059,2
spatial_id,g0039_0060,1
spatial_id,g0039_0064,51
spatial_id,g0039_0065,222
spatial_id,g0039_0066,81
spatial_id,g0039_0067,505
spatial_id,g0039_0068,471
spatial_id,g0039_0070,5
spatial_id,g0039_0071,2
spatial_id,g0039_0072,118
spatial_id,g0039_0073,46
spatial_id,g0039_0074,1
spatial_id,g0039_0077,4
spatial_id,g0039_0078,33
spatial_id,g0039_0082,14
spatial_id,g0039_0083,2
spatial_id,g0039_0084,1
spatial_id,g0039_0087,1
spatial_id,g0039_0088,13
spatial_id,g0039_0098,12
spatial_id,g0039_0099,2
spatial_id,g0039_0104,4
spatial_id,g0039_0107,1
spatial_id,g0039_0115,1
spatial_id,g0039_0128,6
spatial_id,g0039_0129,7
spatial_id,g0039_0130,4
spatial_id,g0040_0037,8
spatial_id,g0040_0051,3
spatial_id,g0040_0053,1
spatial_id,g0040_0056,70
spatial_id,g0040_0057,212
spatial_id,g0040_0058,1
spatial_id,g0040_0061,2
spatial_id,g0040_0064,45
spatial_id,g0040_0065,119
spatial_id,g0040_0066,16
spatial_id,g0040_0067,182
spatial_id,g0040_0068,346
spatial_id,g0040_0069,6
spatial_id,g0040_0070,8
spatial_id,g0040_0071,4
spatial_id,g0040_0072,42
spatial_id,g0040_0073,21
spatial_id,g0040_0077,81
spatial_id,g0040_0078,3
spatial_id,g0040_0079,7
spatial_id,g0040_0081,4
spatial_id,g0040_0082,15
spatial_id,g0040_0088,5
spatial_id,g0040_0089,4
spatial_id,g0040_0096,3
spatial_id,g0040_0098,33
spatial_id,g0040_0099,13
spatial_id,g0040_0100,4
spatial_id,g0040_0104,5
spatial_id,g0040_0105,8
spatial_id,g0040_0115,1
spatial_id,g0040_0125,1
spatial_id,g0040_0126,12
spatial_id,g0040_0127,5
spatial_id,g0040_0128,3
spatial_id,g0041_0037,7
spatial_id,g0041_0052,6
spatial_id,g0041_0054,5
spatial_id,g0041_0055,28
spatial_id,g0041_0056,9
spatial_id,g0041_0057,108
spatial_id,g0041_0058,128
spatial_id,g0041_0059,1
spatial_id,g0041_0060,3
spatial_id,g0041_0061,1
spatial_id,g0041_0064,79
spatial_id,g0041_0065,110
spatial_id,g0041_0067,90
spatial_id,g0041_0068,229
spatial_id,g0041_0069,21
spatial_id,g0041_0070,15
spatial_id,g0041_0071,7
spatial_id,g0041_0072,141
spatial_id,g0041_0073,127
spatial_id,g0041_0074,19
spatial_id,g0041_0075,2
spatial_id,g0041_0076,8
spatial_id,g0041_0077,127
spatial_id,g0041_0078,5
spatial_id,g0041_0079,1
spatial_id,g0041_0080,1
spatial_id,g0041_0081,1
spatial_id,g0041_0082,15
spatial_id,g0041_0084,1
spatial_id,g0041_0085,5
spatial_id,g0041_0086,19
spatial_id,g0041_0087,1
spatial_id,g0041_0089,20
spatial_id,g0041_0098,25
spatial_id,g0041_0099,5
spatial_id,g0041_0101,3
spatial_id,g0041_0102,22
spatial_id,g0041_0103,8
spatial_id,g0041_0105,3
spatial_id,g0041_0115,1
spatial_id,g0041_0121,1
spatial_id,g0041_0123,7
spatial_id,g0041_0124,14
spatial_id,g0041_0125,1
spatial_id,g0042_0020,1
spatial_id,g0042_0028,1
spatial_id,g0042_0037,10
spatial_id,g0042_0038,2
spatial_id,g0042_0048,1
spatial_id,g0042_0049,2
spatial_id,g0042_0052,3
spatial_id,g0042_0053,10
spatial_id,g0042_0054,2
spatial_id,g0042_0055,17
spatial_id,g0042_0057,222
spatial_id,g0042_0058,194
spatial_id,g0042_0059,1
spatial_id,g0042_0060,56
spatial_id,g0042_0061,14
spatial_id,g0042_0062,41
spatial_id,g0042_0063,59
spatial_id,g0042_0064,553
spatial_id,g0042_0065,611
spatial_id,g0042_0066,179
spatial_id,g0042_0067,463
spatial_id,g0042_0068,1497
spatial_id,g0042_0069,216
spatial_id,g0042_0070,390
spatial_id,g0042_0071,215
spatial_id,g0042_0072,363
spatial_id,g0042_0073,257
spatial_id,g0042_0074,2
spatial_id,g0042_0076,75
spatial_id,g0042_0077,53
spatial_id,g0042_0078,8
spatial_id,g0042_0081,1
spatial_id,g0042_0082,43
spatial_id,g0042_0083,1
spatial_id,g0042_0084,24
spatial_id,g0042_0085,13
spatial_id,g0042_0087,2
spatial_id,g0042_0088,4
spatial_id,g0042_0089,23
spatial_id,g0042_0090,72
spatial_id,g0042_0091,1
spatial_id,g0042_0098,43
spatial_id,g0042_0099,5
spatial_id,g0042_0100,16
spatial_id,g0042_0101,1
spatial_id,g0042_0105,2
spatial_id,g0042_0106,1
spatial_id,g0042_0115,2
spatial_id,g0042_0121,10
spatial_id,g0042_0122,8
spatial_id,g0042_0123,1
spatial_id,g0043_0037,12
spatial_id,g0043_0048,1
spatial_id,g0043_0052,2
spatial_id,g0043_0054,5
spatial_id,g0043_0055,40
spatial_id,g0043_0056,69
spatial_id,g0043_0057,49
spatial_id,g0043_0058,174
spatial_id,g0043_0059,161
spatial_id,g0043_0060,15
spatial_id,g0043_0062,1
spatial_id,g0043_0063,10
spatial_id,g0043_0064,418
spatial_id,g0043_0065,255
spatial_id,g0043_0066,62
spatial_id,g0043_0067,162
spatial_id,g0043_0068,388
spatial_id,g0043_0069,26
spatial_id,g0043_0070,388
spatial_id,g0043_0071,473
spatial_id,g0043_0072,17
spatial_id,g0043_0073,197
spatial_id,g0043_0074,2
spatial_id,g0043_0075,1
spatial_id,g0043_0076,122
spatial_id,g0043_0077,25
spatial_id,g0043_0078,68
spatial_id,g0043_0079,27
spatial_id,g0043_0082,224
spatial_id,g0043_0083,53
spatial_id,g0043_0090,38
spatial_id,g0043_0097,24
spatial_id,g0043_0098,141
spatial_id,g0043_0099,22
spatial_id,g0043_0100,3
spatial_id,g0043_0106,1
spatial_id,g0043_0115,1
spatial_id,g0043_0119,4
spatial_id,g0043_0120,87
spatial_id,g0043_0121,2
spatial_id,g0043_0123,3
spatial_id,g0043_0124,1
spatial_id,g0044_0037,7
spatial_id,g0044_0042,2
spatial_id,g0044_0044,1
spatial_id,g0044_0045,1
spatial_id,g0044_0046,1
spatial_id,g0044_0054,88
spatial_id,g0044_0055,115
spatial_id,g0044_0056,59
spatial_id,g0044_0057,109
spatial_id,g0044_0058,718
spatial_id,g0044_0059,369
spatial_id,g0044_0060,170
spatial_id,g0044_0061,61
spatial_id,g0044_0062,249
spatial_id,g0044_0063,45
spatial_id,g0044_0064,575
spatial_id,g0044_0065,951
spatial_id,g0044_0066,632
spatial_id,g0044_0067,881
spatial_id,g0044_0068,2007
spatial_id,g0044_0069,268
spatial_id,g0044_0070,768
spatial_id,g0044_0071,1249
spatial_id,g0044_0072,681
spatial_id,g0044_0073,54
spatial_id,g0044_0076,198
spatial_id,g0044_0077,20
spatial_id,g0044_0078,14
spatial_id,g0044_0079,1
spatial_id,g0044_0082,112
spatial_id,g0044_0083,4
spatial_id,g0044_0089,41
spatial_id,g0044_0090,41
spatial_id,g0044_0091,14
spatial_id,g0044_0092,44
spatial_id,g0044_0093,42
spatial_id,g0044_0094,30
spatial_id,g0044_0095,222
spatial_id,g0044_0096,35
spatial_id,g0044_0097,50
spatial_id,g0044_0100,4
spatial_id,g0044_0105,2
spatial_id,g0044_0106,3
spatial_id,g0044_0107,5
spatial_id,g0044_0115,1
spatial_id,g0044_0116,90
spatial_id,g0044_0117,93
spatial_id,g0044_0118,36
spatial_id,g0044_0119,19
spatial_id,g0044_0120,4
spatial_id,g0045_0020,1
spatial_id,g0045_0037,30
spatial_id,g0045_0048,1
spatial_id,g0045_0052,8
spatial_id,g0045_0054,59
spatial_id,g0045_0058,138
spatial_id,g0045_0059,123
spatial_id,g0045_0060,223
spatial_id,g0045_0061,8
spatial_id,g0045_0062,459
spatial_id,g0045_0063,752
spatial_id,g0045_0064,794
spatial_id,g0045_0065,1187
spatial_id,g0045_0066,1808
spatial_id,g0045_0067,1227
spatial_id,g0045_0068,3028
spatial_id,g0045_0069,722
spatial_id,g0045_0070,1273
spatial_id,g0045_0071,882
spatial_id,g0045_0072,1093
spatial_id,g0045_0073,639
spatial_id,g0045_0074,685
spatial_id,g0045_0075,871
spatial_id,g0045_0076,1634
spatial_id,g0045_0077,569
spatial_id,g0045_0078,142
spatial_id,g0045_0079,196
spatial_id,g0045_0080,497
spatial_id,g0045_0081,317
spatial_id,g0045_0082,201
spatial_id,g0045_0089,183
spatial_id,g0045_0090,121
spatial_id,g0045_0091,4
spatial_id,g0045_0093,58
spatial_id,g0045_0094,4
spatial_id,g0045_0095,306
spatial_id,g0045_0096,73
spatial_id,g0045_0099,3
spatial_id,g0045_0103,1
spatial_id,g0045_0104,3
spatial_id,g0045_0105,6
spatial_id,g0045_0107,2
spatial_id,g0045_0108,1
spatial_id,g0045_0114,5
spatial_id,g0045_0115,130
spatial_id,g0045_0116,22
spatial_id,g0045_0117,1
spatial_id,g0045_0118,1
spatial_id,g0045_0120,1
spatial_id,g0045_0121,2
spatial_id,g0045_0130,2
spatial_id,g0046_0037,16
spatial_id,g0046_0050,2
spatial_id,g0046_0051,1
spatial_id,g0046_0052,14
spatial_id,g0046_0053,3
spatial_id,g0046_0054,128
spatial_id,g0046_0055,94
spatial_id,g0046_0056,2
spatial_id,g0046_0058,100
spatial_id,g0046_0059,206
spatial_id,g0046_0060,1383
spatial_id,g0046_0061,1013
spatial_id,g0046_0062,912
spatial_id,g0046_0063,1
spatial_id,g0046_0064,232
spatial_id,g0046_0065,468
spatial_id,g0046_0066,687
spatial_id,g0046_0068,974
spatial_id,g0046_0069,4
spatial_id,g0046_0070,205
spatial_id,g0046_0071,694
spatial_id,g0046_0072,639
spatial_id,g0046_0073,206
spatial_id,g0046_0074,75
spatial_id,g0046_0075,163
spatial_id,g0046_0076,912
spatial_id,g0046_0077,139
spatial_id,g0046_0078,1008
spatial_id,g0046_0079,626
spatial_id,g0046_0080,246
spatial_id,g0046_0081,220
spatial_id,g0046_0082,348
spatial_id,g0046_0084,6
spatial_id,g0046_0085,3
spatial_id,g0046_0086,4
spatial_id,g0046_0089,125
spatial_id,g0046_0091,50
spatial_id,g0046_0092,14
spatial_id,g0046_0093,129
spatial_id,g0046_0094,327
spatial_id,g0046_0095,153
spatial_id,g0046_0096,75
spatial_id,g0046_0099,1
spatial_id,g0046_0108,8
spatial_id,g0046_0113,8
spatial_id,g0046_0114,36
spatial_id,g0046_0116,1
spatial_id,g0046_0117,1
spatial_id,g0046_0121,2
spatial_id,g0046_0126,1
spatial_id,g0046_0127,1
spatial_id,g0047_0038,20
spatial_id,g0047_0040,4
spatial_id,g0047_0041,3
spatial_id,g0047_0042,21
spatial_id,g0047_0044,2
spatial_id,g0047_0045,10
spatial_id,g0047_0049,48
spatial_id,g0047_0050,49
spatial_id,g0047_0051,23
spatial_id,g0047_0052,483
spatial_id,g0047_0053,1209
spatial_id,g0047_0054,922
spatial_id,g0047_0055,857
spatial_id,g0047_0056,962
spatial_id,g0047_0057,972
spatial_id,g0047_0058,1048
spatial_id,g0047_0059,789
spatial_id,g0047_0060,250
spatial_id,g0047_0061,273
spatial_id,g0047_0062,11
spatial_id,g0047_0063,19
spatial_id,g0047_0064,141
spatial_id,g0047_0065,711
spatial_id,g0047_0066,1048
spatial_id,g0047_0067,357
spatial_id,g0047_0068,2378
spatial_id,g0047_0069,586
spatial_id,g0047_0070,619
spatial_id,g0047_0071,1951
spatial_id,g0047_0072,607
spatial_id,g0047_0073,275
spatial_id,g0047_0074,7
spatial_id,g0047_0075,125
spatial_id,g0047_0076,414
spatial_id,g0047_0077,267
spatial_id,g0047_0078,412
spatial_id,g0047_0079,994
spatial_id,g0047_0080,398
spatial_id,g0047_0081,97
spatial_id,g0047_0082,97
spatial_id,g0047_0083,291
spatial_id,g0047_0084,5
spatial_id,g0047_0085,5
spatial_id,g0047_0086,8
spatial_id,g0047_0087,15
spatial_id,g0047_0088,98
spatial_id,g0047_0089,173
spatial_id,g0047_0090,18
spatial_id,g0047_0091,99
spatial_id,g0047_0092,340
spatial_id,g0047_0093,798
spatial_id,g0047_0095,3
spatial_id,g0047_0096,24
spatial_id,g0047_0097,3
spatial_id,g0047_0100,5
spatial_id,g0047_0103,4
spatial_id,g0047_0104,2
spatial_id,g0047_0112,3
spatial_id,g0047_0113,62
spatial_id,g0047_0121,1
spatial_id,g0047_0123,1
spatial_id,g0047_0131,1
spatial_id,g0048_0019,1
spatial_id,g0048_0021,3
spatial_id,g0048_0038,5
spatial_id,g0048_0039,23
spatial_id,g0048_0040,56
spatial_id,g0048_0041,13
spatial_id,g0048_0042,10
spatial_id,g0048_0043,26
spatial_id,g0048_0044,28
spatial_id,g0048_0045,21
spatial_id,g0048_0046,23
spatial_id,g0048_0047,68
spatial_id,g0048_0048,48
spatial_id,g0048_0049,123
spatial_id,g0048_0050,167
spatial_id,g0048_0051,761
spatial_id,g0048_0052,762
spatial_id,g0048_0053,408
spatial_id,g0048_0054,35
spatial_id,g0048_0055,166
spatial_id,g0048_0056,16
spatial_id,g0048_0057,194
spatial_id,g0048_0058,695
spatial_id,g0048_0059,62
spatial_id,g0048_0060,10
spatial_id,g0048_0061,397
spatial_id,g0048_0062,2
spatial_id,g0048_0063,1
spatial_id,g0048_0064,60
spatial_id,g0048_0065,400
spatial_id,g0048_0066,105
spatial_id,g0048_0068,1087
spatial_id,g0048_0069,369
spatial_id,g0048_0070,150
spatial_id,g0048_0071,1751
spatial_id,g0048_0072,499
spatial_id,g0048_0073,628
spatial_id,g0048_0074,40
spatial_id,g0048_0075,297
spatial_id,g0048_0076,696
spatial_id,g0048_0077,930
spatial_id,g0048_0078,220
spatial_id,g0048_0079,2237
spatial_id,g0048_0080,163
spatial_id,g0048_0081,60
spatial_id,g0048_0082,13
spatial_id,g0048_0083,60
spatial_id,g0048_0084,280
spatial_id,g0048_0085,8
spatial_id,g0048_0086,11
spatial_id,g0048_0087,109
spatial_id,g0048_0088,485
spatial_id,g0048_0089,467
spatial_id,g0048_0090,351
spatial_id,g0048_0091,210
spatial_id,g0048_0092,6
spatial_id,g0048_0093,18
spatial_id,g0048_0094,40
spatial_id,g0048_0095,11
spatial_id,g0048_0096,69
spatial_id,g0048_0097,3
spatial_id,g0048_0098,6
spatial_id,g0048_0100,17
spatial_id,g0048_0101,4
spatial_id,g0048_0102,24
spatial_id,g0048_0103,4
spatial_id,g0048_0109,2
spatial_id,g0048_0111,17
spatial_id,g0048_0112,41
spatial_id,g0048_0113,2
spatial_id,g0048_0121,6
spatial_id,g0049_0013,1
spatial_id,g0049_0014,1
spatial_id,g0049_0016,2
spatial_id,g0049_0039,80
spatial_id,g0049_0046,4
spatial_id,g0049_0051,340
spatial_id,g0049_0052,27
spatial_id,g0049_0053,345
spatial_id,g0049_0054,133
spatial_id,g0049_0055,71
spatial_id,g0049_0056,291
spatial_id,g0049_0057,788
spatial_id,g0049_0058,1100
spatial_id,g0049_0059,1180
spatial_id,g0049_0060,186
spatial_id,g0049_0061,839
spatial_id,g0049_0062,465
spatial_id,g0049_0063,225
spatial_id,g0049_0064,1264
spatial_id,g0049_0065,1552
spatial_id,g0049_0066,1060
spatial_id,g0049_0067,347
spatial_id,g0049_0068,2824
spatial_id,g0049_0069,1006
spatial_id,g0049_0070,1279
spatial_id,g0049_0071,1392
spatial_id,g0049_0072,184
spatial_id,g0049_0073,563
spatial_id,g0049_0074,267
spatial_id,g0049_0075,367
spatial_id,g0049_0076,803
spatial_id,g0049_0077,853
spatial_id,g0049_0078,112
spatial_id,g0049_0079,830
spatial_id,g0049_0080,384
spatial_id,g0049_0081,445
spatial_id,g0049_0082,31
spatial_id,g0049_0083,24
spatial_id,g0049_0084,20
spatial_id,g0049_0085,226
spatial_id,g0049_0086,111
spatial_id,g0049_0087,660
spatial_id,g0049_0088,481
spatial_id,g0049_0091,7
spatial_id,g0049_0092,5
spatial_id,g0049_0094,232
spatial_id,g0049_0095,4
spatial_id,g0049_0096,40
spatial_id,g0049_0098,28
spatial_id,g0049_0099,13
spatial_id,g0049_0100,167
spatial_id,g0049_0103,2
spatial_id,g0049_0105,1
spatial_id,g0049_0106,1
spatial_id,g0049_0107,1
spatial_id,g0049_0109,39
spatial_id,g0049_0110,49
spatial_id,g0049_0111,7
spatial_id,g0049_0113,1
spatial_id,g0049_0122,2
spatial_id,g0050_0014,1
spatial_id,g0050_0021,1
spatial_id,g0050_0031,1
spatial_id,g0050_0033,1
spatial_id,g0050_0034,1
spatial_id,g0050_0040,12
spatial_id,g0050_0041,1
spatial_id,g0050_0043,1
spatial_id,g0050_0044,1
spatial_id,g0050_0048,1
spatial_id,g0050_0050,1
spatial_id,g0050_0051,187
spatial_id,g0050_0052,1
spatial_id,g0050_0053,167
spatial_id,g0050_0054,13
spatial_id,g0050_0055,1
spatial_id,g0050_0056,21
spatial_id,g0050_0057,298
spatial_id,g0050_0058,55
spatial_id,g0050_0059,703
spatial_id,g0050_0060,1
spatial_id,g0050_0061,1
spatial_id,g0050_0062,1006
spatial_id,g0050_0063,709
spatial_id,g0050_0064,849
spatial_id,g0050_0065,1029
spatial_id,g0050_0066,386
spatial_id,g0050_0067,224
spatial_id,g0050_0068,2789
spatial_id,g0050_0069,1670
spatial_id,g0050_0070,266
spatial_id,g0050_0071,2249
spatial_id,g0050_0072,706
spatial_id,g0050_0073,1549
spatial_id,g0050_0074,1019
spatial_id,g0050_0075,127
spatial_id,g0050_0076,1733
spatial_id,g0050_0077,37
spatial_id,g0050_0078,404
spatial_id,g0050_0079,1815
spatial_id,g0050_0080,895
spatial_id,g0050_0081,509
spatial_id,g0050_0082,559
spatial_id,g0050_0083,1023
spatial_id,g0050_0084,335
spatial_id,g0050_0085,1253
spatial_id,g0050_0086,564
spatial_id,g0050_0087,178
spatial_id,g0050_0088,198
spatial_id,g0050_0089,5
spatial_id,g0050_0092,6
spatial_id,g0050_0093,2
spatial_id,g0050_0094,175
spatial_id,g0050_0096,37
spatial_id,g0050_0097,1
spatial_id,g0050_0098,149
spatial_id,g0050_0099,211
spatial_id,g0050_0100,47
spatial_id,g0050_0101,63
spatial_id,g0050_0102,3
spatial_id,g0050_0105,5
spatial_id,g0050_0106,29
spatial_id,g0050_0108,73
spatial_id,g0050_0109,30
spatial_id,g0050_0113,1
spatial_id,g0050_0120,1
spatial_id,g0050_0121,1
spatial_id,g0050_0123,2
spatial_id,g0050_0126,3
spatial_id,g0051_0021,1
spatial_id,g0051_0027,1
spatial_id,g0051_0031,1
spatial_id,g0051_0036,3
spatial_id,g0051_0040,5
spatial_id,g0051_0041,3
spatial_id,g0051_0042,1
spatial_id,g0051_0046,2
spatial_id,g0051_0047,2
spatial_id,g0051_0050,2
spatial_id,g0051_0051,100
spatial_id,g0051_0052,26
spatial_id,g0051_0053,62
spatial_id,g0051_0054,136
spatial_id,g0051_0055,87
spatial_id,g0051_0056,4
spatial_id,g0051_0057,397
spatial_id,g0051_0058,44
spatial_id,g0051_0059,1104
spatial_id,g0051_0060,12
spatial_id,g0051_0061,224
spatial_id,g0051_0062,2584
spatial_id,g0051_0063,1927
spatial_id,g0051_0064,2151
spatial_id,g0051_0065,3300
spatial_id,g0051_0066,2020
spatial_id,g0051_0067,2590
spatial_id,g0051_0068,5239
spatial_id,g0051_0069,3299
spatial_id,g0051_0070,2305
spatial_id,g0051_0071,4164
spatial_id,g0051_0072,2933
spatial_id,g0051_0073,3138
spatial_id,g0051_0074,2109
spatial_id,g0051_0075,3084
spatial_id,g0051_0076,3626
spatial_id,g0051_0077,2019
spatial_id,g0051_0078,2376
spatial_id,g0051_0079,2139
spatial_id,g0051_0080,3992
spatial_id,g0051_0081,1560
spatial_id,g0051_0082,1078
spatial_id,g0051_0083,1404
spatial_id,g0051_0084,1352
spatial_id,g0051_0085,2361
spatial_id,g0051_0086,125
spatial_id,g0051_0087,4
spatial_id,g0051_0088,89
spatial_id,g0051_0092,9
spatial_id,g0051_0093,1
spatial_id,g0051_0094,71
spatial_id,g0051_0095,1
spatial_id,g0051_0096,342
spatial_id,g0051_0097,360
spatial_id,g0051_0098,365
spatial_id,g0051_0099,59
spatial_id,g0051_0100,105
spatial_id,g0051_0101,22
spatial_id,g0051_0105,24
spatial_id,g0051_0106,101
spatial_id,g0051_0107,80
spatial_id,g0051_0108,4
spatial_id,g0051_0109,1
spatial_id,g0051_0113,1
spatial_id,g0052_0021,1
spatial_id,g0052_0027,1
spatial_id,g0052_0036,6
spatial_id,g0052_0037,1
spatial_id,g0052_0038,4
spatial_id,g0052_0039,7
spatial_id,g0052_0041,14
spatial_id,g0052_0042,16
spatial_id,g0052_0043,11
spatial_id,g0052_0044,13
spatial_id,g0052_0045,3
spatial_id,g0052_0046,21
spatial_id,g0052_0047,6
spatial_id,g0052_0048,65
spatial_id,g0052_0049,75
spatial_id,g0052_0050,185
spatial_id,g0052_0051,341
spatial_id,g0052_0052,137
spatial_id,g0052_0053,28
spatial_id,g0052_0054,115
spatial_id,g0052_0055,155
spatial_id,g0052_0056,14
spatial_id,g0052_0057,1065
spatial_id,g0052_0058,821
spatial_id,g0052_0059,2697
spatial_id,g0052_0060,1524
spatial_id,g0052_0061,1787
spatial_id,g0052_0062,1845
spatial_id,g0052_0063,3747
spatial_id,g0052_0064,681
spatial_id,g0052_0065,3493
spatial_id,g0052_0066,562
spatial_id,g0052_0067,999
spatial_id,g0052_0068,3126
spatial_id,g0052_0069,602
spatial_id,g0052_0070,25
spatial_id,g0052_0071,1726
spatial_id,g0052_0072,620
spatial_id,g0052_0073,987
spatial_id,g0052_0074,55
spatial_id,g0052_0075,1806
spatial_id,g0052_0076,392
spatial_id,g0052_0077,565
spatial_id,g0052_0078,15
spatial_id,g0052_0079,241
spatial_id,g0052_0080,1816
spatial_id,g0052_0081,185
spatial_id,g0052_0082,23
spatial_id,g0052_0083,926
spatial_id,g0052_0084,1489
spatial_id,g0052_0085,2856
spatial_id,g0052_0086,486
spatial_id,g0052_0087,454
spatial_id,g0052_0088,692
spatial_id,g0052_0089,384
spatial_id,g0052_0090,12
spatial_id,g0052_0092,161
spatial_id,g0052_0093,486
spatial_id,g0052_0094,521
spatial_id,g0052_0095,841
spatial_id,g0052_0096,758
spatial_id,g0052_0097,314
spatial_id,g0052_0098,67
spatial_id,g0052_0099,6
spatial_id,g0052_0100,127
spatial_id,g0052_0101,89
spatial_id,g0052_0103,1
spatial_id,g0052_0104,85
spatial_id,g0052_0105,466
spatial_id,g0052_0106,54
spatial_id,g0052_0108,1
spatial_id,g0052_0113,1
spatial_id,g0053_0026,2
spatial_id,g0053_0027,6
spatial_id,g0053_0028,1
spatial_id,g0053_0031,2
spatial_id,g0053_0036,10
spatial_id,g0053_0039,8
spatial_id,g0053_0040,3
spatial_id,g0053_0042,9
spatial_id,g0053_0043,1
spatial_id,g0053_0048,3
spatial_id,g0053_0050,12
spatial_id,g0053_0051,97
spatial_id,g0053_0052,4
spatial_id,g0053_0053,12
spatial_id,g0053_0054,616
spatial_id,g0053_0055,306
spatial_id,g0053_0056,689
spatial_id,g0053_0057,456
spatial_id,g0053_0058,18
spatial_id,g0053_0059,532
spatial_id,g0053_0060,182
spatial_id,g0053_0061,418
spatial_id,g0053_0062,1118
spatial_id,g0053_0063,2875
spatial_id,g0053_0064,2168
spatial_id,g0053_0065,6055
spatial_id,g0053_0066,2926
spatial_id,g0053_0067,1626
spatial_id,g0053_0068,4583
spatial_id,g0053_0069,21
spatial_id,g0053_0071,1357
spatial_id,g0053_0072,1169
spatial_id,g0053_0073,1228
spatial_id,g0053_0074,169
spatial_id,g0053_0075,1371
spatial_id,g0053_0076,172
spatial_id,g0053_0077,199
spatial_id,g0053_0078,771
spatial_id,g0053_0079,677
spatial_id,g0053_0080,276
spatial_id,g0053_0081,4554
spatial_id,g0053_0082,1766
spatial_id,g0053_0083,2953
spatial_id,g0053_0084,1995
spatial_id,g0053_0085,1837
spatial_id,g0053_0086,25
spatial_id,g0053_0087,537
spatial_id,g0053_0088,91
spatial_id,g0053_0089,5
spatial_id,g0053_0090,221
spatial_id,g0053_0091,602
spatial_id,g0053_0092,348
spatial_id,g0053_0093,3
spatial_id,g0053_0095,93
spatial_id,g0053_0096,311
spatial_id,g0053_0097,76
spatial_id,g0053_0098,52
spatial_id,g0053_0099,95
spatial_id,g0053_0100,6
spatial_id,g0053_0101,13
spatial_id,g0053_0102,129
spatial_id,g0053_0103,393
spatial_id,g0053_0104,421
spatial_id,g0053_0105,295
spatial_id,g0053_0106,76
spatial_id,g0053_0107,32
spatial_id,g0053_0108,7
spatial_id,g0053_0112,1
spatial_id,g0053_0113,2
spatial_id,g0054_0001,1
spatial_id,g0054_0002,1
spatial_id,g0054_0003,1
spatial_id,g0054_0004,4
spatial_id,g0054_0005,3
spatial_id,g0054_0006,1
spatial_id,g0054_0007,4
spatial_id,g0054_0008,2
spatial_id,g0054_0009,5
spatial_id,g0054_0010,1
spatial_id,g0054_0011,2
spatial_id,g0054_0012,5
spatial_id,g0054_0013,2
spatial_id,g0054_0014,14
spatial_id,g0054_0015,9
spatial_id,g0054_0016,7
spatial_id,g0054_0017,7
spatial_id,g0054_0018,4
spatial_id,g0054_0021,1
spatial_id,g0054_0022,6
spatial_id,g0054_0025,4
spatial_id,g0054_0027,1
spatial_id,g0054_0028,9
spatial_id,g0054_0029,11
spatial_id,g0054_0030,18
spatial_id,g0054_0031,9
spatial_id,g0054_0032,8
spatial_id,g0054_0033,20
spatial_id,g0054_0034,11
spatial_id,g0054_0036,1
spatial_id,g0054_0037,3
spatial_id,g0054_0038,8
spatial_id,g0054_0039,14
spatial_id,g0054_0042,1
spatial_id,g0054_0043,37
spatial_id,g0054_0045,1
spatial_id,g0054_0046,3
spatial_id,g0054_0048,12
spatial_id,g0054_0050,24
spatial_id,g0054_0051,130
spatial_id,g0054_0053,24
spatial_id,g0054_0054,422
spatial_id,g0054_0055,1078
spatial_id,g0054_0057,45
spatial_id,g0054_0058,8
spatial_id,g0054_0059,649
spatial_id,g0054_0060,94
spatial_id,g0054_0061,470
spatial_id,g0054_0062,976
spatial_id,g0054_0063,1744
spatial_id,g0054_0064,3007
spatial_id,g0054_0065,4374
spatial_id,g0054_0066,1311
spatial_id,g0054_0067,119
spatial_id,g0054_0068,2693
spatial_id,g0054_0069,5
spatial_id,g0054_0071,1784
spatial_id,g0054_0072,1593
spatial_id,g0054_0073,2071
spatial_id,g0054_0074,1462
spatial_id,g0054_0075,3752
spatial_id,g0054_0076,1709
spatial_id,g0054_0077,1712
spatial_id,g0054_0078,1900
spatial_id,g0054_0079,2231
spatial_id,g0054_0080,720
spatial_id,g0054_0081,4482
spatial_id,g0054_0082,973
spatial_id,g0054_0083,1656
spatial_id,g0054_0084,1145
spatial_id,g0054_0085,1554
spatial_id,g0054_0086,252
spatial_id,g0054_0087,508
spatial_id,g0054_0088,35
spatial_id,g0054_0089,1
spatial_id,g0054_0090,3
spatial_id,g0054_0091,118
spatial_id,g0054_0093,10
spatial_id,g0054_0094,1
spatial_id,g0054_0095,34
spatial_id,g0054_0096,398
spatial_id,g0054_0097,107
spatial_id,g0054_0098,17
spatial_id,g0054_0099,164
spatial_id,g0054_0100,267
spatial_id,g0054_0101,185
spatial_id,g0054_0102,314
spatial_id,g0054_0103,71
spatial_id,g0054_0104,51
spatial_id,g0054_0105,267
spatial_id,g0054_0106,85
spatial_id,g0054_0107,48
spatial_id,g0054_0108,4
spatial_id,g0054_0109,2
spatial_id,g0054_0114,5
spatial_id,g0054_0117,1
spatial_id,g0054_0126,2
spatial_id,g0055_0019,9
spatial_id,g0055_0020,35
spatial_id,g0055_0021,4
spatial_id,g0055_0022,12
spatial_id,g0055_0023,6
spatial_id,g0055_0024,1
spatial_id,g0055_0025,9
spatial_id,g0055_0026,3
spatial_id,g0055_0027,13
spatial_id,g0055_0028,61
spatial_id,g0055_0029,61
spatial_id,g0055_0030,58
spatial_id,g0055_0031,20
spatial_id,g0055_0032,27
spatial_id,g0055_0033,75
spatial_id,g0055_0034,44
spatial_id,g0055_0035,14
spatial_id,g0055_0036,31
spatial_id,g0055_0037,7
spatial_id,g0055_0038,36
spatial_id,g0055_0039,79
spatial_id,g0055_0040,74
spatial_id,g0055_0041,30
spatial_id,g0055_0042,32
spatial_id,g0055_0043,27
spatial_id,g0055_0044,44
spatial_id,g0055_0046,2
spatial_id,g0055_0047,13
spatial_id,g0055_0048,27
spatial_id,g0055_0049,25
spatial_id,g0055_0050,5
spatial_id,g0055_0051,140
spatial_id,g0055_0053,2
spatial_id,g0055_0054,122
spatial_id,g0055_0055,1256
spatial_id,g0055_0056,3
spatial_id,g0055_0057,5
spatial_id,g0055_0058,51
spatial_id,g0055_0059,1331
spatial_id,g0055_0060,134
spatial_id,g0055_0061,241
spatial_id,g0055_0062,42
spatial_id,g0055_0063,676
spatial_id,g0055_0064,1400
spatial_id,g0055_0065,3158
spatial_id,g0055_0066,1544
spatial_id,g0055_0067,1085
spatial_id,g0055_0068,2418
spatial_id,g0055_0069,11
spatial_id,g0055_0071,1312
spatial_id,g0055_0072,1310
spatial_id,g0055_0073,1800
spatial_id,g0055_0074,1339
spatial_id,g0055_0075,2390
spatial_id,g0055_0076,30
spatial_id,g0055_0077,9
spatial_id,g0055_0078,449
spatial_id,g0055_0079,478
spatial_id,g0055_0080,12
spatial_id,g0055_0081,3071
spatial_id,g0055_0082,460
spatial_id,g0055_0083,2393
spatial_id,g0055_0084,998
spatial_id,g0055_0085,2365
spatial_id,g0055_0086,569
spatial_id,g0055_0087,2111
spatial_id,g0055_0088,17
spatial_id,g0055_0089,1
spatial_id,g0055_0090,16
spatial_id,g0055_0091,61
spatial_id,g0055_0093,2
spatial_id,g0055_0094,6
spatial_id,g0055_0095,38
spatial_id,g0055_0096,224
spatial_id,g0055_0097,172
spatial_id,g0055_0098,188
spatial_id,g0055_0099,115
spatial_id,g0055_0100,691
spatial_id,g0055_0101,711
spatial_id,g0055_0102,4
spatial_id,g0055_0103,23
spatial_id,g0055_0104,10
spatial_id,g0055_0105,34
spatial_id,g0055_0106,200
spatial_id,g0055_0107,131
spatial_id,g0055_0108,1
spatial_id,g0055_0112,4
spatial_id,g0055_0113,1
spatial_id,g0055_0114,4
spatial_id,g0055_0120,1
spatial_id,g0055_0126,1
spatial_id,g0056_0004,1
spatial_id,g0056_0023,4
spatial_id,g0056_0024,9
spatial_id,g0056_0025,9
spatial_id,g0056_0026,55
spatial_id,g0056_0027,36
spatial_id,g0056_0028,51
spatial_id,g0056_0029,67
spatial_id,g0056_0030,38
spatial_id,g0056_0031,63
spatial_id,g0056_0032,17
spatial_id,g0056_0033,42
spatial_id,g0056_0034,44
spatial_id,g0056_0036,1
spatial_id,g0056_0038,26
spatial_id,g0056_0039,16
spatial_id,g0056_0040,3
spatial_id,g0056_0042,36
spatial_id,g0056_0043,33
spatial_id,g0056_0044,63
spatial_id,g0056_0045,44
spatial_id,g0056_0046,22
spatial_id,g0056_0047,29
spatial_id,g0056_0048,36
spatial_id,g0056_0049,163
spatial_id,g0056_0050,37
spatial_id,g0056_0051,185
spatial_id,g0056_0054,8
spatial_id,g0056_0055,1002
spatial_id,g0056_0056,1
spatial_id,g0056_0057,27
spatial_id,g0056_0058,91
spatial_id,g0056_0059,1526
spatial_id,g0056_0060,321
spatial_id,g0056_0061,822
spatial_id,g0056_0062,459
spatial_id,g0056_0063,1629
spatial_id,g0056_0064,2095
spatial_id,g0056_0065,2232
spatial_id,g0056_0066,67
spatial_id,g0056_0067,1184
spatial_id,g0056_0068,3304
spatial_id,g0056_0069,2912
spatial_id,g0056_0070,1528
spatial_id,g0056_0071,2393
spatial_id,g0056_0072,1722
spatial_id,g0056_0073,848
spatial_id,g0056_0074,1017
spatial_id,g0056_0075,935
spatial_id,g0056_0076,21
spatial_id,g0056_0077,579
spatial_id,g0056_0078,1133
spatial_id,g0056_0079,1890
spatial_id,g0056_0080,1430
spatial_id,g0056_0081,3979
spatial_id,g0056_0082,781
spatial_id,g0056_0083,2119
spatial_id,g0056_0084,99
spatial_id,g0056_0085,870
spatial_id,g0056_0086,283
spatial_id,g0056_0087,2315
spatial_id,g0056_0088,1075
spatial_id,g0056_0089,219
spatial_id,g0056_0090,94
spatial_id,g0056_0092,1
spatial_id,g0056_0093,9
spatial_id,g0056_0094,45
spatial_id,g0056_0095,214
spatial_id,g0056_0096,379
spatial_id,g0056_0097,402
spatial_id,g0056_0098,374
spatial_id,g0056_0099,170
spatial_id,g0056_0100,12
spatial_id,g0056_0101,267
spatial_id,g0056_0102,18
spatial_id,g0056_0103,38
spatial_id,g0056_0104,97
spatial_id,g0056_0105,127
spatial_id,g0056_0106,50
spatial_id,g0056_0107,57
spatial_id,g0056_0108,18
spatial_id,g0056_0109,6
spatial_id,g0056_0110,2
spatial_id,g0056_0111,2
spatial_id,g0056_0114,1
spatial_id,g0056_0120,1
spatial_id,g0057_0013,1
spatial_id,g0057_0024,2
spatial_id,g0057_0025,28
spatial_id,g0057_0026,173
spatial_id,g0057_0027,28
spatial_id,g0057_0028,14
spatial_id,g0057_0029,155
spatial_id,g0057_0030,115
spatial_id,g0057_0031,304
spatial_id,g0057_0032,102
spatial_id,g0057_0033,69
spatial_id,g0057_0034,79
spatial_id,g0057_0035,226
spatial_id,g0057_0036,285
spatial_id,g0057_0037,74
spatial_id,g0057_0038,221
spatial_id,g0057_0039,299
spatial_id,g0057_0040,125
spatial_id,g0057_0041,9
spatial_id,g0057_0042,19
spatial_id,g0057_0043,13
spatial_id,g0057_0044,49
spatial_id,g0057_0045,376
spatial_id,g0057_0046,327
spatial_id,g0057_0047,274
spatial_id,g0057_0048,270
spatial_id,g0057_0049,872
spatial_id,g0057_0050,214
spatial_id,g0057_0051,445
spatial_id,g0057_0052,91
spatial_id,g0057_0053,36
spatial_id,g0057_0054,472
spatial_id,g0057_0055,1315
spatial_id,g0057_0056,4
spatial_id,g0057_0057,49
spatial_id,g0057_0058,30
spatial_id,g0057_0059,497
spatial_id,g0057_0060,87
spatial_id,g0057_0061,118
spatial_id,g0057_0062,332
spatial_id,g0057_0063,790
spatial_id,g0057_0064,2884
spatial_id,g0057_0065,2657
spatial_id,g0057_0066,2169
spatial_id,g0057_0067,1687
spatial_id,g0057_0068,2263
spatial_id,g0057_0069,2826
spatial_id,g0057_0070,1862
spatial_id,g0057_0071,3217
spatial_id,g0057_0072,1809
spatial_id,g0057_0073,2492
spatial_id,g0057_0074,1419
spatial_id,g0057_0075,1808
spatial_id,g0057_0076,249
spatial_id,g0057_0077,754
spatial_id,g0057_0078,12
spatial_id,g0057_0079,714
spatial_id,g0057_0080,623
spatial_id,g0057_0081,2236
spatial_id,g0057_0082,24
spatial_id,g0057_0083,1625
spatial_id,g0057_0084,152
spatial_id,g0057_0085,1651
spatial_id,g0057_0086,277
spatial_id,g0057_0087,1396
spatial_id,g0057_0088,1078
spatial_id,g0057_0089,21
spatial_id,g0057_0090,419
spatial_id,g0057_0091,108
spatial_id,g0057_0092,36
spatial_id,g0057_0093,2
spatial_id,g0057_0094,18
spatial_id,g0057_0095,360
spatial_id,g0057_0096,509
spatial_id,g0057_0097,1522
spatial_id,g0057_0098,1
spatial_id,g0057_0099,8
spatial_id,g0057_0100,2
spatial_id,g0057_0101,66
spatial_id,g0057_0102,167
spatial_id,g0057_0103,13
spatial_id,g0057_0104,3
spatial_id,g0057_0105,22
spatial_id,g0057_0106,25
spatial_id,g0057_0107,13
spatial_id,g0057_0108,26
spatial_id,g0057_0109,1
spatial_id,g0057_0114,2
spatial_id,g0057_0126,1
spatial_id,g0058_0015,1
spatial_id,g0058_0023,9
spatial_id,g0058_0024,6
spatial_id,g0058_0025,15
spatial_id,g0058_0026,44
spatial_id,g0058_0027,86
spatial_id,g0058_0028,66
spatial_id,g0058_0029,66
spatial_id,g0058_0030,12
spatial_id,g0058_0031,13
spatial_id,g0058_0032,4
spatial_id,g0058_0033,5
spatial_id,g0058_0034,9
spatial_id,g0058_0035,23
spatial_id,g0058_0036,2
spatial_id,g0058_0040,32
spatial_id,g0058_0041,289
spatial_id,g0058_0042,380
spatial_id,g0058_0043,308
spatial_id,g0058_0044,230
spatial_id,g0058_0045,44
spatial_id,g0058_0046,1
spatial_id,g0058_0048,5
spatial_id,g0058_0049,75
spatial_id,g0058_0050,309
spatial_id,g0058_0051,686
spatial_id,g0058_0052,327
spatial_id,g0058_0053,338
spatial_id,g0058_0054,901
spatial_id,g0058_0055,1625
spatial_id,g0058_0056,656
spatial_id,g0058_0057,1228
spatial_id,g0058_0058,781
spatial_id,g0058_0059,2342
spatial_id,g0058_0060,1816
spatial_id,g0058_0061,3061
spatial_id,g0058_0062,2031
spatial_id,g0058_0063,2545
spatial_id,g0058_0064,5115
spatial_id,g0058_0065,3401
spatial_id,g0058_0066,2790
spatial_id,g0058_0067,721
spatial_id,g0058_0068,1493
spatial_id,g0058_0069,1350
spatial_id,g0058_0070,1131
spatial_id,g0058_0071,1031
spatial_id,g0058_0072,784
spatial_id,g0058_0073,1524
spatial_id,g0058_0074,579
spatial_id,g0058_0075,2960
spatial_id,g0058_0076,1399
spatial_id,g0058_0077,1089
spatial_id,g0058_0078,775
spatial_id,g0058_0079,1842
spatial_id,g0058_0080,70
spatial_id,g0058_0081,2235
spatial_id,g0058_0082,374
spatial_id,g0058_0083,1503
spatial_id,g0058_0084,12
spatial_id,g0058_0085,1423
spatial_id,g0058_0086,50
spatial_id,g0058_0087,437
spatial_id,g0058_0088,278
spatial_id,g0058_0089,116
spatial_id,g0058_0090,325
spatial_id,g0058_0091,59
spatial_id,g0058_0092,216
spatial_id,g0058_0093,271
spatial_id,g0058_0094,790
spatial_id,g0058_0095,1746
spatial_id,g0058_0096,268
spatial_id,g0058_0097,136
spatial_id,g0058_0098,2
spatial_id,g0058_0099,2
spatial_id,g0058_0102,211
spatial_id,g0058_0103,43
spatial_id,g0058_0104,7
spatial_id,g0058_0105,13
spatial_id,g0058_0106,41
spatial_id,g0058_0107,9
spatial_id,g0058_0108,12
spatial_id,g0058_0114,1
spatial_id,g0058_0132,1
spatial_id,g0059_0013,1
spatial_id,g0059_0021,2
spatial_id,g0059_0022,6
spatial_id,g0059_0026,20
spatial_id,g0059_0028,1
spatial_id,g0059_0030,13
spatial_id,g0059_0031,3
spatial_id,g0059_0034,2
spatial_id,g0059_0035,4
spatial_id,g0059_0038,1
spatial_id,g0059_0039,2
spatial_id,g0059_0042,38
spatial_id,g0059_0043,2
spatial_id,g0059_0047,1
spatial_id,g0059_0048,6
spatial_id,g0059_0051,192
spatial_id,g0059_0053,65
spatial_id,g0059_0054,468
spatial_id,g0059_0055,659
spatial_id,g0059_0056,14
spatial_id,g0059_0057,21
spatial_id,g0059_0058,320
spatial_id,g0059_0059,2398
spatial_id,g0059_0060,482
spatial_id,g0059_0061,1658
spatial_id,g0059_0062,1155
spatial_id,g0059_0063,939
spatial_id,g0059_0064,3733
spatial_id,g0059_0065,1633
spatial_id,g0059_0066,5732
spatial_id,g0059_0067,4474
spatial_id,g0059_0068,5926
spatial_id,g0059_0069,6043
spatial_id,g0059_0070,5523
spatial_id,g0059_0071,7191
spatial_id,g0059_0072,4837
spatial_id,g0059_0073,6897
spatial_id,g0059_0074,4798
spatial_id,g0059_0075,9312
spatial_id,g0059_0076,3529
spatial_id,g0059_0077,2054
spatial_id,g0059_0078,2186
spatial_id,g0059_0079,2555
spatial_id,g0059_0080,1169
spatial_id,g0059_0081,3637
spatial_id,g0059_0082,1234
spatial_id,g0059_0083,2701
spatial_id,g0059_0084,1322
spatial_id,g0059_0085,3471
spatial_id,g0059_0086,1029
spatial_id,g0059_0087,1870
spatial_id,g0059_0088,1354
spatial_id,g0059_0089,1119
spatial_id,g0059_0090,1282
spatial_id,g0059_0091,663
spatial_id,g0059_0092,771
spatial_id,g0059_0093,1524
spatial_id,g0059_0094,361
spatial_id,g0059_0095,352
spatial_id,g0059_0096,192
spatial_id,g0059_0097,20
spatial_id,g0059_0098,2
spatial_id,g0059_0099,2
spatial_id,g0059_0102,64
spatial_id,g0059_0103,8
spatial_id,g0059_0104,5
spatial_id,g0059_0106,35
spatial_id,g0059_0107,1
spatial_id,g0059_0108,16
spatial_id,g0059_0110,2
spatial_id,g0059_0114,1
spatial_id,g0060_0012,2
spatial_id,g0060_0013,1
spatial_id,g0060_0021,1
spatial_id,g0060_0026,7
spatial_id,g0060_0030,2
spatial_id,g0060_0035,1
spatial_id,g0060_0038,3
spatial_id,g0060_0039,1
spatial_id,g0060_0041,1
spatial_id,g0060_0042,78
spatial_id,g0060_0043,1
spatial_id,g0060_0046,1
spatial_id,g0060_0047,2
spatial_id,g0060_0048,10
spatial_id,g0060_0051,330
spatial_id,g0060_0052,39
spatial_id,g0060_0053,168
spatial_id,g0060_0054,1031
spatial_id,g0060_0055,573
spatial_id,g0060_0056,1149
spatial_id,g0060_0057,65
spatial_id,g0060_0058,100
spatial_id,g0060_0059,1990
spatial_id,g0060_0060,66
spatial_id,g0060_0061,884
spatial_id,g0060_0062,1123
spatial_id,g0060_0063,1214
spatial_id,g0060_0064,3441
spatial_id,g0060_0065,674
spatial_id,g0060_0066,3476
spatial_id,g0060_0067,952
spatial_id,g0060_0068,3167
spatial_id,g0060_0069,2977
spatial_id,g0060_0070,1244
spatial_id,g0060_0071,1268
spatial_id,g0060_0072,8
spatial_id,g0060_0073,1025
spatial_id,g0060_0074,894
spatial_id,g0060_0075,1429
spatial_id,g0060_0076,3200
spatial_id,g0060_0077,1035
spatial_id,g0060_0078,1956
spatial_id,g0060_0079,1331
spatial_id,g0060_0080,342
spatial_id,g0060_0081,2256
spatial_id,g0060_0082,5
spatial_id,g0060_0083,843
spatial_id,g0060_0084,1264
spatial_id,g0060_0085,1057
spatial_id,g0060_0086,2
spatial_id,g0060_0087,357
spatial_id,g0060_0088,21
spatial_id,g0060_0089,139
spatial_id,g0060_0090,77
spatial_id,g0060_0091,862
spatial_id,g0060_0092,536
spatial_id,g0060_0093,96
spatial_id,g0060_0095,145
spatial_id,g0060_0096,8
spatial_id,g0060_0097,20
spatial_id,g0060_0102,41
spatial_id,g0060_0103,1
spatial_id,g0060_0104,57
spatial_id,g0060_0105,6
spatial_id,g0060_0106,18
spatial_id,g0060_0107,14
spatial_id,g0060_0108,27
spatial_id,g0060_0127,1
spatial_id,g0061_0020,2
spatial_id,g0061_0026,6
spatial_id,g0061_0030,1
spatial_id,g0061_0036,2
spatial_id,g0061_0039,1
spatial_id,g0061_0042,47
spatial_id,g0061_0043,42
spatial_id,g0061_0044,3
spatial_id,g0061_0045,2
spatial_id,g0061_0046,9
spatial_id,g0061_0047,75
spatial_id,g0061_0048,6
spatial_id,g0061_0049,16
spatial_id,g0061_0050,6
spatial_id,g0061_0051,267
spatial_id,g0061_0052,188
spatial_id,g0061_0053,179
spatial_id,g0061_0054,1150
spatial_id,g0061_0055,1137
spatial_id,g0061_0056,1335
spatial_id,g0061_0057,1253
spatial_id,g0061_0058,1430
spatial_id,g0061_0059,4392
spatial_id,g0061_0060,1467
spatial_id,g0061_0061,2384
spatial_id,g0061_0062,2113
spatial_id,g0061_0063,2512
spatial_id,g0061_0064,4818
spatial_id,g0061_0065,1006
spatial_id,g0061_0066,3711
spatial_id,g0061_0067,805
spatial_id,g0061_0068,2278
spatial_id,g0061_0069,2899
spatial_id,g0061_0070,1558
spatial_id,g0061_0071,1708
spatial_id,g0061_0072,662
spatial_id,g0061_0073,2608
spatial_id,g0061_0074,905
spatial_id,g0061_0075,1768
spatial_id,g0061_0076,2188
spatial_id,g0061_0077,874
spatial_id,g0061_0078,614
spatial_id,g0061_0079,453
spatial_id,g0061_0080,12
spatial_id,g0061_0081,2436
spatial_id,g0061_0082,700
spatial_id,g0061_0083,2144
spatial_id,g0061_0084,1149
spatial_id,g0061_0085,1445
spatial_id,g0061_0086,562
spatial_id,g0061_0087,1646
spatial_id,g0061_0088,355
spatial_id,g0061_0089,1137
spatial_id,g0061_0090,904
spatial_id,g0061_0091,46
spatial_id,g0061_0092,71
spatial_id,g0061_0093,21
spatial_id,g0061_0095,36
spatial_id,g0061_0096,61
spatial_id,g0061_0097,6
spatial_id,g0061_0098,2
spatial_id,g0061_0100,1
spatial_id,g0061_0102,49
spatial_id,g0061_0104,4
spatial_id,g0061_0105,38
spatial_id,g0061_0106,30
spatial_id,g0061_0107,4
spatial_id,g0061_0108,13
spatial_id,g0061_0109,7
spatial_id,g0061_0110,15
spatial_id,g0061_0111,3
spatial_id,g0061_0114,1
spatial_id,g0061_0124,1
spatial_id,g0062_0018,2
spatial_id,g0062_0019,1
spatial_id,g0062_0026,1
spatial_id,g0062_0030,4
spatial_id,g0062_0031,4
spatial_id,g0062_0036,3
spatial_id,g0062_0037,3
spatial_id,g0062_0038,1
spatial_id,g0062_0043,17
spatial_id,g0062_0045,12
spatial_id,g0062_0046,7
spatial_id,g0062_0047,5
spatial_id,g0062_0049,1
spatial_id,g0062_0050,1
spatial_id,g0062_0051,446
spatial_id,g0062_0052,108
spatial_id,g0062_0053,68
spatial_id,g0062_0054,879
spatial_id,g0062_0055,1706
spatial_id,g0062_0056,1583
spatial_id,g0062_0057,399
spatial_id,g0062_0058,1289
spatial_id,g0062_0059,3598
spatial_id,g0062_0060,1538
spatial_id,g0062_0061,3249
spatial_id,g0062_0062,2970
spatial_id,g0062_0063,1645
spatial_id,g0062_0064,5598
spatial_id,g0062_0065,3065
spatial_id,g0062_0066,5785
spatial_id,g0062_0067,2077
spatial_id,g0062_0068,5297
spatial_id,g0062_0069,3391
spatial_id,g0062_0070,958
spatial_id,g0062_0071,2160
spatial_id,g0062_0072,470
spatial_id,g0062_0073,2477
spatial_id,g0062_0074,494
spatial_id,g0062_0075,1817
spatial_id,g0062_0076,1080
spatial_id,g0062_0077,6312
spatial_id,g0062_0078,1530
spatial_id,g0062_0079,2001
spatial_id,g0062_0080,922
spatial_id,g0062_0081,5212
spatial_id,g0062_0082,816
spatial_id,g0062_0083,2568
spatial_id,g0062_0084,1664
spatial_id,g0062_0085,2104
spatial_id,g0062_0086,946
spatial_id,g0062_0087,469
spatial_id,g0062_0088,997
spatial_id,g0062_0089,1030
spatial_id,g0062_0090,117
spatial_id,g0062_0091,264
spatial_id,g0062_0092,128
spatial_id,g0062_0093,37
spatial_id,g0062_0095,6
spatial_id,g0062_0096,9
spatial_id,g0062_0097,1
spatial_id,g0062_0100,2
spatial_id,g0062_0102,29
spatial_id,g0062_0106,16
spatial_id,g0062_0109,1
spatial_id,g0062_0111,9
spatial_id,g0062_0113,1
spatial_id,g0062_0114,3
spatial_id,g0062_0115,1
spatial_id,g0063_0018,1
spatial_id,g0063_0026,11
spatial_id,g0063_0027,3
spatial_id,g0063_0028,2
spatial_id,g0063_0031,1
spatial_id,g0063_0036,50
spatial_id,g0063_0037,13
spatial_id,g0063_0038,5
spatial_id,g0063_0039,6
spatial_id,g0063_0040,13
spatial_id,g0063_0041,6
spatial_id,g0063_0042,19
spatial_id,g0063_0043,123
spatial_id,g0063_0044,92
spatial_id,g0063_0045,113
spatial_id,g0063_0046,13
spatial_id,g0063_0047,30
spatial_id,g0063_0048,16
spatial_id,g0063_0049,19
spatial_id,g0063_0051,669
spatial_id,g0063_0052,338
spatial_id,g0063_0053,913
spatial_id,g0063_0054,825
spatial_id,g0063_0055,1596
spatial_id,g0063_0056,1073
spatial_id,g0063_0057,54
spatial_id,g0063_0058,1
spatial_id,g0063_0059,1364
spatial_id,g0063_0060,346
spatial_id,g0063_0061,1015
spatial_id,g0063_0062,670
spatial_id,g0063_0063,11
spatial_id,g0063_0064,2389
spatial_id,g0063_0065,584
spatial_id,g0063_0066,2068
spatial_id,g0063_0067,869
spatial_id,g0063_0068,2770
spatial_id,g0063_0069,1560
spatial_id,g0063_0070,310
spatial_id,g0063_0071,1831
spatial_id,g0063_0072,1022
spatial_id,g0063_0073,3079
spatial_id,g0063_0074,767
spatial_id,g0063_0075,880
spatial_id,g0063_0076,617
spatial_id,g0063_0077,5311
spatial_id,g0063_0078,1850
spatial_id,g0063_0079,2433
spatial_id,g0063_0080,1735
spatial_id,g0063_0081,4015
spatial_id,g0063_0082,963
spatial_id,g0063_0083,1551
spatial_id,g0063_0084,1787
spatial_id,g0063_0085,2098
spatial_id,g0063_0086,1863
spatial_id,g0063_0087,946
spatial_id,g0063_0088,648
spatial_id,g0063_0089,605
spatial_id,g0063_0090,188
spatial_id,g0063_0091,1
spatial_id,g0063_0092,2
spatial_id,g0063_0093,31
spatial_id,g0063_0095,3
spatial_id,g0063_0100,3
spatial_id,g0063_0101,2
spatial_id,g0063_0102,7
spatial_id,g0063_0106,3
spatial_id,g0063_0107,1
spatial_id,g0063_0108,1
spatial_id,g0063_0111,7
spatial_id,g0063_0114,1
spatial_id,g0064_0012,1
spatial_id,g0064_0017,2
spatial_id,g0064_0024,2
spatial_id,g0064_0025,1
spatial_id,g0064_0026,7
spatial_id,g0064_0032,14
spatial_id,g0064_0033,7
spatial_id,g0064_0034,7
spatial_id,g0064_0035,14
spatial_id,g0064_0036,20
spatial_id,g0064_0037,3
spatial_id,g0064_0039,1
spatial_id,g0064_0044,171
spatial_id,g0064_0045,17
spatial_id,g0064_0047,1
spatial_id,g0064_0049,1
spatial_id,g0064_0050,6
spatial_id,g0064_0051,646
spatial_id,g0064_0052,63
spatial_id,g0064_0053,544
spatial_id,g0064_0054,929
spatial_id,g0064_0055,990
spatial_id,g0064_0056,2018
spatial_id,g0064_0057,1129
spatial_id,g0064_0058,586
spatial_id,g0064_0059,998
spatial_id,g0064_0060,926
spatial_id,g0064_0061,462
spatial_id,g0064_0062,1705
spatial_id,g0064_0063,2033
spatial_id,g0064_0064,5567
spatial_id,g0064_0065,1095
spatial_id,g0064_0066,3801
spatial_id,g0064_0067,942
spatial_id,g0064_0068,2810
spatial_id,g0064_0069,552
spatial_id,g0064_0070,199
spatial_id,g0064_0071,1304
spatial_id,g0064_0072,10
spatial_id,g0064_0073,1263
spatial_id,g0064_0074,48
spatial_id,g0064_0075,23
spatial_id,g0064_0076,225
spatial_id,g0064_0077,2952
spatial_id,g0064_0078,341
spatial_id,g0064_0079,55
spatial_id,g0064_0080,1077
spatial_id,g0064_0081,2894
spatial_id,g0064_0082,1009
spatial_id,g0064_0083,2430
spatial_id,g0064_0084,787
spatial_id,g0064_0085,845
spatial_id,g0064_0086,1186
spatial_id,g0064_0087,24
spatial_id,g0064_0088,328
spatial_id,g0064_0089,275
spatial_id,g0064_0090,282
spatial_id,g0064_0091,10
spatial_id,g0064_0093,54
spatial_id,g0064_0094,2
spatial_id,g0064_0101,6
spatial_id,g0064_0102,28
spatial_id,g0064_0103,10
spatial_id,g0064_0105,1
spatial_id,g0064_0106,5
spatial_id,g0064_0108,2
spatial_id,g0064_0111,6
spatial_id,g0064_0123,2
spatial_id,g0064_0124,2
spatial_id,g0064_0127,5
spatial_id,g0065_0016,3
spatial_id,g0065_0026,5
spatial_id,g0065_0033,5
spatial_id,g0065_0036,3
spatial_id,g0065_0044,24
spatial_id,g0065_0045,54
spatial_id,g0065_0048,1
spatial_id,g0065_0049,1
spatial_id,g0065_0050,19
spatial_id,g0065_0051,427
spatial_id,g0065_0052,101
spatial_id,g0065_0053,88
spatial_id,g0065_0054,297
spatial_id,g0065_0055,1518
spatial_id,g0065_0056,3695
spatial_id,g0065_0057,2125
spatial_id,g0065_0058,2146
spatial_id,g0065_0059,1018
spatial_id,g0065_0060,2452
spatial_id,g0065_0061,1038
spatial_id,g0065_0062,1833
spatial_id,g0065_0063,1123
spatial_id,g0065_0064,1696
spatial_id,g0065_0065,12
spatial_id,g0065_0066,2140
spatial_id,g0065_0067,471
spatial_id,g0065_0068,2459
spatial_id,g0065_0069,179
spatial_id,g0065_0070,131
spatial_id,g0065_0071,1432
spatial_id,g0065_0073,1528
spatial_id,g0065_0074,39
spatial_id,g0065_0075,154
spatial_id,g0065_0076,280
spatial_id,g0065_0077,2359
spatial_id,g0065_0078,448
spatial_id,g0065_0079,93
spatial_id,g0065_0080,666
spatial_id,g0065_0081,2419
spatial_id,g0065_0082,470
spatial_id,g0065_0083,701
spatial_id,g0065_0084,1053
spatial_id,g0065_0085,551
spatial_id,g0065_0086,1652
spatial_id,g0065_0087,432
spatial_id,g0065_0088,222
spatial_id,g0065_0089,27
spatial_id,g0065_0090,169
spatial_id,g0065_0093,38
spatial_id,g0065_0095,2
spatial_id,g0065_0101,15
spatial_id,g0065_0103,1
spatial_id,g0065_0106,5
spatial_id,g0065_0108,2
spatial_id,g0065_0111,9
spatial_id,g0065_0121,1
spatial_id,g0065_0124,3
spatial_id,g0065_0127,6
spatial_id,g0065_0128,3
spatial_id,g0065_0130,1
spatial_id,g0066_0003,1
spatial_id,g0066_0026,6
spatial_id,g0066_0033,1
spatial_id,g0066_0042,98
spatial_id,g0066_0043,20
spatial_id,g0066_0044,168
spatial_id,g0066_0045,137
spatial_id,g0066_0046,65
spatial_id,g0066_0047,55
spatial_id,g0066_0048,34
spatial_id,g0066_0049,17
spatial_id,g0066_0050,3
spatial_id,g0066_0051,181
spatial_id,g0066_0052,82
spatial_id,g0066_0053,237
spatial_id,g0066_0054,193
spatial_id,g0066_0055,37
spatial_id,g0066_0056,1889
spatial_id,g0066_0057,463
spatial_id,g0066_0058,225
spatial_id,g0066_0059,94
spatial_id,g0066_0060,1690
spatial_id,g0066_0061,351
spatial_id,g0066_0062,2042
spatial_id,g0066_0063,1970
spatial_id,g0066_0064,2885
spatial_id,g0066_0065,397
spatial_id,g0066_0066,2459
spatial_id,g0066_0067,296
spatial_id,g0066_0068,2151
spatial_id,g0066_0069,1
spatial_id,g0066_0071,830
spatial_id,g0066_0072,680
spatial_id,g0066_0073,2970
spatial_id,g0066_0074,1299
spatial_id,g0066_0075,2703
spatial_id,g0066_0076,561
spatial_id,g0066_0077,6286
spatial_id,g0066_0078,1552
spatial_id,g0066_0079,1556
spatial_id,g0066_0080,2663
spatial_id,g0066_0081,3660
spatial_id,g0066_0082,1080
spatial_id,g0066_0083,1389
spatial_id,g0066_0084,564
spatial_id,g0066_0085,259
spatial_id,g0066_0086,1593
spatial_id,g0066_0090,67
spatial_id,g0066_0093,20
spatial_id,g0066_0094,1
spatial_id,g0066_0095,1
spatial_id,g0066_0101,4
spatial_id,g0066_0103,1
spatial_id,g0066_0106,2
spatial_id,g0066_0108,3
spatial_id,g0066_0111,6
spatial_id,g0066_0112,1
spatial_id,g0066_0114,1
spatial_id,g0067_0014,1
spatial_id,g0067_0015,1
spatial_id,g0067_0026,3
spatial_id,g0067_0032,2
spatial_id,g0067_0033,9
spatial_id,g0067_0034,1
spatial_id,g0067_0040,2
spatial_id,g0067_0041,4
spatial_id,g0067_0042,10
spatial_id,g0067_0043,2
spatial_id,g0067_0044,64
spatial_id,g0067_0045,1172
spatial_id,g0067_0046,511
spatial_id,g0067_0047,1164
spatial_id,g0067_0048,919
spatial_id,g0067_0049,1315
spatial_id,g0067_0050,905
spatial_id,g0067_0051,1125
spatial_id,g0067_0052,1394
spatial_id,g0067_0053,597
spatial_id,g0067_0054,682
spatial_id,g0067_0055,1700
spatial_id,g0067_0056,3807
spatial_id,g0067_0057,1502
spatial_id,g0067_0058,2786
spatial_id,g0067_0059,951
spatial_id,g0067_0060,2059
spatial_id,g0067_0061,646
spatial_id,g0067_0062,1321
spatial_id,g0067_0063,1684
spatial_id,g0067_0064,2089
spatial_id,g0067_0065,64
spatial_id,g0067_0066,2082
spatial_id,g0067_0067,230
spatial_id,g0067_0068,2774
spatial_id,g0067_0069,254
spatial_id,g0067_0070,193
spatial_id,g0067_0071,1454
spatial_id,g0067_0072,285
spatial_id,g0067_0073,1365
spatial_id,g0067_0074,48
spatial_id,g0067_0075,738
spatial_id,g0067_0076,51
spatial_id,g0067_0077,2936
spatial_id,g0067_0078,58
spatial_id,g0067_0079,269
spatial_id,g0067_0080,1105
spatial_id,g0067_0081,3871
spatial_id,g0067_0082,1385
spatial_id,g0067_0083,876
spatial_id,g0067_0085,1
spatial_id,g0067_0086,2228
spatial_id,g0067_0087,230
spatial_id,g0067_0088,150
spatial_id,g0067_0089,274
spatial_id,g0067_0090,228
spatial_id,g0067_0093,37
spatial_id,g0067_0096,9
spatial_id,g0067_0099,4
spatial_id,g0067_0101,7
spatial_id,g0067_0103,2
spatial_id,g0067_0104,1
spatial_id,g0067_0106,5
spatial_id,g0067_0111,5
spatial_id,g0067_0112,1
spatial_id,g0067_0114,1
spatial_id,g0068_0014,2
spatial_id,g0068_0020,3
spatial_id,g0068_0022,2
spatial_id,g0068_0023,3
spatial_id,g0068_0024,6
spatial_id,g0068_0025,1
spatial_id,g0068_0026,23
spatial_id,g0068_0030,5
spatial_id,g0068_0031,2
spatial_id,g0068_0032,3
spatial_id,g0068_0036,3
spatial_id,g0068_0040,1
spatial_id,g0068_0041,2
spatial_id,g0068_0042,1
spatial_id,g0068_0045,183
spatial_id,g0068_0047,27
spatial_id,g0068_0048,3
spatial_id,g0068_0049,26
spatial_id,g0068_0051,185
spatial_id,g0068_0052,172
spatial_id,g0068_0053,373
spatial_id,g0068_0054,138
spatial_id,g0068_0055,51
spatial_id,g0068_0056,2644
spatial_id,g0068_0057,594
spatial_id,g0068_0058,941
spatial_id,g0068_0059,34
spatial_id,g0068_0060,1557
spatial_id,g0068_0061,1
spatial_id,g0068_0062,1
spatial_id,g0068_0063,600
spatial_id,g0068_0064,1668
spatial_id,g0068_0065,25
spatial_id,g0068_0066,2006
spatial_id,g0068_0067,525
spatial_id,g0068_0068,3370
spatial_id,g0068_0069,1873
spatial_id,g0068_0070,812
spatial_id,g0068_0071,1592
spatial_id,g0068_0072,851
spatial_id,g0068_0073,3799
spatial_id,g0068_0074,1334
spatial_id,g0068_0075,2569
spatial_id,g0068_0076,1314
spatial_id,g0068_0077,5394
spatial_id,g0068_0078,2244
spatial_id,g0068_0079,4079
spatial_id,g0068_0080,2858
spatial_id,g0068_0081,3729
spatial_id,g0068_0082,1284
spatial_id,g0068_0083,2262
spatial_id,g0068_0084,1681
spatial_id,g0068_0085,1126
spatial_id,g0068_0086,3573
spatial_id,g0068_0087,2959
spatial_id,g0068_0088,1862
spatial_id,g0068_0089,1882
spatial_id,g0068_0090,996
spatial_id,g0068_0091,56
spatial_id,g0068_0092,30
spatial_id,g0068_0093,488
spatial_id,g0068_0094,56
spatial_id,g0068_0095,24
spatial_id,g0068_0096,13
spatial_id,g0068_0098,5
spatial_id,g0068_0099,52
spatial_id,g0068_0100,2
spatial_id,g0068_0101,37
spatial_id,g0068_0102,4
spatial_id,g0068_0103,27
spatial_id,g0068_0104,10
spatial_id,g0068_0105,8
spatial_id,g0068_0106,23
spatial_id,g0068_0108,1
spatial_id,g0068_0111,11
spatial_id,g0068_0114,2
spatial_id,g0068_0116,4
spatial_id,g0068_0117,19
spatial_id,g0068_0118,3
spatial_id,g0068_0119,4
spatial_id,g0068_0120,2
spatial_id,g0068_0123,12
spatial_id,g0068_0124,7
spatial_id,g0068_0125,14
spatial_id,g0068_0126,1
spatial_id,g0068_0127,5
spatial_id,g0068_0128,12
spatial_id,g0068_0129,1
spatial_id,g0068_0132,2
spatial_id,g0068_0133,1
spatial_id,g0069_0007,1
spatial_id,g0069_0010,1
spatial_id,g0069_0014,37
spatial_id,g0069_0015,2
spatial_id,g0069_0016,3
spatial_id,g0069_0018,4
spatial_id,g0069_0019,7
spatial_id,g0069_0026,1
spatial_id,g0069_0034,1
spatial_id,g0069_0036,4
spatial_id,g0069_0041,14
spatial_id,g0069_0045,392
spatial_id,g0069_0046,1
spatial_id,g0069_0048,3
spatial_id,g0069_0050,3
spatial_id,g0069_0051,183
spatial_id,g0069_0052,100
spatial_id,g0069_0053,1045
spatial_id,g0069_0054,1217
spatial_id,g0069_0055,367
spatial_id,g0069_0056,5048
spatial_id,g0069_0057,1421
spatial_id,g0069_0058,2754
spatial_id,g0069_0059,1040
spatial_id,g0069_0060,2549
spatial_id,g0069_0063,1311
spatial_id,g0069_0064,3241
spatial_id,g0069_0065,1357
spatial_id,g0069_0066,3176
spatial_id,g0069_0067,925
spatial_id,g0069_0068,5245
spatial_id,g0069_0069,2049
spatial_id,g0069_0070,1188
spatial_id,g0069_0071,2123
spatial_id,g0069_0072,614
spatial_id,g0069_0073,1083
spatial_id,g0069_0074,18
spatial_id,g0069_0075,1279
spatial_id,g0069_0076,44
spatial_id,g0069_0077,2809
spatial_id,g0069_0078,7
spatial_id,g0069_0079,1025
spatial_id,g0069_0080,1131
spatial_id,g0069_0081,3069
spatial_id,g0069_0082,235
spatial_id,g0069_0083,180
spatial_id,g0069_0084,241
spatial_id,g0069_0085,850
spatial_id,g0069_0086,2379
spatial_id,g0069_0087,601
spatial_id,g0069_0088,919
spatial_id,g0069_0089,246
spatial_id,g0069_0090,475
spatial_id,g0069_0091,21
spatial_id,g0069_0093,74
spatial_id,g0069_0094,125
spatial_id,g0069_0095,113
spatial_id,g0069_0096,166
spatial_id,g0069_0097,501
spatial_id,g0069_0098,634
spatial_id,g0069_0099,600
spatial_id,g0069_0100,432
spatial_id,g0069_0101,1084
spatial_id,g0069_0102,205
spatial_id,g0069_0103,616
spatial_id,g0069_0104,226
spatial_id,g0069_0105,351
spatial_id,g0069_0106,310
spatial_id,g0069_0107,154
spatial_id,g0069_0108,155
spatial_id,g0069_0109,39
spatial_id,g0069_0110,23
spatial_id,g0069_0111,113
spatial_id,g0069_0112,40
spatial_id,g0069_0113,16
spatial_id,g0069_0114,111
spatial_id,g0069_0115,9
spatial_id,g0069_0116,1
spatial_id,g0069_0117,1
spatial_id,g0069_0119,1
spatial_id,g0069_0120,4
spatial_id,g0069_0121,5
spatial_id,g0069_0122,10
spatial_id,g0069_0128,2
spatial_id,g0070_0014,1
spatial_id,g0070_0026,1
spatial_id,g0070_0035,2
spatial_id,g0070_0036,1
spatial_id,g0070_0040,3
spatial_id,g0070_0041,205
spatial_id,g0070_0042,149
spatial_id,g0070_0043,217
spatial_id,g0070_0044,861
spatial_id,g0070_0045,411
spatial_id,g0070_0046,14
spatial_id,g0070_0048,1
spatial_id,g0070_0049,1
spatial_id,g0070_0050,17
spatial_id,g0070_0051,133
spatial_id,g0070_0052,16
spatial_id,g0070_0053,225
spatial_id,g0070_0054,385
spatial_id,g0070_0055,202
spatial_id,g0070_0056,2535
spatial_id,g0070_0057,1425
spatial_id,g0070_0058,3133
spatial_id,g0070_0059,1655
spatial_id,g0070_0060,3097
spatial_id,g0070_0061,1333
spatial_id,g0070_0062,3145
spatial_id,g0070_0063,3124
spatial_id,g0070_0064,5039
spatial_id,g0070_0065,5749
spatial_id,g0070_0066,6639
spatial_id,g0070_0067,2203
spatial_id,g0070_0068,6176
spatial_id,g0070_0069,3661
spatial_id,g0070_0070,1982
spatial_id,g0070_0071,3251
spatial_id,g0070_0072,1432
spatial_id,g0070_0073,2761
spatial_id,g0070_0074,1349
spatial_id,g0070_0075,3550
spatial_id,g0070_0076,1310
spatial_id,g0070_0077,5519
spatial_id,g0070_0078,1370
spatial_id,g0070_0079,2786
spatial_id,g0070_0080,2071
spatial_id,g0070_0081,5059
spatial_id,g0070_0082,1263
spatial_id,g0070_0083,1354
spatial_id,g0070_0084,1362
spatial_id,g0070_0085,2194
spatial_id,g0070_0086,3218
spatial_id,g0070_0087,1922
spatial_id,g0070_0088,1161
spatial_id,g0070_0089,1128
spatial_id,g0070_0090,1242
spatial_id,g0070_0091,176
spatial_id,g0070_0092,231
spatial_id,g0070_0093,413
spatial_id,g0070_0094,763
spatial_id,g0070_0095,731
spatial_id,g0070_0096,630
spatial_id,g0070_0097,357
spatial_id,g0070_0098,19
spatial_id,g0070_0099,2
spatial_id,g0070_0100,4
spatial_id,g0070_0101,111
spatial_id,g0070_0102,395
spatial_id,g0070_0103,121
spatial_id,g0070_0104,10
spatial_id,g0070_0105,74
spatial_id,g0070_0106,17
spatial_id,g0070_0108,3
spatial_id,g0070_0111,15
spatial_id,g0070_0112,2
spatial_id,g0070_0114,15
spatial_id,g0070_0116,2
spatial_id,g0070_0128,10
spatial_id,g0070_0132,1
spatial_id,g0071_0014,1
spatial_id,g0071_0018,2
spatial_id,g0071_0026,1
spatial_id,g0071_0027,1
spatial_id,g0071_0036,1
spatial_id,g0071_0038,2
spatial_id,g0071_0040,81
spatial_id,g0071_0041,17
spatial_id,g0071_0043,6
spatial_id,g0071_0044,54
spatial_id,g0071_0045,201
spatial_id,g0071_0046,3
spatial_id,g0071_0048,4
spatial_id,g0071_0049,4
spatial_id,g0071_0051,147
spatial_id,g0071_0052,4
spatial_id,g0071_0053,243
spatial_id,g0071_0054,102
spatial_id,g0071_0055,523
spatial_id,g0071_0056,943
spatial_id,g0071_0057,3369
spatial_id,g0071_0058,2880
spatial_id,g0071_0059,398
spatial_id,g0071_0060,1366
spatial_id,g0071_0061,69
spatial_id,g0071_0062,1322
spatial_id,g0071_0063,317
spatial_id,g0071_0064,674
spatial_id,g0071_0065,3514
spatial_id,g0071_0066,2414
spatial_id,g0071_0067,5545
spatial_id,g0071_0068,4779
spatial_id,g0071_0069,2992
spatial_id,g0071_0070,1587
spatial_id,g0071_0071,4005
spatial_id,g0071_0072,1242
spatial_id,g0071_0073,2727
spatial_id,g0071_0074,2108
spatial_id,g0071_0075,3206
spatial_id,g0071_0076,1466
spatial_id,g0071_0077,5998
spatial_id,g0071_0078,2446
spatial_id,g0071_0079,2908
spatial_id,g0071_0080,1607
spatial_id,g0071_0081,3478
spatial_id,g0071_0082,1691
spatial_id,g0071_0083,1517
spatial_id,g0071_0084,1142
spatial_id,g0071_0085,1676
spatial_id,g0071_0086,3528
spatial_id,g0071_0087,1109
spatial_id,g0071_0088,455
spatial_id,g0071_0089,191
spatial_id,g0071_0090,23
spatial_id,g0071_0093,64
spatial_id,g0071_0094,5
spatial_id,g0071_0095,12
spatial_id,g0071_0096,33
spatial_id,g0071_0097,506
spatial_id,g0071_0098,200
spatial_id,g0071_0101,8
spatial_id,g0071_0102,64
spatial_id,g0071_0103,62
spatial_id,g0071_0104,1
spatial_id,g0071_0105,48
spatial_id,g0071_0106,8
spatial_id,g0071_0111,16
spatial_id,g0071_0114,9
spatial_id,g0072_0006,1
spatial_id,g0072_0020,3
spatial_id,g0072_0026,3
spatial_id,g0072_0034,2
spatial_id,g0072_0036,4
spatial_id,g0072_0039,42
spatial_id,g0072_0040,16
spatial_id,g0072_0041,5
spatial_id,g0072_0042,2
spatial_id,g0072_0044,14
spatial_id,g0072_0045,258
spatial_id,g0072_0046,6
spatial_id,g0072_0047,5
spatial_id,g0072_0048,10
spatial_id,g0072_0049,11
spatial_id,g0072_0050,2
spatial_id,g0072_0051,151
spatial_id,g0072_0052,261
spatial_id,g0072_0053,384
spatial_id,g0072_0054,584
spatial_id,g0072_0055,825
spatial_id,g0072_0056,1044
spatial_id,g0072_0057,4139
spatial_id,g0072_0058,2179
spatial_id,g0072_0059,1098
spatial_id,g0072_0060,731
spatial_id,g0072_0061,9
spatial_id,g0072_0062,1316
spatial_id,g0072_0063,1140
spatial_id,g0072_0064,1439
spatial_id,g0072_0065,4093
spatial_id,g0072_0066,1232
spatial_id,g0072_0067,2866
spatial_id,g0072_0068,3066
spatial_id,g0072_0069,854
spatial_id,g0072_0070,66
spatial_id,g0072_0071,2003
spatial_id,g0072_0072,675
spatial_id,g0072_0073,2079
spatial_id,g0072_0074,1593
spatial_id,g0072_0075,3444
spatial_id,g0072_0076,875
spatial_id,g0072_0077,3591
spatial_id,g0072_0078,775
spatial_id,g0072_0079,1996
spatial_id,g0072_0080,328
spatial_id,g0072_0081,1825
spatial_id,g0072_0082,852
spatial_id,g0072_0083,192
spatial_id,g0072_0084,201
spatial_id,g0072_0085,529
spatial_id,g0072_0086,1555
spatial_id,g0072_0087,300
spatial_id,g0072_0088,10
spatial_id,g0072_0089,15
spatial_id,g0072_0090,27
spatial_id,g0072_0091,2
spatial_id,g0072_0092,1
spatial_id,g0072_0093,80
spatial_id,g0072_0094,2
spatial_id,g0072_0095,3
spatial_id,g0072_0097,151
spatial_id,g0072_0098,5
spatial_id,g0072_0099,1
spatial_id,g0072_0101,1
spatial_id,g0072_0102,26
spatial_id,g0072_0103,94
spatial_id,g0072_0104,38
spatial_id,g0072_0105,65
spatial_id,g0072_0106,15
spatial_id,g0072_0111,9
spatial_id,g0072_0112,2
spatial_id,g0072_0113,3
spatial_id,g0072_0114,1
spatial_id,g0072_0115,7
spatial_id,g0072_0128,1
spatial_id,g0073_0018,3
spatial_id,g0073_0026,1
spatial_id,g0073_0027,1
spatial_id,g0073_0034,1
spatial_id,g0073_0035,4
spatial_id,g0073_0036,2
spatial_id,g0073_0038,10
spatial_id,g0073_0039,81
spatial_id,g0073_0040,7
spatial_id,g0073_0041,1
spatial_id,g0073_0045,155
spatial_id,g0073_0046,1
spatial_id,g0073_0047,1
spatial_id,g0073_0048,27
spatial_id,g0073_0049,3
spatial_id,g0073_0051,241
spatial_id,g0073_0052,57
spatial_id,g0073_0054,320
spatial_id,g0073_0055,516
spatial_id,g0073_0056,572
spatial_id,g0073_0057,3544
spatial_id,g0073_0058,3430
spatial_id,g0073_0059,3144
spatial_id,g0073_0060,481
spatial_id,g0073_0061,531
spatial_id,g0073_0062,2073
spatial_id,g0073_0063,918
spatial_id,g0073_0064,333
spatial_id,g0073_0065,3609
spatial_id,g0073_0066,3593
spatial_id,g0073_0067,4081
spatial_id,g0073_0068,6404
spatial_id,g0073_0069,3812
spatial_id,g0073_0070,3127
spatial_id,g0073_0071,6543
spatial_id,g0073_0072,3812
spatial_id,g0073_0073,5272
spatial_id,g0073_0074,5287
spatial_id,g0073_0075,7254
spatial_id,g0073_0076,2835
spatial_id,g0073_0077,1304
spatial_id,g0073_0078,916
spatial_id,g0073_0079,1951
spatial_id,g0073_0080,1256
spatial_id,g0073_0081,3113
spatial_id,g0073_0082,324
spatial_id,g0073_0083,302
spatial_id,g0073_0084,234
spatial_id,g0073_0085,756
spatial_id,g0073_0086,1716
spatial_id,g0073_0087,63
spatial_id,g0073_0088,3
spatial_id,g0073_0090,34
spatial_id,g0073_0091,9
spatial_id,g0073_0092,4
spatial_id,g0073_0093,67
spatial_id,g0073_0094,3
spatial_id,g0073_0095,100
spatial_id,g0073_0096,110
spatial_id,g0073_0097,57
spatial_id,g0073_0100,2
spatial_id,g0073_0102,11
spatial_id,g0073_0103,77
spatial_id,g0073_0104,89
spatial_id,g0073_0105,128
spatial_id,g0073_0106,19
spatial_id,g0073_0107,2
spatial_id,g0073_0108,18
spatial_id,g0073_0109,3
spatial_id,g0073_0110,2
spatial_id,g0073_0111,14
spatial_id,g0073_0115,14
spatial_id,g0073_0118,1
spatial_id,g0074_0010,1
spatial_id,g0074_0035,1
spatial_id,g0074_0036,6
spatial_id,g0074_0037,12
spatial_id,g0074_0038,13
spatial_id,g0074_0042,2
spatial_id,g0074_0044,18
spatial_id,g0074_0045,634
spatial_id,g0074_0046,75
spatial_id,g0074_0047,59
spatial_id,g0074_0050,17
spatial_id,g0074_0051,246
spatial_id,g0074_0052,6
spatial_id,g0074_0053,1
spatial_id,g0074_0054,350
spatial_id,g0074_0055,6
spatial_id,g0074_0056,371
spatial_id,g0074_0057,1806
spatial_id,g0074_0058,938
spatial_id,g0074_0059,1209
spatial_id,g0074_0060,2461
spatial_id,g0074_0061,270
spatial_id,g0074_0062,579
spatial_id,g0074_0063,3047
spatial_id,g0074_0064,2606
spatial_id,g0074_0065,4379
spatial_id,g0074_0066,2005
spatial_id,g0074_0067,1029
spatial_id,g0074_0068,4729
spatial_id,g0074_0069,1884
spatial_id,g0074_0070,707
spatial_id,g0074_0071,5423
spatial_id,g0074_0072,2761
spatial_id,g0074_0073,2651
spatial_id,g0074_0074,3068
spatial_id,g0074_0075,4089
spatial_id,g0074_0076,1013
spatial_id,g0074_0077,2904
spatial_id,g0074_0078,1997
spatial_id,g0074_0079,2571
spatial_id,g0074_0080,2244
spatial_id,g0074_0081,2513
spatial_id,g0074_0082,138
spatial_id,g0074_0083,71
spatial_id,g0074_0084,3
spatial_id,g0074_0085,736
spatial_id,g0074_0086,1012
spatial_id,g0074_0087,1
spatial_id,g0074_0090,15
spatial_id,g0074_0092,3
spatial_id,g0074_0093,271
spatial_id,g0074_0094,61
spatial_id,g0074_0095,148
spatial_id,g0074_0096,21
spatial_id,g0074_0097,1
spatial_id,g0074_0100,1
spatial_id,g0074_0102,4
spatial_id,g0074_0103,7
spatial_id,g0074_0104,12
spatial_id,g0074_0105,8
spatial_id,g0074_0106,91
spatial_id,g0074_0107,7
spatial_id,g0074_0108,4
spatial_id,g0074_0115,5
spatial_id,g0075_0009,2
spatial_id,g0075_0015,1
spatial_id,g0075_0027,2
spatial_id,g0075_0034,9
spatial_id,g0075_0035,74
spatial_id,g0075_0036,174
spatial_id,g0075_0037,31
spatial_id,g0075_0038,22
spatial_id,g0075_0039,6
spatial_id,g0075_0040,10
spatial_id,g0075_0044,12
spatial_id,g0075_0045,292
spatial_id,g0075_0046,35
spatial_id,g0075_0047,65
spatial_id,g0075_0048,12
spatial_id,g0075_0049,11
spatial_id,g0075_0050,1050
spatial_id,g0075_0051,1754
spatial_id,g0075_0052,451
spatial_id,g0075_0053,487
spatial_id,g0075_0054,734
spatial_id,g0075_0055,381
spatial_id,g0075_0056,286
spatial_id,g0075_0057,1800
spatial_id,g0075_0058,6
spatial_id,g0075_0059,102
spatial_id,g0075_0060,660
spatial_id,g0075_0061,2211
spatial_id,g0075_0062,2330
spatial_id,g0075_0063,1636
spatial_id,g0075_0064,12
spatial_id,g0075_0065,1174
spatial_id,g0075_0066,328
spatial_id,g0075_0067,974
spatial_id,g0075_0068,4529
spatial_id,g0075_0069,2200
spatial_id,g0075_0070,2181
spatial_id,g0075_0071,6569
spatial_id,g0075_0072,2507
spatial_id,g0075_0073,3044
spatial_id,g0075_0074,2855
spatial_id,g0075_0075,3091
spatial_id,g0075_0076,2246
spatial_id,g0075_0077,2825
spatial_id,g0075_0078,2084
spatial_id,g0075_0079,2314
spatial_id,g0075_0080,4792
spatial_id,g0075_0081,741
spatial_id,g0075_0082,616
spatial_id,g0075_0083,467
spatial_id,g0075_0084,5
spatial_id,g0075_0085,1268
spatial_id,g0075_0086,94
spatial_id,g0075_0087,1401
spatial_id,g0075_0088,82
spatial_id,g0075_0089,8
spatial_id,g0075_0090,42
spatial_id,g0075_0092,79
spatial_id,g0075_0093,110
spatial_id,g0075_0094,12
spatial_id,g0075_0095,28
spatial_id,g0075_0096,3
spatial_id,g0075_0097,11
spatial_id,g0075_0100,1
spatial_id,g0075_0104,2
spatial_id,g0075_0105,1
spatial_id,g0075_0106,14
spatial_id,g0075_0107,27
spatial_id,g0075_0115,5
spatial_id,g0076_0027,8
spatial_id,g0076_0028,1
spatial_id,g0076_0030,3
spatial_id,g0076_0031,14
spatial_id,g0076_0032,12
spatial_id,g0076_0033,7
spatial_id,g0076_0034,8
spatial_id,g0076_0035,1
spatial_id,g0076_0036,14
spatial_id,g0076_0040,2
spatial_id,g0076_0041,15
spatial_id,g0076_0042,10
spatial_id,g0076_0043,14
spatial_id,g0076_0044,125
spatial_id,g0076_0045,336
spatial_id,g0076_0046,154
spatial_id,g0076_0047,276
spatial_id,g0076_0048,285
spatial_id,g0076_0049,1357
spatial_id,g0076_0050,341
spatial_id,g0076_0051,234
spatial_id,g0076_0052,4
spatial_id,g0076_0053,8
spatial_id,g0076_0054,98
spatial_id,g0076_0055,85
spatial_id,g0076_0056,214
spatial_id,g0076_0057,942
spatial_id,g0076_0058,1171
spatial_id,g0076_0059,28
spatial_id,g0076_0060,913
spatial_id,g0076_0061,1529
spatial_id,g0076_0062,1866
spatial_id,g0076_0063,2361
spatial_id,g0076_0064,718
spatial_id,g0076_0065,2424
spatial_id,g0076_0066,254
spatial_id,g0076_0067,1157
spatial_id,g0076_0068,2899
spatial_id,g0076_0069,1017
spatial_id,g0076_0070,425
spatial_id,g0076_0071,2856
spatial_id,g0076_0072,2072
spatial_id,g0076_0073,2034
spatial_id,g0076_0074,2873
spatial_id,g0076_0075,2017
spatial_id,g0076_0076,852
spatial_id,g0076_0077,3252
spatial_id,g0076_0078,1741
spatial_id,g0076_0079,6356
spatial_id,g0076_0080,186
spatial_id,g0076_0081,511
spatial_id,g0076_0082,111
spatial_id,g0076_0083,268
spatial_id,g0076_0084,3379
spatial_id,g0076_0085,186
spatial_id,g0076_0086,13
spatial_id,g0076_0087,105
spatial_id,g0076_0088,347
spatial_id,g0076_0089,82
spatial_id,g0076_0090,203
spatial_id,g0076_0091,53
spatial_id,g0076_0092,142
spatial_id,g0076_0093,34
spatial_id,g0076_0097,1
spatial_id,g0076_0102,2
spatial_id,g0076_0107,35
spatial_id,g0076_0111,3
spatial_id,g0076_0115,2
spatial_id,g0077_0003,1
spatial_id,g0077_0017,1
spatial_id,g0077_0025,2
spatial_id,g0077_0026,1
spatial_id,g0077_0027,9
spatial_id,g0077_0028,21
spatial_id,g0077_0029,8
spatial_id,g0077_0030,3
spatial_id,g0077_0036,9
spatial_id,g0077_0043,1
spatial_id,g0077_0044,27
spatial_id,g0077_0045,18
spatial_id,g0077_0046,3
spatial_id,g0077_0048,65
spatial_id,g0077_0049,10
spatial_id,g0077_0050,51
spatial_id,g0077_0051,464
spatial_id,g0077_0052,55
spatial_id,g0077_0053,25
spatial_id,g0077_0054,12
spatial_id,g0077_0055,5
spatial_id,g0077_0056,49
spatial_id,g0077_0057,119
spatial_id,g0077_0058,1253
spatial_id,g0077_0059,2298
spatial_id,g0077_0060,3206
spatial_id,g0077_0061,2217
spatial_id,g0077_0062,2482
spatial_id,g0077_0063,4830
spatial_id,g0077_0064,3592
spatial_id,g0077_0065,6694
spatial_id,g0077_0066,3370
spatial_id,g0077_0067,6298
spatial_id,g0077_0068,8950
spatial_id,g0077_0069,6350
spatial_id,g0077_0070,6394
spatial_id,g0077_0071,6118
spatial_id,g0077_0072,3747
spatial_id,g0077_0073,6266
spatial_id,g0077_0074,5419
spatial_id,g0077_0075,4341
spatial_id,g0077_0076,3730
spatial_id,g0077_0077,6270
spatial_id,g0077_0078,6883
spatial_id,g0077_0079,1290
spatial_id,g0077_0080,1581
spatial_id,g0077_0081,190
spatial_id,g0077_0082,8
spatial_id,g0077_0083,1034
spatial_id,g0077_0084,217
spatial_id,g0077_0085,1176
spatial_id,g0077_0086,867
spatial_id,g0077_0087,578
spatial_id,g0077_0088,1898
spatial_id,g0077_0089,194
spatial_id,g0077_0090,183
spatial_id,g0077_0091,172
spatial_id,g0077_0092,122
spatial_id,g0077_0093,54
spatial_id,g0077_0094,24
spatial_id,g0077_0095,16
spatial_id,g0077_0096,12
spatial_id,g0077_0097,28
spatial_id,g0077_0098,1
spatial_id,g0077_0099,1
spatial_id,g0077_0100,1
spatial_id,g0077_0107,15
spatial_id,g0077_0115,8
spatial_id,g0077_0116,1
spatial_id,g0078_0017,1
spatial_id,g0078_0018,1
spatial_id,g0078_0020,1
spatial_id,g0078_0024,1
spatial_id,g0078_0026,7
spatial_id,g0078_0027,84
spatial_id,g0078_0028,10
spatial_id,g0078_0034,2
spatial_id,g0078_0036,6
spatial_id,g0078_0042,2
spatial_id,g0078_0043,17
spatial_id,g0078_0044,4
spatial_id,g0078_0045,12
spatial_id,g0078_0047,86
spatial_id,g0078_0048,5
spatial_id,g0078_0050,8
spatial_id,g0078_0051,94
spatial_id,g0078_0052,46
spatial_id,g0078_0053,11
spatial_id,g0078_0054,34
spatial_id,g0078_0055,47
spatial_id,g0078_0056,130
spatial_id,g0078_0057,182
spatial_id,g0078_0058,17
spatial_id,g0078_0059,343
spatial_id,g0078_0060,1361
spatial_id,g0078_0061,2064
spatial_id,g0078_0062,1371
spatial_id,g0078_0063,1961
spatial_id,g0078_0064,486
spatial_id,g0078_0065,1330
spatial_id,g0078_0066,995
spatial_id,g0078_0067,565
spatial_id,g0078_0068,3084
spatial_id,g0078_0069,754
spatial_id,g0078_0070,937
spatial_id,g0078_0071,2480
spatial_id,g0078_0072,1900
spatial_id,g0078_0073,3019
spatial_id,g0078_0074,1373
spatial_id,g0078_0075,1
spatial_id,g0078_0076,995
spatial_id,g0078_0077,2730
spatial_id,g0078_0078,1307
spatial_id,g0078_0079,3475
spatial_id,g0078_0080,845
spatial_id,g0078_0081,1125
spatial_id,g0078_0082,1423
spatial_id,g0078_0083,1090
spatial_id,g0078_0084,1101
spatial_id,g0078_0085,1218
spatial_id,g0078_0086,2272
spatial_id,g0078_0087,1357
spatial_id,g0078_0088,2114
spatial_id,g0078_0089,2105
spatial_id,g0078_0090,936
spatial_id,g0078_0091,1211
spatial_id,g0078_0092,533
spatial_id,g0078_0093,376
spatial_id,g0078_0094,29
spatial_id,g0078_0095,15
spatial_id,g0078_0097,7
spatial_id,g0078_0098,3
spatial_id,g0078_0101,1
spatial_id,g0078_0104,2
spatial_id,g0078_0106,2
spatial_id,g0078_0107,20
spatial_id,g0078_0115,5
spatial_id,g0078_0118,5
spatial_id,g0078_0127,2
spatial_id,g0079_0006,3
spatial_id,g0079_0025,5
spatial_id,g0079_0026,8
spatial_id,g0079_0027,2
spatial_id,g0079_0034,3
spatial_id,g0079_0042,10
spatial_id,g0079_0043,5
spatial_id,g0079_0044,6
spatial_id,g0079_0045,32
spatial_id,g0079_0046,337
spatial_id,g0079_0050,5
spatial_id,g0079_0051,1
spatial_id,g0079_0052,644
spatial_id,g0079_0053,92
spatial_id,g0079_0054,69
spatial_id,g0079_0055,36
spatial_id,g0079_0056,5
spatial_id,g0079_0057,203
spatial_id,g0079_0058,39
spatial_id,g0079_0059,222
spatial_id,g0079_0060,793
spatial_id,g0079_0061,551
spatial_id,g0079_0062,106
spatial_id,g0079_0063,693
spatial_id,g0079_0064,450
spatial_id,g0079_0065,1946
spatial_id,g0079_0066,363
spatial_id,g0079_0067,455
spatial_id,g0079_0068,3643
spatial_id,g0079_0069,1284
spatial_id,g0079_0070,2129
spatial_id,g0079_0071,2058
spatial_id,g0079_0072,840
spatial_id,g0079_0073,2594
spatial_id,g0079_0074,2186
spatial_id,g0079_0075,163
spatial_id,g0079_0076,2665
spatial_id,g0079_0077,807
spatial_id,g0079_0078,1690
spatial_id,g0079_0079,6
spatial_id,g0079_0080,429
spatial_id,g0079_0081,1521
spatial_id,g0079_0082,2591
spatial_id,g0079_0083,1674
spatial_id,g0079_0084,563
spatial_id,g0079_0085,2155
spatial_id,g0079_0086,1254
spatial_id,g0079_0087,2207
spatial_id,g0079_0088,1359
spatial_id,g0079_0089,1278
spatial_id,g0079_0090,460
spatial_id,g0079_0091,672
spatial_id,g0079_0092,129
spatial_id,g0079_0093,210
spatial_id,g0079_0094,167
spatial_id,g0079_0096,62
spatial_id,g0079_0097,7
spatial_id,g0079_0098,5
spatial_id,g0079_0106,1
spatial_id,g0079_0107,10
spatial_id,g0079_0108,3
spatial_id,g0079_0115,6
spatial_id,g0080_0023,1
spatial_id,g0080_0024,18
spatial_id,g0080_0025,4
spatial_id,g0080_0027,1
spatial_id,g0080_0037,1
spatial_id,g0080_0038,1
spatial_id,g0080_0040,5
spatial_id,g0080_0042,3
spatial_id,g0080_0043,99
spatial_id,g0080_0044,398
spatial_id,g0080_0045,63
spatial_id,g0080_0046,4
spatial_id,g0080_0049,1
spatial_id,g0080_0050,78
spatial_id,g0080_0051,47
spatial_id,g0080_0052,8
spatial_id,g0080_0053,443
spatial_id,g0080_0054,36
spatial_id,g0080_0055,2
spatial_id,g0080_0056,108
spatial_id,g0080_0057,112
spatial_id,g0080_0058,36
spatial_id,g0080_0059,449
spatial_id,g0080_0060,1258
spatial_id,g0080_0061,686
spatial_id,g0080_0062,950
spatial_id,g0080_0063,1867
spatial_id,g0080_0064,1844
spatial_id,g0080_0065,1517
spatial_id,g0080_0066,2439
spatial_id,g0080_0067,3177
spatial_id,g0080_0068,7139
spatial_id,g0080_0069,4315
spatial_id,g0080_0070,2318
spatial_id,g0080_0071,3687
spatial_id,g0080_0072,1505
spatial_id,g0080_0073,2333
spatial_id,g0080_0074,1449
spatial_id,g0080_0075,362
spatial_id,g0080_0076,1
spatial_id,g0080_0078,1313
spatial_id,g0080_0079,86
spatial_id,g0080_0080,231
spatial_id,g0080_0081,2209
spatial_id,g0080_0082,1701
spatial_id,g0080_0083,1709
spatial_id,g0080_0084,3010
spatial_id,g0080_0085,677
spatial_id,g0080_0086,834
spatial_id,g0080_0087,336
spatial_id,g0080_0088,1036
spatial_id,g0080_0089,1198
spatial_id,g0080_0090,636
spatial_id,g0080_0091,466
spatial_id,g0080_0092,69
spatial_id,g0080_0093,52
spatial_id,g0080_0094,31
spatial_id,g0080_0096,6
spatial_id,g0080_0097,29
spatial_id,g0080_0098,3
spatial_id,g0080_0101,2
spatial_id,g0080_0108,8
spatial_id,g0080_0109,25
spatial_id,g0080_0114,2
spatial_id,g0080_0115,14
spatial_id,g0081_0004,1
spatial_id,g0081_0017,1
spatial_id,g0081_0022,5
spatial_id,g0081_0023,10
spatial_id,g0081_0039,3
spatial_id,g0081_0040,1
spatial_id,g0081_0042,146
spatial_id,g0081_0043,86
spatial_id,g0081_0044,324
spatial_id,g0081_0045,5
spatial_id,g0081_0046,2
spatial_id,g0081_0049,55
spatial_id,g0081_0052,88
spatial_id,g0081_0053,40
spatial_id,g0081_0054,410
spatial_id,g0081_0055,453
spatial_id,g0081_0056,50
spatial_id,g0081_0057,27
spatial_id,g0081_0058,10
spatial_id,g0081_0059,175
spatial_id,g0081_0060,150
spatial_id,g0081_0061,164
spatial_id,g0081_0062,81
spatial_id,g0081_0063,275
spatial_id,g0081_0064,117
spatial_id,g0081_0065,41
spatial_id,g0081_0066,665
spatial_id,g0081_0067,263
spatial_id,g0081_0068,1434
spatial_id,g0081_0069,1809
spatial_id,g0081_0070,223
spatial_id,g0081_0071,1967
spatial_id,g0081_0072,882
spatial_id,g0081_0073,1127
spatial_id,g0081_0074,677
spatial_id,g0081_0078,263
spatial_id,g0081_0079,837
spatial_id,g0081_0080,1098
spatial_id,g0081_0081,484
spatial_id,g0081_0082,1179
spatial_id,g0081_0083,2553
spatial_id,g0081_0084,704
spatial_id,g0081_0085,2673
spatial_id,g0081_0086,1060
spatial_id,g0081_0087,519
spatial_id,g0081_0088,59
spatial_id,g0081_0089,201
spatial_id,g0081_0090,314
spatial_id,g0081_0091,541
spatial_id,g0081_0092,8
spatial_id,g0081_0093,67
spatial_id,g0081_0094,6
spatial_id,g0081_0095,2
spatial_id,g0081_0098,7
spatial_id,g0081_0099,14
spatial_id,g0081_0100,8
spatial_id,g0081_0101,13
spatial_id,g0081_0102,8
spatial_id,g0081_0103,8
spatial_id,g0081_0104,5
spatial_id,g0081_0105,5
spatial_id,g0081_0106,7
spatial_id,g0081_0107,4
spatial_id,g0081_0108,7
spatial_id,g0081_0109,165
spatial_id,g0081_0110,2
spatial_id,g0081_0111,3
spatial_id,g0081_0112,2
spatial_id,g0081_0113,3
spatial_id,g0081_0114,4
spatial_id,g0081_0119,1
spatial_id,g0082_0003,1
spatial_id,g0082_0021,5
spatial_id,g0082_0040,6
spatial_id,g0082_0041,13
spatial_id,g0082_0042,5
spatial_id,g0082_0043,105
spatial_id,g0082_0044,227
spatial_id,g0082_0045,2
spatial_id,g0082_0047,74
spatial_id,g0082_0048,18
spatial_id,g0082_0050,5
spatial_id,g0082_0051,72
spatial_id,g0082_0053,23
spatial_id,g0082_0054,78
spatial_id,g0082_0055,5
spatial_id,g0082_0056,87
spatial_id,g0082_0057,298
spatial_id,g0082_0058,272
spatial_id,g0082_0059,566
spatial_id,g0082_0060,552
spatial_id,g0082_0061,1143
spatial_id,g0082_0062,908
spatial_id,g0082_0063,994
spatial_id,g0082_0064,1476
spatial_id,g0082_0065,902
spatial_id,g0082_0066,1618
spatial_id,g0082_0067,1371
spatial_id,g0082_0068,2685
spatial_id,g0082_0069,3606
spatial_id,g0082_0070,1796
spatial_id,g0082_0071,2605
spatial_id,g0082_0072,874
spatial_id,g0082_0073,1846
spatial_id,g0082_0074,2542
spatial_id,g0082_0075,1135
spatial_id,g0082_0076,1067
spatial_id,g0082_0077,951
spatial_id,g0082_0078,1224
spatial_id,g0082_0079,3364
spatial_id,g0082_0080,201
spatial_id,g0082_0081,1064
spatial_id,g0082_0082,2695
spatial_id,g0082_0083,1419
spatial_id,g0082_0084,2125
spatial_id,g0082_0085,1410
spatial_id,g0082_0086,5251
spatial_id,g0082_0087,123
spatial_id,g0082_0089,94
spatial_id,g0082_0090,615
spatial_id,g0082_0091,91
spatial_id,g0082_0093,30
spatial_id,g0082_0094,4
spatial_id,g0082_0095,5
spatial_id,g0082_0109,53
spatial_id,g0082_0127,1
spatial_id,g0083_0007,1
spatial_id,g0083_0020,11
spatial_id,g0083_0023,1
spatial_id,g0083_0029,1
spatial_id,g0083_0033,2
spatial_id,g0083_0034,2
spatial_id,g0083_0035,1
spatial_id,g0083_0036,3
spatial_id,g0083_0037,1
spatial_id,g0083_0038,2
spatial_id,g0083_0039,2
spatial_id,g0083_0040,42
spatial_id,g0083_0041,12
spatial_id,g0083_0042,276
spatial_id,g0083_0043,165
spatial_id,g0083_0044,119
spatial_id,g0083_0045,6
spatial_id,g0083_0046,139
spatial_id,g0083_0047,96
spatial_id,g0083_0049,5
spatial_id,g0083_0050,79
spatial_id,g0083_0052,12
spatial_id,g0083_0053,14
spatial_id,g0083_0055,5
spatial_id,g0083_0056,5
spatial_id,g0083_0057,4
spatial_id,g0083_0060,173
spatial_id,g0083_0061,530
spatial_id,g0083_0062,387
spatial_id,g0083_0064,28
spatial_id,g0083_0065,64
spatial_id,g0083_0066,226
spatial_id,g0083_0067,7
spatial_id,g0083_0068,2081
spatial_id,g0083_0069,893
spatial_id,g0083_0070,668
spatial_id,g0083_0071,1284
spatial_id,g0083_0072,84
spatial_id,g0083_0073,181
spatial_id,g0083_0074,658
spatial_id,g0083_0075,71
spatial_id,g0083_0076,69
spatial_id,g0083_0077,14
spatial_id,g0083_0078,386
spatial_id,g0083_0079,185
spatial_id,g0083_0080,2716
spatial_id,g0083_0081,37
spatial_id,g0083_0082,1244
spatial_id,g0083_0083,170
spatial_id,g0083_0084,106
spatial_id,g0083_0085,22
spatial_id,g0083_0086,549
spatial_id,g0083_0087,2102
spatial_id,g0083_0088,411
spatial_id,g0083_0089,546
spatial_id,g0083_0090,537
spatial_id,g0083_0091,166
spatial_id,g0083_0092,76
spatial_id,g0083_0093,132
spatial_id,g0083_0094,21
spatial_id,g0083_0095,3
spatial_id,g0083_0109,27
spatial_id,g0083_0110,2
spatial_id,g0083_0112,1
spatial_id,g0083_0114,5
spatial_id,g0083_0115,2
spatial_id,g0083_0116,2
spatial_id,g0083_0117,1
spatial_id,g0083_0120,2
spatial_id,g0083_0127,1
spatial_id,g0084_0011,1
spatial_id,g0084_0018,6
spatial_id,g0084_0019,3
spatial_id,g0084_0029,11
spatial_id,g0084_0030,10
spatial_id,g0084_0031,4
spatial_id,g0084_0035,6
spatial_id,g0084_0036,12
spatial_id,g0084_0037,3
spatial_id,g0084_0038,3
spatial_id,g0084_0039,7
spatial_id,g0084_0041,32
spatial_id,g0084_0042,276
spatial_id,g0084_0043,108
spatial_id,g0084_0044,254
spatial_id,g0084_0045,177
spatial_id,g0084_0046,3
spatial_id,g0084_0048,60
spatial_id,g0084_0049,61
spatial_id,g0084_0051,7
spatial_id,g0084_0052,4
spatial_id,g0084_0053,7
spatial_id,g0084_0055,1
spatial_id,g0084_0056,9
spatial_id,g0084_0057,113
spatial_id,g0084_0058,103
spatial_id,g0084_0059,324
spatial_id,g0084_0060,290
spatial_id,g0084_0061,464
spatial_id,g0084_0062,15
spatial_id,g0084_0064,51
spatial_id,g0084_0065,165
spatial_id,g0084_0066,199
spatial_id,g0084_0067,3
spatial_id,g0084_0068,626
spatial_id,g0084_0069,445
spatial_id,g0084_0070,1466
spatial_id,g0084_0071,2213
spatial_id,g0084_0072,1029
spatial_id,g0084_0073,888
spatial_id,g0084_0074,1650
spatial_id,g0084_0075,34
spatial_id,g0084_0076,3
spatial_id,g0084_0078,411
spatial_id,g0084_0079,557
spatial_id,g0084_0080,1069
spatial_id,g0084_0081,755
spatial_id,g0084_0082,1515
spatial_id,g0084_0083,510
spatial_id,g0084_0084,210
spatial_id,g0084_0085,13
spatial_id,g0084_0086,147
spatial_id,g0084_0087,50
spatial_id,g0084_0088,2011
spatial_id,g0084_0089,1035
spatial_id,g0084_0090,452
spatial_id,g0084_0091,118
spatial_id,g0084_0092,1
spatial_id,g0084_0093,61
spatial_id,g0084_0096,5
spatial_id,g0084_0097,1
spatial_id,g0084_0101,1
spatial_id,g0084_0109,27
spatial_id,g0084_0114,2
spatial_id,g0084_0117,2
spatial_id,g0084_0119,5
spatial_id,g0084_0122,1
spatial_id,g0084_0124,1
spatial_id,g0084_0126,6
spatial_id,g0085_0016,1
spatial_id,g0085_0017,17
spatial_id,g0085_0029,2
spatial_id,g0085_0032,1
spatial_id,g0085_0035,1
spatial_id,g0085_0036,3
spatial_id,g0085_0039,16
spatial_id,g0085_0040,12
spatial_id,g0085_0042,17
spatial_id,g0085_0043,103
spatial_id,g0085_0044,253
spatial_id,g0085_0045,147
spatial_id,g0085_0046,96
spatial_id,g0085_0047,7
spatial_id,g0085_0048,124
spatial_id,g0085_0049,9
spatial_id,g0085_0050,26
spatial_id,g0085_0052,6
spatial_id,g0085_0053,10
spatial_id,g0085_0054,4
spatial_id,g0085_0055,2
spatial_id,g0085_0056,9
spatial_id,g0085_0057,60
spatial_id,g0085_0058,92
spatial_id,g0085_0059,212
spatial_id,g0085_0060,288
spatial_id,g0085_0061,32
spatial_id,g0085_0062,12
spatial_id,g0085_0064,24
spatial_id,g0085_0065,53
spatial_id,g0085_0066,59
spatial_id,g0085_0068,632
spatial_id,g0085_0069,35
spatial_id,g0085_0070,1743
spatial_id,g0085_0071,547
spatial_id,g0085_0072,129
spatial_id,g0085_0073,573
spatial_id,g0085_0074,348
spatial_id,g0085_0075,4
spatial_id,g0085_0076,1
spatial_id,g0085_0078,134
spatial_id,g0085_0079,160
spatial_id,g0085_0080,130
spatial_id,g0085_0081,23
spatial_id,g0085_0082,264
spatial_id,g0085_0083,26
spatial_id,g0085_0084,56
spatial_id,g0085_0085,75
spatial_id,g0085_0086,237
spatial_id,g0085_0087,42
spatial_id,g0085_0088,107
spatial_id,g0085_0089,1711
spatial_id,g0085_0090,2431
spatial_id,g0085_0091,1
spatial_id,g0085_0093,23
spatial_id,g0085_0094,97
spatial_id,g0085_0095,3
spatial_id,g0085_0096,21
spatial_id,g0085_0098,1
spatial_id,g0085_0101,1
spatial_id,g0085_0108,1
spatial_id,g0085_0109,4
spatial_id,g0085_0110,4
spatial_id,g0085_0115,1
spatial_id,g0085_0118,1
spatial_id,g0085_0126,4
spatial_id,g0085_0127,1
spatial_id,g0086_0016,2
spatial_id,g0086_0017,1
spatial_id,g0086_0028,1
spatial_id,g0086_0029,9
spatial_id,g0086_0030,1
spatial_id,g0086_0035,2
spatial_id,g0086_0036,6
spatial_id,g0086_0037,2
spatial_id,g0086_0038,4
spatial_id,g0086_0039,2
spatial_id,g0086_0040,2
spatial_id,g0086_0041,19
spatial_id,g0086_0042,83
spatial_id,g0086_0043,91
spatial_id,g0086_0044,101
spatial_id,g0086_0045,41
spatial_id,g0086_0046,101
spatial_id,g0086_0047,84
spatial_id,g0086_0048,2
spatial_id,g0086_0049,26
spatial_id,g0086_0052,1
spatial_id,g0086_0056,6
spatial_id,g0086_0057,52
spatial_id,g0086_0058,288
spatial_id,g0086_0059,566
spatial_id,g0086_0060,110
spatial_id,g0086_0061,1
spatial_id,g0086_0062,12
spatial_id,g0086_0063,1
spatial_id,g0086_0064,30
spatial_id,g0086_0065,7
spatial_id,g0086_0066,110
spatial_id,g0086_0068,808
spatial_id,g0086_0069,48
spatial_id,g0086_0070,1285
spatial_id,g0086_0071,672
spatial_id,g0086_0072,17
spatial_id,g0086_0073,82
spatial_id,g0086_0074,112
spatial_id,g0086_0075,160
spatial_id,g0086_0076,43
spatial_id,g0086_0077,37
spatial_id,g0086_0078,50
spatial_id,g0086_0079,10
spatial_id,g0086_0082,31
spatial_id,g0086_0083,123
spatial_id,g0086_0084,4
spatial_id,g0086_0085,55
spatial_id,g0086_0086,143
spatial_id,g0086_0087,61
spatial_id,g0086_0088,104
spatial_id,g0086_0089,1
spatial_id,g0086_0090,1007
spatial_id,g0086_0091,2658
spatial_id,g0086_0092,1
spatial_id,g0086_0093,4
spatial_id,g0086_0094,194
spatial_id,g0086_0095,19
spatial_id,g0086_0096,108
spatial_id,g0086_0097,7
spatial_id,g0086_0098,6
spatial_id,g0086_0110,14
spatial_id,g0086_0115,1
spatial_id,g0087_0017,2
spatial_id,g0087_0018,4
spatial_id,g0087_0029,1
spatial_id,g0087_0038,66
spatial_id,g0087_0039,24
spatial_id,g0087_0040,45
spatial_id,g0087_0041,17
spatial_id,g0087_0042,54
spatial_id,g0087_0043,113
spatial_id,g0087_0044,40
spatial_id,g0087_0045,20
spatial_id,g0087_0046,9
spatial_id,g0087_0047,1
spatial_id,g0087_0048,2
spatial_id,g0087_0049,16
spatial_id,g0087_0050,7
spatial_id,g0087_0057,145
spatial_id,g0087_0058,2
spatial_id,g0087_0059,36
spatial_id,g0087_0063,1
spatial_id,g0087_0064,115
spatial_id,g0087_0065,8
spatial_id,g0087_0066,2
spatial_id,g0087_0067,4
spatial_id,g0087_0068,740
spatial_id,g0087_0069,37
spatial_id,g0087_0070,2155
spatial_id,g0087_0071,1993
spatial_id,g0087_0072,304
spatial_id,g0087_0073,421
spatial_id,g0087_0074,312
spatial_id,g0087_0075,738
spatial_id,g0087_0076,88
spatial_id,g0087_0077,55
spatial_id,g0087_0078,7
spatial_id,g0087_0079,12
spatial_id,g0087_0080,4
spatial_id,g0087_0082,3
spatial_id,g0087_0083,317
spatial_id,g0087_0084,51
spatial_id,g0087_0086,1
spatial_id,g0087_0089,76
spatial_id,g0087_0090,16
spatial_id,g0087_0091,722
spatial_id,g0087_0092,1344
spatial_id,g0087_0093,222
spatial_id,g0087_0094,36
spatial_id,g0087_0096,63
spatial_id,g0087_0098,10
spatial_id,g0087_0099,3
spatial_id,g0087_0106,2
spatial_id,g0087_0110,13
spatial_id,g0088_0016,5
spatial_id,g0088_0022,1
spatial_id,g0088_0037,4
spatial_id,g0088_0038,9
spatial_id,g0088_0039,5
spatial_id,g0088_0040,55
spatial_id,g0088_0041,84
spatial_id,g0088_0042,37
spatial_id,g0088_0043,37
spatial_id,g0088_0044,17
spatial_id,g0088_0045,1
spatial_id,g0088_0048,1
spatial_id,g0088_0049,6
spatial_id,g0088_0050,2
spatial_id,g0088_0051,3
spatial_id,g0088_0053,1
spatial_id,g0088_0054,1
spatial_id,g0088_0056,9
spatial_id,g0088_0059,41
spatial_id,g0088_0063,6
spatial_id,g0088_0064,21
spatial_id,g0088_0065,11
spatial_id,g0088_0066,3
spatial_id,g0088_0067,12
spatial_id,g0088_0068,809
spatial_id,g0088_0069,722
spatial_id,g0088_0070,1290
spatial_id,g0088_0071,435
spatial_id,g0088_0072,55
spatial_id,g0088_0075,154
spatial_id,g0088_0076,2
spatial_id,g0088_0077,1
spatial_id,g0088_0078,16
spatial_id,g0088_0079,1
spatial_id,g0088_0080,23
spatial_id,g0088_0081,25
spatial_id,g0088_0082,33
spatial_id,g0088_0083,49
spatial_id,g0088_0084,2
spatial_id,g0088_0089,43
spatial_id,g0088_0090,6
spatial_id,g0088_0092,883
spatial_id,g0088_0093,104
spatial_id,g0088_0094,1116
spatial_id,g0088_0095,208
spatial_id,g0088_0096,96
spatial_id,g0088_0098,2
spatial_id,g0088_0100,6
spatial_id,g0088_0101,11
spatial_id,g0088_0105,1
spatial_id,g0088_0106,5
spatial_id,g0088_0110,24
spatial_id,g0088_0111,1
spatial_id,g0088_0112,4
spatial_id,g0088_0113,3
spatial_id,g0088_0114,4
spatial_id,g0088_0115,2
spatial_id,g0088_0117,1
spatial_id,g0088_0118,1
spatial_id,g0088_0122,1
spatial_id,g0089_0016,1
spatial_id,g0089_0036,4
spatial_id,g0089_0037,3
spatial_id,g0089_0038,35
spatial_id,g0089_0039,66
spatial_id,g0089_0040,36
spatial_id,g0089_0041,19
spatial_id,g0089_0042,10
spatial_id,g0089_0043,2
spatial_id,g0089_0044,3
spatial_id,g0089_0045,3
spatial_id,g0089_0049,2
spatial_id,g0089_0051,6
spatial_id,g0089_0052,2
spatial_id,g0089_0054,1
spatial_id,g0089_0055,3
spatial_id,g0089_0056,4
spatial_id,g0089_0057,1
spatial_id,g0089_0058,3
spatial_id,g0089_0059,150
spatial_id,g0089_0060,11
spatial_id,g0089_0061,6
spatial_id,g0089_0062,15
spatial_id,g0089_0063,33
spatial_id,g0089_0064,30
spatial_id,g0089_0066,8
spatial_id,g0089_0067,57
spatial_id,g0089_0068,1068
spatial_id,g0089_0069,11
spatial_id,g0089_0070,1290
spatial_id,g0089_0071,567
spatial_id,g0089_0072,61
spatial_id,g0089_0073,4
spatial_id,g0089_0074,13
spatial_id,g0089_0075,312
spatial_id,g0089_0078,22
spatial_id,g0089_0079,85
spatial_id,g0089_0080,150
spatial_id,g0089_0081,31
spatial_id,g0089_0083,68
spatial_id,g0089_0084,3
spatial_id,g0089_0085,1
spatial_id,g0089_0089,23
spatial_id,g0089_0090,29
spatial_id,g0089_0092,84
spatial_id,g0089_0093,866
spatial_id,g0089_0094,2
spatial_id,g0089_0095,80
spatial_id,g0089_0096,655
spatial_id,g0089_0097,451
spatial_id,g0089_0101,11
spatial_id,g0089_0104,3
spatial_id,g0089_0105,1
spatial_id,g0089_0106,4
spatial_id,g0089_0107,2
spatial_id,g0089_0110,14
spatial_id,g0089_0114,1
spatial_id,g0089_0115,1
spatial_id,g0089_0131,1
spatial_id,g0090_0021,5
spatial_id,g0090_0034,1
spatial_id,g0090_0036,6
spatial_id,g0090_0037,37
spatial_id,g0090_0038,17
spatial_id,g0090_0039,2
spatial_id,g0090_0040,6
spatial_id,g0090_0041,4
spatial_id,g0090_0049,13
spatial_id,g0090_0050,7
spatial_id,g0090_0051,9
spatial_id,g0090_0052,3
spatial_id,g0090_0053,3
spatial_id,g0090_0054,3
spatial_id,g0090_0055,10
spatial_id,g0090_0059,26
spatial_id,g0090_0060,1
spatial_id,g0090_0062,1
spatial_id,g0090_0067,4
spatial_id,g0090_0068,307
spatial_id,g0090_0070,622
spatial_id,g0090_0071,131
spatial_id,g0090_0072,1
spatial_id,g0090_0074,7
spatial_id,g0090_0075,125
spatial_id,g0090_0076,2
spatial_id,g0090_0077,30
spatial_id,g0090_0078,5
spatial_id,g0090_0079,3
spatial_id,g0090_0080,2
spatial_id,g0090_0081,78
spatial_id,g0090_0082,2
spatial_id,g0090_0083,56
spatial_id,g0090_0090,22
spatial_id,g0090_0093,865
spatial_id,g0090_0097,121
spatial_id,g0090_0098,953
spatial_id,g0090_0099,490
spatial_id,g0090_0100,43
spatial_id,g0090_0101,6
spatial_id,g0090_0103,2
spatial_id,g0090_0104,12
spatial_id,g0090_0105,4
spatial_id,g0090_0106,8
spatial_id,g0090_0110,10
spatial_id,g0091_0018,2
spatial_id,g0091_0020,1
spatial_id,g0091_0021,1
spatial_id,g0091_0033,1
spatial_id,g0091_0034,10
spatial_id,g0091_0035,1
spatial_id,g0091_0036,112
spatial_id,g0091_0037,5
spatial_id,g0091_0038,1
spatial_id,g0091_0039,1
spatial_id,g0091_0040,1
spatial_id,g0091_0042,4
spatial_id,g0091_0049,24
spatial_id,g0091_0050,2
spatial_id,g0091_0054,5
spatial_id,g0091_0058,2
spatial_id,g0091_0059,64
spatial_id,g0091_0062,1
spatial_id,g0091_0067,3
spatial_id,g0091_0068,420
spatial_id,g0091_0069,19
spatial_id,g0091_0070,813
spatial_id,g0091_0071,245
spatial_id,g0091_0072,55
spatial_id,g0091_0073,46
spatial_id,g0091_0074,46
spatial_id,g0091_0075,340
spatial_id,g0091_0076,39
spatial_id,g0091_0077,1
spatial_id,g0091_0080,2
spatial_id,g0091_0081,47
spatial_id,g0091_0082,71
spatial_id,g0091_0083,21
spatial_id,g0091_0090,12
spatial_id,g0091_0093,115
spatial_id,g0091_0094,669
spatial_id,g0091_0096,1
spatial_id,g0091_0097,1
spatial_id,g0091_0100,480
spatial_id,g0091_0101,496
spatial_id,g0091_0102,9
spatial_id,g0091_0103,7
spatial_id,g0091_0104,13
spatial_id,g0091_0105,2
spatial_id,g0091_0110,2
spatial_id,g0091_0111,12
spatial_id,g0091_0112,5
spatial_id,g0091_0114,12
spatial_id,g0091_0116,3
spatial_id,g0091_0121,1
spatial_id,g0091_0125,2
spatial_id,g0092_0018,1
spatial_id,g0092_0030,5
spatial_id,g0092_0032,6
spatial_id,g0092_0033,10
spatial_id,g0092_0034,105
spatial_id,g0092_0035,136
spatial_id,g0092_0036,40
spatial_id,g0092_0037,2
spatial_id,g0092_0038,2
spatial_id,g0092_0039,1
spatial_id,g0092_0048,4
spatial_id,g0092_0049,16
spatial_id,g0092_0054,15
spatial_id,g0092_0055,3
spatial_id,g0092_0056,2
spatial_id,g0092_0057,3
spatial_id,g0092_0058,3
spatial_id,g0092_0059,52
spatial_id,g0092_0060,12
spatial_id,g0092_0061,2
spatial_id,g0092_0063,2
spatial_id,g0092_0064,4
spatial_id,g0092_0065,5
spatial_id,g0092_0066,5
spatial_id,g0092_0067,9
spatial_id,g0092_0068,428
spatial_id,g0092_0069,28
spatial_id,g0092_0070,845
spatial_id,g0092_0071,104
spatial_id,g0092_0075,150
spatial_id,g0092_0076,93
spatial_id,g0092_0077,29
spatial_id,g0092_0078,15
spatial_id,g0092_0079,45
spatial_id,g0092_0080,94
spatial_id,g0092_0081,200
spatial_id,g0092_0082,98
spatial_id,g0092_0083,8
spatial_id,g0092_0084,1
spatial_id,g0092_0089,3
spatial_id,g0092_0090,31
spatial_id,g0092_0091,3
spatial_id,g0092_0092,1
spatial_id,g0092_0094,982
spatial_id,g0092_0096,1
spatial_id,g0092_0101,550
spatial_id,g0092_0102,87
spatial_id,g0092_0103,29
spatial_id,g0092_0111,14
spatial_id,g0092_0112,4
spatial_id,g0092_0114,2
spatial_id,g0092_0116,2
spatial_id,g0093_0019,1
spatial_id,g0093_0030,3
spatial_id,g0093_0032,2
spatial_id,g0093_0034,21
spatial_id,g0093_0035,42
spatial_id,g0093_0036,9
spatial_id,g0093_0037,1
spatial_id,g0093_0047,6
spatial_id,g0093_0048,6
spatial_id,g0093_0049,1
spatial_id,g0093_0054,2
spatial_id,g0093_0058,1
spatial_id,g0093_0059,38
spatial_id,g0093_0065,1
spatial_id,g0093_0066,1
spatial_id,g0093_0068,546
spatial_id,g0093_0069,51
spatial_id,g0093_0070,951
spatial_id,g0093_0071,469
spatial_id,g0093_0075,4
spatial_id,g0093_0077,92
spatial_id,g0093_0078,6
spatial_id,g0093_0079,20
spatial_id,g0093_0080,3
spatial_id,g0093_0081,40
spatial_id,g0093_0082,30
spatial_id,g0093_0083,13
spatial_id,g0093_0084,1
spatial_id,g0093_0089,1
spatial_id,g0093_0090,21
spatial_id,g0093_0094,666
spatial_id,g0093_0095,586
spatial_id,g0093_0102,305
spatial_id,g0093_0103,1441
spatial_id,g0093_0104,176
spatial_id,g0093_0105,15
spatial_id,g0093_0109,2
spatial_id,g0093_0110,1
spatial_id,g0093_0111,41
spatial_id,g0093_0112,40
spatial_id,g0093_0113,10
spatial_id,g0093_0114,32
spatial_id,g0093_0116,1
spatial_id,g0093_0117,1
spatial_id,g0093_0118,4
spatial_id,g0093_0119,2
spatial_id,g0093_0121,2
spatial_id,g0093_0122,5
spatial_id,g0093_0123,1
spatial_id,g0093_0124,1
spatial_id,g0093_0125,1
spatial_id,g0093_0127,2
spatial_id,g0094_0019,3
spatial_id,g0094_0029,1
spatial_id,g0094_0030,2
spatial_id,g0094_0031,1
spatial_id,g0094_0032,1
spatial_id,g0094_0033,78
spatial_id,g0094_0034,42
spatial_id,g0094_0035,7
spatial_id,g0094_0036,1
spatial_id,g0094_0044,1
spatial_id,g0094_0046,9
spatial_id,g0094_0048,4
spatial_id,g0094_0059,40
spatial_id,g0094_0066,2
spatial_id,g0094_0067,10
spatial_id,g0094_0068,428
spatial_id,g0094_0069,3
spatial_id,g0094_0070,323
spatial_id,g0094_0071,114
spatial_id,g0094_0073,1
spatial_id,g0094_0075,14
spatial_id,g0094_0077,11
spatial_id,g0094_0078,21
spatial_id,g0094_0080,1
spatial_id,g0094_0081,44
spatial_id,g0094_0082,149
spatial_id,g0094_0083,6
spatial_id,g0094_0090,2
spatial_id,g0094_0091,4
spatial_id,g0094_0092,38
spatial_id,g0094_0093,42
spatial_id,g0094_0094,4
spatial_id,g0094_0095,1150
spatial_id,g0094_0098,2
spatial_id,g0094_0099,1
spatial_id,g0094_0100,4
spatial_id,g0094_0101,31
spatial_id,g0094_0102,43
spatial_id,g0094_0103,278
spatial_id,g0094_0104,18
spatial_id,g0094_0105,236
spatial_id,g0094_0106,453
spatial_id,g0094_0107,239
spatial_id,g0094_0108,177
spatial_id,g0094_0109,288
spatial_id,g0094_0110,162
spatial_id,g0094_0111,357
spatial_id,g0094_0112,166
spatial_id,g0094_0115,2
spatial_id,g0094_0116,1
spatial_id,g0094_0121,4
spatial_id,g0094_0122,4
spatial_id,g0094_0128,1
spatial_id,g0094_0130,1
spatial_id,g0095_0013,1
spatial_id,g0095_0019,1
spatial_id,g0095_0032,35
spatial_id,g0095_0033,1
spatial_id,g0095_0035,1
spatial_id,g0095_0037,1
spatial_id,g0095_0045,10
spatial_id,g0095_0046,1
spatial_id,g0095_0054,2
spatial_id,g0095_0058,1
spatial_id,g0095_0059,53
spatial_id,g0095_0061,1
spatial_id,g0095_0066,2
spatial_id,g0095_0067,12
spatial_id,g0095_0068,334
spatial_id,g0095_0069,1
spatial_id,g0095_0070,762
spatial_id,g0095_0071,285
spatial_id,g0095_0072,4
spatial_id,g0095_0073,8
spatial_id,g0095_0074,3
spatial_id,g0095_0075,7
spatial_id,g0095_0079,5
spatial_id,g0095_0080,3
spatial_id,g0095_0082,24
spatial_id,g0095_0083,9
spatial_id,g0095_0085,1
spatial_id,g0095_0087,1
spatial_id,g0095_0088,7
spatial_id,g0095_0089,54
spatial_id,g0095_0090,47
spatial_id,g0095_0091,116
spatial_id,g0095_0092,11
spatial_id,g0095_0095,658
spatial_id,g0095_0096,361
spatial_id,g0095_0097,1
spatial_id,g0095_0098,11
spatial_id,g0095_0099,12
spatial_id,g0095_0100,17
spatial_id,g0095_0102,327
spatial_id,g0095_0103,20
spatial_id,g0095_0104,48
spatial_id,g0095_0105,29
spatial_id,g0095_0106,15
spatial_id,g0095_0111,1
spatial_id,g0095_0112,78
spatial_id,g0095_0113,260
spatial_id,g0095_0114,221
spatial_id,g0095_0115,46
spatial_id,g0095_0116,4
spatial_id,g0095_0121,1
spatial_id,g0095_0122,1
spatial_id,g0096_0019,1
spatial_id,g0096_0026,1
spatial_id,g0096_0027,5
spatial_id,g0096_0028,8
spatial_id,g0096_0029,11
spatial_id,g0096_0030,21
spatial_id,g0096_0031,5
spatial_id,g0096_0037,1
spatial_id,g0096_0044,4
spatial_id,g0096_0045,2
spatial_id,g0096_0046,13
spatial_id,g0096_0058,3
spatial_id,g0096_0059,36
spatial_id,g0096_0060,5
spatial_id,g0096_0062,12
spatial_id,g0096_0064,3
spatial_id,g0096_0065,1
spatial_id,g0096_0066,18
spatial_id,g0096_0067,2
spatial_id,g0096_0068,354
spatial_id,g0096_0069,100
spatial_id,g0096_0070,181
spatial_id,g0096_0071,90
spatial_id,g0096_0079,36
spatial_id,g0096_0080,1
spatial_id,g0096_0081,12
spatial_id,g0096_0082,100
spatial_id,g0096_0083,166
spatial_id,g0096_0084,18
spatial_id,g0096_0085,17
spatial_id,g0096_0086,42
spatial_id,g0096_0087,5
spatial_id,g0096_0089,2
spatial_id,g0096_0090,4
spatial_id,g0096_0095,1
spatial_id,g0096_0096,1377
spatial_id,g0096_0097,46
spatial_id,g0096_0098,26
spatial_id,g0096_0099,8
spatial_id,g0096_0102,370
spatial_id,g0096_0103,1642
spatial_id,g0096_0104,2819
spatial_id,g0096_0105,295
spatial_id,g0096_0108,3
spatial_id,g0096_0109,2
spatial_id,g0096_0110,7
spatial_id,g0096_0111,1
spatial_id,g0096_0112,1
spatial_id,g0096_0113,5
spatial_id,g0096_0114,99
spatial_id,g0096_0115,149
spatial_id,g0096_0116,8
spatial_id,g0096_0121,1
spatial_id,g0097_0012,1
spatial_id,g0097_0016,1
spatial_id,g0097_0017,1
spatial_id,g0097_0018,5
spatial_id,g0097_0020,4
spatial_id,g0097_0024,4
spatial_id,g0097_0025,6
spatial_id,g0097_0026,1
spatial_id,g0097_0030,1
spatial_id,g0097_0037,1
spatial_id,g0097_0044,8
spatial_id,g0097_0045,1
spatial_id,g0097_0046,1
spatial_id,g0097_0048,3
spatial_id,g0097_0049,1
spatial_id,g0097_0054,2
spatial_id,g0097_0057,9
spatial_id,g0097_0058,33
spatial_id,g0097_0059,11
spatial_id,g0097_0061,1
spatial_id,g0097_0064,1
spatial_id,g0097_0065,48
spatial_id,g0097_0066,28
spatial_id,g0097_0067,63
spatial_id,g0097_0068,1132
spatial_id,g0097_0069,826
spatial_id,g0097_0070,87
spatial_id,g0097_0071,56
spatial_id,g0097_0072,6
spatial_id,g0097_0073,6
spatial_id,g0097_0079,17
spatial_id,g0097_0080,7
spatial_id,g0097_0083,2
spatial_id,g0097_0084,1
spatial_id,g0097_0089,9
spatial_id,g0097_0096,429
spatial_id,g0097_0097,1205
spatial_id,g0097_0098,356
spatial_id,g0097_0099,1
spatial_id,g0097_0100,1
spatial_id,g0097_0102,168
spatial_id,g0097_0103,1167
spatial_id,g0097_0110,1
spatial_id,g0097_0114,5
spatial_id,g0097_0115,77
spatial_id,g0097_0116,52
spatial_id,g0097_0117,26
spatial_id,g0097_0121,5
spatial_id,g0098_0008,1
spatial_id,g0098_0009,1
spatial_id,g0098_0011,1
spatial_id,g0098_0012,6
spatial_id,g0098_0013,1
spatial_id,g0098_0018,1
spatial_id,g0098_0019,2
spatial_id,g0098_0020,4
spatial_id,g0098_0021,1
spatial_id,g0098_0022,2
spatial_id,g0098_0023,1
spatial_id,g0098_0026,1
spatial_id,g0098_0027,2
spatial_id,g0098_0028,2
spatial_id,g0098_0030,1
spatial_id,g0098_0034,3
spatial_id,g0098_0043,1
spatial_id,g0098_0044,14
spatial_id,g0098_0045,7
spatial_id,g0098_0046,2
spatial_id,g0098_0049,2
spatial_id,g0098_0058,2
spatial_id,g0098_0065,4
spatial_id,g0098_0068,136
spatial_id,g0098_0069,435
spatial_id,g0098_0070,96
spatial_id,g0098_0071,45
spatial_id,g0098_0072,125
spatial_id,g0098_0073,17
spatial_id,g0098_0077,1
spatial_id,g0098_0078,18
spatial_id,g0098_0079,19
spatial_id,g0098_0084,27
spatial_id,g0098_0089,10
spatial_id,g0098_0090,2
spatial_id,g0098_0096,5
spatial_id,g0098_0097,7
spatial_id,g0098_0098,809
spatial_id,g0098_0099,2775
spatial_id,g0098_0100,19
spatial_id,g0098_0101,4
spatial_id,g0098_0102,478
spatial_id,g0098_0103,731
spatial_id,g0098_0106,16
spatial_id,g0098_0107,25
spatial_id,g0098_0108,69
spatial_id,g0098_0115,135
spatial_id,g0098_0117,69
spatial_id,g0098_0118,10
spatial_id,g0099_0008,1
spatial_id,g0099_0014,1
spatial_id,g0099_0019,1
spatial_id,g0099_0023,1
spatial_id,g0099_0030,1
spatial_id,g0099_0031,5
spatial_id,g0099_0036,1
spatial_id,g0099_0044,6
spatial_id,g0099_0045,1
spatial_id,g0099_0050,1
spatial_id,g0099_0052,1
spatial_id,g0099_0057,4
spatial_id,g0099_0059,2
spatial_id,g0099_0061,1
spatial_id,g0099_0065,4
spatial_id,g0099_0067,4
spatial_id,g0099_0068,125
spatial_id,g0099_0069,742
spatial_id,g0099_0070,400
spatial_id,g0099_0071,216
spatial_id,g0099_0072,373
spatial_id,g0099_0073,58
spatial_id,g0099_0074,17
spatial_id,g0099_0075,40
spatial_id,g0099_0076,49
spatial_id,g0099_0077,3
spatial_id,g0099_0082,1
spatial_id,g0099_0084,17
spatial_id,g0099_0096,5
spatial_id,g0099_0099,1491
spatial_id,g0099_0100,1182
spatial_id,g0099_0101,1130
spatial_id,g0099_0102,2870
spatial_id,g0099_0103,2518
spatial_id,g0099_0104,3363
spatial_id,g0099_0105,3065
spatial_id,g0099_0106,4712
spatial_id,g0099_0108,34
spatial_id,g0099_0109,28
spatial_id,g0099_0110,44
spatial_id,g0099_0111,105
spatial_id,g0099_0112,24
spatial_id,g0099_0113,16
spatial_id,g0099_0114,39
spatial_id,g0099_0115,526
spatial_id,g0099_0117,2
spatial_id,g0099_0118,26
spatial_id,g0099_0119,11
spatial_id,g0099_0120,1
spatial_id,g0100_0005,2
spatial_id,g0100_0007,1
spatial_id,g0100_0011,4
spatial_id,g0100_0018,12
spatial_id,g0100_0031,5
spatial_id,g0100_0044,3
spatial_id,g0100_0052,3
spatial_id,g0100_0055,3
spatial_id,g0100_0056,1
spatial_id,g0100_0058,3
spatial_id,g0100_0059,1
spatial_id,g0100_0061,1
spatial_id,g0100_0068,213
spatial_id,g0100_0069,437
spatial_id,g0100_0070,24
spatial_id,g0100_0071,1
spatial_id,g0100_0072,39
spatial_id,g0100_0073,3
spatial_id,g0100_0077,4
spatial_id,g0100_0084,28
spatial_id,g0100_0095,1
spatial_id,g0100_0096,27
spatial_id,g0100_0097,4
spatial_id,g0100_0098,32
spatial_id,g0100_0099,224
spatial_id,g0100_0100,192
spatial_id,g0100_0101,475
spatial_id,g0100_0102,75
spatial_id,g0100_0103,56
spatial_id,g0100_0104,78
spatial_id,g0100_0106,5138
spatial_id,g0100_0115,118
spatial_id,g0100_0117,2
spatial_id,g0100_0119,7
spatial_id,g0100_0120,34
spatial_id,g0101_0018,6
spatial_id,g0101_0023,1
spatial_id,g0101_0044,4
spatial_id,g0101_0052,1
spatial_id,g0101_0057,2
spatial_id,g0101_0059,1
spatial_id,g0101_0061,3
spatial_id,g0101_0062,3
spatial_id,g0101_0063,11
spatial_id,g0101_0064,12
spatial_id,g0101_0065,1
spatial_id,g0101_0066,9
spatial_id,g0101_0067,23
spatial_id,g0101_0068,808
spatial_id,g0101_0069,351
spatial_id,g0101_0070,4
spatial_id,g0101_0071,2
spatial_id,g0101_0072,12
spatial_id,g0101_0077,4
spatial_id,g0101_0084,1
spatial_id,g0101_0085,1
spatial_id,g0101_0096,18
spatial_id,g0101_0098,4
spatial_id,g0101_0099,6
spatial_id,g0101_0100,1
spatial_id,g0101_0115,108
spatial_id,g0101_0117,1
spatial_id,g0101_0120,68
spatial_id,g0101_0121,40
spatial_id,g0102_0016,1
spatial_id,g0102_0030,1
spatial_id,g0102_0044,3
spatial_id,g0102_0054,1
spatial_id,g0102_0057,1
spatial_id,g0102_0064,54
spatial_id,g0102_0065,14
spatial_id,g0102_0066,27
spatial_id,g0102_0068,345
spatial_id,g0102_0069,36
spatial_id,g0102_0070,4
spatial_id,g0102_0071,3
spatial_id,g0102_0072,10
spatial_id,g0102_0077,2
spatial_id,g0102_0084,9
spatial_id,g0102_0096,6
spatial_id,g0102_0099,1
spatial_id,g0102_0115,117
spatial_id,g0102_0117,3
spatial_id,g0102_0119,1
spatial_id,g0102_0121,10
spatial_id,g0102_0122,15
spatial_id,g0103_0011,1
spatial_id,g0103_0015,3
spatial_id,g0103_0023,2
spatial_id,g0103_0030,1
spatial_id,g0103_0035,1
spatial_id,g0103_0044,2
spatial_id,g0103_0045,1
spatial_id,g0103_0055,2
spatial_id,g0103_0057,5
spatial_id,g0103_0060,3
spatial_id,g0103_0061,2
spatial_id,g0103_0062,2
spatial_id,g0103_0063,3
spatial_id,g0103_0064,4
spatial_id,g0103_0067,90
spatial_id,g0103_0068,126
spatial_id,g0103_0069,58
spatial_id,g0103_0071,37
spatial_id,g0103_0084,2
spatial_id,g0103_0085,4
spatial_id,g0103_0096,27
spatial_id,g0103_0097,5
spatial_id,g0103_0098,6
spatial_id,g0103_0114,30
spatial_id,g0103_0115,257
spatial_id,g0103_0116,1
spatial_id,g0103_0117,6
spatial_id,g0103_0120,1
spatial_id,g0103_0122,27
spatial_id,g0103_0124,1
spatial_id,g0103_0127,1
spatial_id,g0104_0013,1
spatial_id,g0104_0023,1
spatial_id,g0104_0026,1
spatial_id,g0104_0056,15
spatial_id,g0104_0057,4
spatial_id,g0104_0058,1
spatial_id,g0104_0061,1
spatial_id,g0104_0064,4
spatial_id,g0104_0067,245
spatial_id,g0104_0068,38
spatial_id,g0104_0069,60
spatial_id,g0104_0071,2
spatial_id,g0104_0072,14
spatial_id,g0104_0085,8
spatial_id,g0104_0096,7
spatial_id,g0104_0099,1
spatial_id,g0104_0114,293
spatial_id,g0104_0115,100
spatial_id,g0104_0117,8
spatial_id,g0104_0119,3
spatial_id,g0104_0120,6
spatial_id,g0104_0123,81
spatial_id,g0104_0124,1
spatial_id,g0104_0126,1
spatial_id,g0104_0127,1
spatial_id,g0105_0008,1
spatial_id,g0105_0011,4
spatial_id,g0105_0012,1
spatial_id,g0105_0021,1
spatial_id,g0105_0025,1
spatial_id,g0105_0045,4
spatial_id,g0105_0052,2
spatial_id,g0105_0056,14
spatial_id,g0105_0057,7
spatial_id,g0105_0061,1
spatial_id,g0105_0064,1
spatial_id,g0105_0067,102
spatial_id,g0105_0068,168
spatial_id,g0105_0069,39
spatial_id,g0105_0070,3
spatial_id,g0105_0072,38
spatial_id,g0105_0086,6
spatial_id,g0105_0094,1
spatial_id,g0105_0096,16
spatial_id,g0105_0114,79
spatial_id,g0105_0115,24
spatial_id,g0105_0117,18
spatial_id,g0105_0118,1
spatial_id,g0105_0119,1
spatial_id,g0105_0122,1
spatial_id,g0105_0123,7
spatial_id,g0105_0124,5
spatial_id,g0106_0012,3
spatial_id,g0106_0022,1
spatial_id,g0106_0023,1
spatial_id,g0106_0040,2
spatial_id,g0106_0045,1
spatial_id,g0106_0057,1
spatial_id,g0106_0058,7
spatial_id,g0106_0062,1
spatial_id,g0106_0065,6
spatial_id,g0106_0066,21
spatial_id,g0106_0067,87
spatial_id,g0106_0068,60
spatial_id,g0106_0069,41
spatial_id,g0106_0070,7
spatial_id,g0106_0072,4
spatial_id,g0106_0083,1
spatial_id,g0106_0086,14
spatial_id,g0106_0094,1
spatial_id,g0106_0096,9
spatial_id,g0106_0100,1
spatial_id,g0106_0104,1
spatial_id,g0106_0110,1
spatial_id,g0106_0114,509
spatial_id,g0106_0115,18
spatial_id,g0106_0116,6
spatial_id,g0106_0117,36
spatial_id,g0106_0118,6
spatial_id,g0106_0119,20
spatial_id,g0106_0124,10
spatial_id,g0106_0132,1
spatial_id,g0107_0042,1
spatial_id,g0107_0044,3
spatial_id,g0107_0050,1
spatial_id,g0107_0051,5
spatial_id,g0107_0052,1
spatial_id,g0107_0055,1
spatial_id,g0107_0058,2
spatial_id,g0107_0059,2
spatial_id,g0107_0060,2
spatial_id,g0107_0062,2
spatial_id,g0107_0063,6
spatial_id,g0107_0064,48
spatial_id,g0107_0065,1
spatial_id,g0107_0066,1
spatial_id,g0107_0067,424
spatial_id,g0107_0068,10
spatial_id,g0107_0069,2
spatial_id,g0107_0070,44
spatial_id,g0107_0072,9
spatial_id,g0107_0086,9
spatial_id,g0107_0096,14
spatial_id,g0107_0100,3
spatial_id,g0107_0101,6
spatial_id,g0107_0102,1
spatial_id,g0107_0114,101
spatial_id,g0107_0115,3
spatial_id,g0107_0116,1
spatial_id,g0107_0117,16
spatial_id,g0107_0118,3
spatial_id,g0107_0119,12
spatial_id,g0107_0121,1
spatial_id,g0107_0125,46
spatial_id,g0107_0132,2
spatial_id,g0108_0042,7
spatial_id,g0108_0043,1
spatial_id,g0108_0047,1
spatial_id,g0108_0058,2
spatial_id,g0108_0060,1
spatial_id,g0108_0062,1
spatial_id,g0108_0063,5
spatial_id,g0108_0064,69
spatial_id,g0108_0065,101
spatial_id,g0108_0066,221
spatial_id,g0108_0067,189
spatial_id,g0108_0068,78
spatial_id,g0108_0069,39
spatial_id,g0108_0070,18
spatial_id,g0108_0071,78
spatial_id,g0108_0072,64
spatial_id,g0108_0085,4
spatial_id,g0108_0096,32
spatial_id,g0108_0097,3
spatial_id,g0108_0099,2
spatial_id,g0108_0114,121
spatial_id,g0108_0115,14
spatial_id,g0108_0116,2
spatial_id,g0108_0117,67
spatial_id,g0108_0118,22
spatial_id,g0108_0119,56
spatial_id,g0108_0123,1
spatial_id,g0108_0125,5
spatial_id,g0108_0126,39
spatial_id,g0108_0127,6
spatial_id,g0108_0128,6
spatial_id,g0108_0129,12
spatial_id,g0108_0130,17
spatial_id,g0108_0131,12
spatial_id,g0108_0132,3
spatial_id,g0108_0133,5
spatial_id,g0109_0007,1
spatial_id,g0109_0042,3
spatial_id,g0109_0051,17
spatial_id,g0109_0058,2
spatial_id,g0109_0060,1
spatial_id,g0109_0061,9
spatial_id,g0109_0062,15
spatial_id,g0109_0063,2
spatial_id,g0109_0064,20
spatial_id,g0109_0065,102
spatial_id,g0109_0066,19
spatial_id,g0109_0067,15
spatial_id,g0109_0068,82
spatial_id,g0109_0069,2
spatial_id,g0109_0070,4
spatial_id,g0109_0071,71
spatial_id,g0109_0072,1
spatial_id,g0109_0085,11
spatial_id,g0109_0092,2
spatial_id,g0109_0096,1
spatial_id,g0109_0101,2
spatial_id,g0109_0114,113
spatial_id,g0109_0115,10
spatial_id,g0109_0116,4
spatial_id,g0109_0117,46
spatial_id,g0109_0118,11
spatial_id,g0109_0119,28
spatial_id,g0109_0125,1
spatial_id,g0110_0007,1
spatial_id,g0110_0031,1
spatial_id,g0110_0033,5
spatial_id,g0110_0040,1
spatial_id,g0110_0041,2
spatial_id,g0110_0042,1
spatial_id,g0110_0051,1
spatial_id,g0110_0061,1
spatial_id,g0110_0063,15
spatial_id,g0110_0064,144
spatial_id,g0110_0066,2
spatial_id,g0110_0068,25
spatial_id,g0110_0069,2
spatial_id,g0110_0070,1
spatial_id,g0110_0071,75
spatial_id,g0110_0072,8
spatial_id,g0110_0076,1
spatial_id,g0110_0084,1
spatial_id,g0110_0085,18
spatial_id,g0110_0090,3
spatial_id,g0110_0091,1
spatial_id,g0110_0096,1
spatial_id,g0110_0102,2
spatial_id,g0110_0113,6
spatial_id,g0110_0114,177
spatial_id,g0110_0115,26
spatial_id,g0110_0116,31
spatial_id,g0110_0117,120
spatial_id,g0110_0118,13
spatial_id,g0110_0119,28
spatial_id,g0110_0120,3
spatial_id,g0110_0126,5
spatial_id,g0111_0006,1
spatial_id,g0111_0047,1
spatial_id,g0111_0050,1
spatial_id,g0111_0051,2
spatial_id,g0111_0052,2
spatial_id,g0111_0054,3
spatial_id,g0111_0055,3
spatial_id,g0111_0057,1
spatial_id,g0111_0058,14
spatial_id,g0111_0061,4
spatial_id,g0111_0064,294
spatial_id,g0111_0065,21
spatial_id,g0111_0066,163
spatial_id,g0111_0067,15
spatial_id,g0111_0068,248
spatial_id,g0111_0069,42
spatial_id,g0111_0070,20
spatial_id,g0111_0071,100
spatial_id,g0111_0072,31
spatial_id,g0111_0073,12
spatial_id,g0111_0074,28
spatial_id,g0111_0075,3
spatial_id,g0111_0076,7
spatial_id,g0111_0077,14
spatial_id,g0111_0078,11
spatial_id,g0111_0080,1
spatial_id,g0111_0081,1
spatial_id,g0111_0084,1
spatial_id,g0111_0085,17
spatial_id,g0111_0096,1
spatial_id,g0111_0102,3
spatial_id,g0111_0103,1
spatial_id,g0111_0107,8
spatial_id,g0111_0108,1
spatial_id,g0111_0109,1
spatial_id,g0111_0110,9
spatial_id,g0111_0111,8
spatial_id,g0111_0112,7
spatial_id,g0111_0113,70
spatial_id,g0111_0114,154
spatial_id,g0111_0115,24
spatial_id,g0111_0116,43
spatial_id,g0111_0117,90
spatial_id,g0111_0118,13
spatial_id,g0111_0119,19
spatial_id,g0111_0120,9
spatial_id,g0111_0121,6
spatial_id,g0111_0122,2
spatial_id,g0111_0124,3
spatial_id,g0111_0126,17
spatial_id,g0111_0128,1
spatial_id,g0111_0130,3
spatial_id,g0112_0038,1
spatial_id,g0112_0058,1
spatial_id,g0112_0059,5
spatial_id,g0112_0060,3
spatial_id,g0112_0061,30
spatial_id,g0112_0062,8
spatial_id,g0112_0063,104
spatial_id,g0112_0064,49
spatial_id,g0112_0066,27
spatial_id,g0112_0067,3
spatial_id,g0112_0068,96
spatial_id,g0112_0070,5
spatial_id,g0112_0071,8
spatial_id,g0112_0072,6
spatial_id,g0112_0079,5
spatial_id,g0112_0080,1
spatial_id,g0112_0081,1
spatial_id,g0112_0085,4
spatial_id,g0112_0097,3
spatial_id,g0112_0098,6
spatial_id,g0112_0099,1
spatial_id,g0112_0100,5
spatial_id,g0112_0101,3
spatial_id,g0112_0102,26
spatial_id,g0112_0105,2
spatial_id,g0112_0106,3
spatial_id,g0112_0112,18
spatial_id,g0112_0113,16
spatial_id,g0112_0114,75
spatial_id,g0112_0115,1
spatial_id,g0112_0116,9
spatial_id,g0112_0117,20
spatial_id,g0112_0120,1
spatial_id,g0112_0126,1
spatial_id,g0113_0015,1
spatial_id,g0113_0051,2
spatial_id,g0113_0053,2
spatial_id,g0113_0062,27
spatial_id,g0113_0063,33
spatial_id,g0113_0064,32
spatial_id,g0113_0065,7
spatial_id,g0113_0066,14
spatial_id,g0113_0067,1
spatial_id,g0113_0068,50
spatial_id,g0113_0069,1
spatial_id,g0113_0071,5
spatial_id,g0113_0072,2
spatial_id,g0113_0080,1
spatial_id,g0113_0085,3
spatial_id,g0113_0095,2
spatial_id,g0113_0096,3
spatial_id,g0113_0097,25
spatial_id,g0113_0102,5
spatial_id,g0113_0113,9
spatial_id,g0113_0114,362
spatial_id,g0113_0115,6
spatial_id,g0113_0116,17
spatial_id,g0113_0117,38
spatial_id,g0113_0124,2
spatial_id,g0113_0126,2
spatial_id,g0114_0034,1
spatial_id,g0114_0061,89
spatial_id,g0114_0062,1
spatial_id,g0114_0063,2
spatial_id,g0114_0064,10
spatial_id,g0114_0065,11
spatial_id,g0114_0066,9
spatial_id,g0114_0067,6
spatial_id,g0114_0068,62
spatial_id,g0114_0071,2
spatial_id,g0114_0073,3
spatial_id,g0114_0083,6
spatial_id,g0114_0085,51
spatial_id,g0114_0086,9
spatial_id,g0114_0087,2
spatial_id,g0114_0088,1
spatial_id,g0114_0089,8
spatial_id,g0114_0091,1
spatial_id,g0114_0092,1
spatial_id,g0114_0093,7
spatial_id,g0114_0094,2
spatial_id,g0114_0095,5
spatial_id,g0114_0096,15
spatial_id,g0114_0102,1
spatial_id,g0114_0110,1
spatial_id,g0114_0112,2
spatial_id,g0114_0113,4
spatial_id,g0114_0114,155
spatial_id,g0114_0115,6
spatial_id,g0114_0116,1
spatial_id,g0114_0117,4
spatial_id,g0114_0118,16
spatial_id,g0114_0126,9
spatial_id,g0115_0042,1
spatial_id,g0115_0058,1
spatial_id,g0115_0060,66
spatial_id,g0115_0062,2
spatial_id,g0115_0063,13
spatial_id,g0115_0064,10
spatial_id,g0115_0065,6
spatial_id,g0115_0069,3
spatial_id,g0115_0071,5
spatial_id,g0115_0073,1
spatial_id,g0115_0081,1
spatial_id,g0115_0085,4
spatial_id,g0115_0092,1
spatial_id,g0115_0095,1
spatial_id,g0115_0102,2
spatial_id,g0115_0114,159
spatial_id,g0115_0115,21
spatial_id,g0115_0118,9
spatial_id,g0116_0011,1
spatial_id,g0116_0035,1
spatial_id,g0116_0036,1
spatial_id,g0116_0060,40
spatial_id,g0116_0062,1
spatial_id,g0116_0063,1
spatial_id,g0116_0064,11
spatial_id,g0116_0065,2
spatial_id,g0116_0067,3
spatial_id,g0116_0069,23
spatial_id,g0116_0070,12
spatial_id,g0116_0071,16
spatial_id,g0116_0072,16
spatial_id,g0116_0073,22
spatial_id,g0116_0075,1
spatial_id,g0116_0082,3
spatial_id,g0116_0083,1
spatial_id,g0116_0085,14
spatial_id,g0116_0089,1
spatial_id,g0116_0097,2
spatial_id,g0116_0102,10
spatial_id,g0116_0110,2
spatial_id,g0116_0114,50
spatial_id,g0116_0115,28
spatial_id,g0116_0118,2
spatial_id,g0117_0008,1
spatial_id,g0117_0026,1
spatial_id,g0117_0058,1
spatial_id,g0117_0059,61
spatial_id,g0117_0060,22
spatial_id,g0117_0064,5
spatial_id,g0117_0068,1
spatial_id,g0117_0069,4
spatial_id,g0117_0070,5
spatial_id,g0117_0072,1
spatial_id,g0117_0073,11
spatial_id,g0117_0074,1
spatial_id,g0117_0076,3
spatial_id,g0117_0077,3
spatial_id,g0117_0085,10
spatial_id,g0117_0086,1
spatial_id,g0117_0088,1
spatial_id,g0117_0089,1
spatial_id,g0117_0097,3
spatial_id,g0117_0102,6
spatial_id,g0117_0110,2
spatial_id,g0117_0114,2
spatial_id,g0117_0115,37
spatial_id,g0117_0116,16
spatial_id,g0117_0118,52
spatial_id,g0118_0002,1
spatial_id,g0118_0042,1
spatial_id,g0118_0044,1
spatial_id,g0118_0050,3
spatial_id,g0118_0056,9
spatial_id,g0118_0057,2
spatial_id,g0118_0058,1
spatial_id,g0118_0059,8
spatial_id,g0118_0065,6
spatial_id,g0118_0070,10
spatial_id,g0118_0071,1
spatial_id,g0118_0072,1
spatial_id,g0118_0074,1
spatial_id,g0118_0085,6
spatial_id,g0118_0087,1
spatial_id,g0118_0090,1
spatial_id,g0118_0102,3
spatial_id,g0118_0109,1
spatial_id,g0118_0110,2
spatial_id,g0118_0111,1
spatial_id,g0118_0113,1
spatial_id,g0118_0116,129
spatial_id,g0118_0117,8
spatial_id,g0118_0118,5
spatial_id,g0118_0119,6
spatial_id,g0118_0126,9
spatial_id,g0119_0026,1
spatial_id,g0119_0052,1
spatial_id,g0119_0053,2
spatial_id,g0119_0054,7
spatial_id,g0119_0055,3
spatial_id,g0119_0059,11
spatial_id,g0119_0064,2
spatial_id,g0119_0070,2
spatial_id,g0119_0074,2
spatial_id,g0119_0085,5
spatial_id,g0119_0089,1
spatial_id,g0119_0097,1
spatial_id,g0119_0098,1
spatial_id,g0119_0100,1
spatial_id,g0119_0102,8
spatial_id,g0119_0109,1
spatial_id,g0119_0112,1
spatial_id,g0119_0116,58
spatial_id,g0119_0117,3
spatial_id,g0119_0118,7
spatial_id,g0119_0120,2
spatial_id,g0119_0121,1
spatial_id,g0119_0126,2
spatial_id,g0119_0132,1
spatial_id,g0120_0026,1
spatial_id,g0120_0054,1
spatial_id,g0120_0058,18
spatial_id,g0120_0063,2
spatial_id,g0120_0070,2
spatial_id,g0120_0071,1
spatial_id,g0120_0085,1
spatial_id,g0120_0102,4
spatial_id,g0120_0111,1
spatial_id,g0120_0116,50
spatial_id,g0120_0118,1
spatial_id,g0120_0122,1
spatial_id,g0120_0126,8
spatial_id,g0120_0130,2
spatial_id,g0121_0051,1
spatial_id,g0121_0058,7
spatial_id,g0121_0061,1
spatial_id,g0121_0062,2
spatial_id,g0121_0070,1
spatial_id,g0121_0075,2
spatial_id,g0121_0097,2
spatial_id,g0121_0102,1
spatial_id,g0121_0106,1
spatial_id,g0121_0116,31
spatial_id,g0121_0118,8
spatial_id,g0121_0123,2
spatial_id,g0121_0124,1
spatial_id,g0121_0126,1
spatial_id,g0122_0057,1
spatial_id,g0122_0058,38
spatial_id,g0122_0070,1
spatial_id,g0122_0071,1
spatial_id,g0122_0075,4
spatial_id,g0122_0095,1
spatial_id,g0122_0097,3
spatial_id,g0122_0111,1
spatial_id,g0122_0116,46
spatial_id,g0122_0118,13
spatial_id,g0122_0125,1
spatial_id,g0122_0126,7
spatial_id,g0122_0127,6
spatial_id,g0122_0128,3
spatial_id,g0122_0129,4
spatial_id,g0122_0130,1
spatial_id,g0122_0131,1
spatial_id,g0122_0132,10
spatial_id,g0123_0037,1
spatial_id,g0123_0047,1
spatial_id,g0123_0057,4
spatial_id,g0123_0067,1
spatial_id,g0123_0069,1
spatial_id,g0123_0076,3
spatial_id,g0123_0086,3
spatial_id,g0123_0097,5
spatial_id,g0123_0102,2
spatial_id,g0123_0116,29
spatial_id,g0123_0117,1
spatial_id,g0123_0118,13
spatial_id,g0123_0123,1
spatial_id,g0123_0132,1
spatial_id,g0123_0133,7
spatial_id,g0124_0057,7
spatial_id,g0124_0068,1
spatial_id,g0124_0069,9
spatial_id,g0124_0071,1
spatial_id,g0124_0072,2
spatial_id,g0124_0073,1
spatial_id,g0124_0076,1
spatial_id,g0124_0097,1
spatial_id,g0124_0111,2
spatial_id,g0124_0112,1
spatial_id,g0124_0116,41
spatial_id,g0124_0123,1
spatial_id,g0125_0057,2
spatial_id,g0125_0058,1
spatial_id,g0125_0059,1
spatial_id,g0125_0067,2
spatial_id,g0125_0069,1
spatial_id,g0125_0074,1
spatial_id,g0125_0086,1
spatial_id,g0125_0097,5
spatial_id,g0125_0103,3
spatial_id,g0125_0111,1
spatial_id,g0125_0115,3
spatial_id,g0125_0116,35
spatial_id,g0126_0056,15
spatial_id,g0126_0066,1
spatial_id,g0126_0076,1
spatial_id,g0126_0103,1
spatial_id,g0126_0111,1
spatial_id,g0126_0116,2
spatial_id,g0126_0117,20
spatial_id,g0126_0118,2
spatial_id,g0126_0119,2
spatial_id,g0127_0055,5
spatial_id,g0127_0056,5
spatial_id,g0127_0076,2
spatial_id,g0127_0087,1
spatial_id,g0127_0096,2
spatial_id,g0127_0097,2
spatial_id,g0127_0103,2
spatial_id,g0127_0117,5
spatial_id,g0127_0118,19
spatial_id,g0127_0119,4
spatial_id,g0127_0126,1
spatial_id,g0128_0034,2
spatial_id,g0128_0052,1
spatial_id,g0128_0055,5
spatial_id,g0128_0076,2
spatial_id,g0128_0092,1
spatial_id,g0128_0094,1
spatial_id,g0128_0103,1
spatial_id,g0128_0106,2
spatial_id,g0128_0107,1
spatial_id,g0128_0109,1
spatial_id,g0128_0110,2
spatial_id,g0128_0111,6
spatial_id,g0128_0115,1
spatial_id,g0128_0118,5
spatial_id,g0128_0119,16
spatial_id,g0128_0123,1
spatial_id,g0128_0124,2
spatial_id,g0128_0125,1
spatial_id,g0128_0126,2
spatial_id,g0128_0127,1
spatial_id,g0128_0128,1
spatial_id,g0129_0033,1
spatial_id,g0129_0054,11
spatial_id,g0129_0075,1
spatial_id,g0129_0076,2
spatial_id,g0129_0103,4
spatial_id,g0129_0105,1
spatial_id,g0129_0111,2
spatial_id,g0129_0119,14
spatial_id,g0130_0053,9
spatial_id,g0130_0054,2
spatial_id,g0130_0076,3
spatial_id,g0130_0103,1
spatial_id,g0130_0111,1
spatial_id,g0130_0120,52
spatial_id,g0130_0132,1
spatial_id,g0131_0046,2
spatial_id,g0131_0047,6
spatial_id,g0131_0048,3
spatial_id,g0131_0051,4
spatial_id,g0131_0052,6
spatial_id,g0131_0053,4
spatial_id,g0131_0101,1
spatial_id,g0131_0103,3
spatial_id,g0131_0110,2
spatial_id,g0131_0120,14
spatial_id,g0131_0132,1
spatial_id,g0132_0024,2
spatial_id,g0132_0045,1
spatial_id,g0132_0049,9
spatial_id,g0132_0050,7
spatial_id,g0132_0051,1
spatial_id,g0132_0110,3
spatial_id,g0132_0120,3
spatial_id,g0132_0121,10
spatial_id,g0133_0024,4
spatial_id,g0133_0041,3
spatial_id,g0133_0042,4
spatial_id,g0133_0047,1
spatial_id,g0133_0075,2
spatial_id,g0133_0103,2
spatial_id,g0133_0110,1
spatial_id,g0133_0121,15
spatial_id,g0134_0038,5
spatial_id,g0134_0039,2
spatial_id,g0134_0040,1
spatial_id,g0134_0103,1
spatial_id,g0134_0107,1
spatial_id,g0134_0121,6
spatial_id,g0135_0033,1
spatial_id,g0135_0038,1
spatial_id,g0135_0039,3
spatial_id,g0135_0047,3
spatial_id,g0135_0103,1
spatial_id,g0135_0110,1
spatial_id,g0135_0121,5
spatial_id,g0136_0047,3
spatial_id,g0136_0058,1
spatial_id,g0136_0121,3
time_block,0,197616
time_block,1,346793
time_block,2,931288
time_block,3,760710
weekday_weekend,weekday,1437071
weekday_weekend,weekend,799336
