dataset,availability_level,window_id,block_id,predictor_snapshot_id,state_before_decision,n_cal_before_decision,C_hat,q_t,C_LCB,tau_cov,Gate_t,Design_t,C_t,Y_oracle,Y_cert,certificate_valid,false_safe,false_unsafe,classification,score_S_t,reset_trigger_after_window,state_next_window,natural_complete_status,natural_boundary_status,oracle_source_hash,stress_mask_hash,predictor_hash,snapshot_hash,feature_spec_hash,certificate_code_hash,cal_window_ids,boundary_near,C_LCB_zero,predictor_id,reset_rule_id,ridge_alpha,paper_method,k_n_clipped
sensorscope,1.0,0,0,sensorscope|a=1.00|b0,WARMUP,0,0.10862176191970868,,0.0,0.05,0,0,0.0855614973262032,True,False,True,False,True,FALSE_UNSAFE,0.023060264593505478,0,WARMUP,True,FULL_BOUNDARY,82444e4f495344856de94b0d72ab4a46843780c232e2f299b300fcafa8c4b4a1,b87cf615ab34b447e87bf447d79b9e4183a6e16fcef6223c57fad7be4aec6502,2d79a8a18a4649240523b0928b98a1558218fae32a5abb82b7fb39475540e267,2d79a8a18a4649240523b0928b98a1558218fae32a5abb82b7fb39475540e267,6cd0b52dd7ce8f064a636e3bfc8de9b2309a7dfb02abb27056836d0416fd20a6,357158a3c01d61e36098ae03786aeb48ee6065502c78a6578078aa2eb8873772,,False,True,AGGREGATE_COVERAGE_RIDGE_V1,MISCOVERAGE_TRIGGERED_RESET_V1,1.0,raven_mcs,False
sensorscope,1.0,1,0,sensorscope|a=1.00|b0,WARMUP,1,0.10774402560352367,,0.0,0.05,0,0,0.0855614973262032,True,False,True,False,True,FALSE_UNSAFE,0.022182528277320465,0,WARMUP,True,FULL_INTERIOR,82444e4f495344856de94b0d72ab4a46843780c232e2f299b300fcafa8c4b4a1,b87cf615ab34b447e87bf447d79b9e4183a6e16fcef6223c57fad7be4aec6502,2d79a8a18a4649240523b0928b98a1558218fae32a5abb82b7fb39475540e267,2d79a8a18a4649240523b0928b98a1558218fae32a5abb82b7fb39475540e267,6cd0b52dd7ce8f064a636e3bfc8de9b2309a7dfb02abb27056836d0416fd20a6,357158a3c01d61e36098ae03786aeb48ee6065502c78a6578078aa2eb8873772,0,False,True,AGGREGATE_COVERAGE_RIDGE_V1,MISCOVERAGE_TRIGGERED_RESET_V1,1.0,raven_mcs,False
sensorscope,1.0,2,0,sensorscope|a=1.00|b0,WARMUP,2,0.10722416732121384,,0.0,0.05,0,0,0.0855614973262032,True,False,True,False,True,FALSE_UNSAFE,0.02166266999501064,0,WARMUP,True,FULL_INTERIOR,82444e4f495344856de94b0d72ab4a46843780c232e2f299b300fcafa8c4b4a1,b87cf615ab34b447e87bf447d79b9e4183a6e16fcef6223c57fad7be4aec6502,2d79a8a18a4649240523b0928b98a1558218fae32a5abb82b7fb39475540e267,2d79a8a18a4649240523b0928b98a1558218fae32a5abb82b7fb39475540e267,6cd0b52dd7ce8f064a636e3bfc8de9b2309a7dfb02abb27056836d0416fd20a6,357158a3c01d61e36098ae03786aeb48ee6065502c78a6578078aa2eb8873772,0|1,False,True,AGGREGATE_COVERAGE_RIDGE_V1,MISCOVERAGE_TRIGGERED_RESET_V1,1.0,raven_mcs,False
sensorscope,1.0,3,0,sensorscope|a=1.00|b0,WARMUP,3,0.1083154136131877,,0.0,0.05,0,0,0.0855614973262032,True,False,True,False,True,FALSE_UNSAFE,0.02275391628698449,0,WARMUP,True,FULL_INTERIOR,82444e4f495344856de94b0d72ab4a46843780c232e2f299b300fcafa8c4b4a1,b87cf615ab34b447e87bf447d79b9e4183a6e16fcef6223c57fad7be4aec6502,2d79a8a18a4649240523b0928b98a1558218fae32a5abb82b7fb39475540e267,2d79a8a18a4649240523b0928b98a1558218fae32a5abb82b7fb39475540e267,6cd0b52dd7ce8f064a636e3bfc8de9b2309a7dfb02abb27056836d0416fd20a6,357158a3c01d61e36098ae03786aeb48ee6065502c78a6578078aa2eb8873772,0|1|2,False,True,AGGREGATE_COVERAGE_RIDGE_V1,MISCOVERAGE_TRIGGERED_RESET_V1,1.0,raven_mcs,False
sensorscope,1.0,4,0,sensorscope|a=1.00|b0,WARMUP,4,0.10886193357981497,,0.0,0.05,0,0,0.0855614973262032,True,False,True,False,True,FALSE_UNSAFE,0.023300436253611764,0,WARMUP,True,FULL_INTERIOR,82444e4f495344856de94b0d72ab4a46843780c232e2f299b300fcafa8c4b4a1,b87cf615ab34b447e87bf447d79b9e4183a6e16fcef6223c57fad7be4aec6502,2d79a8a18a4649240523b0928b98a1558218fae32a5abb82b7fb39475540e267,2d79a8a18a4649240523b0928b98a1558218fae32a5abb82b7fb39475540e267,6cd0b52dd7ce8f064a636e3bfc8de9b2309a7dfb02abb27056836d0416fd20a6,357158a3c01d61e36098ae03786aeb48ee6065502c78a6578078aa2eb8873772,0|1|2|3,False,True,AGGREGATE_COVERAGE_RIDGE_V1,MISCOVERAGE_TRIGGERED_RESET_V1,1.0,raven_mcs,False
sensorscope,1.0,5,0,sensorscope|a=1.00|b0,WARMUP,5,0.10881984503152192,,0.0,0.05,0,0,0.0855614973262032,True,False,True,False,True,FALSE_UNSAFE,0.02325834770531872,0,WARMUP,True,FULL_INTERIOR,82444e4f495344856de94b0d72ab4a46843780c232e2f299b300fcafa8c4b4a1,b87cf615ab34b447e87bf447d79b9e4183a6e16fcef6223c57fad7be4aec6502,2d79a8a18a4649240523b0928b98a1558218fae32a5abb82b7fb39475540e267,2d79a8a18a4649240523b0928b98a1558218fae32a5abb82b7fb39475540e267,6cd0b52dd7ce8f064a636e3bfc8de9b2309a7dfb02abb27056836d0416fd20a6,357158a3c01d61e36098ae03786aeb48ee6065502c78a6578078aa2eb8873772,0|1|2|3|4,False,True,AGGREGATE_COVERAGE_RIDGE_V1,MISCOVERAGE_TRIGGERED_RESET_V1,1.0,raven_mcs,False
sensorscope,1.0,6,0,sensorscope|a=1.00|b0,WARMUP,6,0.10818980871484124,,0.0,0.05,0,0,0.0802139037433155,True,False,True,False,True,FALSE_UNSAFE,0.027975904971525745,0,WARMUP,True,FULL_INTERIOR,82444e4f495344856de94b0d72ab4a46843780c232e2f299b300fcafa8c4b4a1,b87cf615ab34b447e87bf447d79b9e4183a6e16fcef6223c57fad7be4aec6502,2d79a8a18a4649240523b0928b98a1558218fae32a5abb82b7fb39475540e267,2d79a8a18a4649240523b0928b98a1558218fae32a5abb82b7fb39475540e267,6cd0b52dd7ce8f064a636e3bfc8de9b2309a7dfb02abb27056836d0416fd20a6,357158a3c01d61e36098ae03786aeb48ee6065502c78a6578078aa2eb8873772,0|1|2|3|4|5,False,True,AGGREGATE_COVERAGE_RIDGE_V1,MISCOVERAGE_TRIGGERED_RESET_V1,1.0,raven_mcs,False
sensorscope,1.0,7,0,sensorscope|a=1.00|b0,WARMUP,7,0.10679728575462591,,0.0,0.05,0,0,0.0802139037433155,True,False,True,False,True,FALSE_UNSAFE,0.026583382011310414,0,WARMUP,True,FULL_INTERIOR,82444e4f495344856de94b0d72ab4a46843780c232e2f299b300fcafa8c4b4a1,b87cf615ab34b447e87bf447d79b9e4183a6e16fcef6223c57fad7be4aec6502,2d79a8a18a4649240523b0928b98a1558218fae32a5abb82b7fb39475540e267,2d79a8a18a4649240523b0928b98a1558218fae32a5abb82b7fb39475540e267,6cd0b52dd7ce8f064a636e3bfc8de9b2309a7dfb02abb27056836d0416fd20a6,357158a3c01d61e36098ae03786aeb48ee6065502c78a6578078aa2eb8873772,0|1|2|3|4|5|6,False,True,AGGREGATE_COVERAGE_RIDGE_V1,MISCOVERAGE_TRIGGERED_RESET_V1,1.0,raven_mcs,False
sensorscope,1.0,8,0,sensorscope|a=1.00|b0,WARMUP,8,0.10497879872222257,,0.0,0.05,0,0,0.0802139037433155,True,False,True,False,True,FALSE_UNSAFE,0.024764894978907076,0,WARMUP,True,FULL_INTERIOR,82444e4f495344856de94b0d72ab4a46843780c232e2f299b300fcafa8c4b4a1,b87cf615ab34b447e87bf447d79b9e4183a6e16fcef6223c57fad7be4aec6502,2d79a8a18a4649240523b0928b98a1558218fae32a5abb82b7fb39475540e267,2d79a8a18a4649240523b0928b98a1558218fae32a5abb82b7fb39475540e267,6cd0b52dd7ce8f064a636e3bfc8de9b2309a7dfb02abb27056836d0416fd20a6,357158a3c01d61e36098ae03786aeb48ee6065502c78a6578078aa2eb8873772,0|1|2|3|4|5|6|7,False,True,AGGREGATE_COVERAGE_RIDGE_V1,MISCOVERAGE_TRIGGERED_RESET_V1,1.0,raven_mcs,False
sensorscope,1.0,9,0,sensorscope|a=1.00|b0,WARMUP,9,0.10296655531134269,,0.0,0.05,0,0,0.0802139037433155,True,False,True,False,True,FALSE_UNSAFE,0.022752651568027193,0,WARMUP,True,FULL_INTERIOR,82444e4f495344856de94b0d72ab4a46843780c232e2f299b300fcafa8c4b4a1,b87cf615ab34b447e87bf447d79b9e4183a6e16fcef6223c57fad7be4aec6502,2d79a8a18a4649240523b0928b98a1558218fae32a5abb82b7fb39475540e267,2d79a8a18a4649240523b0928b98a1558218fae32a5abb82b7fb39475540e267,6cd0b52dd7ce8f064a636e3bfc8de9b2309a7dfb02abb27056836d0416fd20a6,357158a3c01d61e36098ae03786aeb48ee6065502c78a6578078aa2eb8873772,0|1|2|3|4|5|6|7|8,False,True,AGGREGATE_COVERAGE_RIDGE_V1,MISCOVERAGE_TRIGGERED_RESET_V1,1.0,raven_mcs,False
sensorscope,1.0,10,0,sensorscope|a=1.00|b0,WARMUP,10,0.1007119993469359,,0.0,0.05,0,0,0.0802139037433155,True,False,True,False,True,FALSE_UNSAFE,0.020498095603620398,0,WARMUP,True,FULL_INTERIOR,82444e4f495344856de94b0d72ab4a46843780c232e2f299b300fcafa8c4b4a1,b87cf615ab34b447e87bf447d79b9e4183a6e16fcef6223c57fad7be4aec6502,2d79a8a18a4649240523b0928b98a1558218fae32a5abb82b7fb39475540e267,2d79a8a18a4649240523b0928b98a1558218fae32a5abb82b7fb39475540e267,6cd0b52dd7ce8f064a636e3bfc8de9b2309a7dfb02abb27056836d0416fd20a6,357158a3c01d61e36098ae03786aeb48ee6065502c78a6578078aa2eb8873772,0|1|2|3|4|5|6|7|8|9,False,True,AGGREGATE_COVERAGE_RIDGE_V1,MISCOVERAGE_TRIGGERED_RESET_V1,1.0,raven_mcs,False
sensorscope,1.0,11,0,sensorscope|a=1.00|b0,WARMUP,11,0.09836833597542366,,0.0,0.05,0,0,0.0802139037433155,True,False,True,False,True,FALSE_UNSAFE,0.018154432232108164,0,WARMUP,True,FULL_INTERIOR,82444e4f495344856de94b0d72ab4a46843780c232e2f299b300fcafa8c4b4a1,b87cf615ab34b447e87bf447d79b9e4183a6e16fcef6223c57fad7be4aec6502,2d79a8a18a4649240523b0928b98a1558218fae32a5abb82b7fb39475540e267,2d79a8a18a4649240523b0928b98a1558218fae32a5abb82b7fb39475540e267,6cd0b52dd7ce8f064a636e3bfc8de9b2309a7dfb02abb27056836d0416fd20a6,357158a3c01d61e36098ae03786aeb48ee6065502c78a6578078aa2eb8873772,0|1|2|3|4|5|6|7|8|9|10,False,True,AGGREGATE_COVERAGE_RIDGE_V1,MISCOVERAGE_TRIGGERED_RESET_V1,1.0,raven_mcs,False
sensorscope,1.0,12,0,sensorscope|a=1.00|b0,WARMUP,12,0.09609490755085695,,0.0,0.05,0,0,0.105423987776929,True,False,True,False,True,FALSE_UNSAFE,-0.009329080226072053,0,WARMUP,True,FULL_INTERIOR,82444e4f495344856de94b0d72ab4a46843780c232e2f299b300fcafa8c4b4a1,b87cf615ab34b447e87bf447d79b9e4183a6e16fcef6223c57fad7be4aec6502,2d79a8a18a4649240523b0928b98a1558218fae32a5abb82b7fb39475540e267,2d79a8a18a4649240523b0928b98a1558218fae32a5abb82b7fb39475540e267,6cd0b52dd7ce8f064a636e3bfc8de9b2309a7dfb02abb27056836d0416fd20a6,357158a3c01d61e36098ae03786aeb48ee6065502c78a6578078aa2eb8873772,0|1|2|3|4|5|6|7|8|9|10|11,False,True,AGGREGATE_COVERAGE_RIDGE_V1,MISCOVERAGE_TRIGGERED_RESET_V1,1.0,raven_mcs,False
sensorscope,1.0,13,0,sensorscope|a=1.00|b0,WARMUP,13,0.09502617410667635,,0.0,0.05,0,0,0.105423987776929,True,False,True,False,True,FALSE_UNSAFE,-0.01039781367025265,0,WARMUP,True,FULL_INTERIOR,82444e4f495344856de94b0d72ab4a46843780c232e2f299b300fcafa8c4b4a1,b87cf615ab34b447e87bf447d79b9e4183a6e16fcef6223c57fad7be4aec6502,2d79a8a18a4649240523b0928b98a1558218fae32a5abb82b7fb39475540e267,2d79a8a18a4649240523b0928b98a1558218fae32a5abb82b7fb39475540e267,6cd0b52dd7ce8f064a636e3bfc8de9b2309a7dfb02abb27056836d0416fd20a6,357158a3c01d61e36098ae03786aeb48ee6065502c78a6578078aa2eb8873772,0|1|2|3|4|5|6|7|8|9|10|11|12,False,True,AGGREGATE_COVERAGE_RIDGE_V1,MISCOVERAGE_TRIGGERED_RESET_V1,1.0,raven_mcs,False
sensorscope,1.0,14,0,sensorscope|a=1.00|b0,WARMUP,14,0.09407946233203954,,0.0,0.05,0,0,0.105423987776929,True,False,True,False,True,FALSE_UNSAFE,-0.011344525444889467,0,WARMUP,True,FULL_INTERIOR,82444e4f495344856de94b0d72ab4a46843780c232e2f299b300fcafa8c4b4a1,b87cf615ab34b447e87bf447d79b9e4183a6e16fcef6223c57fad7be4aec6502,2d79a8a18a4649240523b0928b98a1558218fae32a5abb82b7fb39475540e267,2d79a8a18a4649240523b0928b98a1558218fae32a5abb82b7fb39475540e267,6cd0b52dd7ce8f064a636e3bfc8de9b2309a7dfb02abb27056836d0416fd20a6,357158a3c01d61e36098ae03786aeb48ee6065502c78a6578078aa2eb8873772,0|1|2|3|4|5|6|7|8|9|10|11|12|13,False,True,AGGREGATE_COVERAGE_RIDGE_V1,MISCOVERAGE_TRIGGERED_RESET_V1,1.0,raven_mcs,False
sensorscope,1.0,15,0,sensorscope|a=1.00|b0,WARMUP,15,0.09291047897094923,,0.0,0.05,0,0,0.105423987776929,True,False,True,False,True,FALSE_UNSAFE,-0.012513508805979776,0,WARMUP,True,FULL_INTERIOR,82444e4f495344856de94b0d72ab4a46843780c232e2f299b300fcafa8c4b4a1,b87cf615ab34b447e87bf447d79b9e4183a6e16fcef6223c57fad7be4aec6502,2d79a8a18a4649240523b0928b98a1558218fae32a5abb82b7fb39475540e267,2d79a8a18a4649240523b0928b98a1558218fae32a5abb82b7fb39475540e267,6cd0b52dd7ce8f064a636e3bfc8de9b2309a7dfb02abb27056836d0416fd20a6,357158a3c01d61e36098ae03786aeb48ee6065502c78a6578078aa2eb8873772,0|1|2|3|4|5|6|7|8|9|10|11|12|13|14,False,True,AGGREGATE_COVERAGE_RIDGE_V1,MISCOVERAGE_TRIGGERED_RESET_V1,1.0,raven_mcs,False
sensorscope,1.0,16,0,sensorscope|a=1.00|b0,WARMUP,16,0.09229693411681042,,0.0,0.05,0,0,0.105423987776929,True,False,True,False,True,FALSE_UNSAFE,-0.013127053660118584,0,WARMUP,True,FULL_INTERIOR,82444e4f495344856de94b0d72ab4a46843780c232e2f299b300fcafa8c4b4a1,b87cf615ab34b447e87bf447d79b9e4183a6e16fcef6223c57fad7be4aec6502,2d79a8a18a4649240523b0928b98a1558218fae32a5abb82b7fb39475540e267,2d79a8a18a4649240523b0928b98a1558218fae32a5abb82b7fb39475540e267,6cd0b52dd7ce8f064a636e3bfc8de9b2309a7dfb02abb27056836d0416fd20a6,357158a3c01d61e36098ae03786aeb48ee6065502c78a6578078aa2eb8873772,0|1|2|3|4|5|6|7|8|9|10|11|12|13|14|15,False,True,AGGREGATE_COVERAGE_RIDGE_V1,MISCOVERAGE_TRIGGERED_RESET_V1,1.0,raven_mcs,False
sensorscope,1.0,17,0,sensorscope|a=1.00|b0,WARMUP,17,0.09228270995919671,,0.0,0.05,0,0,0.105423987776929,True,False,True,False,True,FALSE_UNSAFE,-0.013141277817732291,0,WARMUP,True,FULL_INTERIOR,82444e4f495344856de94b0d72ab4a46843780c232e2f299b300fcafa8c4b4a1,b87cf615ab34b447e87bf447d79b9e4183a6e16fcef6223c57fad7be4aec6502,2d79a8a18a4649240523b0928b98a1558218fae32a5abb82b7fb39475540e267,2d79a8a18a4649240523b0928b98a1558218fae32a5abb82b7fb39475540e267,6cd0b52dd7ce8f064a636e3bfc8de9b2309a7dfb02abb27056836d0416fd20a6,357158a3c01d61e36098ae03786aeb48ee6065502c78a6578078aa2eb8873772,0|1|2|3|4|5|6|7|8|9|10|11|12|13|14|15|16,False,True,AGGREGATE_COVERAGE_RIDGE_V1,MISCOVERAGE_TRIGGERED_RESET_V1,1.0,raven_mcs,False
sensorscope,1.0,18,0,sensorscope|a=1.00|b0,WARMUP,18,0.09287054102863002,,0.0,0.05,0,0,0.1283422459893048,True,False,True,False,True,FALSE_UNSAFE,-0.03547170496067478,0,CERTIFIED,True,FULL_INTERIOR,82444e4f495344856de94b0d72ab4a46843780c232e2f299b300fcafa8c4b4a1,b87cf615ab34b447e87bf447d79b9e4183a6e16fcef6223c57fad7be4aec6502,2d79a8a18a4649240523b0928b98a1558218fae32a5abb82b7fb39475540e267,2d79a8a18a4649240523b0928b98a1558218fae32a5abb82b7fb39475540e267,6cd0b52dd7ce8f064a636e3bfc8de9b2309a7dfb02abb27056836d0416fd20a6,357158a3c01d61e36098ae03786aeb48ee6065502c78a6578078aa2eb8873772,0|1|2|3|4|5|6|7|8|9|10|11|12|13|14|15|16|17,False,True,AGGREGATE_COVERAGE_RIDGE_V1,MISCOVERAGE_TRIGGERED_RESET_V1,1.0,raven_mcs,False
sensorscope,1.0,19,0,sensorscope|a=1.00|b0,CERTIFIED,19,0.09491259092453702,0.027975904971525745,0.06693668595301128,0.05,1,1,0.1283422459893048,True,True,True,False,False,TRUE_SAFE,-0.03342965506476778,0,CERTIFIED,True,FULL_INTERIOR,82444e4f495344856de94b0d72ab4a46843780c232e2f299b300fcafa8c4b4a1,b87cf615ab34b447e87bf447d79b9e4183a6e16fcef6223c57fad7be4aec6502,2d79a8a18a4649240523b0928b98a1558218fae32a5abb82b7fb39475540e267,2d79a8a18a4649240523b0928b98a1558218fae32a5abb82b7fb39475540e267,6cd0b52dd7ce8f064a636e3bfc8de9b2309a7dfb02abb27056836d0416fd20a6,357158a3c01d61e36098ae03786aeb48ee6065502c78a6578078aa2eb8873772,0|1|2|3|4|5|6|7|8|9|10|11|12|13|14|15|16|17|18,False,False,AGGREGATE_COVERAGE_RIDGE_V1,MISCOVERAGE_TRIGGERED_RESET_V1,1.0,raven_mcs,False
sensorscope,1.0,20,0,sensorscope|a=1.00|b0,CERTIFIED,20,0.09722061564041856,0.027975904971525745,0.06924471066889282,0.05,1,1,0.1283422459893048,True,True,True,False,False,TRUE_SAFE,-0.031121630348886237,0,CERTIFIED,True,FULL_INTERIOR,82444e4f495344856de94b0d72ab4a46843780c232e2f299b300fcafa8c4b4a1,b87cf615ab34b447e87bf447d79b9e4183a6e16fcef6223c57fad7be4aec6502,2d79a8a18a4649240523b0928b98a1558218fae32a5abb82b7fb39475540e267,2d79a8a18a4649240523b0928b98a1558218fae32a5abb82b7fb39475540e267,6cd0b52dd7ce8f064a636e3bfc8de9b2309a7dfb02abb27056836d0416fd20a6,357158a3c01d61e36098ae03786aeb48ee6065502c78a6578078aa2eb8873772,0|1|2|3|4|5|6|7|8|9|10|11|12|13|14|15|16|17|18|19,False,False,AGGREGATE_COVERAGE_RIDGE_V1,MISCOVERAGE_TRIGGERED_RESET_V1,1.0,raven_mcs,False
sensorscope,1.0,21,0,sensorscope|a=1.00|b0,CERTIFIED,21,0.09925714942495892,0.027975904971525745,0.07128124445343317,0.05,1,1,0.1283422459893048,True,True,True,False,False,TRUE_SAFE,-0.02908509656434588,0,CERTIFIED,True,FULL_INTERIOR,82444e4f495344856de94b0d72ab4a46843780c232e2f299b300fcafa8c4b4a1,b87cf615ab34b447e87bf447d79b9e4183a6e16fcef6223c57fad7be4aec6502,2d79a8a18a4649240523b0928b98a1558218fae32a5abb82b7fb39475540e267,2d79a8a18a4649240523b0928b98a1558218fae32a5abb82b7fb39475540e267,6cd0b52dd7ce8f064a636e3bfc8de9b2309a7dfb02abb27056836d0416fd20a6,357158a3c01d61e36098ae03786aeb48ee6065502c78a6578078aa2eb8873772,0|1|2|3|4|5|6|7|8|9|10|11|12|13|14|15|16|17|18|19|20,False,False,AGGREGATE_COVERAGE_RIDGE_V1,MISCOVERAGE_TRIGGERED_RESET_V1,1.0,raven_mcs,False
sensorscope,1.0,22,0,sensorscope|a=1.00|b0,CERTIFIED,22,0.10153287702660951,0.027975904971525745,0.07355697205508377,0.05,1,1,0.1283422459893048,True,True,True,False,False,TRUE_SAFE,-0.026809368962695285,0,CERTIFIED,True,FULL_INTERIOR,82444e4f495344856de94b0d72ab4a46843780c232e2f299b300fcafa8c4b4a1,b87cf615ab34b447e87bf447d79b9e4183a6e16fcef6223c57fad7be4aec6502,2d79a8a18a4649240523b0928b98a1558218fae32a5abb82b7fb39475540e267,2d79a8a18a4649240523b0928b98a1558218fae32a5abb82b7fb39475540e267,6cd0b52dd7ce8f064a636e3bfc8de9b2309a7dfb02abb27056836d0416fd20a6,357158a3c01d61e36098ae03786aeb48ee6065502c78a6578078aa2eb8873772,0|1|2|3|4|5|6|7|8|9|10|11|12|13|14|15|16|17|18|19|20|21,False,False,AGGREGATE_COVERAGE_RIDGE_V1,MISCOVERAGE_TRIGGERED_RESET_V1,1.0,raven_mcs,False
sensorscope,1.0,23,0,sensorscope|a=1.00|b0,CERTIFIED,23,0.10389459329894904,0.027975904971525745,0.0759186883274233,0.05,1,1,0.1283422459893048,True,True,True,False,False,TRUE_SAFE,-0.02444765269035576,0,CERTIFIED,True,FULL_INTERIOR,82444e4f495344856de94b0d72ab4a46843780c232e2f299b300fcafa8c4b4a1,b87cf615ab34b447e87bf447d79b9e4183a6e16fcef6223c57fad7be4aec6502,2d79a8a18a4649240523b0928b98a1558218fae32a5abb82b7fb39475540e267,2d79a8a18a4649240523b0928b98a1558218fae32a5abb82b7fb39475540e267,6cd0b52dd7ce8f064a636e3bfc8de9b2309a7dfb02abb27056836d0416fd20a6,357158a3c01d61e36098ae03786aeb48ee6065502c78a6578078aa2eb8873772,0|1|2|3|4|5|6|7|8|9|10|11|12|13|14|15|16|17|18|19|20|21|22,False,False,AGGREGATE_COVERAGE_RIDGE_V1,MISCOVERAGE_TRIGGERED_RESET_V1,1.0,raven_mcs,False
sensorscope,1.0,24,0,sensorscope|a=1.00|b0,CERTIFIED,24,0.15135083070025,0.027975904971525745,0.12337492572872424,0.05,1,1,0.1711229946524064,True,True,True,False,False,TRUE_SAFE,-0.01977216395215642,0,CERTIFIED,True,FULL_INTERIOR,82444e4f495344856de94b0d72ab4a46843780c232e2f299b300fcafa8c4b4a1,b87cf615ab34b447e87bf447d79b9e4183a6e16fcef6223c57fad7be4aec6502,2d79a8a18a4649240523b0928b98a1558218fae32a5abb82b7fb39475540e267,2d79a8a18a4649240523b0928b98a1558218fae32a5abb82b7fb39475540e267,6cd0b52dd7ce8f064a636e3bfc8de9b2309a7dfb02abb27056836d0416fd20a6,357158a3c01d61e36098ae03786aeb48ee6065502c78a6578078aa2eb8873772,0|1|2|3|4|5|6|7|8|9|10|11|12|13|14|15|16|17|18|19|20|21|22|23,False,False,AGGREGATE_COVERAGE_RIDGE_V1,MISCOVERAGE_TRIGGERED_RESET_V1,1.0,raven_mcs,False
sensorscope,1.0,25,0,sensorscope|a=1.00|b0,CERTIFIED,25,0.15507397671478054,0.027975904971525745,0.1270980717432548,0.05,1,1,0.1711229946524064,True,True,True,False,False,TRUE_SAFE,-0.016049017937625865,0,CERTIFIED,True,FULL_INTERIOR,82444e4f495344856de94b0d72ab4a46843780c232e2f299b300fcafa8c4b4a1,b87cf615ab34b447e87bf447d79b9e4183a6e16fcef6223c57fad7be4aec6502,2d79a8a18a4649240523b0928b98a1558218fae32a5abb82b7fb39475540e267,2d79a8a18a4649240523b0928b98a1558218fae32a5abb82b7fb39475540e267,6cd0b52dd7ce8f064a636e3bfc8de9b2309a7dfb02abb27056836d0416fd20a6,357158a3c01d61e36098ae03786aeb48ee6065502c78a6578078aa2eb8873772,0|1|2|3|4|5|6|7|8|9|10|11|12|13|14|15|16|17|18|19|20|21|22|23|24,False,False,AGGREGATE_COVERAGE_RIDGE_V1,MISCOVERAGE_TRIGGERED_RESET_V1,1.0,raven_mcs,False
sensorscope,1.0,26,0,sensorscope|a=1.00|b0,CERTIFIED,26,0.15801878782533343,0.027975904971525745,0.1300428828538077,0.05,1,1,0.1711229946524064,True,True,True,False,False,TRUE_SAFE,-0.013104206827072973,0,CERTIFIED,True,FULL_INTERIOR,82444e4f495344856de94b0d72ab4a46843780c232e2f299b300fcafa8c4b4a1,b87cf615ab34b447e87bf447d79b9e4183a6e16fcef6223c57fad7be4aec6502,2d79a8a18a4649240523b0928b98a1558218fae32a5abb82b7fb39475540e267,2d79a8a18a4649240523b0928b98a1558218fae32a5abb82b7fb39475540e267,6cd0b52dd7ce8f064a636e3bfc8de9b2309a7dfb02abb27056836d0416fd20a6,357158a3c01d61e36098ae03786aeb48ee6065502c78a6578078aa2eb8873772,0|1|2|3|4|5|6|7|8|9|10|11|12|13|14|15|16|17|18|19|20|21|22|23|24|25,False,False,AGGREGATE_COVERAGE_RIDGE_V1,MISCOVERAGE_TRIGGERED_RESET_V1,1.0,raven_mcs,False
sensorscope,1.0,27,0,sensorscope|a=1.00|b0,CERTIFIED,27,0.1592817643714577,0.027975904971525745,0.13130585939993195,0.05,1,1,0.1711229946524064,True,True,True,False,False,TRUE_SAFE,-0.011841230280948717,0,CERTIFIED,True,FULL_INTERIOR,82444e4f495344856de94b0d72ab4a46843780c232e2f299b300fcafa8c4b4a1,b87cf615ab34b447e87bf447d79b9e4183a6e16fcef6223c57fad7be4aec6502,2d79a8a18a4649240523b0928b98a1558218fae32a5abb82b7fb39475540e267,2d79a8a18a4649240523b0928b98a1558218fae32a5abb82b7fb39475540e267,6cd0b52dd7ce8f064a636e3bfc8de9b2309a7dfb02abb27056836d0416fd20a6,357158a3c01d61e36098ae03786aeb48ee6065502c78a6578078aa2eb8873772,0|1|2|3|4|5|6|7|8|9|10|11|12|13|14|15|16|17|18|19|20|21|22|23|24|25|26,False,False,AGGREGATE_COVERAGE_RIDGE_V1,MISCOVERAGE_TRIGGERED_RESET_V1,1.0,raven_mcs,False
sensorscope,1.0,28,0,sensorscope|a=1.00|b0,CERTIFIED,28,0.15997723425667054,0.027975904971525745,0.1320013292851448,0.05,1,1,0.1711229946524064,True,True,True,False,False,TRUE_SAFE,-0.011145760395735865,0,CERTIFIED,True,FULL_INTERIOR,82444e4f495344856de94b0d72ab4a46843780c232e2f299b300fcafa8c4b4a1,b87cf615ab34b447e87bf447d79b9e4183a6e16fcef6223c57fad7be4aec6502,2d79a8a18a4649240523b0928b98a1558218fae32a5abb82b7fb39475540e267,2d79a8a18a4649240523b0928b98a1558218fae32a5abb82b7fb39475540e267,6cd0b52dd7ce8f064a636e3bfc8de9b2309a7dfb02abb27056836d0416fd20a6,357158a3c01d61e36098ae03786aeb48ee6065502c78a6578078aa2eb8873772,0|1|2|3|4|5|6|7|8|9|10|11|12|13|14|15|16|17|18|19|20|21|22|23|24|25|26|27,False,False,AGGREGATE_COVERAGE_RIDGE_V1,MISCOVERAGE_TRIGGERED_RESET_V1,1.0,raven_mcs,False
sensorscope,1.0,29,0,sensorscope|a=1.00|b0,CERTIFIED,29,0.1600613152913983,0.027975904971525745,0.13208541031987256,0.05,1,1,0.1711229946524064,True,True,True,False,False,TRUE_SAFE,-0.011061679361008103,0,CERTIFIED,True,FULL_INTERIOR,82444e4f495344856de94b0d72ab4a46843780c232e2f299b300fcafa8c4b4a1,b87cf615ab34b447e87bf447d79b9e4183a6e16fcef6223c57fad7be4aec6502,2d79a8a18a4649240523b0928b98a1558218fae32a5abb82b7fb39475540e267,2d79a8a18a4649240523b0928b98a1558218fae32a5abb82b7fb39475540e267,6cd0b52dd7ce8f064a636e3bfc8de9b2309a7dfb02abb27056836d0416fd20a6,357158a3c01d61e36098ae03786aeb48ee6065502c78a6578078aa2eb8873772,0|1|2|3|4|5|6|7|8|9|10|11|12|13|14|15|16|17|18|19|20|21|22|23|24|25|26|27|28,False,False,AGGREGATE_COVERAGE_RIDGE_V1,MISCOVERAGE_TRIGGERED_RESET_V1,1.0,raven_mcs,False
sensorscope,1.0,30,0,sensorscope|a=1.00|b0,CERTIFIED,30,0.1595312729451192,0.027975904971525745,0.13155536797359346,0.05,1,1,0.160427807486631,True,True,True,False,False,TRUE_SAFE,-0.0008965345415117842,0,CERTIFIED,True,FULL_INTERIOR,82444e4f495344856de94b0d72ab4a46843780c232e2f299b300fcafa8c4b4a1,b87cf615ab34b447e87bf447d79b9e4183a6e16fcef6223c57fad7be4aec6502,2d79a8a18a4649240523b0928b98a1558218fae32a5abb82b7fb39475540e267,2d79a8a18a4649240523b0928b98a1558218fae32a5abb82b7fb39475540e267,6cd0b52dd7ce8f064a636e3bfc8de9b2309a7dfb02abb27056836d0416fd20a6,357158a3c01d61e36098ae03786aeb48ee6065502c78a6578078aa2eb8873772,0|1|2|3|4|5|6|7|8|9|10|11|12|13|14|15|16|17|18|19|20|21|22|23|24|25|26|27|28|29,False,False,AGGREGATE_COVERAGE_RIDGE_V1,MISCOVERAGE_TRIGGERED_RESET_V1,1.0,raven_mcs,False
sensorscope,1.0,31,0,sensorscope|a=1.00|b0,CERTIFIED,31,0.15801001726197605,0.027975904971525745,0.1300341122904503,0.05,1,1,0.160427807486631,True,True,True,False,False,TRUE_SAFE,-0.0024177902246549365,0,CERTIFIED,True,FULL_INTERIOR,82444e4f495344856de94b0d72ab4a46843780c232e2f299b300fcafa8c4b4a1,b87cf615ab34b447e87bf447d79b9e4183a6e16fcef6223c57fad7be4aec6502,2d79a8a18a4649240523b0928b98a1558218fae32a5abb82b7fb39475540e267,2d79a8a18a4649240523b0928b98a1558218fae32a5abb82b7fb39475540e267,6cd0b52dd7ce8f064a636e3bfc8de9b2309a7dfb02abb27056836d0416fd20a6,357158a3c01d61e36098ae03786aeb48ee6065502c78a6578078aa2eb8873772,0|1|2|3|4|5|6|7|8|9|10|11|12|13|14|15|16|17|18|19|20|21|22|23|24|25|26|27|28|29|30,False,False,AGGREGATE_COVERAGE_RIDGE_V1,MISCOVERAGE_TRIGGERED_RESET_V1,1.0,raven_mcs,False
sensorscope,1.0,32,0,sensorscope|a=1.00|b0,CERTIFIED,32,0.15609329038053588,0.027975904971525745,0.12811738540901013,0.05,1,1,0.160427807486631,True,True,True,False,False,TRUE_SAFE,-0.004334517106095115,0,CERTIFIED,True,FULL_INTERIOR,82444e4f495344856de94b0d72ab4a46843780c232e2f299b300fcafa8c4b4a1,b87cf615ab34b447e87bf447d79b9e4183a6e16fcef6223c57fad7be4aec6502,2d79a8a18a4649240523b0928b98a1558218fae32a5abb82b7fb39475540e267,2d79a8a18a4649240523b0928b98a1558218fae32a5abb82b7fb39475540e267,6cd0b52dd7ce8f064a636e3bfc8de9b2309a7dfb02abb27056836d0416fd20a6,357158a3c01d61e36098ae03786aeb48ee6065502c78a6578078aa2eb8873772,0|1|2|3|4|5|6|7|8|9|10|11|12|13|14|15|16|17|18|19|20|21|22|23|24|25|26|27|28|29|30|31,False,False,AGGREGATE_COVERAGE_RIDGE_V1,MISCOVERAGE_TRIGGERED_RESET_V1,1.0,raven_mcs,False
sensorscope,1.0,33,0,sensorscope|a=1.00|b0,CERTIFIED,33,0.15407365424723757,0.027975904971525745,0.12609774927571182,0.05,1,1,0.160427807486631,True,True,True,False,False,TRUE_SAFE,-0.006354153239393423,0,CERTIFIED,True,FULL_INTERIOR,82444e4f495344856de94b0d72ab4a46843780c232e2f299b300fcafa8c4b4a1,b87cf615ab34b447e87bf447d79b9e4183a6e16fcef6223c57fad7be4aec6502,2d79a8a18a4649240523b0928b98a1558218fae32a5abb82b7fb39475540e267,2d79a8a18a4649240523b0928b98a1558218fae32a5abb82b7fb39475540e267,6cd0b52dd7ce8f064a636e3bfc8de9b2309a7dfb02abb27056836d0416fd20a6,357158a3c01d61e36098ae03786aeb48ee6065502c78a6578078aa2eb8873772,0|1|2|3|4|5|6|7|8|9|10|11|12|13|14|15|16|17|18|19|20|21|22|23|24|25|26|27|28|29|30|31|32,False,False,AGGREGATE_COVERAGE_RIDGE_V1,MISCOVERAGE_TRIGGERED_RESET_V1,1.0,raven_mcs,False
sensorscope,1.0,34,0,sensorscope|a=1.00|b0,CERTIFIED,34,0.15181265474106093,0.027975904971525745,0.12383674976953518,0.05,1,1,0.160427807486631,True,True,True,False,False,TRUE_SAFE,-0.008615152745570065,0,CERTIFIED,True,FULL_INTERIOR,82444e4f495344856de94b0d72ab4a46843780c232e2f299b300fcafa8c4b4a1,b87cf615ab34b447e87bf447d79b9e4183a6e16fcef6223c57fad7be4aec6502,2d79a8a18a4649240523b0928b98a1558218fae32a5abb82b7fb39475540e267,2d79a8a18a4649240523b0928b98a1558218fae32a5abb82b7fb39475540e267,6cd0b52dd7ce8f064a636e3bfc8de9b2309a7dfb02abb27056836d0416fd20a6,357158a3c01d61e36098ae03786aeb48ee6065502c78a6578078aa2eb8873772,0|1|2|3|4|5|6|7|8|9|10|11|12|13|14|15|16|17|18|19|20|21|22|23|24|25|26|27|28|29|30|31|32|33,False,False,AGGREGATE_COVERAGE_RIDGE_V1,MISCOVERAGE_TRIGGERED_RESET_V1,1.0,raven_mcs,False
sensorscope,1.0,35,0,sensorscope|a=1.00|b0,CERTIFIED,35,0.14946349700842732,0.027975904971525745,0.12148759203690157,0.05,1,1,0.160427807486631,True,True,True,False,False,TRUE_SAFE,-0.010964310478203676,0,CERTIFIED,True,FULL_INTERIOR,82444e4f495344856de94b0d72ab4a46843780c232e2f299b300fcafa8c4b4a1,b87cf615ab34b447e87bf447d79b9e4183a6e16fcef6223c57fad7be4aec6502,2d79a8a18a4649240523b0928b98a1558218fae32a5abb82b7fb39475540e267,2d79a8a18a4649240523b0928b98a1558218fae32a5abb82b7fb39475540e267,6cd0b52dd7ce8f064a636e3bfc8de9b2309a7dfb02abb27056836d0416fd20a6,357158a3c01d61e36098ae03786aeb48ee6065502c78a6578078aa2eb8873772,0|1|2|3|4|5|6|7|8|9|10|11|12|13|14|15|16|17|18|19|20|21|22|23|24|25|26|27|28|29|30|31|32|33|34,False,False,AGGREGATE_COVERAGE_RIDGE_V1,MISCOVERAGE_TRIGGERED_RESET_V1,1.0,raven_mcs,False
sensorscope,1.0,36,0,sensorscope|a=1.00|b0,CERTIFIED,36,0.14718552340338784,0.027975904971525745,0.11920961843186209,0.05,1,1,0.1405653170359052,True,True,True,False,False,TRUE_SAFE,0.006620206367482645,0,CERTIFIED,True,FULL_INTERIOR,82444e4f495344856de94b0d72ab4a46843780c232e2f299b300fcafa8c4b4a1,b87cf615ab34b447e87bf447d79b9e4183a6e16fcef6223c57fad7be4aec6502,2d79a8a18a4649240523b0928b98a1558218fae32a5abb82b7fb39475540e267,2d79a8a18a4649240523b0928b98a1558218fae32a5abb82b7fb39475540e267,6cd0b52dd7ce8f064a636e3bfc8de9b2309a7dfb02abb27056836d0416fd20a6,357158a3c01d61e36098ae03786aeb48ee6065502c78a6578078aa2eb8873772,0|1|2|3|4|5|6|7|8|9|10|11|12|13|14|15|16|17|18|19|20|21|22|23|24|25|26|27|28|29|30|31|32|33|34|35,False,False,AGGREGATE_COVERAGE_RIDGE_V1,MISCOVERAGE_TRIGGERED_RESET_V1,1.0,raven_mcs,False
sensorscope,1.0,37,0,sensorscope|a=1.00|b0,CERTIFIED,37,0.14436135989872004,0.027975904971525745,0.11638545492719429,0.05,1,1,0.1405653170359052,True,True,True,False,False,TRUE_SAFE,0.003796042862814847,0,CERTIFIED,True,FULL_INTERIOR,82444e4f495344856de94b0d72ab4a46843780c232e2f299b300fcafa8c4b4a1,b87cf615ab34b447e87bf447d79b9e4183a6e16fcef6223c57fad7be4aec6502,2d79a8a18a4649240523b0928b98a1558218fae32a5abb82b7fb39475540e267,2d79a8a18a4649240523b0928b98a1558218fae32a5abb82b7fb39475540e267,6cd0b52dd7ce8f064a636e3bfc8de9b2309a7dfb02abb27056836d0416fd20a6,357158a3c01d61e36098ae03786aeb48ee6065502c78a6578078aa2eb8873772,0|1|2|3|4|5|6|7|8|9|10|11|12|13|14|15|16|17|18|19|20|21|22|23|24|25|26|27|28|29|30|31|32|33|34|35|36,False,False,AGGREGATE_COVERAGE_RIDGE_V1,MISCOVERAGE_TRIGGERED_RESET_V1,1.0,raven_mcs,False
sensorscope,1.0,38,0,sensorscope|a=1.00|b0,CERTIFIED,38,0.14209318382158187,0.027975904971525745,0.11411727885005613,0.05,1,1,0.1405653170359052,True,True,True,False,False,TRUE_SAFE,0.0015278667856766792,0,CERTIFIED,True,FULL_INTERIOR,82444e4f495344856de94b0d72ab4a46843780c232e2f299b300fcafa8c4b4a1,b87cf615ab34b447e87bf447d79b9e4183a6e16fcef6223c57fad7be4aec6502,2d79a8a18a4649240523b0928b98a1558218fae32a5abb82b7fb39475540e267,2d79a8a18a4649240523b0928b98a1558218fae32a5abb82b7fb39475540e267,6cd0b52dd7ce8f064a636e3bfc8de9b2309a7dfb02abb27056836d0416fd20a6,357158a3c01d61e36098ae03786aeb48ee6065502c78a6578078aa2eb8873772,0|1|2|3|4|5|6|7|8|9|10|11|12|13|14|15|16|17|18|19|20|21|22|23|24|25|26|27|28|29|30|31|32|33|34|35|36|37,False,False,AGGREGATE_COVERAGE_RIDGE_V1,MISCOVERAGE_TRIGGERED_RESET_V1,1.0,raven_mcs,False
sensorscope,1.0,39,0,sensorscope|a=1.00|b0,CERTIFIED,39,0.14086189037153646,0.026583382011310414,0.11427850836022604,0.05,1,1,0.1405653170359052,True,True,True,False,False,TRUE_SAFE,0.0002965733356312672,0,CERTIFIED,True,FULL_INTERIOR,82444e4f495344856de94b0d72ab4a46843780c232e2f299b300fcafa8c4b4a1,b87cf615ab34b447e87bf447d79b9e4183a6e16fcef6223c57fad7be4aec6502,2d79a8a18a4649240523b0928b98a1558218fae32a5abb82b7fb39475540e267,2d79a8a18a4649240523b0928b98a1558218fae32a5abb82b7fb39475540e267,6cd0b52dd7ce8f064a636e3bfc8de9b2309a7dfb02abb27056836d0416fd20a6,357158a3c01d61e36098ae03786aeb48ee6065502c78a6578078aa2eb8873772,0|1|2|3|4|5|6|7|8|9|10|11|12|13|14|15|16|17|18|19|20|21|22|23|24|25|26|27|28|29|30|31|32|33|34|35|36|37|38,False,False,AGGREGATE_COVERAGE_RIDGE_V1,MISCOVERAGE_TRIGGERED_RESET_V1,1.0,raven_mcs,False
sensorscope,1.0,40,0,sensorscope|a=1.00|b0,CERTIFIED,40,0.14019403566533734,0.026583382011310414,0.11361065365402692,0.05,1,1,0.1405653170359052,True,True,True,False,False,TRUE_SAFE,-0.00037128137056785526,0,CERTIFIED,True,FULL_INTERIOR,82444e4f495344856de94b0d72ab4a46843780c232e2f299b300fcafa8c4b4a1,b87cf615ab34b447e87bf447d79b9e4183a6e16fcef6223c57fad7be4aec6502,2d79a8a18a4649240523b0928b98a1558218fae32a5abb82b7fb39475540e267,2d79a8a18a4649240523b0928b98a1558218fae32a5abb82b7fb39475540e267,6cd0b52dd7ce8f064a636e3bfc8de9b2309a7dfb02abb27056836d0416fd20a6,357158a3c01d61e36098ae03786aeb48ee6065502c78a6578078aa2eb8873772,0|1|2|3|4|5|6|7|8|9|10|11|12|13|14|15|16|17|18|19|20|21|22|23|24|25|26|27|28|29|30|31|32|33|34|35|36|37|38|39,False,False,AGGREGATE_COVERAGE_RIDGE_V1,MISCOVERAGE_TRIGGERED_RESET_V1,1.0,raven_mcs,False
sensorscope,1.0,41,0,sensorscope|a=1.00|b0,CERTIFIED,41,0.14013350189255813,0.026583382011310414,0.11355011988124772,0.05,1,1,0.1405653170359052,True,True,True,False,False,TRUE_SAFE,-0.0004318151433470585,0,CERTIFIED,True,FULL_INTERIOR,82444e4f495344856de94b0d72ab4a46843780c232e2f299b300fcafa8c4b4a1,b87cf615ab34b447e87bf447d79b9e4183a6e16fcef6223c57fad7be4aec6502,2d79a8a18a4649240523b0928b98a1558218fae32a5abb82b7fb39475540e267,2d79a8a18a4649240523b0928b98a1558218fae32a5abb82b7fb39475540e267,6cd0b52dd7ce8f064a636e3bfc8de9b2309a7dfb02abb27056836d0416fd20a6,357158a3c01d61e36098ae03786aeb48ee6065502c78a6578078aa2eb8873772,0|1|2|3|4|5|6|7|8|9|10|11|12|13|14|15|16|17|18|19|20|21|22|23|24|25|26|27|28|29|30|31|32|33|34|35|36|37|38|39|40,False,False,AGGREGATE_COVERAGE_RIDGE_V1,MISCOVERAGE_TRIGGERED_RESET_V1,1.0,raven_mcs,False
sensorscope,1.0,42,0,sensorscope|a=1.00|b0,CERTIFIED,42,0.14068302358372065,0.026583382011310414,0.11409964157241023,0.05,1,1,0.1283422459893048,True,True,True,False,False,TRUE_SAFE,0.012340777594415847,0,CERTIFIED,True,FULL_INTERIOR,82444e4f495344856de94b0d72ab4a46843780c232e2f299b300fcafa8c4b4a1,b87cf615ab34b447e87bf447d79b9e4183a6e16fcef6223c57fad7be4aec6502,2d79a8a18a4649240523b0928b98a1558218fae32a5abb82b7fb39475540e267,2d79a8a18a4649240523b0928b98a1558218fae32a5abb82b7fb39475540e267,6cd0b52dd7ce8f064a636e3bfc8de9b2309a7dfb02abb27056836d0416fd20a6,357158a3c01d61e36098ae03786aeb48ee6065502c78a6578078aa2eb8873772,0|1|2|3|4|5|6|7|8|9|10|11|12|13|14|15|16|17|18|19|20|21|22|23|24|25|26|27|28|29|30|31|32|33|34|35|36|37|38|39|40|41,False,False,AGGREGATE_COVERAGE_RIDGE_V1,MISCOVERAGE_TRIGGERED_RESET_V1,1.0,raven_mcs,False
sensorscope,1.0,43,0,sensorscope|a=1.00|b0,CERTIFIED,43,0.1413289276129891,0.026583382011310414,0.11474554560167868,0.05,1,1,0.1283422459893048,True,True,True,False,False,TRUE_SAFE,0.012986681623684299,0,CERTIFIED,True,FULL_INTERIOR,82444e4f495344856de94b0d72ab4a46843780c232e2f299b300fcafa8c4b4a1,b87cf615ab34b447e87bf447d79b9e4183a6e16fcef6223c57fad7be4aec6502,2d79a8a18a4649240523b0928b98a1558218fae32a5abb82b7fb39475540e267,2d79a8a18a4649240523b0928b98a1558218fae32a5abb82b7fb39475540e267,6cd0b52dd7ce8f064a636e3bfc8de9b2309a7dfb02abb27056836d0416fd20a6,357158a3c01d61e36098ae03786aeb48ee6065502c78a6578078aa2eb8873772,0|1|2|3|4|5|6|7|8|9|10|11|12|13|14|15|16|17|18|19|20|21|22|23|24|25|26|27|28|29|30|31|32|33|34|35|36|37|38|39|40|41|42,False,False,AGGREGATE_COVERAGE_RIDGE_V1,MISCOVERAGE_TRIGGERED_RESET_V1,1.0,raven_mcs,False
sensorscope,1.0,44,0,sensorscope|a=1.00|b0,CERTIFIED,44,0.1425864128441694,0.026583382011310414,0.11600303083285898,0.05,1,1,0.1283422459893048,True,True,True,False,False,TRUE_SAFE,0.014244166854864598,0,CERTIFIED,True,FULL_INTERIOR,82444e4f495344856de94b0d72ab4a46843780c232e2f299b300fcafa8c4b4a1,b87cf615ab34b447e87bf447d79b9e4183a6e16fcef6223c57fad7be4aec6502,2d79a8a18a4649240523b0928b98a1558218fae32a5abb82b7fb39475540e267,2d79a8a18a4649240523b0928b98a1558218fae32a5abb82b7fb39475540e267,6cd0b52dd7ce8f064a636e3bfc8de9b2309a7dfb02abb27056836d0416fd20a6,357158a3c01d61e36098ae03786aeb48ee6065502c78a6578078aa2eb8873772,0|1|2|3|4|5|6|7|8|9|10|11|12|13|14|15|16|17|18|19|20|21|22|23|24|25|26|27|28|29|30|31|32|33|34|35|36|37|38|39|40|41|42|43,False,False,AGGREGATE_COVERAGE_RIDGE_V1,MISCOVERAGE_TRIGGERED_RESET_V1,1.0,raven_mcs,False
sensorscope,1.0,45,0,sensorscope|a=1.00|b0,CERTIFIED,45,0.14457436588138886,0.026583382011310414,0.11799098387007845,0.05,1,1,0.1283422459893048,True,True,True,False,False,TRUE_SAFE,0.016232119892084063,0,CERTIFIED,True,FULL_INTERIOR,82444e4f495344856de94b0d72ab4a46843780c232e2f299b300fcafa8c4b4a1,b87cf615ab34b447e87bf447d79b9e4183a6e16fcef6223c57fad7be4aec6502,2d79a8a18a4649240523b0928b98a1558218fae32a5abb82b7fb39475540e267,2d79a8a18a4649240523b0928b98a1558218fae32a5abb82b7fb39475540e267,6cd0b52dd7ce8f064a636e3bfc8de9b2309a7dfb02abb27056836d0416fd20a6,357158a3c01d61e36098ae03786aeb48ee6065502c78a6578078aa2eb8873772,0|1|2|3|4|5|6|7|8|9|10|11|12|13|14|15|16|17|18|19|20|21|22|23|24|25|26|27|28|29|30|31|32|33|34|35|36|37|38|39|40|41|42|43|44,False,False,AGGREGATE_COVERAGE_RIDGE_V1,MISCOVERAGE_TRIGGERED_RESET_V1,1.0,raven_mcs,False
sensorscope,1.0,46,0,sensorscope|a=1.00|b0,CERTIFIED,46,0.14680775020855177,0.026583382011310414,0.12022436819724136,0.05,1,1,0.1283422459893048,True,True,True,False,False,TRUE_SAFE,0.018465504219246975,0,CERTIFIED,True,FULL_INTERIOR,82444e4f495344856de94b0d72ab4a46843780c232e2f299b300fcafa8c4b4a1,b87cf615ab34b447e87bf447d79b9e4183a6e16fcef6223c57fad7be4aec6502,2d79a8a18a4649240523b0928b98a1558218fae32a5abb82b7fb39475540e267,2d79a8a18a4649240523b0928b98a1558218fae32a5abb82b7fb39475540e267,6cd0b52dd7ce8f064a636e3bfc8de9b2309a7dfb02abb27056836d0416fd20a6,357158a3c01d61e36098ae03786aeb48ee6065502c78a6578078aa2eb8873772,0|1|2|3|4|5|6|7|8|9|10|11|12|13|14|15|16|17|18|19|20|21|22|23|24|25|26|27|28|29|30|31|32|33|34|35|36|37|38|39|40|41|42|43|44|45,False,False,AGGREGATE_COVERAGE_RIDGE_V1,MISCOVERAGE_TRIGGERED_RESET_V1,1.0,raven_mcs,False
sensorscope,1.0,47,0,sensorscope|a=1.00|b0,CERTIFIED,47,0.1491333606792368,0.026583382011310414,0.12254997866792638,0.05,1,1,0.1283422459893048,True,True,True,False,False,TRUE_SAFE,0.020791114689932,0,CERTIFIED,True,FULL_INTERIOR,82444e4f495344856de94b0d72ab4a46843780c232e2f299b300fcafa8c4b4a1,b87cf615ab34b447e87bf447d79b9e4183a6e16fcef6223c57fad7be4aec6502,2d79a8a18a4649240523b0928b98a1558218fae32a5abb82b7fb39475540e267,2d79a8a18a4649240523b0928b98a1558218fae32a5abb82b7fb39475540e267,6cd0b52dd7ce8f064a636e3bfc8de9b2309a7dfb02abb27056836d0416fd20a6,357158a3c01d61e36098ae03786aeb48ee6065502c78a6578078aa2eb8873772,0|1|2|3|4|5|6|7|8|9|10|11|12|13|14|15|16|17|18|19|20|21|22|23|24|25|26|27|28|29|30|31|32|33|34|35|36|37|38|39|40|41|42|43|44|45|46,False,False,AGGREGATE_COVERAGE_RIDGE_V1,MISCOVERAGE_TRIGGERED_RESET_V1,1.0,raven_mcs,False
sensorscope,1.0,48,0,sensorscope|a=1.00|b0,CERTIFIED,48,0.15139185493939286,0.026583382011310414,0.12480847292808245,0.05,1,1,0.1711229946524064,True,True,True,False,False,TRUE_SAFE,-0.019731139713013546,0,CERTIFIED,True,FULL_INTERIOR,82444e4f495344856de94b0d72ab4a46843780c232e2f299b300fcafa8c4b4a1,b87cf615ab34b447e87bf447d79b9e4183a6e16fcef6223c57fad7be4aec6502,2d79a8a18a4649240523b0928b98a1558218fae32a5abb82b7fb39475540e267,2d79a8a18a4649240523b0928b98a1558218fae32a5abb82b7fb39475540e267,6cd0b52dd7ce8f064a636e3bfc8de9b2309a7dfb02abb27056836d0416fd20a6,357158a3c01d61e36098ae03786aeb48ee6065502c78a6578078aa2eb8873772,0|1|2|3|4|5|6|7|8|9|10|11|12|13|14|15|16|17|18|19|20|21|22|23|24|25|26|27|28|29|30|31|32|33|34|35|36|37|38|39|40|41|42|43|44|45|46|47,False,False,AGGREGATE_COVERAGE_RIDGE_V1,MISCOVERAGE_TRIGGERED_RESET_V1,1.0,raven_mcs,False
sensorscope,1.0,49,0,sensorscope|a=1.00|b0,CERTIFIED,49,0.1550913700979354,0.026583382011310414,0.12850798808662497,0.05,1,1,0.1711229946524064,True,True,True,False,False,TRUE_SAFE,-0.01603162455447102,0,CERTIFIED,True,FULL_INTERIOR,82444e4f495344856de94b0d72ab4a46843780c232e2f299b300fcafa8c4b4a1,b87cf615ab34b447e87bf447d79b9e4183a6e16fcef6223c57fad7be4aec6502,2d79a8a18a4649240523b0928b98a1558218fae32a5abb82b7fb39475540e267,2d79a8a18a4649240523b0928b98a1558218fae32a5abb82b7fb39475540e267,6cd0b52dd7ce8f064a636e3bfc8de9b2309a7dfb02abb27056836d0416fd20a6,357158a3c01d61e36098ae03786aeb48ee6065502c78a6578078aa2eb8873772,0|1|2|3|4|5|6|7|8|9|10|11|12|13|14|15|16|17|18|19|20|21|22|23|24|25|26|27|28|29|30|31|32|33|34|35|36|37|38|39|40|41|42|43|44|45|46|47|48,False,False,AGGREGATE_COVERAGE_RIDGE_V1,MISCOVERAGE_TRIGGERED_RESET_V1,1.0,raven_mcs,False
sensorscope,1.0,50,0,sensorscope|a=1.00|b0,CERTIFIED,50,0.15801878782533343,0.026583382011310414,0.13143540581402302,0.05,1,1,0.1711229946524064,True,True,True,False,False,TRUE_SAFE,-0.013104206827072973,0,CERTIFIED,True,FULL_INTERIOR,82444e4f495344856de94b0d72ab4a46843780c232e2f299b300fcafa8c4b4a1,b87cf615ab34b447e87bf447d79b9e4183a6e16fcef6223c57fad7be4aec6502,2d79a8a18a4649240523b0928b98a1558218fae32a5abb82b7fb39475540e267,2d79a8a18a4649240523b0928b98a1558218fae32a5abb82b7fb39475540e267,6cd0b52dd7ce8f064a636e3bfc8de9b2309a7dfb02abb27056836d0416fd20a6,357158a3c01d61e36098ae03786aeb48ee6065502c78a6578078aa2eb8873772,0|1|2|3|4|5|6|7|8|9|10|11|12|13|14|15|16|17|18|19|20|21|22|23|24|25|26|27|28|29|30|31|32|33|34|35|36|37|38|39|40|41|42|43|44|45|46|47|48|49,False,False,AGGREGATE_COVERAGE_RIDGE_V1,MISCOVERAGE_TRIGGERED_RESET_V1,1.0,raven_mcs,False
sensorscope,1.0,51,0,sensorscope|a=1.00|b0,CERTIFIED,51,0.1592817643714577,0.026583382011310414,0.13269838236014728,0.05,1,1,0.1711229946524064,True,True,True,False,False,TRUE_SAFE,-0.011841230280948717,0,CERTIFIED,True,FULL_INTERIOR,82444e4f495344856de94b0d72ab4a46843780c232e2f299b300fcafa8c4b4a1,b87cf615ab34b447e87bf447d79b9e4183a6e16fcef6223c57fad7be4aec6502,2d79a8a18a4649240523b0928b98a1558218fae32a5abb82b7fb39475540e267,2d79a8a18a4649240523b0928b98a1558218fae32a5abb82b7fb39475540e267,6cd0b52dd7ce8f064a636e3bfc8de9b2309a7dfb02abb27056836d0416fd20a6,357158a3c01d61e36098ae03786aeb48ee6065502c78a6578078aa2eb8873772,0|1|2|3|4|5|6|7|8|9|10|11|12|13|14|15|16|17|18|19|20|21|22|23|24|25|26|27|28|29|30|31|32|33|34|35|36|37|38|39|40|41|42|43|44|45|46|47|48|49|50,False,False,AGGREGATE_COVERAGE_RIDGE_V1,MISCOVERAGE_TRIGGERED_RESET_V1,1.0,raven_mcs,False
sensorscope,1.0,52,0,sensorscope|a=1.00|b0,CERTIFIED,52,0.15997723425667054,0.026583382011310414,0.13339385224536013,0.05,1,1,0.1711229946524064,True,True,True,False,False,TRUE_SAFE,-0.011145760395735865,0,CERTIFIED,True,FULL_INTERIOR,82444e4f495344856de94b0d72ab4a46843780c232e2f299b300fcafa8c4b4a1,b87cf615ab34b447e87bf447d79b9e4183a6e16fcef6223c57fad7be4aec6502,2d79a8a18a4649240523b0928b98a1558218fae32a5abb82b7fb39475540e267,2d79a8a18a4649240523b0928b98a1558218fae32a5abb82b7fb39475540e267,6cd0b52dd7ce8f064a636e3bfc8de9b2309a7dfb02abb27056836d0416fd20a6,357158a3c01d61e36098ae03786aeb48ee6065502c78a6578078aa2eb8873772,0|1|2|3|4|5|6|7|8|9|10|11|12|13|14|15|16|17|18|19|20|21|22|23|24|25|26|27|28|29|30|31|32|33|34|35|36|37|38|39|40|41|42|43|44|45|46|47|48|49|50|51,False,False,AGGREGATE_COVERAGE_RIDGE_V1,MISCOVERAGE_TRIGGERED_RESET_V1,1.0,raven_mcs,False
sensorscope,1.0,53,0,sensorscope|a=1.00|b0,CERTIFIED,53,0.1600613152913983,0.026583382011310414,0.1334779332800879,0.05,1,1,0.1711229946524064,True,True,True,False,False,TRUE_SAFE,-0.011061679361008103,0,CERTIFIED,True,FULL_INTERIOR,82444e4f495344856de94b0d72ab4a46843780c232e2f299b300fcafa8c4b4a1,b87cf615ab34b447e87bf447d79b9e4183a6e16fcef6223c57fad7be4aec6502,2d79a8a18a4649240523b0928b98a1558218fae32a5abb82b7fb39475540e267,2d79a8a18a4649240523b0928b98a1558218fae32a5abb82b7fb39475540e267,6cd0b52dd7ce8f064a636e3bfc8de9b2309a7dfb02abb27056836d0416fd20a6,357158a3c01d61e36098ae03786aeb48ee6065502c78a6578078aa2eb8873772,0|1|2|3|4|5|6|7|8|9|10|11|12|13|14|15|16|17|18|19|20|21|22|23|24|25|26|27|28|29|30|31|32|33|34|35|36|37|38|39|40|41|42|43|44|45|46|47|48|49|50|51|52,False,False,AGGREGATE_COVERAGE_RIDGE_V1,MISCOVERAGE_TRIGGERED_RESET_V1,1.0,raven_mcs,False
sensorscope,1.0,54,0,sensorscope|a=1.00|b0,CERTIFIED,54,0.1595312729451192,0.026583382011310414,0.1329478909338088,0.05,1,1,0.160427807486631,True,True,True,False,False,TRUE_SAFE,-0.0008965345415117842,0,CERTIFIED,True,FULL_INTERIOR,82444e4f495344856de94b0d72ab4a46843780c232e2f299b300fcafa8c4b4a1,b87cf615ab34b447e87bf447d79b9e4183a6e16fcef6223c57fad7be4aec6502,2d79a8a18a4649240523b0928b98a1558218fae32a5abb82b7fb39475540e267,2d79a8a18a4649240523b0928b98a1558218fae32a5abb82b7fb39475540e267,6cd0b52dd7ce8f064a636e3bfc8de9b2309a7dfb02abb27056836d0416fd20a6,357158a3c01d61e36098ae03786aeb48ee6065502c78a6578078aa2eb8873772,0|1|2|3|4|5|6|7|8|9|10|11|12|13|14|15|16|17|18|19|20|21|22|23|24|25|26|27|28|29|30|31|32|33|34|35|36|37|38|39|40|41|42|43|44|45|46|47|48|49|50|51|52|53,False,False,AGGREGATE_COVERAGE_RIDGE_V1,MISCOVERAGE_TRIGGERED_RESET_V1,1.0,raven_mcs,False
sensorscope,1.0,55,0,sensorscope|a=1.00|b0,CERTIFIED,55,0.15801001726197605,0.026583382011310414,0.13142663525066564,0.05,1,1,0.160427807486631,True,True,True,False,False,TRUE_SAFE,-0.0024177902246549365,0,CERTIFIED,True,FULL_INTERIOR,82444e4f495344856de94b0d72ab4a46843780c232e2f299b300fcafa8c4b4a1,b87cf615ab34b447e87bf447d79b9e4183a6e16fcef6223c57fad7be4aec6502,2d79a8a18a4649240523b0928b98a1558218fae32a5abb82b7fb39475540e267,2d79a8a18a4649240523b0928b98a1558218fae32a5abb82b7fb39475540e267,6cd0b52dd7ce8f064a636e3bfc8de9b2309a7dfb02abb27056836d0416fd20a6,357158a3c01d61e36098ae03786aeb48ee6065502c78a6578078aa2eb8873772,0|1|2|3|4|5|6|7|8|9|10|11|12|13|14|15|16|17|18|19|20|21|22|23|24|25|26|27|28|29|30|31|32|33|34|35|36|37|38|39|40|41|42|43|44|45|46|47|48|49|50|51|52|53|54,False,False,AGGREGATE_COVERAGE_RIDGE_V1,MISCOVERAGE_TRIGGERED_RESET_V1,1.0,raven_mcs,False
sensorscope,1.0,56,0,sensorscope|a=1.00|b0,CERTIFIED,56,0.15609329038053588,0.026583382011310414,0.12950990836922546,0.05,1,1,0.160427807486631,True,True,True,False,False,TRUE_SAFE,-0.004334517106095115,0,CERTIFIED,True,FULL_INTERIOR,82444e4f495344856de94b0d72ab4a46843780c232e2f299b300fcafa8c4b4a1,b87cf615ab34b447e87bf447d79b9e4183a6e16fcef6223c57fad7be4aec6502,2d79a8a18a4649240523b0928b98a1558218fae32a5abb82b7fb39475540e267,2d79a8a18a4649240523b0928b98a1558218fae32a5abb82b7fb39475540e267,6cd0b52dd7ce8f064a636e3bfc8de9b2309a7dfb02abb27056836d0416fd20a6,357158a3c01d61e36098ae03786aeb48ee6065502c78a6578078aa2eb8873772,0|1|2|3|4|5|6|7|8|9|10|11|12|13|14|15|16|17|18|19|20|21|22|23|24|25|26|27|28|29|30|31|32|33|34|35|36|37|38|39|40|41|42|43|44|45|46|47|48|49|50|51|52|53|54|55,False,False,AGGREGATE_COVERAGE_RIDGE_V1,MISCOVERAGE_TRIGGERED_RESET_V1,1.0,raven_mcs,False
sensorscope,1.0,57,0,sensorscope|a=1.00|b0,CERTIFIED,57,0.15407365424723757,0.026583382011310414,0.12749027223592715,0.05,1,1,0.160427807486631,True,True,True,False,False,TRUE_SAFE,-0.006354153239393423,0,CERTIFIED,True,FULL_INTERIOR,82444e4f495344856de94b0d72ab4a46843780c232e2f299b300fcafa8c4b4a1,b87cf615ab34b447e87bf447d79b9e4183a6e16fcef6223c57fad7be4aec6502,2d79a8a18a4649240523b0928b98a1558218fae32a5abb82b7fb39475540e267,2d79a8a18a4649240523b0928b98a1558218fae32a5abb82b7fb39475540e267,6cd0b52dd7ce8f064a636e3bfc8de9b2309a7dfb02abb27056836d0416fd20a6,357158a3c01d61e36098ae03786aeb48ee6065502c78a6578078aa2eb8873772,0|1|2|3|4|5|6|7|8|9|10|11|12|13|14|15|16|17|18|19|20|21|22|23|24|25|26|27|28|29|30|31|32|33|34|35|36|37|38|39|40|41|42|43|44|45|46|47|48|49|50|51|52|53|54|55|56,False,False,AGGREGATE_COVERAGE_RIDGE_V1,MISCOVERAGE_TRIGGERED_RESET_V1,1.0,raven_mcs,False
sensorscope,1.0,58,0,sensorscope|a=1.00|b0,CERTIFIED,58,0.15181265474106093,0.026583382011310414,0.1252292727297505,0.05,1,1,0.160427807486631,True,True,True,False,False,TRUE_SAFE,-0.008615152745570065,0,CERTIFIED,True,FULL_INTERIOR,82444e4f495344856de94b0d72ab4a46843780c232e2f299b300fcafa8c4b4a1,b87cf615ab34b447e87bf447d79b9e4183a6e16fcef6223c57fad7be4aec6502,2d79a8a18a4649240523b0928b98a1558218fae32a5abb82b7fb39475540e267,2d79a8a18a4649240523b0928b98a1558218fae32a5abb82b7fb39475540e267,6cd0b52dd7ce8f064a636e3bfc8de9b2309a7dfb02abb27056836d0416fd20a6,357158a3c01d61e36098ae03786aeb48ee6065502c78a6578078aa2eb8873772,0|1|2|3|4|5|6|7|8|9|10|11|12|13|14|15|16|17|18|19|20|21|22|23|24|25|26|27|28|29|30|31|32|33|34|35|36|37|38|39|40|41|42|43|44|45|46|47|48|49|50|51|52|53|54|55|56|57,False,False,AGGREGATE_COVERAGE_RIDGE_V1,MISCOVERAGE_TRIGGERED_RESET_V1,1.0,raven_mcs,False
sensorscope,1.0,59,0,sensorscope|a=1.00|b0,CERTIFIED,59,0.14946349700842732,0.024764894978907076,0.12469860202952024,0.05,1,1,0.160427807486631,True,True,True,False,False,TRUE_SAFE,-0.010964310478203676,0,CERTIFIED,True,FULL_INTERIOR,82444e4f495344856de94b0d72ab4a46843780c232e2f299b300fcafa8c4b4a1,b87cf615ab34b447e87bf447d79b9e4183a6e16fcef6223c57fad7be4aec6502,2d79a8a18a4649240523b0928b98a1558218fae32a5abb82b7fb39475540e267,2d79a8a18a4649240523b0928b98a1558218fae32a5abb82b7fb39475540e267,6cd0b52dd7ce8f064a636e3bfc8de9b2309a7dfb02abb27056836d0416fd20a6,357158a3c01d61e36098ae03786aeb48ee6065502c78a6578078aa2eb8873772,0|1|2|3|4|5|6|7|8|9|10|11|12|13|14|15|16|17|18|19|20|21|22|23|24|25|26|27|28|29|30|31|32|33|34|35|36|37|38|39|40|41|42|43|44|45|46|47|48|49|50|51|52|53|54|55|56|57|58,False,False,AGGREGATE_COVERAGE_RIDGE_V1,MISCOVERAGE_TRIGGERED_RESET_V1,1.0,raven_mcs,False
sensorscope,1.0,60,0,sensorscope|a=1.00|b0,CERTIFIED,60,0.14718552340338784,0.024764894978907076,0.12242062842448076,0.05,1,1,0.1405653170359052,True,True,True,False,False,TRUE_SAFE,0.006620206367482645,0,CERTIFIED,True,FULL_INTERIOR,82444e4f495344856de94b0d72ab4a46843780c232e2f299b300fcafa8c4b4a1,b87cf615ab34b447e87bf447d79b9e4183a6e16fcef6223c57fad7be4aec6502,2d79a8a18a4649240523b0928b98a1558218fae32a5abb82b7fb39475540e267,2d79a8a18a4649240523b0928b98a1558218fae32a5abb82b7fb39475540e267,6cd0b52dd7ce8f064a636e3bfc8de9b2309a7dfb02abb27056836d0416fd20a6,357158a3c01d61e36098ae03786aeb48ee6065502c78a6578078aa2eb8873772,0|1|2|3|4|5|6|7|8|9|10|11|12|13|14|15|16|17|18|19|20|21|22|23|24|25|26|27|28|29|30|31|32|33|34|35|36|37|38|39|40|41|42|43|44|45|46|47|48|49|50|51|52|53|54|55|56|57|58|59,False,False,AGGREGATE_COVERAGE_RIDGE_V1,MISCOVERAGE_TRIGGERED_RESET_V1,1.0,raven_mcs,False
sensorscope,1.0,61,0,sensorscope|a=1.00|b0,CERTIFIED,61,0.14436135989872004,0.024764894978907076,0.11959646491981296,0.05,1,1,0.1405653170359052,True,True,True,False,False,TRUE_SAFE,0.003796042862814847,0,CERTIFIED,True,FULL_BOUNDARY,82444e4f495344856de94b0d72ab4a46843780c232e2f299b300fcafa8c4b4a1,b87cf615ab34b447e87bf447d79b9e4183a6e16fcef6223c57fad7be4aec6502,2d79a8a18a4649240523b0928b98a1558218fae32a5abb82b7fb39475540e267,2d79a8a18a4649240523b0928b98a1558218fae32a5abb82b7fb39475540e267,6cd0b52dd7ce8f064a636e3bfc8de9b2309a7dfb02abb27056836d0416fd20a6,357158a3c01d61e36098ae03786aeb48ee6065502c78a6578078aa2eb8873772,0|1|2|3|4|5|6|7|8|9|10|11|12|13|14|15|16|17|18|19|20|21|22|23|24|25|26|27|28|29|30|31|32|33|34|35|36|37|38|39|40|41|42|43|44|45|46|47|48|49|50|51|52|53|54|55|56|57|58|59|60,False,False,AGGREGATE_COVERAGE_RIDGE_V1,MISCOVERAGE_TRIGGERED_RESET_V1,1.0,raven_mcs,False
sensorscope,0.8,0,0,sensorscope|a=0.80|b0,WARMUP,0,0.08626953132872792,,0.0,0.05,0,0,0.0700048614487117,True,False,True,False,True,FALSE_UNSAFE,0.016264669880016222,0,WARMUP,True,FULL_BOUNDARY,82444e4f495344856de94b0d72ab4a46843780c232e2f299b300fcafa8c4b4a1,b87cf615ab34b447e87bf447d79b9e4183a6e16fcef6223c57fad7be4aec6502,212b3689c0033ea482243212b3b2b05cc2f105d2b8253cdceb9f2966c147f945,212b3689c0033ea482243212b3b2b05cc2f105d2b8253cdceb9f2966c147f945,6cd0b52dd7ce8f064a636e3bfc8de9b2309a7dfb02abb27056836d0416fd20a6,357158a3c01d61e36098ae03786aeb48ee6065502c78a6578078aa2eb8873772,,False,True,AGGREGATE_COVERAGE_RIDGE_V1,MISCOVERAGE_TRIGGERED_RESET_V1,1.0,raven_mcs,False
sensorscope,0.8,1,0,sensorscope|a=0.80|b0,WARMUP,1,0.08666193360015967,,0.0,0.05,0,0,0.0700048614487117,True,False,True,False,True,FALSE_UNSAFE,0.016657072151447974,0,WARMUP,True,FULL_INTERIOR,82444e4f495344856de94b0d72ab4a46843780c232e2f299b300fcafa8c4b4a1,b87cf615ab34b447e87bf447d79b9e4183a6e16fcef6223c57fad7be4aec6502,212b3689c0033ea482243212b3b2b05cc2f105d2b8253cdceb9f2966c147f945,212b3689c0033ea482243212b3b2b05cc2f105d2b8253cdceb9f2966c147f945,6cd0b52dd7ce8f064a636e3bfc8de9b2309a7dfb02abb27056836d0416fd20a6,357158a3c01d61e36098ae03786aeb48ee6065502c78a6578078aa2eb8873772,0,False,True,AGGREGATE_COVERAGE_RIDGE_V1,MISCOVERAGE_TRIGGERED_RESET_V1,1.0,raven_mcs,False
sensorscope,0.8,2,0,sensorscope|a=0.80|b0,WARMUP,2,0.08695386892461429,,0.0,0.05,0,0,0.0684491978609626,True,False,True,False,True,FALSE_UNSAFE,0.018504671063651695,0,WARMUP,True,FULL_INTERIOR,82444e4f495344856de94b0d72ab4a46843780c232e2f299b300fcafa8c4b4a1,b87cf615ab34b447e87bf447d79b9e4183a6e16fcef6223c57fad7be4aec6502,212b3689c0033ea482243212b3b2b05cc2f105d2b8253cdceb9f2966c147f945,212b3689c0033ea482243212b3b2b05cc2f105d2b8253cdceb9f2966c147f945,6cd0b52dd7ce8f064a636e3bfc8de9b2309a7dfb02abb27056836d0416fd20a6,357158a3c01d61e36098ae03786aeb48ee6065502c78a6578078aa2eb8873772,0|1,False,True,AGGREGATE_COVERAGE_RIDGE_V1,MISCOVERAGE_TRIGGERED_RESET_V1,1.0,raven_mcs,False
sensorscope,0.8,3,0,sensorscope|a=0.80|b0,WARMUP,3,0.08786454116541464,,0.0,0.05,0,0,0.07311618862421,True,False,True,False,True,FALSE_UNSAFE,0.014748352541204643,0,WARMUP,True,FULL_INTERIOR,82444e4f495344856de94b0d72ab4a46843780c232e2f299b300fcafa8c4b4a1,b87cf615ab34b447e87bf447d79b9e4183a6e16fcef6223c57fad7be4aec6502,212b3689c0033ea482243212b3b2b05cc2f105d2b8253cdceb9f2966c147f945,212b3689c0033ea482243212b3b2b05cc2f105d2b8253cdceb9f2966c147f945,6cd0b52dd7ce8f064a636e3bfc8de9b2309a7dfb02abb27056836d0416fd20a6,357158a3c01d61e36098ae03786aeb48ee6065502c78a6578078aa2eb8873772,0|1|2,False,True,AGGREGATE_COVERAGE_RIDGE_V1,MISCOVERAGE_TRIGGERED_RESET_V1,1.0,raven_mcs,False
sensorscope,0.8,4,0,sensorscope|a=0.80|b0,WARMUP,4,0.08841852613509082,,0.0,0.05,0,0,0.0762275157997083,True,False,True,False,True,FALSE_UNSAFE,0.01219101033538253,0,WARMUP,True,FULL_INTERIOR,82444e4f495344856de94b0d72ab4a46843780c232e2f299b300fcafa8c4b4a1,b87cf615ab34b447e87bf447d79b9e4183a6e16fcef6223c57fad7be4aec6502,212b3689c0033ea482243212b3b2b05cc2f105d2b8253cdceb9f2966c147f945,212b3689c0033ea482243212b3b2b05cc2f105d2b8253cdceb9f2966c147f945,6cd0b52dd7ce8f064a636e3bfc8de9b2309a7dfb02abb27056836d0416fd20a6,357158a3c01d61e36098ae03786aeb48ee6065502c78a6578078aa2eb8873772,0|1|2|3,False,True,AGGREGATE_COVERAGE_RIDGE_V1,MISCOVERAGE_TRIGGERED_RESET_V1,1.0,raven_mcs,False
sensorscope,0.8,5,0,sensorscope|a=0.80|b0,WARMUP,5,0.08853685264118208,,0.0,0.05,0,0,0.0668935342732134,True,False,True,False,True,FALSE_UNSAFE,0.021643318367968678,0,WARMUP,True,FULL_INTERIOR,82444e4f495344856de94b0d72ab4a46843780c232e2f299b300fcafa8c4b4a1,b87cf615ab34b447e87bf447d79b9e4183a6e16fcef6223c57fad7be4aec6502,212b3689c0033ea482243212b3b2b05cc2f105d2b8253cdceb9f2966c147f945,212b3689c0033ea482243212b3b2b05cc2f105d2b8253cdceb9f2966c147f945,6cd0b52dd7ce8f064a636e3bfc8de9b2309a7dfb02abb27056836d0416fd20a6,357158a3c01d61e36098ae03786aeb48ee6065502c78a6578078aa2eb8873772,0|1|2|3|4,False,True,AGGREGATE_COVERAGE_RIDGE_V1,MISCOVERAGE_TRIGGERED_RESET_V1,1.0,raven_mcs,False
sensorscope,0.8,6,0,sensorscope|a=0.80|b0,WARMUP,6,0.08786072154285723,,0.0,0.05,0,0,0.0612542537676227,True,False,True,False,True,FALSE_UNSAFE,0.02660646777523453,0,WARMUP,True,FULL_INTERIOR,82444e4f495344856de94b0d72ab4a46843780c232e2f299b300fcafa8c4b4a1,b87cf615ab34b447e87bf447d79b9e4183a6e16fcef6223c57fad7be4aec6502,212b3689c0033ea482243212b3b2b05cc2f105d2b8253cdceb9f2966c147f945,212b3689c0033ea482243212b3b2b05cc2f105d2b8253cdceb9f2966c147f945,6cd0b52dd7ce8f064a636e3bfc8de9b2309a7dfb02abb27056836d0416fd20a6,357158a3c01d61e36098ae03786aeb48ee6065502c78a6578078aa2eb8873772,0|1|2|3|4|5,False,True,AGGREGATE_COVERAGE_RIDGE_V1,MISCOVERAGE_TRIGGERED_RESET_V1,1.0,raven_mcs,False
sensorscope,0.8,7,0,sensorscope|a=0.80|b0,WARMUP,7,0.0865923236779251,,0.0,0.05,0,0,0.067087992221682,True,False,True,False,True,FALSE_UNSAFE,0.0195043314562431,0,WARMUP,True,FULL_INTERIOR,82444e4f495344856de94b0d72ab4a46843780c232e2f299b300fcafa8c4b4a1,b87cf615ab34b447e87bf447d79b9e4183a6e16fcef6223c57fad7be4aec6502,212b3689c0033ea482243212b3b2b05cc2f105d2b8253cdceb9f2966c147f945,212b3689c0033ea482243212b3b2b05cc2f105d2b8253cdceb9f2966c147f945,6cd0b52dd7ce8f064a636e3bfc8de9b2309a7dfb02abb27056836d0416fd20a6,357158a3c01d61e36098ae03786aeb48ee6065502c78a6578078aa2eb8873772,0|1|2|3|4|5|6,False,True,AGGREGATE_COVERAGE_RIDGE_V1,MISCOVERAGE_TRIGGERED_RESET_V1,1.0,raven_mcs,False
sensorscope,0.8,8,0,sensorscope|a=0.80|b0,WARMUP,8,0.08522035571593778,,0.0,0.05,0,0,0.0700048614487117,True,False,True,False,True,FALSE_UNSAFE,0.015215494267226085,0,WARMUP,True,FULL_INTERIOR,82444e4f495344856de94b0d72ab4a46843780c232e2f299b300fcafa8c4b4a1,b87cf615ab34b447e87bf447d79b9e4183a6e16fcef6223c57fad7be4aec6502,212b3689c0033ea482243212b3b2b05cc2f105d2b8253cdceb9f2966c147f945,212b3689c0033ea482243212b3b2b05cc2f105d2b8253cdceb9f2966c147f945,6cd0b52dd7ce8f064a636e3bfc8de9b2309a7dfb02abb27056836d0416fd20a6,357158a3c01d61e36098ae03786aeb48ee6065502c78a6578078aa2eb8873772,0|1|2|3|4|5|6|7,False,True,AGGREGATE_COVERAGE_RIDGE_V1,MISCOVERAGE_TRIGGERED_RESET_V1,1.0,raven_mcs,False
sensorscope,0.8,9,0,sensorscope|a=0.80|b0,WARMUP,9,0.08367329311632438,,0.0,0.05,0,0,0.0700048614487117,True,False,True,False,True,FALSE_UNSAFE,0.013668431667612682,0,WARMUP,True,FULL_INTERIOR,82444e4f495344856de94b0d72ab4a46843780c232e2f299b300fcafa8c4b4a1,b87cf615ab34b447e87bf447d79b9e4183a6e16fcef6223c57fad7be4aec6502,212b3689c0033ea482243212b3b2b05cc2f105d2b8253cdceb9f2966c147f945,212b3689c0033ea482243212b3b2b05cc2f105d2b8253cdceb9f2966c147f945,6cd0b52dd7ce8f064a636e3bfc8de9b2309a7dfb02abb27056836d0416fd20a6,357158a3c01d61e36098ae03786aeb48ee6065502c78a6578078aa2eb8873772,0|1|2|3|4|5|6|7|8,False,True,AGGREGATE_COVERAGE_RIDGE_V1,MISCOVERAGE_TRIGGERED_RESET_V1,1.0,raven_mcs,False
sensorscope,0.8,10,0,sensorscope|a=0.80|b0,WARMUP,10,0.08181881383316428,,0.0,0.05,0,0,0.0685464268351969,True,False,True,False,True,FALSE_UNSAFE,0.013272386997967373,0,WARMUP,True,FULL_INTERIOR,82444e4f495344856de94b0d72ab4a46843780c232e2f299b300fcafa8c4b4a1,b87cf615ab34b447e87bf447d79b9e4183a6e16fcef6223c57fad7be4aec6502,212b3689c0033ea482243212b3b2b05cc2f105d2b8253cdceb9f2966c147f945,212b3689c0033ea482243212b3b2b05cc2f105d2b8253cdceb9f2966c147f945,6cd0b52dd7ce8f064a636e3bfc8de9b2309a7dfb02abb27056836d0416fd20a6,357158a3c01d61e36098ae03786aeb48ee6065502c78a6578078aa2eb8873772,0|1|2|3|4|5|6|7|8|9,False,True,AGGREGATE_COVERAGE_RIDGE_V1,MISCOVERAGE_TRIGGERED_RESET_V1,1.0,raven_mcs,False
sensorscope,0.8,11,0,sensorscope|a=0.80|b0,WARMUP,11,0.07981552492152238,,0.0,0.05,0,0,0.067087992221682,True,False,True,False,True,FALSE_UNSAFE,0.01272753269984038,0,WARMUP,True,FULL_INTERIOR,82444e4f495344856de94b0d72ab4a46843780c232e2f299b300fcafa8c4b4a1,b87cf615ab34b447e87bf447d79b9e4183a6e16fcef6223c57fad7be4aec6502,212b3689c0033ea482243212b3b2b05cc2f105d2b8253cdceb9f2966c147f945,212b3689c0033ea482243212b3b2b05cc2f105d2b8253cdceb9f2966c147f945,6cd0b52dd7ce8f064a636e3bfc8de9b2309a7dfb02abb27056836d0416fd20a6,357158a3c01d61e36098ae03786aeb48ee6065502c78a6578078aa2eb8873772,0|1|2|3|4|5|6|7|8|9|10,False,True,AGGREGATE_COVERAGE_RIDGE_V1,MISCOVERAGE_TRIGGERED_RESET_V1,1.0,raven_mcs,False
sensorscope,0.8,12,0,sensorscope|a=0.80|b0,WARMUP,12,0.07784980358977545,,0.0,0.05,0,0,0.0843391902215432,True,False,True,False,True,FALSE_UNSAFE,-0.006489386631767749,0,WARMUP,True,FULL_INTERIOR,82444e4f495344856de94b0d72ab4a46843780c232e2f299b300fcafa8c4b4a1,b87cf615ab34b447e87bf447d79b9e4183a6e16fcef6223c57fad7be4aec6502,212b3689c0033ea482243212b3b2b05cc2f105d2b8253cdceb9f2966c147f945,212b3689c0033ea482243212b3b2b05cc2f105d2b8253cdceb9f2966c147f945,6cd0b52dd7ce8f064a636e3bfc8de9b2309a7dfb02abb27056836d0416fd20a6,357158a3c01d61e36098ae03786aeb48ee6065502c78a6578078aa2eb8873772,0|1|2|3|4|5|6|7|8|9|10|11,False,True,AGGREGATE_COVERAGE_RIDGE_V1,MISCOVERAGE_TRIGGERED_RESET_V1,1.0,raven_mcs,False
sensorscope,0.8,13,0,sensorscope|a=0.80|b0,WARMUP,13,0.07648352731498223,,0.0,0.05,0,0,0.0766719911104937,True,False,True,False,True,FALSE_UNSAFE,-0.00018846379551147596,0,WARMUP,True,FULL_INTERIOR,82444e4f495344856de94b0d72ab4a46843780c232e2f299b300fcafa8c4b4a1,b87cf615ab34b447e87bf447d79b9e4183a6e16fcef6223c57fad7be4aec6502,212b3689c0033ea482243212b3b2b05cc2f105d2b8253cdceb9f2966c147f945,212b3689c0033ea482243212b3b2b05cc2f105d2b8253cdceb9f2966c147f945,6cd0b52dd7ce8f064a636e3bfc8de9b2309a7dfb02abb27056836d0416fd20a6,357158a3c01d61e36098ae03786aeb48ee6065502c78a6578078aa2eb8873772,0|1|2|3|4|5|6|7|8|9|10|11|12,False,True,AGGREGATE_COVERAGE_RIDGE_V1,MISCOVERAGE_TRIGGERED_RESET_V1,1.0,raven_mcs,False
sensorscope,0.8,14,0,sensorscope|a=0.80|b0,WARMUP,14,0.07519544200750969,,0.0,0.05,0,0,0.0709215917772067,True,False,True,False,True,FALSE_UNSAFE,0.004273850230302995,0,WARMUP,True,FULL_INTERIOR,82444e4f495344856de94b0d72ab4a46843780c232e2f299b300fcafa8c4b4a1,b87cf615ab34b447e87bf447d79b9e4183a6e16fcef6223c57fad7be4aec6502,212b3689c0033ea482243212b3b2b05cc2f105d2b8253cdceb9f2966c147f945,212b3689c0033ea482243212b3b2b05cc2f105d2b8253cdceb9f2966c147f945,6cd0b52dd7ce8f064a636e3bfc8de9b2309a7dfb02abb27056836d0416fd20a6,357158a3c01d61e36098ae03786aeb48ee6065502c78a6578078aa2eb8873772,0|1|2|3|4|5|6|7|8|9|10|11|12|13,False,True,AGGREGATE_COVERAGE_RIDGE_V1,MISCOVERAGE_TRIGGERED_RESET_V1,1.0,raven_mcs,False
sensorscope,0.8,15,0,sensorscope|a=0.80|b0,WARMUP,15,0.07395697274191709,,0.0,0.05,0,0,0.0881727897770679,True,False,True,False,True,FALSE_UNSAFE,-0.014215817035150805,0,WARMUP,True,FULL_INTERIOR,82444e4f495344856de94b0d72ab4a46843780c232e2f299b300fcafa8c4b4a1,b87cf615ab34b447e87bf447d79b9e4183a6e16fcef6223c57fad7be4aec6502,212b3689c0033ea482243212b3b2b05cc2f105d2b8253cdceb9f2966c147f945,212b3689c0033ea482243212b3b2b05cc2f105d2b8253cdceb9f2966c147f945,6cd0b52dd7ce8f064a636e3bfc8de9b2309a7dfb02abb27056836d0416fd20a6,357158a3c01d61e36098ae03786aeb48ee6065502c78a6578078aa2eb8873772,0|1|2|3|4|5|6|7|8|9|10|11|12|13|14,False,True,AGGREGATE_COVERAGE_RIDGE_V1,MISCOVERAGE_TRIGGERED_RESET_V1,1.0,raven_mcs,False
sensorscope,0.8,16,0,sensorscope|a=0.80|b0,WARMUP,16,0.07371600826230423,,0.0,0.05,0,0,0.0862559899993055,True,False,True,False,True,FALSE_UNSAFE,-0.012539981737001271,0,WARMUP,True,FULL_INTERIOR,82444e4f495344856de94b0d72ab4a46843780c232e2f299b300fcafa8c4b4a1,b87cf615ab34b447e87bf447d79b9e4183a6e16fcef6223c57fad7be4aec6502,212b3689c0033ea482243212b3b2b05cc2f105d2b8253cdceb9f2966c147f945,212b3689c0033ea482243212b3b2b05cc2f105d2b8253cdceb9f2966c147f945,6cd0b52dd7ce8f064a636e3bfc8de9b2309a7dfb02abb27056836d0416fd20a6,357158a3c01d61e36098ae03786aeb48ee6065502c78a6578078aa2eb8873772,0|1|2|3|4|5|6|7|8|9|10|11|12|13|14|15,False,True,AGGREGATE_COVERAGE_RIDGE_V1,MISCOVERAGE_TRIGGERED_RESET_V1,1.0,raven_mcs,False
sensorscope,0.8,17,0,sensorscope|a=0.80|b0,WARMUP,17,0.07394216658662825,,0.0,0.05,0,0,0.0881727897770679,True,False,True,False,True,FALSE_UNSAFE,-0.014230623190439648,0,WARMUP,True,FULL_INTERIOR,82444e4f495344856de94b0d72ab4a46843780c232e2f299b300fcafa8c4b4a1,b87cf615ab34b447e87bf447d79b9e4183a6e16fcef6223c57fad7be4aec6502,212b3689c0033ea482243212b3b2b05cc2f105d2b8253cdceb9f2966c147f945,212b3689c0033ea482243212b3b2b05cc2f105d2b8253cdceb9f2966c147f945,6cd0b52dd7ce8f064a636e3bfc8de9b2309a7dfb02abb27056836d0416fd20a6,357158a3c01d61e36098ae03786aeb48ee6065502c78a6578078aa2eb8873772,0|1|2|3|4|5|6|7|8|9|10|11|12|13|14|15|16,False,True,AGGREGATE_COVERAGE_RIDGE_V1,MISCOVERAGE_TRIGGERED_RESET_V1,1.0,raven_mcs,False
sensorscope,0.8,18,0,sensorscope|a=0.80|b0,WARMUP,18,0.07445927905012881,,0.0,0.05,0,0,0.1120077783179387,True,False,True,False,True,FALSE_UNSAFE,-0.0375484992678099,0,CERTIFIED,True,FULL_INTERIOR,82444e4f495344856de94b0d72ab4a46843780c232e2f299b300fcafa8c4b4a1,b87cf615ab34b447e87bf447d79b9e4183a6e16fcef6223c57fad7be4aec6502,212b3689c0033ea482243212b3b2b05cc2f105d2b8253cdceb9f2966c147f945,212b3689c0033ea482243212b3b2b05cc2f105d2b8253cdceb9f2966c147f945,6cd0b52dd7ce8f064a636e3bfc8de9b2309a7dfb02abb27056836d0416fd20a6,357158a3c01d61e36098ae03786aeb48ee6065502c78a6578078aa2eb8873772,0|1|2|3|4|5|6|7|8|9|10|11|12|13|14|15|16|17,False,True,AGGREGATE_COVERAGE_RIDGE_V1,MISCOVERAGE_TRIGGERED_RESET_V1,1.0,raven_mcs,False
sensorscope,0.8,19,0,sensorscope|a=0.80|b0,CERTIFIED,19,0.0759920912675292,0.02660646777523453,0.049385623492294674,0.05,0,0,0.0863393291200777,True,False,True,False,True,FALSE_UNSAFE,-0.0103472378525485,0,CERTIFIED,True,FULL_INTERIOR,82444e4f495344856de94b0d72ab4a46843780c232e2f299b300fcafa8c4b4a1,b87cf615ab34b447e87bf447d79b9e4183a6e16fcef6223c57fad7be4aec6502,212b3689c0033ea482243212b3b2b05cc2f105d2b8253cdceb9f2966c147f945,212b3689c0033ea482243212b3b2b05cc2f105d2b8253cdceb9f2966c147f945,6cd0b52dd7ce8f064a636e3bfc8de9b2309a7dfb02abb27056836d0416fd20a6,357158a3c01d61e36098ae03786aeb48ee6065502c78a6578078aa2eb8873772,0|1|2|3|4|5|6|7|8|9|10|11|12|13|14|15|16|17|18,False,False,AGGREGATE_COVERAGE_RIDGE_V1,MISCOVERAGE_TRIGGERED_RESET_V1,1.0,raven_mcs,False
sensorscope,0.8,20,0,sensorscope|a=0.80|b0,CERTIFIED,20,0.07722015887595035,0.02660646777523453,0.05061369110071582,0.05,1,1,0.1073407875546913,True,True,True,False,False,TRUE_SAFE,-0.03012062867874095,0,CERTIFIED,True,FULL_INTERIOR,82444e4f495344856de94b0d72ab4a46843780c232e2f299b300fcafa8c4b4a1,b87cf615ab34b447e87bf447d79b9e4183a6e16fcef6223c57fad7be4aec6502,212b3689c0033ea482243212b3b2b05cc2f105d2b8253cdceb9f2966c147f945,212b3689c0033ea482243212b3b2b05cc2f105d2b8253cdceb9f2966c147f945,6cd0b52dd7ce8f064a636e3bfc8de9b2309a7dfb02abb27056836d0416fd20a6,357158a3c01d61e36098ae03786aeb48ee6065502c78a6578078aa2eb8873772,0|1|2|3|4|5|6|7|8|9|10|11|12|13|14|15|16|17|18|19,False,False,AGGREGATE_COVERAGE_RIDGE_V1,MISCOVERAGE_TRIGGERED_RESET_V1,1.0,raven_mcs,False
sensorscope,0.8,21,0,sensorscope|a=0.80|b0,CERTIFIED,21,0.07897615601937893,0.02660646777523453,0.052369688244144404,0.05,1,1,0.1026737967914438,True,True,True,False,False,TRUE_SAFE,-0.023697640772064862,0,CERTIFIED,True,FULL_INTERIOR,82444e4f495344856de94b0d72ab4a46843780c232e2f299b300fcafa8c4b4a1,b87cf615ab34b447e87bf447d79b9e4183a6e16fcef6223c57fad7be4aec6502,212b3689c0033ea482243212b3b2b05cc2f105d2b8253cdceb9f2966c147f945,212b3689c0033ea482243212b3b2b05cc2f105d2b8253cdceb9f2966c147f945,6cd0b52dd7ce8f064a636e3bfc8de9b2309a7dfb02abb27056836d0416fd20a6,357158a3c01d61e36098ae03786aeb48ee6065502c78a6578078aa2eb8873772,0|1|2|3|4|5|6|7|8|9|10|11|12|13|14|15|16|17|18|19|20,False,False,AGGREGATE_COVERAGE_RIDGE_V1,MISCOVERAGE_TRIGGERED_RESET_V1,1.0,raven_mcs,False
sensorscope,0.8,22,0,sensorscope|a=0.80|b0,CERTIFIED,22,0.08112489082309726,0.02660646777523453,0.05451842304786273,0.05,1,1,0.1003403014098201,True,True,True,False,False,TRUE_SAFE,-0.01921541058672284,0,CERTIFIED,True,FULL_INTERIOR,82444e4f495344856de94b0d72ab4a46843780c232e2f299b300fcafa8c4b4a1,b87cf615ab34b447e87bf447d79b9e4183a6e16fcef6223c57fad7be4aec6502,212b3689c0033ea482243212b3b2b05cc2f105d2b8253cdceb9f2966c147f945,212b3689c0033ea482243212b3b2b05cc2f105d2b8253cdceb9f2966c147f945,6cd0b52dd7ce8f064a636e3bfc8de9b2309a7dfb02abb27056836d0416fd20a6,357158a3c01d61e36098ae03786aeb48ee6065502c78a6578078aa2eb8873772,0|1|2|3|4|5|6|7|8|9|10|11|12|13|14|15|16|17|18|19|20|21,False,False,AGGREGATE_COVERAGE_RIDGE_V1,MISCOVERAGE_TRIGGERED_RESET_V1,1.0,raven_mcs,False
sensorscope,0.8,23,0,sensorscope|a=0.80|b0,CERTIFIED,23,0.08298782892878653,0.02660646777523453,0.056381361153552,0.05,1,1,0.1026737967914438,True,True,True,False,False,TRUE_SAFE,-0.019685967862657264,0,CERTIFIED,True,FULL_INTERIOR,82444e4f495344856de94b0d72ab4a46843780c232e2f299b300fcafa8c4b4a1,b87cf615ab34b447e87bf447d79b9e4183a6e16fcef6223c57fad7be4aec6502,212b3689c0033ea482243212b3b2b05cc2f105d2b8253cdceb9f2966c147f945,212b3689c0033ea482243212b3b2b05cc2f105d2b8253cdceb9f2966c147f945,6cd0b52dd7ce8f064a636e3bfc8de9b2309a7dfb02abb27056836d0416fd20a6,357158a3c01d61e36098ae03786aeb48ee6065502c78a6578078aa2eb8873772,0|1|2|3|4|5|6|7|8|9|10|11|12|13|14|15|16|17|18|19|20|21|22,False,False,AGGREGATE_COVERAGE_RIDGE_V1,MISCOVERAGE_TRIGGERED_RESET_V1,1.0,raven_mcs,False
sensorscope,0.8,24,0,sensorscope|a=0.80|b0,CERTIFIED,24,0.12177226234394894,0.02660646777523453,0.0951657945687144,0.05,1,1,0.1462323772484201,True,True,True,False,False,TRUE_SAFE,-0.024460114904471142,0,CERTIFIED,True,FULL_INTERIOR,82444e4f495344856de94b0d72ab4a46843780c232e2f299b300fcafa8c4b4a1,b87cf615ab34b447e87bf447d79b9e4183a6e16fcef6223c57fad7be4aec6502,212b3689c0033ea482243212b3b2b05cc2f105d2b8253cdceb9f2966c147f945,212b3689c0033ea482243212b3b2b05cc2f105d2b8253cdceb9f2966c147f945,6cd0b52dd7ce8f064a636e3bfc8de9b2309a7dfb02abb27056836d0416fd20a6,357158a3c01d61e36098ae03786aeb48ee6065502c78a6578078aa2eb8873772,0|1|2|3|4|5|6|7|8|9|10|11|12|13|14|15|16|17|18|19|20|21|22|23,False,False,AGGREGATE_COVERAGE_RIDGE_V1,MISCOVERAGE_TRIGGERED_RESET_V1,1.0,raven_mcs,False
sensorscope,0.8,25,0,sensorscope|a=0.80|b0,CERTIFIED,25,0.12448222181304623,0.02660646777523453,0.09787575403781171,0.05,1,1,0.1337870685464268,True,True,True,False,False,TRUE_SAFE,-0.00930484673338057,0,CERTIFIED,True,FULL_INTERIOR,82444e4f495344856de94b0d72ab4a46843780c232e2f299b300fcafa8c4b4a1,b87cf615ab34b447e87bf447d79b9e4183a6e16fcef6223c57fad7be4aec6502,212b3689c0033ea482243212b3b2b05cc2f105d2b8253cdceb9f2966c147f945,212b3689c0033ea482243212b3b2b05cc2f105d2b8253cdceb9f2966c147f945,6cd0b52dd7ce8f064a636e3bfc8de9b2309a7dfb02abb27056836d0416fd20a6,357158a3c01d61e36098ae03786aeb48ee6065502c78a6578078aa2eb8873772,0|1|2|3|4|5|6|7|8|9|10|11|12|13|14|15|16|17|18|19|20|21|22|23|24,False,False,AGGREGATE_COVERAGE_RIDGE_V1,MISCOVERAGE_TRIGGERED_RESET_V1,1.0,raven_mcs,False
sensorscope,0.8,26,0,sensorscope|a=0.80|b0,CERTIFIED,26,0.12634479686185626,0.02660646777523453,0.09973832908662172,0.05,1,1,0.1213417598444336,True,True,True,False,False,TRUE_SAFE,0.005003037017422662,0,CERTIFIED,True,FULL_INTERIOR,82444e4f495344856de94b0d72ab4a46843780c232e2f299b300fcafa8c4b4a1,b87cf615ab34b447e87bf447d79b9e4183a6e16fcef6223c57fad7be4aec6502,212b3689c0033ea482243212b3b2b05cc2f105d2b8253cdceb9f2966c147f945,212b3689c0033ea482243212b3b2b05cc2f105d2b8253cdceb9f2966c147f945,6cd0b52dd7ce8f064a636e3bfc8de9b2309a7dfb02abb27056836d0416fd20a6,357158a3c01d61e36098ae03786aeb48ee6065502c78a6578078aa2eb8873772,0|1|2|3|4|5|6|7|8|9|10|11|12|13|14|15|16|17|18|19|20|21|22|23|24|25,False,False,AGGREGATE_COVERAGE_RIDGE_V1,MISCOVERAGE_TRIGGERED_RESET_V1,1.0,raven_mcs,False
sensorscope,0.8,27,0,sensorscope|a=0.80|b0,CERTIFIED,27,0.12690278237083927,0.02660646777523453,0.10029631459560473,0.05,1,1,0.1244530870199319,True,True,True,False,False,TRUE_SAFE,0.0024496953509073743,0,CERTIFIED,True,FULL_INTERIOR,82444e4f495344856de94b0d72ab4a46843780c232e2f299b300fcafa8c4b4a1,b87cf615ab34b447e87bf447d79b9e4183a6e16fcef6223c57fad7be4aec6502,212b3689c0033ea482243212b3b2b05cc2f105d2b8253cdceb9f2966c147f945,212b3689c0033ea482243212b3b2b05cc2f105d2b8253cdceb9f2966c147f945,6cd0b52dd7ce8f064a636e3bfc8de9b2309a7dfb02abb27056836d0416fd20a6,357158a3c01d61e36098ae03786aeb48ee6065502c78a6578078aa2eb8873772,0|1|2|3|4|5|6|7|8|9|10|11|12|13|14|15|16|17|18|19|20|21|22|23|24|25|26,False,False,AGGREGATE_COVERAGE_RIDGE_V1,MISCOVERAGE_TRIGGERED_RESET_V1,1.0,raven_mcs,False
sensorscope,0.8,28,0,sensorscope|a=0.80|b0,CERTIFIED,28,0.12731681638477885,0.02660646777523453,0.10071034860954431,0.05,1,1,0.1462323772484201,True,True,True,False,False,TRUE_SAFE,-0.01891556086364124,0,CERTIFIED,True,FULL_INTERIOR,82444e4f495344856de94b0d72ab4a46843780c232e2f299b300fcafa8c4b4a1,b87cf615ab34b447e87bf447d79b9e4183a6e16fcef6223c57fad7be4aec6502,212b3689c0033ea482243212b3b2b05cc2f105d2b8253cdceb9f2966c147f945,212b3689c0033ea482243212b3b2b05cc2f105d2b8253cdceb9f2966c147f945,6cd0b52dd7ce8f064a636e3bfc8de9b2309a7dfb02abb27056836d0416fd20a6,357158a3c01d61e36098ae03786aeb48ee6065502c78a6578078aa2eb8873772,0|1|2|3|4|5|6|7|8|9|10|11|12|13|14|15|16|17|18|19|20|21|22|23|24|25|26|27,False,False,AGGREGATE_COVERAGE_RIDGE_V1,MISCOVERAGE_TRIGGERED_RESET_V1,1.0,raven_mcs,False
sensorscope,0.8,29,0,sensorscope|a=0.80|b0,CERTIFIED,29,0.12786673967668405,0.02660646777523453,0.10126027190144951,0.05,1,1,0.1400097228974234,True,True,True,False,False,TRUE_SAFE,-0.01214298322073934,0,CERTIFIED,True,FULL_INTERIOR,82444e4f495344856de94b0d72ab4a46843780c232e2f299b300fcafa8c4b4a1,b87cf615ab34b447e87bf447d79b9e4183a6e16fcef6223c57fad7be4aec6502,212b3689c0033ea482243212b3b2b05cc2f105d2b8253cdceb9f2966c147f945,212b3689c0033ea482243212b3b2b05cc2f105d2b8253cdceb9f2966c147f945,6cd0b52dd7ce8f064a636e3bfc8de9b2309a7dfb02abb27056836d0416fd20a6,357158a3c01d61e36098ae03786aeb48ee6065502c78a6578078aa2eb8873772,0|1|2|3|4|5|6|7|8|9|10|11|12|13|14|15|16|17|18|19|20|21|22|23|24|25|26|27|28,False,False,AGGREGATE_COVERAGE_RIDGE_V1,MISCOVERAGE_TRIGGERED_RESET_V1,1.0,raven_mcs,False
sensorscope,0.8,30,0,sensorscope|a=0.80|b0,CERTIFIED,30,0.12760648278339692,0.02660646777523453,0.10100001500816239,0.05,1,1,0.1283422459893048,True,True,True,False,False,TRUE_SAFE,-0.0007357632059078745,0,CERTIFIED,True,FULL_INTERIOR,82444e4f495344856de94b0d72ab4a46843780c232e2f299b300fcafa8c4b4a1,b87cf615ab34b447e87bf447d79b9e4183a6e16fcef6223c57fad7be4aec6502,212b3689c0033ea482243212b3b2b05cc2f105d2b8253cdceb9f2966c147f945,212b3689c0033ea482243212b3b2b05cc2f105d2b8253cdceb9f2966c147f945,6cd0b52dd7ce8f064a636e3bfc8de9b2309a7dfb02abb27056836d0416fd20a6,357158a3c01d61e36098ae03786aeb48ee6065502c78a6578078aa2eb8873772,0|1|2|3|4|5|6|7|8|9|10|11|12|13|14|15|16|17|18|19|20|21|22|23|24|25|26|27|28|29,False,False,AGGREGATE_COVERAGE_RIDGE_V1,MISCOVERAGE_TRIGGERED_RESET_V1,1.0,raven_mcs,False
sensorscope,0.8,31,0,sensorscope|a=0.80|b0,CERTIFIED,31,0.12630176077196348,0.02660646777523453,0.09969529299672894,0.05,1,1,0.1312591152163345,True,True,True,False,False,TRUE_SAFE,-0.004957354444371009,0,CERTIFIED,True,FULL_INTERIOR,82444e4f495344856de94b0d72ab4a46843780c232e2f299b300fcafa8c4b4a1,b87cf615ab34b447e87bf447d79b9e4183a6e16fcef6223c57fad7be4aec6502,212b3689c0033ea482243212b3b2b05cc2f105d2b8253cdceb9f2966c147f945,212b3689c0033ea482243212b3b2b05cc2f105d2b8253cdceb9f2966c147f945,6cd0b52dd7ce8f064a636e3bfc8de9b2309a7dfb02abb27056836d0416fd20a6,357158a3c01d61e36098ae03786aeb48ee6065502c78a6578078aa2eb8873772,0|1|2|3|4|5|6|7|8|9|10|11|12|13|14|15|16|17|18|19|20|21|22|23|24|25|26|27|28|29|30,False,False,AGGREGATE_COVERAGE_RIDGE_V1,MISCOVERAGE_TRIGGERED_RESET_V1,1.0,raven_mcs,False
sensorscope,0.8,32,0,sensorscope|a=0.80|b0,CERTIFIED,32,0.12480307224845984,0.02660646777523453,0.09819660447322531,0.05,1,1,0.1166747690811861,True,True,True,False,False,TRUE_SAFE,0.00812830316727374,0,CERTIFIED,True,FULL_INTERIOR,82444e4f495344856de94b0d72ab4a46843780c232e2f299b300fcafa8c4b4a1,b87cf615ab34b447e87bf447d79b9e4183a6e16fcef6223c57fad7be4aec6502,212b3689c0033ea482243212b3b2b05cc2f105d2b8253cdceb9f2966c147f945,212b3689c0033ea482243212b3b2b05cc2f105d2b8253cdceb9f2966c147f945,6cd0b52dd7ce8f064a636e3bfc8de9b2309a7dfb02abb27056836d0416fd20a6,357158a3c01d61e36098ae03786aeb48ee6065502c78a6578078aa2eb8873772,0|1|2|3|4|5|6|7|8|9|10|11|12|13|14|15|16|17|18|19|20|21|22|23|24|25|26|27|28|29|30|31,False,False,AGGREGATE_COVERAGE_RIDGE_V1,MISCOVERAGE_TRIGGERED_RESET_V1,1.0,raven_mcs,False
sensorscope,0.8,33,0,sensorscope|a=0.80|b0,CERTIFIED,33,0.12282594498737487,0.02660646777523453,0.09621947721214033,0.05,1,1,0.1341759844433641,True,True,True,False,False,TRUE_SAFE,-0.011350039455989225,0,CERTIFIED,True,FULL_INTERIOR,82444e4f495344856de94b0d72ab4a46843780c232e2f299b300fcafa8c4b4a1,b87cf615ab34b447e87bf447d79b9e4183a6e16fcef6223c57fad7be4aec6502,212b3689c0033ea482243212b3b2b05cc2f105d2b8253cdceb9f2966c147f945,212b3689c0033ea482243212b3b2b05cc2f105d2b8253cdceb9f2966c147f945,6cd0b52dd7ce8f064a636e3bfc8de9b2309a7dfb02abb27056836d0416fd20a6,357158a3c01d61e36098ae03786aeb48ee6065502c78a6578078aa2eb8873772,0|1|2|3|4|5|6|7|8|9|10|11|12|13|14|15|16|17|18|19|20|21|22|23|24|25|26|27|28|29|30|31|32,False,False,AGGREGATE_COVERAGE_RIDGE_V1,MISCOVERAGE_TRIGGERED_RESET_V1,1.0,raven_mcs,False
sensorscope,0.8,34,0,sensorscope|a=0.80|b0,CERTIFIED,34,0.12106365222348972,0.02660646777523453,0.09445718444825518,0.05,1,1,0.1370928536703938,True,True,True,False,False,TRUE_SAFE,-0.01602920144690409,0,CERTIFIED,True,FULL_INTERIOR,82444e4f495344856de94b0d72ab4a46843780c232e2f299b300fcafa8c4b4a1,b87cf615ab34b447e87bf447d79b9e4183a6e16fcef6223c57fad7be4aec6502,212b3689c0033ea482243212b3b2b05cc2f105d2b8253cdceb9f2966c147f945,212b3689c0033ea482243212b3b2b05cc2f105d2b8253cdceb9f2966c147f945,6cd0b52dd7ce8f064a636e3bfc8de9b2309a7dfb02abb27056836d0416fd20a6,357158a3c01d61e36098ae03786aeb48ee6065502c78a6578078aa2eb8873772,0|1|2|3|4|5|6|7|8|9|10|11|12|13|14|15|16|17|18|19|20|21|22|23|24|25|26|27|28|29|30|31|32|33,False,False,AGGREGATE_COVERAGE_RIDGE_V1,MISCOVERAGE_TRIGGERED_RESET_V1,1.0,raven_mcs,False
sensorscope,0.8,35,0,sensorscope|a=0.80|b0,CERTIFIED,35,0.11943434351871597,0.02660646777523453,0.09282787574348145,0.05,1,1,0.1195916383082158,True,True,True,False,False,TRUE_SAFE,-0.0001572947894998289,0,CERTIFIED,True,FULL_INTERIOR,82444e4f495344856de94b0d72ab4a46843780c232e2f299b300fcafa8c4b4a1,b87cf615ab34b447e87bf447d79b9e4183a6e16fcef6223c57fad7be4aec6502,212b3689c0033ea482243212b3b2b05cc2f105d2b8253cdceb9f2966c147f945,212b3689c0033ea482243212b3b2b05cc2f105d2b8253cdceb9f2966c147f945,6cd0b52dd7ce8f064a636e3bfc8de9b2309a7dfb02abb27056836d0416fd20a6,357158a3c01d61e36098ae03786aeb48ee6065502c78a6578078aa2eb8873772,0|1|2|3|4|5|6|7|8|9|10|11|12|13|14|15|16|17|18|19|20|21|22|23|24|25|26|27|28|29|30|31|32|33|34,False,False,AGGREGATE_COVERAGE_RIDGE_V1,MISCOVERAGE_TRIGGERED_RESET_V1,1.0,raven_mcs,False
sensorscope,0.8,36,0,sensorscope|a=0.80|b0,CERTIFIED,36,0.1171950904125176,0.02660646777523453,0.09058862263728307,0.05,1,1,0.1047850545176748,True,True,True,False,False,TRUE_SAFE,0.01241003589484281,0,CERTIFIED,True,FULL_INTERIOR,82444e4f495344856de94b0d72ab4a46843780c232e2f299b300fcafa8c4b4a1,b87cf615ab34b447e87bf447d79b9e4183a6e16fcef6223c57fad7be4aec6502,212b3689c0033ea482243212b3b2b05cc2f105d2b8253cdceb9f2966c147f945,212b3689c0033ea482243212b3b2b05cc2f105d2b8253cdceb9f2966c147f945,6cd0b52dd7ce8f064a636e3bfc8de9b2309a7dfb02abb27056836d0416fd20a6,357158a3c01d61e36098ae03786aeb48ee6065502c78a6578078aa2eb8873772,0|1|2|3|4|5|6|7|8|9|10|11|12|13|14|15|16|17|18|19|20|21|22|23|24|25|26|27|28|29|30|31|32|33|34|35,False,False,AGGREGATE_COVERAGE_RIDGE_V1,MISCOVERAGE_TRIGGERED_RESET_V1,1.0,raven_mcs,False
sensorscope,0.8,37,0,sensorscope|a=0.80|b0,CERTIFIED,37,0.11486625909060524,0.02660646777523453,0.0882597913153707,0.05,1,1,0.1047850545176748,True,True,True,False,False,TRUE_SAFE,0.01008120457293045,0,CERTIFIED,True,FULL_INTERIOR,82444e4f495344856de94b0d72ab4a46843780c232e2f299b300fcafa8c4b4a1,b87cf615ab34b447e87bf447d79b9e4183a6e16fcef6223c57fad7be4aec6502,212b3689c0033ea482243212b3b2b05cc2f105d2b8253cdceb9f2966c147f945,212b3689c0033ea482243212b3b2b05cc2f105d2b8253cdceb9f2966c147f945,6cd0b52dd7ce8f064a636e3bfc8de9b2309a7dfb02abb27056836d0416fd20a6,357158a3c01d61e36098ae03786aeb48ee6065502c78a6578078aa2eb8873772,0|1|2|3|4|5|6|7|8|9|10|11|12|13|14|15|16|17|18|19|20|21|22|23|24|25|26|27|28|29|30|31|32|33|34|35|36,False,False,AGGREGATE_COVERAGE_RIDGE_V1,MISCOVERAGE_TRIGGERED_RESET_V1,1.0,raven_mcs,False
sensorscope,0.8,38,0,sensorscope|a=0.80|b0,CERTIFIED,38,0.11320260260050291,0.02660646777523453,0.08659613482526837,0.05,1,1,0.1175637197027571,True,True,True,False,False,TRUE_SAFE,-0.004361117102254189,0,CERTIFIED,True,FULL_INTERIOR,82444e4f495344856de94b0d72ab4a46843780c232e2f299b300fcafa8c4b4a1,b87cf615ab34b447e87bf447d79b9e4183a6e16fcef6223c57fad7be4aec6502,212b3689c0033ea482243212b3b2b05cc2f105d2b8253cdceb9f2966c147f945,212b3689c0033ea482243212b3b2b05cc2f105d2b8253cdceb9f2966c147f945,6cd0b52dd7ce8f064a636e3bfc8de9b2309a7dfb02abb27056836d0416fd20a6,357158a3c01d61e36098ae03786aeb48ee6065502c78a6578078aa2eb8873772,0|1|2|3|4|5|6|7|8|9|10|11|12|13|14|15|16|17|18|19|20|21|22|23|24|25|26|27|28|29|30|31|32|33|34|35|36|37,False,False,AGGREGATE_COVERAGE_RIDGE_V1,MISCOVERAGE_TRIGGERED_RESET_V1,1.0,raven_mcs,False
sensorscope,0.8,39,0,sensorscope|a=0.80|b0,CERTIFIED,39,0.1124610624735046,0.021643318367968678,0.09081774410553592,0.05,1,1,0.1201194527397736,True,True,True,False,False,TRUE_SAFE,-0.007658390266269008,0,CERTIFIED,True,FULL_INTERIOR,82444e4f495344856de94b0d72ab4a46843780c232e2f299b300fcafa8c4b4a1,b87cf615ab34b447e87bf447d79b9e4183a6e16fcef6223c57fad7be4aec6502,212b3689c0033ea482243212b3b2b05cc2f105d2b8253cdceb9f2966c147f945,212b3689c0033ea482243212b3b2b05cc2f105d2b8253cdceb9f2966c147f945,6cd0b52dd7ce8f064a636e3bfc8de9b2309a7dfb02abb27056836d0416fd20a6,357158a3c01d61e36098ae03786aeb48ee6065502c78a6578078aa2eb8873772,0|1|2|3|4|5|6|7|8|9|10|11|12|13|14|15|16|17|18|19|20|21|22|23|24|25|26|27|28|29|30|31|32|33|34|35|36|37|38,False,False,AGGREGATE_COVERAGE_RIDGE_V1,MISCOVERAGE_TRIGGERED_RESET_V1,1.0,raven_mcs,False
sensorscope,0.8,40,0,sensorscope|a=0.80|b0,CERTIFIED,40,0.11218451261490672,0.021643318367968678,0.09054119424693804,0.05,1,1,0.1098965205917077,True,True,True,False,False,TRUE_SAFE,0.0022879920231990286,0,CERTIFIED,True,FULL_INTERIOR,82444e4f495344856de94b0d72ab4a46843780c232e2f299b300fcafa8c4b4a1,b87cf615ab34b447e87bf447d79b9e4183a6e16fcef6223c57fad7be4aec6502,212b3689c0033ea482243212b3b2b05cc2f105d2b8253cdceb9f2966c147f945,212b3689c0033ea482243212b3b2b05cc2f105d2b8253cdceb9f2966c147f945,6cd0b52dd7ce8f064a636e3bfc8de9b2309a7dfb02abb27056836d0416fd20a6,357158a3c01d61e36098ae03786aeb48ee6065502c78a6578078aa2eb8873772,0|1|2|3|4|5|6|7|8|9|10|11|12|13|14|15|16|17|18|19|20|21|22|23|24|25|26|27|28|29|30|31|32|33|34|35|36|37|38|39,False,False,AGGREGATE_COVERAGE_RIDGE_V1,MISCOVERAGE_TRIGGERED_RESET_V1,1.0,raven_mcs,False
sensorscope,0.8,41,0,sensorscope|a=0.80|b0,CERTIFIED,41,0.11198579127548079,0.021643318367968678,0.09034247290751211,0.05,1,1,0.1201194527397736,True,True,True,False,False,TRUE_SAFE,-0.008133661464292813,0,CERTIFIED,True,FULL_INTERIOR,82444e4f495344856de94b0d72ab4a46843780c232e2f299b300fcafa8c4b4a1,b87cf615ab34b447e87bf447d79b9e4183a6e16fcef6223c57fad7be4aec6502,212b3689c0033ea482243212b3b2b05cc2f105d2b8253cdceb9f2966c147f945,212b3689c0033ea482243212b3b2b05cc2f105d2b8253cdceb9f2966c147f945,6cd0b52dd7ce8f064a636e3bfc8de9b2309a7dfb02abb27056836d0416fd20a6,357158a3c01d61e36098ae03786aeb48ee6065502c78a6578078aa2eb8873772,0|1|2|3|4|5|6|7|8|9|10|11|12|13|14|15|16|17|18|19|20|21|22|23|24|25|26|27|28|29|30|31|32|33|34|35|36|37|38|39|40,False,False,AGGREGATE_COVERAGE_RIDGE_V1,MISCOVERAGE_TRIGGERED_RESET_V1,1.0,raven_mcs,False
sensorscope,0.8,42,0,sensorscope|a=0.80|b0,CERTIFIED,42,0.11253085778768314,0.021643318367968678,0.09088753941971446,0.05,1,1,0.0933398152649489,True,True,True,False,False,TRUE_SAFE,0.019191042522734236,0,CERTIFIED,True,FULL_INTERIOR,82444e4f495344856de94b0d72ab4a46843780c232e2f299b300fcafa8c4b4a1,b87cf615ab34b447e87bf447d79b9e4183a6e16fcef6223c57fad7be4aec6502,212b3689c0033ea482243212b3b2b05cc2f105d2b8253cdceb9f2966c147f945,212b3689c0033ea482243212b3b2b05cc2f105d2b8253cdceb9f2966c147f945,6cd0b52dd7ce8f064a636e3bfc8de9b2309a7dfb02abb27056836d0416fd20a6,357158a3c01d61e36098ae03786aeb48ee6065502c78a6578078aa2eb8873772,0|1|2|3|4|5|6|7|8|9|10|11|12|13|14|15|16|17|18|19|20|21|22|23|24|25|26|27|28|29|30|31|32|33|34|35|36|37|38|39|40|41,False,False,AGGREGATE_COVERAGE_RIDGE_V1,MISCOVERAGE_TRIGGERED_RESET_V1,1.0,raven_mcs,False
sensorscope,0.8,43,0,sensorscope|a=0.80|b0,CERTIFIED,43,0.11307811403112503,0.021643318367968678,0.09143479566315635,0.05,1,1,0.109674282936315,True,True,True,False,False,TRUE_SAFE,0.003403831094810031,0,CERTIFIED,True,FULL_INTERIOR,82444e4f495344856de94b0d72ab4a46843780c232e2f299b300fcafa8c4b4a1,b87cf615ab34b447e87bf447d79b9e4183a6e16fcef6223c57fad7be4aec6502,212b3689c0033ea482243212b3b2b05cc2f105d2b8253cdceb9f2966c147f945,212b3689c0033ea482243212b3b2b05cc2f105d2b8253cdceb9f2966c147f945,6cd0b52dd7ce8f064a636e3bfc8de9b2309a7dfb02abb27056836d0416fd20a6,357158a3c01d61e36098ae03786aeb48ee6065502c78a6578078aa2eb8873772,0|1|2|3|4|5|6|7|8|9|10|11|12|13|14|15|16|17|18|19|20|21|22|23|24|25|26|27|28|29|30|31|32|33|34|35|36|37|38|39|40|41|42,False,False,AGGREGATE_COVERAGE_RIDGE_V1,MISCOVERAGE_TRIGGERED_RESET_V1,1.0,raven_mcs,False
sensorscope,0.8,44,0,sensorscope|a=0.80|b0,CERTIFIED,44,0.11437766174646583,0.021643318367968678,0.09273434337849715,0.05,1,1,0.0956733106465726,True,True,True,False,False,TRUE_SAFE,0.018704351099893227,0,CERTIFIED,True,FULL_INTERIOR,82444e4f495344856de94b0d72ab4a46843780c232e2f299b300fcafa8c4b4a1,b87cf615ab34b447e87bf447d79b9e4183a6e16fcef6223c57fad7be4aec6502,212b3689c0033ea482243212b3b2b05cc2f105d2b8253cdceb9f2966c147f945,212b3689c0033ea482243212b3b2b05cc2f105d2b8253cdceb9f2966c147f945,6cd0b52dd7ce8f064a636e3bfc8de9b2309a7dfb02abb27056836d0416fd20a6,357158a3c01d61e36098ae03786aeb48ee6065502c78a6578078aa2eb8873772,0|1|2|3|4|5|6|7|8|9|10|11|12|13|14|15|16|17|18|19|20|21|22|23|24|25|26|27|28|29|30|31|32|33|34|35|36|37|38|39|40|41|42|43,False,False,AGGREGATE_COVERAGE_RIDGE_V1,MISCOVERAGE_TRIGGERED_RESET_V1,1.0,raven_mcs,False
sensorscope,0.8,45,0,sensorscope|a=0.80|b0,CERTIFIED,45,0.11602834579152393,0.021643318367968678,0.09438502742355526,0.05,1,1,0.1026737967914438,True,True,True,False,False,TRUE_SAFE,0.013354549000080138,0,CERTIFIED,True,FULL_INTERIOR,82444e4f495344856de94b0d72ab4a46843780c232e2f299b300fcafa8c4b4a1,b87cf615ab34b447e87bf447d79b9e4183a6e16fcef6223c57fad7be4aec6502,212b3689c0033ea482243212b3b2b05cc2f105d2b8253cdceb9f2966c147f945,212b3689c0033ea482243212b3b2b05cc2f105d2b8253cdceb9f2966c147f945,6cd0b52dd7ce8f064a636e3bfc8de9b2309a7dfb02abb27056836d0416fd20a6,357158a3c01d61e36098ae03786aeb48ee6065502c78a6578078aa2eb8873772,0|1|2|3|4|5|6|7|8|9|10|11|12|13|14|15|16|17|18|19|20|21|22|23|24|25|26|27|28|29|30|31|32|33|34|35|36|37|38|39|40|41|42|43|44,False,False,AGGREGATE_COVERAGE_RIDGE_V1,MISCOVERAGE_TRIGGERED_RESET_V1,1.0,raven_mcs,False
sensorscope,0.8,46,0,sensorscope|a=0.80|b0,CERTIFIED,46,0.11784977196339735,0.021643318367968678,0.09620645359542868,0.05,1,1,0.1050072921730675,True,True,True,False,False,TRUE_SAFE,0.012842479790329847,0,CERTIFIED,True,FULL_INTERIOR,82444e4f495344856de94b0d72ab4a46843780c232e2f299b300fcafa8c4b4a1,b87cf615ab34b447e87bf447d79b9e4183a6e16fcef6223c57fad7be4aec6502,212b3689c0033ea482243212b3b2b05cc2f105d2b8253cdceb9f2966c147f945,212b3689c0033ea482243212b3b2b05cc2f105d2b8253cdceb9f2966c147f945,6cd0b52dd7ce8f064a636e3bfc8de9b2309a7dfb02abb27056836d0416fd20a6,357158a3c01d61e36098ae03786aeb48ee6065502c78a6578078aa2eb8873772,0|1|2|3|4|5|6|7|8|9|10|11|12|13|14|15|16|17|18|19|20|21|22|23|24|25|26|27|28|29|30|31|32|33|34|35|36|37|38|39|40|41|42|43|44|45,False,False,AGGREGATE_COVERAGE_RIDGE_V1,MISCOVERAGE_TRIGGERED_RESET_V1,1.0,raven_mcs,False
sensorscope,0.8,47,0,sensorscope|a=0.80|b0,CERTIFIED,47,0.11997491658745124,0.021643318367968678,0.09833159821948256,0.05,1,1,0.0956733106465726,True,True,False,False,False,TRUE_SAFE,0.024301605940878643,1,RESET,True,FULL_INTERIOR,82444e4f495344856de94b0d72ab4a46843780c232e2f299b300fcafa8c4b4a1,b87cf615ab34b447e87bf447d79b9e4183a6e16fcef6223c57fad7be4aec6502,212b3689c0033ea482243212b3b2b05cc2f105d2b8253cdceb9f2966c147f945,212b3689c0033ea482243212b3b2b05cc2f105d2b8253cdceb9f2966c147f945,6cd0b52dd7ce8f064a636e3bfc8de9b2309a7dfb02abb27056836d0416fd20a6,357158a3c01d61e36098ae03786aeb48ee6065502c78a6578078aa2eb8873772,0|1|2|3|4|5|6|7|8|9|10|11|12|13|14|15|16|17|18|19|20|21|22|23|24|25|26|27|28|29|30|31|32|33|34|35|36|37|38|39|40|41|42|43|44|45|46,False,False,AGGREGATE_COVERAGE_RIDGE_V1,MISCOVERAGE_TRIGGERED_RESET_V1,1.0,raven_mcs,False
sensorscope,0.8,48,1,sensorscope|a=0.80|b1,RESET,0,0.12145456994601028,,0.0,0.05,0,0,0.1555663587749149,True,False,True,False,True,FALSE_UNSAFE,-0.034111788828904616,0,WARMUP,True,FULL_INTERIOR,82444e4f495344856de94b0d72ab4a46843780c232e2f299b300fcafa8c4b4a1,b87cf615ab34b447e87bf447d79b9e4183a6e16fcef6223c57fad7be4aec6502,514ba17abe20d0e52b6b0e97fee244abc6a68f529477ed48d73584cd5770f6d9,514ba17abe20d0e52b6b0e97fee244abc6a68f529477ed48d73584cd5770f6d9,6cd0b52dd7ce8f064a636e3bfc8de9b2309a7dfb02abb27056836d0416fd20a6,357158a3c01d61e36098ae03786aeb48ee6065502c78a6578078aa2eb8873772,,False,True,AGGREGATE_COVERAGE_RIDGE_V1,MISCOVERAGE_TRIGGERED_RESET_V1,1.0,raven_mcs,False
sensorscope,0.8,49,1,sensorscope|a=0.80|b1,WARMUP,1,0.1242235178411876,,0.0,0.05,0,0,0.1306757413709285,True,False,True,False,True,FALSE_UNSAFE,-0.006452223529740897,0,WARMUP,True,FULL_INTERIOR,82444e4f495344856de94b0d72ab4a46843780c232e2f299b300fcafa8c4b4a1,b87cf615ab34b447e87bf447d79b9e4183a6e16fcef6223c57fad7be4aec6502,514ba17abe20d0e52b6b0e97fee244abc6a68f529477ed48d73584cd5770f6d9,514ba17abe20d0e52b6b0e97fee244abc6a68f529477ed48d73584cd5770f6d9,6cd0b52dd7ce8f064a636e3bfc8de9b2309a7dfb02abb27056836d0416fd20a6,357158a3c01d61e36098ae03786aeb48ee6065502c78a6578078aa2eb8873772,48,False,True,AGGREGATE_COVERAGE_RIDGE_V1,MISCOVERAGE_TRIGGERED_RESET_V1,1.0,raven_mcs,False
sensorscope,0.8,50,1,sensorscope|a=0.80|b1,WARMUP,2,0.12577686321543105,,0.0,0.05,0,0,0.1368983957219251,True,False,True,False,True,FALSE_UNSAFE,-0.011121532506494058,0,WARMUP,True,FULL_INTERIOR,82444e4f495344856de94b0d72ab4a46843780c232e2f299b300fcafa8c4b4a1,b87cf615ab34b447e87bf447d79b9e4183a6e16fcef6223c57fad7be4aec6502,514ba17abe20d0e52b6b0e97fee244abc6a68f529477ed48d73584cd5770f6d9,514ba17abe20d0e52b6b0e97fee244abc6a68f529477ed48d73584cd5770f6d9,6cd0b52dd7ce8f064a636e3bfc8de9b2309a7dfb02abb27056836d0416fd20a6,357158a3c01d61e36098ae03786aeb48ee6065502c78a6578078aa2eb8873772,48|49,False,True,AGGREGATE_COVERAGE_RIDGE_V1,MISCOVERAGE_TRIGGERED_RESET_V1,1.0,raven_mcs,False
sensorscope,0.8,51,1,sensorscope|a=0.80|b1,WARMUP,3,0.1261607843915769,,0.0,0.05,0,0,0.1368983957219251,True,False,True,False,True,FALSE_UNSAFE,-0.010737611330348201,0,WARMUP,True,FULL_INTERIOR,82444e4f495344856de94b0d72ab4a46843780c232e2f299b300fcafa8c4b4a1,b87cf615ab34b447e87bf447d79b9e4183a6e16fcef6223c57fad7be4aec6502,514ba17abe20d0e52b6b0e97fee244abc6a68f529477ed48d73584cd5770f6d9,514ba17abe20d0e52b6b0e97fee244abc6a68f529477ed48d73584cd5770f6d9,6cd0b52dd7ce8f064a636e3bfc8de9b2309a7dfb02abb27056836d0416fd20a6,357158a3c01d61e36098ae03786aeb48ee6065502c78a6578078aa2eb8873772,48|49|50,False,True,AGGREGATE_COVERAGE_RIDGE_V1,MISCOVERAGE_TRIGGERED_RESET_V1,1.0,raven_mcs,False
sensorscope,0.8,52,1,sensorscope|a=0.80|b1,WARMUP,4,0.12657812404974494,,0.0,0.05,0,0,0.1337870685464268,True,False,True,False,True,FALSE_UNSAFE,-0.007208944496681857,0,WARMUP,True,FULL_INTERIOR,82444e4f495344856de94b0d72ab4a46843780c232e2f299b300fcafa8c4b4a1,b87cf615ab34b447e87bf447d79b9e4183a6e16fcef6223c57fad7be4aec6502,514ba17abe20d0e52b6b0e97fee244abc6a68f529477ed48d73584cd5770f6d9,514ba17abe20d0e52b6b0e97fee244abc6a68f529477ed48d73584cd5770f6d9,6cd0b52dd7ce8f064a636e3bfc8de9b2309a7dfb02abb27056836d0416fd20a6,357158a3c01d61e36098ae03786aeb48ee6065502c78a6578078aa2eb8873772,48|49|50|51,False,True,AGGREGATE_COVERAGE_RIDGE_V1,MISCOVERAGE_TRIGGERED_RESET_V1,1.0,raven_mcs,False
sensorscope,0.8,53,1,sensorscope|a=0.80|b1,WARMUP,5,0.1263641733722843,,0.0,0.05,0,0,0.1213417598444336,True,False,True,False,True,FALSE_UNSAFE,0.005022413527850711,0,WARMUP,True,FULL_INTERIOR,82444e4f495344856de94b0d72ab4a46843780c232e2f299b300fcafa8c4b4a1,b87cf615ab34b447e87bf447d79b9e4183a6e16fcef6223c57fad7be4aec6502,514ba17abe20d0e52b6b0e97fee244abc6a68f529477ed48d73584cd5770f6d9,514ba17abe20d0e52b6b0e97fee244abc6a68f529477ed48d73584cd5770f6d9,6cd0b52dd7ce8f064a636e3bfc8de9b2309a7dfb02abb27056836d0416fd20a6,357158a3c01d61e36098ae03786aeb48ee6065502c78a6578078aa2eb8873772,48|49|50|51|52,False,True,AGGREGATE_COVERAGE_RIDGE_V1,MISCOVERAGE_TRIGGERED_RESET_V1,1.0,raven_mcs,False
sensorscope,0.8,54,1,sensorscope|a=0.80|b1,WARMUP,6,0.12541761744885388,,0.0,0.05,0,0,0.142926592124453,True,False,True,False,True,FALSE_UNSAFE,-0.017508974675599115,0,WARMUP,True,FULL_INTERIOR,82444e4f495344856de94b0d72ab4a46843780c232e2f299b300fcafa8c4b4a1,b87cf615ab34b447e87bf447d79b9e4183a6e16fcef6223c57fad7be4aec6502,514ba17abe20d0e52b6b0e97fee244abc6a68f529477ed48d73584cd5770f6d9,514ba17abe20d0e52b6b0e97fee244abc6a68f529477ed48d73584cd5770f6d9,6cd0b52dd7ce8f064a636e3bfc8de9b2309a7dfb02abb27056836d0416fd20a6,357158a3c01d61e36098ae03786aeb48ee6065502c78a6578078aa2eb8873772,48|49|50|51|52|53,False,True,AGGREGATE_COVERAGE_RIDGE_V1,MISCOVERAGE_TRIGGERED_RESET_V1,1.0,raven_mcs,False
sensorscope,0.8,55,1,sensorscope|a=0.80|b1,WARMUP,7,0.12483777995664516,,0.0,0.05,0,0,0.1341759844433641,True,False,True,False,True,FALSE_UNSAFE,-0.009338204486718932,0,WARMUP,True,FULL_INTERIOR,82444e4f495344856de94b0d72ab4a46843780c232e2f299b300fcafa8c4b4a1,b87cf615ab34b447e87bf447d79b9e4183a6e16fcef6223c57fad7be4aec6502,514ba17abe20d0e52b6b0e97fee244abc6a68f529477ed48d73584cd5770f6d9,514ba17abe20d0e52b6b0e97fee244abc6a68f529477ed48d73584cd5770f6d9,6cd0b52dd7ce8f064a636e3bfc8de9b2309a7dfb02abb27056836d0416fd20a6,357158a3c01d61e36098ae03786aeb48ee6065502c78a6578078aa2eb8873772,48|49|50|51|52|53|54,False,True,AGGREGATE_COVERAGE_RIDGE_V1,MISCOVERAGE_TRIGGERED_RESET_V1,1.0,raven_mcs,False
sensorscope,0.8,56,1,sensorscope|a=0.80|b1,WARMUP,8,0.12378822889128134,,0.0,0.05,0,0,0.1312591152163345,True,False,True,False,True,FALSE_UNSAFE,-0.007470886325053147,0,WARMUP,True,FULL_INTERIOR,82444e4f495344856de94b0d72ab4a46843780c232e2f299b300fcafa8c4b4a1,b87cf615ab34b447e87bf447d79b9e4183a6e16fcef6223c57fad7be4aec6502,514ba17abe20d0e52b6b0e97fee244abc6a68f529477ed48d73584cd5770f6d9,514ba17abe20d0e52b6b0e97fee244abc6a68f529477ed48d73584cd5770f6d9,6cd0b52dd7ce8f064a636e3bfc8de9b2309a7dfb02abb27056836d0416fd20a6,357158a3c01d61e36098ae03786aeb48ee6065502c78a6578078aa2eb8873772,48|49|50|51|52|53|54|55,False,True,AGGREGATE_COVERAGE_RIDGE_V1,MISCOVERAGE_TRIGGERED_RESET_V1,1.0,raven_mcs,False
sensorscope,0.8,57,1,sensorscope|a=0.80|b1,WARMUP,9,0.12208696151140003,,0.0,0.05,0,0,0.1312591152163345,True,False,True,False,True,FALSE_UNSAFE,-0.00917215370493446,0,WARMUP,True,FULL_INTERIOR,82444e4f495344856de94b0d72ab4a46843780c232e2f299b300fcafa8c4b4a1,b87cf615ab34b447e87bf447d79b9e4183a6e16fcef6223c57fad7be4aec6502,514ba17abe20d0e52b6b0e97fee244abc6a68f529477ed48d73584cd5770f6d9,514ba17abe20d0e52b6b0e97fee244abc6a68f529477ed48d73584cd5770f6d9,6cd0b52dd7ce8f064a636e3bfc8de9b2309a7dfb02abb27056836d0416fd20a6,357158a3c01d61e36098ae03786aeb48ee6065502c78a6578078aa2eb8873772,48|49|50|51|52|53|54|55|56,False,True,AGGREGATE_COVERAGE_RIDGE_V1,MISCOVERAGE_TRIGGERED_RESET_V1,1.0,raven_mcs,False
sensorscope,0.8,58,1,sensorscope|a=0.80|b1,WARMUP,10,0.12044781101235166,,0.0,0.05,0,0,0.1254253767622751,True,False,True,False,True,FALSE_UNSAFE,-0.004977565749923446,0,WARMUP,True,FULL_INTERIOR,82444e4f495344856de94b0d72ab4a46843780c232e2f299b300fcafa8c4b4a1,b87cf615ab34b447e87bf447d79b9e4183a6e16fcef6223c57fad7be4aec6502,514ba17abe20d0e52b6b0e97fee244abc6a68f529477ed48d73584cd5770f6d9,514ba17abe20d0e52b6b0e97fee244abc6a68f529477ed48d73584cd5770f6d9,6cd0b52dd7ce8f064a636e3bfc8de9b2309a7dfb02abb27056836d0416fd20a6,357158a3c01d61e36098ae03786aeb48ee6065502c78a6578078aa2eb8873772,48|49|50|51|52|53|54|55|56|57,False,True,AGGREGATE_COVERAGE_RIDGE_V1,MISCOVERAGE_TRIGGERED_RESET_V1,1.0,raven_mcs,False
sensorscope,0.8,59,1,sensorscope|a=0.80|b1,WARMUP,11,0.1186882450372593,,0.0,0.05,0,0,0.1254253767622751,True,False,True,False,True,FALSE_UNSAFE,-0.006737131725015805,0,WARMUP,True,FULL_INTERIOR,82444e4f495344856de94b0d72ab4a46843780c232e2f299b300fcafa8c4b4a1,b87cf615ab34b447e87bf447d79b9e4183a6e16fcef6223c57fad7be4aec6502,514ba17abe20d0e52b6b0e97fee244abc6a68f529477ed48d73584cd5770f6d9,514ba17abe20d0e52b6b0e97fee244abc6a68f529477ed48d73584cd5770f6d9,6cd0b52dd7ce8f064a636e3bfc8de9b2309a7dfb02abb27056836d0416fd20a6,357158a3c01d61e36098ae03786aeb48ee6065502c78a6578078aa2eb8873772,48|49|50|51|52|53|54|55|56|57|58,False,True,AGGREGATE_COVERAGE_RIDGE_V1,MISCOVERAGE_TRIGGERED_RESET_V1,1.0,raven_mcs,False
sensorscope,0.8,60,1,sensorscope|a=0.80|b1,WARMUP,12,0.11706280436028153,,0.0,0.05,0,0,0.1098965205917077,True,False,True,False,True,FALSE_UNSAFE,0.007166283768573839,0,WARMUP,True,FULL_INTERIOR,82444e4f495344856de94b0d72ab4a46843780c232e2f299b300fcafa8c4b4a1,b87cf615ab34b447e87bf447d79b9e4183a6e16fcef6223c57fad7be4aec6502,514ba17abe20d0e52b6b0e97fee244abc6a68f529477ed48d73584cd5770f6d9,514ba17abe20d0e52b6b0e97fee244abc6a68f529477ed48d73584cd5770f6d9,6cd0b52dd7ce8f064a636e3bfc8de9b2309a7dfb02abb27056836d0416fd20a6,357158a3c01d61e36098ae03786aeb48ee6065502c78a6578078aa2eb8873772,48|49|50|51|52|53|54|55|56|57|58|59,False,True,AGGREGATE_COVERAGE_RIDGE_V1,MISCOVERAGE_TRIGGERED_RESET_V1,1.0,raven_mcs,False
sensorscope,0.8,61,1,sensorscope|a=0.80|b1,WARMUP,13,0.1153186378598458,,0.0,0.05,0,0,0.1175637197027571,True,False,True,False,True,FALSE_UNSAFE,-0.002245081842911306,0,WARMUP,True,FULL_BOUNDARY,82444e4f495344856de94b0d72ab4a46843780c232e2f299b300fcafa8c4b4a1,b87cf615ab34b447e87bf447d79b9e4183a6e16fcef6223c57fad7be4aec6502,514ba17abe20d0e52b6b0e97fee244abc6a68f529477ed48d73584cd5770f6d9,514ba17abe20d0e52b6b0e97fee244abc6a68f529477ed48d73584cd5770f6d9,6cd0b52dd7ce8f064a636e3bfc8de9b2309a7dfb02abb27056836d0416fd20a6,357158a3c01d61e36098ae03786aeb48ee6065502c78a6578078aa2eb8873772,48|49|50|51|52|53|54|55|56|57|58|59|60,False,True,AGGREGATE_COVERAGE_RIDGE_V1,MISCOVERAGE_TRIGGERED_RESET_V1,1.0,raven_mcs,False
sensorscope,0.6,0,0,sensorscope|a=0.60|b0,WARMUP,0,0.06441912813239639,,0.0,0.05,0,0,0.0544482255712202,True,False,True,False,True,FALSE_UNSAFE,0.009970902561176193,0,WARMUP,True,FULL_BOUNDARY,82444e4f495344856de94b0d72ab4a46843780c232e2f299b300fcafa8c4b4a1,b87cf615ab34b447e87bf447d79b9e4183a6e16fcef6223c57fad7be4aec6502,b88f02c81ff0b142f18fd8dc0556aafcafffd5c40f8f009b93da36322f017a5b,b88f02c81ff0b142f18fd8dc0556aafcafffd5c40f8f009b93da36322f017a5b,6cd0b52dd7ce8f064a636e3bfc8de9b2309a7dfb02abb27056836d0416fd20a6,357158a3c01d61e36098ae03786aeb48ee6065502c78a6578078aa2eb8873772,,True,True,AGGREGATE_COVERAGE_RIDGE_V1,MISCOVERAGE_TRIGGERED_RESET_V1,1.0,raven_mcs,False
sensorscope,0.6,1,0,sensorscope|a=0.60|b0,WARMUP,1,0.06530326077791258,,0.0,0.05,0,0,0.0575595527467185,True,False,True,False,True,FALSE_UNSAFE,0.007743708031194084,0,WARMUP,True,FULL_INTERIOR,82444e4f495344856de94b0d72ab4a46843780c232e2f299b300fcafa8c4b4a1,b87cf615ab34b447e87bf447d79b9e4183a6e16fcef6223c57fad7be4aec6502,b88f02c81ff0b142f18fd8dc0556aafcafffd5c40f8f009b93da36322f017a5b,b88f02c81ff0b142f18fd8dc0556aafcafffd5c40f8f009b93da36322f017a5b,6cd0b52dd7ce8f064a636e3bfc8de9b2309a7dfb02abb27056836d0416fd20a6,357158a3c01d61e36098ae03786aeb48ee6065502c78a6578078aa2eb8873772,0,True,True,AGGREGATE_COVERAGE_RIDGE_V1,MISCOVERAGE_TRIGGERED_RESET_V1,1.0,raven_mcs,False
sensorscope,0.6,2,0,sensorscope|a=0.60|b0,WARMUP,2,0.06603615879858941,,0.0,0.05,0,0,0.0482255712202236,False,False,True,False,False,TRUE_UNSAFE,0.017810587578365816,0,WARMUP,True,FULL_INTERIOR,82444e4f495344856de94b0d72ab4a46843780c232e2f299b300fcafa8c4b4a1,b87cf615ab34b447e87bf447d79b9e4183a6e16fcef6223c57fad7be4aec6502,b88f02c81ff0b142f18fd8dc0556aafcafffd5c40f8f009b93da36322f017a5b,b88f02c81ff0b142f18fd8dc0556aafcafffd5c40f8f009b93da36322f017a5b,6cd0b52dd7ce8f064a636e3bfc8de9b2309a7dfb02abb27056836d0416fd20a6,357158a3c01d61e36098ae03786aeb48ee6065502c78a6578078aa2eb8873772,0|1,True,True,AGGREGATE_COVERAGE_RIDGE_V1,MISCOVERAGE_TRIGGERED_RESET_V1,1.0,raven_mcs,False
sensorscope,0.6,3,0,sensorscope|a=0.60|b0,WARMUP,3,0.0666735520108658,,0.0,0.05,0,0,0.0435585804569761,False,False,True,False,False,TRUE_UNSAFE,0.023114971553889703,0,WARMUP,True,FULL_INTERIOR,82444e4f495344856de94b0d72ab4a46843780c232e2f299b300fcafa8c4b4a1,b87cf615ab34b447e87bf447d79b9e4183a6e16fcef6223c57fad7be4aec6502,b88f02c81ff0b142f18fd8dc0556aafcafffd5c40f8f009b93da36322f017a5b,b88f02c81ff0b142f18fd8dc0556aafcafffd5c40f8f009b93da36322f017a5b,6cd0b52dd7ce8f064a636e3bfc8de9b2309a7dfb02abb27056836d0416fd20a6,357158a3c01d61e36098ae03786aeb48ee6065502c78a6578078aa2eb8873772,0|1|2,True,True,AGGREGATE_COVERAGE_RIDGE_V1,MISCOVERAGE_TRIGGERED_RESET_V1,1.0,raven_mcs,False
sensorscope,0.6,4,0,sensorscope|a=0.60|b0,WARMUP,4,0.06684607003414691,,0.0,0.05,0,0,0.0560038891589693,True,False,True,False,True,FALSE_UNSAFE,0.010842180875177618,0,WARMUP,True,FULL_INTERIOR,82444e4f495344856de94b0d72ab4a46843780c232e2f299b300fcafa8c4b4a1,b87cf615ab34b447e87bf447d79b9e4183a6e16fcef6223c57fad7be4aec6502,b88f02c81ff0b142f18fd8dc0556aafcafffd5c40f8f009b93da36322f017a5b,b88f02c81ff0b142f18fd8dc0556aafcafffd5c40f8f009b93da36322f017a5b,6cd0b52dd7ce8f064a636e3bfc8de9b2309a7dfb02abb27056836d0416fd20a6,357158a3c01d61e36098ae03786aeb48ee6065502c78a6578078aa2eb8873772,0|1|2|3,True,True,AGGREGATE_COVERAGE_RIDGE_V1,MISCOVERAGE_TRIGGERED_RESET_V1,1.0,raven_mcs,False
sensorscope,0.6,5,0,sensorscope|a=0.60|b0,WARMUP,5,0.06685004456196074,,0.0,0.05,0,0,0.0544482255712202,True,False,True,False,True,FALSE_UNSAFE,0.01240181899074054,0,WARMUP,True,FULL_INTERIOR,82444e4f495344856de94b0d72ab4a46843780c232e2f299b300fcafa8c4b4a1,b87cf615ab34b447e87bf447d79b9e4183a6e16fcef6223c57fad7be4aec6502,b88f02c81ff0b142f18fd8dc0556aafcafffd5c40f8f009b93da36322f017a5b,b88f02c81ff0b142f18fd8dc0556aafcafffd5c40f8f009b93da36322f017a5b,6cd0b52dd7ce8f064a636e3bfc8de9b2309a7dfb02abb27056836d0416fd20a6,357158a3c01d61e36098ae03786aeb48ee6065502c78a6578078aa2eb8873772,0|1|2|3|4,True,True,AGGREGATE_COVERAGE_RIDGE_V1,MISCOVERAGE_TRIGGERED_RESET_V1,1.0,raven_mcs,False
sensorscope,0.6,6,0,sensorscope|a=0.60|b0,WARMUP,6,0.06640170209826199,,0.0,0.05,0,0,0.0525036460865338,True,False,True,False,True,FALSE_UNSAFE,0.013898056011728187,0,WARMUP,True,FULL_INTERIOR,82444e4f495344856de94b0d72ab4a46843780c232e2f299b300fcafa8c4b4a1,b87cf615ab34b447e87bf447d79b9e4183a6e16fcef6223c57fad7be4aec6502,b88f02c81ff0b142f18fd8dc0556aafcafffd5c40f8f009b93da36322f017a5b,b88f02c81ff0b142f18fd8dc0556aafcafffd5c40f8f009b93da36322f017a5b,6cd0b52dd7ce8f064a636e3bfc8de9b2309a7dfb02abb27056836d0416fd20a6,357158a3c01d61e36098ae03786aeb48ee6065502c78a6578078aa2eb8873772,0|1|2|3|4|5,True,True,AGGREGATE_COVERAGE_RIDGE_V1,MISCOVERAGE_TRIGGERED_RESET_V1,1.0,raven_mcs,False
sensorscope,0.6,7,0,sensorscope|a=0.60|b0,WARMUP,7,0.06543081921277795,,0.0,0.05,0,0,0.0495867768595041,False,False,True,False,False,TRUE_UNSAFE,0.01584404235327385,0,WARMUP,True,FULL_INTERIOR,82444e4f495344856de94b0d72ab4a46843780c232e2f299b300fcafa8c4b4a1,b87cf615ab34b447e87bf447d79b9e4183a6e16fcef6223c57fad7be4aec6502,b88f02c81ff0b142f18fd8dc0556aafcafffd5c40f8f009b93da36322f017a5b,b88f02c81ff0b142f18fd8dc0556aafcafffd5c40f8f009b93da36322f017a5b,6cd0b52dd7ce8f064a636e3bfc8de9b2309a7dfb02abb27056836d0416fd20a6,357158a3c01d61e36098ae03786aeb48ee6065502c78a6578078aa2eb8873772,0|1|2|3|4|5|6,True,True,AGGREGATE_COVERAGE_RIDGE_V1,MISCOVERAGE_TRIGGERED_RESET_V1,1.0,raven_mcs,False
sensorscope,0.6,8,0,sensorscope|a=0.60|b0,WARMUP,8,0.06411188276769411,,0.0,0.05,0,0,0.0510452114730189,True,False,True,False,True,FALSE_UNSAFE,0.01306667129467521,0,WARMUP,True,FULL_INTERIOR,82444e4f495344856de94b0d72ab4a46843780c232e2f299b300fcafa8c4b4a1,b87cf615ab34b447e87bf447d79b9e4183a6e16fcef6223c57fad7be4aec6502,b88f02c81ff0b142f18fd8dc0556aafcafffd5c40f8f009b93da36322f017a5b,b88f02c81ff0b142f18fd8dc0556aafcafffd5c40f8f009b93da36322f017a5b,6cd0b52dd7ce8f064a636e3bfc8de9b2309a7dfb02abb27056836d0416fd20a6,357158a3c01d61e36098ae03786aeb48ee6065502c78a6578078aa2eb8873772,0|1|2|3|4|5|6|7,True,True,AGGREGATE_COVERAGE_RIDGE_V1,MISCOVERAGE_TRIGGERED_RESET_V1,1.0,raven_mcs,False
sensorscope,0.6,9,0,sensorscope|a=0.60|b0,WARMUP,9,0.06260288305888712,,0.0,0.05,0,0,0.0597958191541079,True,False,True,False,True,FALSE_UNSAFE,0.0028070639047792154,0,WARMUP,True,FULL_INTERIOR,82444e4f495344856de94b0d72ab4a46843780c232e2f299b300fcafa8c4b4a1,b87cf615ab34b447e87bf447d79b9e4183a6e16fcef6223c57fad7be4aec6502,b88f02c81ff0b142f18fd8dc0556aafcafffd5c40f8f009b93da36322f017a5b,b88f02c81ff0b142f18fd8dc0556aafcafffd5c40f8f009b93da36322f017a5b,6cd0b52dd7ce8f064a636e3bfc8de9b2309a7dfb02abb27056836d0416fd20a6,357158a3c01d61e36098ae03786aeb48ee6065502c78a6578078aa2eb8873772,0|1|2|3|4|5|6|7|8,True,True,AGGREGATE_COVERAGE_RIDGE_V1,MISCOVERAGE_TRIGGERED_RESET_V1,1.0,raven_mcs,False
sensorscope,0.6,10,0,sensorscope|a=0.60|b0,WARMUP,10,0.061086940729621564,,0.0,0.05,0,0,0.0539620807000486,True,False,True,False,True,FALSE_UNSAFE,0.007124860029572966,0,WARMUP,True,FULL_INTERIOR,82444e4f495344856de94b0d72ab4a46843780c232e2f299b300fcafa8c4b4a1,b87cf615ab34b447e87bf447d79b9e4183a6e16fcef6223c57fad7be4aec6502,b88f02c81ff0b142f18fd8dc0556aafcafffd5c40f8f009b93da36322f017a5b,b88f02c81ff0b142f18fd8dc0556aafcafffd5c40f8f009b93da36322f017a5b,6cd0b52dd7ce8f064a636e3bfc8de9b2309a7dfb02abb27056836d0416fd20a6,357158a3c01d61e36098ae03786aeb48ee6065502c78a6578078aa2eb8873772,0|1|2|3|4|5|6|7|8|9,True,True,AGGREGATE_COVERAGE_RIDGE_V1,MISCOVERAGE_TRIGGERED_RESET_V1,1.0,raven_mcs,False
sensorscope,0.6,11,0,sensorscope|a=0.60|b0,WARMUP,11,0.05941613041585181,,0.0,0.05,0,0,0.0466699076324744,False,False,True,False,False,TRUE_UNSAFE,0.012746222783377406,0,WARMUP,True,FULL_INTERIOR,82444e4f495344856de94b0d72ab4a46843780c232e2f299b300fcafa8c4b4a1,b87cf615ab34b447e87bf447d79b9e4183a6e16fcef6223c57fad7be4aec6502,b88f02c81ff0b142f18fd8dc0556aafcafffd5c40f8f009b93da36322f017a5b,b88f02c81ff0b142f18fd8dc0556aafcafffd5c40f8f009b93da36322f017a5b,6cd0b52dd7ce8f064a636e3bfc8de9b2309a7dfb02abb27056836d0416fd20a6,357158a3c01d61e36098ae03786aeb48ee6065502c78a6578078aa2eb8873772,0|1|2|3|4|5|6|7|8|9|10,True,True,AGGREGATE_COVERAGE_RIDGE_V1,MISCOVERAGE_TRIGGERED_RESET_V1,1.0,raven_mcs,False
sensorscope,0.6,12,0,sensorscope|a=0.60|b0,WARMUP,12,0.05767435875739026,,0.0,0.05,0,0,0.0651711924439197,True,False,True,False,True,FALSE_UNSAFE,-0.007496833686529439,0,WARMUP,True,FULL_INTERIOR,82444e4f495344856de94b0d72ab4a46843780c232e2f299b300fcafa8c4b4a1,b87cf615ab34b447e87bf447d79b9e4183a6e16fcef6223c57fad7be4aec6502,b88f02c81ff0b142f18fd8dc0556aafcafffd5c40f8f009b93da36322f017a5b,b88f02c81ff0b142f18fd8dc0556aafcafffd5c40f8f009b93da36322f017a5b,6cd0b52dd7ce8f064a636e3bfc8de9b2309a7dfb02abb27056836d0416fd20a6,357158a3c01d61e36098ae03786aeb48ee6065502c78a6578078aa2eb8873772,0|1|2|3|4|5|6|7|8|9|10|11,False,True,AGGREGATE_COVERAGE_RIDGE_V1,MISCOVERAGE_TRIGGERED_RESET_V1,1.0,raven_mcs,False
sensorscope,0.6,13,0,sensorscope|a=0.60|b0,WARMUP,13,0.056448227016186986,,0.0,0.05,0,0,0.0651711924439197,True,False,True,False,True,FALSE_UNSAFE,-0.00872296542773271,0,WARMUP,True,FULL_INTERIOR,82444e4f495344856de94b0d72ab4a46843780c232e2f299b300fcafa8c4b4a1,b87cf615ab34b447e87bf447d79b9e4183a6e16fcef6223c57fad7be4aec6502,b88f02c81ff0b142f18fd8dc0556aafcafffd5c40f8f009b93da36322f017a5b,b88f02c81ff0b142f18fd8dc0556aafcafffd5c40f8f009b93da36322f017a5b,6cd0b52dd7ce8f064a636e3bfc8de9b2309a7dfb02abb27056836d0416fd20a6,357158a3c01d61e36098ae03786aeb48ee6065502c78a6578078aa2eb8873772,0|1|2|3|4|5|6|7|8|9|10|11|12,False,True,AGGREGATE_COVERAGE_RIDGE_V1,MISCOVERAGE_TRIGGERED_RESET_V1,1.0,raven_mcs,False
sensorscope,0.6,14,0,sensorscope|a=0.60|b0,WARMUP,14,0.05550360993635131,,0.0,0.05,0,0,0.055587193555108,True,False,True,False,True,FALSE_UNSAFE,-8.35836187566899e-05,0,WARMUP,True,FULL_INTERIOR,82444e4f495344856de94b0d72ab4a46843780c232e2f299b300fcafa8c4b4a1,b87cf615ab34b447e87bf447d79b9e4183a6e16fcef6223c57fad7be4aec6502,b88f02c81ff0b142f18fd8dc0556aafcafffd5c40f8f009b93da36322f017a5b,b88f02c81ff0b142f18fd8dc0556aafcafffd5c40f8f009b93da36322f017a5b,6cd0b52dd7ce8f064a636e3bfc8de9b2309a7dfb02abb27056836d0416fd20a6,357158a3c01d61e36098ae03786aeb48ee6065502c78a6578078aa2eb8873772,0|1|2|3|4|5|6|7|8|9|10|11|12|13,True,True,AGGREGATE_COVERAGE_RIDGE_V1,MISCOVERAGE_TRIGGERED_RESET_V1,1.0,raven_mcs,False
sensorscope,0.6,15,0,sensorscope|a=0.60|b0,WARMUP,15,0.054628105745932576,,0.0,0.05,0,0,0.0690047919994444,True,False,True,False,True,FALSE_UNSAFE,-0.014376686253511822,0,WARMUP,True,FULL_INTERIOR,82444e4f495344856de94b0d72ab4a46843780c232e2f299b300fcafa8c4b4a1,b87cf615ab34b447e87bf447d79b9e4183a6e16fcef6223c57fad7be4aec6502,b88f02c81ff0b142f18fd8dc0556aafcafffd5c40f8f009b93da36322f017a5b,b88f02c81ff0b142f18fd8dc0556aafcafffd5c40f8f009b93da36322f017a5b,6cd0b52dd7ce8f064a636e3bfc8de9b2309a7dfb02abb27056836d0416fd20a6,357158a3c01d61e36098ae03786aeb48ee6065502c78a6578078aa2eb8873772,0|1|2|3|4|5|6|7|8|9|10|11|12|13|14,False,True,AGGREGATE_COVERAGE_RIDGE_V1,MISCOVERAGE_TRIGGERED_RESET_V1,1.0,raven_mcs,False
sensorscope,0.6,16,0,sensorscope|a=0.60|b0,WARMUP,16,0.05438191583198623,,0.0,0.05,0,0,0.0728383915549691,True,False,True,False,True,FALSE_UNSAFE,-0.018456475722982868,0,WARMUP,True,FULL_INTERIOR,82444e4f495344856de94b0d72ab4a46843780c232e2f299b300fcafa8c4b4a1,b87cf615ab34b447e87bf447d79b9e4183a6e16fcef6223c57fad7be4aec6502,b88f02c81ff0b142f18fd8dc0556aafcafffd5c40f8f009b93da36322f017a5b,b88f02c81ff0b142f18fd8dc0556aafcafffd5c40f8f009b93da36322f017a5b,6cd0b52dd7ce8f064a636e3bfc8de9b2309a7dfb02abb27056836d0416fd20a6,357158a3c01d61e36098ae03786aeb48ee6065502c78a6578078aa2eb8873772,0|1|2|3|4|5|6|7|8|9|10|11|12|13|14|15,False,True,AGGREGATE_COVERAGE_RIDGE_V1,MISCOVERAGE_TRIGGERED_RESET_V1,1.0,raven_mcs,False
sensorscope,0.6,17,0,sensorscope|a=0.60|b0,WARMUP,17,0.054657687279228,,0.0,0.05,0,0,0.0632543926661573,True,False,True,False,True,FALSE_UNSAFE,-0.008596705386929304,0,WARMUP,True,FULL_INTERIOR,82444e4f495344856de94b0d72ab4a46843780c232e2f299b300fcafa8c4b4a1,b87cf615ab34b447e87bf447d79b9e4183a6e16fcef6223c57fad7be4aec6502,b88f02c81ff0b142f18fd8dc0556aafcafffd5c40f8f009b93da36322f017a5b,b88f02c81ff0b142f18fd8dc0556aafcafffd5c40f8f009b93da36322f017a5b,6cd0b52dd7ce8f064a636e3bfc8de9b2309a7dfb02abb27056836d0416fd20a6,357158a3c01d61e36098ae03786aeb48ee6065502c78a6578078aa2eb8873772,0|1|2|3|4|5|6|7|8|9|10|11|12|13|14|15|16,False,True,AGGREGATE_COVERAGE_RIDGE_V1,MISCOVERAGE_TRIGGERED_RESET_V1,1.0,raven_mcs,False
sensorscope,0.6,18,0,sensorscope|a=0.60|b0,WARMUP,18,0.05509950803512509,,0.0,0.05,0,0,0.0793388429752066,True,False,True,False,True,FALSE_UNSAFE,-0.024239334940081514,0,CERTIFIED,True,FULL_INTERIOR,82444e4f495344856de94b0d72ab4a46843780c232e2f299b300fcafa8c4b4a1,b87cf615ab34b447e87bf447d79b9e4183a6e16fcef6223c57fad7be4aec6502,b88f02c81ff0b142f18fd8dc0556aafcafffd5c40f8f009b93da36322f017a5b,b88f02c81ff0b142f18fd8dc0556aafcafffd5c40f8f009b93da36322f017a5b,6cd0b52dd7ce8f064a636e3bfc8de9b2309a7dfb02abb27056836d0416fd20a6,357158a3c01d61e36098ae03786aeb48ee6065502c78a6578078aa2eb8873772,0|1|2|3|4|5|6|7|8|9|10|11|12|13|14|15|16|17,False,True,AGGREGATE_COVERAGE_RIDGE_V1,MISCOVERAGE_TRIGGERED_RESET_V1,1.0,raven_mcs,False
sensorscope,0.6,19,0,sensorscope|a=0.60|b0,CERTIFIED,19,0.056152862529985484,0.023114971553889703,0.03303789097609578,0.05,0,0,0.0653378706854642,True,False,True,False,True,FALSE_UNSAFE,-0.009185008155478722,0,CERTIFIED,True,FULL_INTERIOR,82444e4f495344856de94b0d72ab4a46843780c232e2f299b300fcafa8c4b4a1,b87cf615ab34b447e87bf447d79b9e4183a6e16fcef6223c57fad7be4aec6502,b88f02c81ff0b142f18fd8dc0556aafcafffd5c40f8f009b93da36322f017a5b,b88f02c81ff0b142f18fd8dc0556aafcafffd5c40f8f009b93da36322f017a5b,6cd0b52dd7ce8f064a636e3bfc8de9b2309a7dfb02abb27056836d0416fd20a6,357158a3c01d61e36098ae03786aeb48ee6065502c78a6578078aa2eb8873772,0|1|2|3|4|5|6|7|8|9|10|11|12|13|14|15|16|17|18,False,False,AGGREGATE_COVERAGE_RIDGE_V1,MISCOVERAGE_TRIGGERED_RESET_V1,1.0,raven_mcs,False
sensorscope,0.6,20,0,sensorscope|a=0.60|b0,CERTIFIED,20,0.05737545699300872,0.023114971553889703,0.03426048543911902,0.05,0,0,0.0793388429752066,True,False,True,False,True,FALSE_UNSAFE,-0.02196338598219788,0,CERTIFIED,True,FULL_INTERIOR,82444e4f495344856de94b0d72ab4a46843780c232e2f299b300fcafa8c4b4a1,b87cf615ab34b447e87bf447d79b9e4183a6e16fcef6223c57fad7be4aec6502,b88f02c81ff0b142f18fd8dc0556aafcafffd5c40f8f009b93da36322f017a5b,b88f02c81ff0b142f18fd8dc0556aafcafffd5c40f8f009b93da36322f017a5b,6cd0b52dd7ce8f064a636e3bfc8de9b2309a7dfb02abb27056836d0416fd20a6,357158a3c01d61e36098ae03786aeb48ee6065502c78a6578078aa2eb8873772,0|1|2|3|4|5|6|7|8|9|10|11|12|13|14|15|16|17|18|19,False,False,AGGREGATE_COVERAGE_RIDGE_V1,MISCOVERAGE_TRIGGERED_RESET_V1,1.0,raven_mcs,False
sensorscope,0.6,21,0,sensorscope|a=0.60|b0,CERTIFIED,21,0.058936845587669165,0.023114971553889703,0.03582187403377946,0.05,0,0,0.0606708799222168,True,False,True,False,True,FALSE_UNSAFE,-0.001734034334547635,0,CERTIFIED,True,FULL_INTERIOR,82444e4f495344856de94b0d72ab4a46843780c232e2f299b300fcafa8c4b4a1,b87cf615ab34b447e87bf447d79b9e4183a6e16fcef6223c57fad7be4aec6502,b88f02c81ff0b142f18fd8dc0556aafcafffd5c40f8f009b93da36322f017a5b,b88f02c81ff0b142f18fd8dc0556aafcafffd5c40f8f009b93da36322f017a5b,6cd0b52dd7ce8f064a636e3bfc8de9b2309a7dfb02abb27056836d0416fd20a6,357158a3c01d61e36098ae03786aeb48ee6065502c78a6578078aa2eb8873772,0|1|2|3|4|5|6|7|8|9|10|11|12|13|14|15|16|17|18|19|20,False,False,AGGREGATE_COVERAGE_RIDGE_V1,MISCOVERAGE_TRIGGERED_RESET_V1,1.0,raven_mcs,False
sensorscope,0.6,22,0,sensorscope|a=0.60|b0,CERTIFIED,22,0.06046468090561599,0.023114971553889703,0.03734970935172629,0.05,0,0,0.0863393291200777,True,False,True,False,True,FALSE_UNSAFE,-0.025874648214461712,0,CERTIFIED,True,FULL_INTERIOR,82444e4f495344856de94b0d72ab4a46843780c232e2f299b300fcafa8c4b4a1,b87cf615ab34b447e87bf447d79b9e4183a6e16fcef6223c57fad7be4aec6502,b88f02c81ff0b142f18fd8dc0556aafcafffd5c40f8f009b93da36322f017a5b,b88f02c81ff0b142f18fd8dc0556aafcafffd5c40f8f009b93da36322f017a5b,6cd0b52dd7ce8f064a636e3bfc8de9b2309a7dfb02abb27056836d0416fd20a6,357158a3c01d61e36098ae03786aeb48ee6065502c78a6578078aa2eb8873772,0|1|2|3|4|5|6|7|8|9|10|11|12|13|14|15|16|17|18|19|20|21,False,False,AGGREGATE_COVERAGE_RIDGE_V1,MISCOVERAGE_TRIGGERED_RESET_V1,1.0,raven_mcs,False
sensorscope,0.6,23,0,sensorscope|a=0.60|b0,CERTIFIED,23,0.06231357451578322,0.023114971553889703,0.039198602961893515,0.05,0,0,0.084005833738454,True,False,True,False,True,FALSE_UNSAFE,-0.021692259222670776,0,CERTIFIED,True,FULL_INTERIOR,82444e4f495344856de94b0d72ab4a46843780c232e2f299b300fcafa8c4b4a1,b87cf615ab34b447e87bf447d79b9e4183a6e16fcef6223c57fad7be4aec6502,b88f02c81ff0b142f18fd8dc0556aafcafffd5c40f8f009b93da36322f017a5b,b88f02c81ff0b142f18fd8dc0556aafcafffd5c40f8f009b93da36322f017a5b,6cd0b52dd7ce8f064a636e3bfc8de9b2309a7dfb02abb27056836d0416fd20a6,357158a3c01d61e36098ae03786aeb48ee6065502c78a6578078aa2eb8873772,0|1|2|3|4|5|6|7|8|9|10|11|12|13|14|15|16|17|18|19|20|21|22,False,False,AGGREGATE_COVERAGE_RIDGE_V1,MISCOVERAGE_TRIGGERED_RESET_V1,1.0,raven_mcs,False
sensorscope,0.6,24,0,sensorscope|a=0.60|b0,CERTIFIED,24,0.09172059899872678,0.023114971553889703,0.06860562744483709,0.05,1,1,0.1120077783179387,True,True,True,False,False,TRUE_SAFE,-0.020287179319211923,0,CERTIFIED,True,FULL_INTERIOR,82444e4f495344856de94b0d72ab4a46843780c232e2f299b300fcafa8c4b4a1,b87cf615ab34b447e87bf447d79b9e4183a6e16fcef6223c57fad7be4aec6502,b88f02c81ff0b142f18fd8dc0556aafcafffd5c40f8f009b93da36322f017a5b,b88f02c81ff0b142f18fd8dc0556aafcafffd5c40f8f009b93da36322f017a5b,6cd0b52dd7ce8f064a636e3bfc8de9b2309a7dfb02abb27056836d0416fd20a6,357158a3c01d61e36098ae03786aeb48ee6065502c78a6578078aa2eb8873772,0|1|2|3|4|5|6|7|8|9|10|11|12|13|14|15|16|17|18|19|20|21|22|23,False,False,AGGREGATE_COVERAGE_RIDGE_V1,MISCOVERAGE_TRIGGERED_RESET_V1,1.0,raven_mcs,False
sensorscope,0.6,25,0,sensorscope|a=0.60|b0,CERTIFIED,25,0.09348308045010655,0.023114971553889703,0.07036810889621684,0.05,1,1,0.1057851239669421,True,True,True,False,False,TRUE_SAFE,-0.012302043516835559,0,CERTIFIED,True,FULL_INTERIOR,82444e4f495344856de94b0d72ab4a46843780c232e2f299b300fcafa8c4b4a1,b87cf615ab34b447e87bf447d79b9e4183a6e16fcef6223c57fad7be4aec6502,b88f02c81ff0b142f18fd8dc0556aafcafffd5c40f8f009b93da36322f017a5b,b88f02c81ff0b142f18fd8dc0556aafcafffd5c40f8f009b93da36322f017a5b,6cd0b52dd7ce8f064a636e3bfc8de9b2309a7dfb02abb27056836d0416fd20a6,357158a3c01d61e36098ae03786aeb48ee6065502c78a6578078aa2eb8873772,0|1|2|3|4|5|6|7|8|9|10|11|12|13|14|15|16|17|18|19|20|21|22|23|24,False,False,AGGREGATE_COVERAGE_RIDGE_V1,MISCOVERAGE_TRIGGERED_RESET_V1,1.0,raven_mcs,False
sensorscope,0.6,26,0,sensorscope|a=0.60|b0,CERTIFIED,26,0.09478982939445249,0.023114971553889703,0.0716748578405628,0.05,1,1,0.084005833738454,True,True,True,False,False,TRUE_SAFE,0.010783995655998496,0,CERTIFIED,True,FULL_INTERIOR,82444e4f495344856de94b0d72ab4a46843780c232e2f299b300fcafa8c4b4a1,b87cf615ab34b447e87bf447d79b9e4183a6e16fcef6223c57fad7be4aec6502,b88f02c81ff0b142f18fd8dc0556aafcafffd5c40f8f009b93da36322f017a5b,b88f02c81ff0b142f18fd8dc0556aafcafffd5c40f8f009b93da36322f017a5b,6cd0b52dd7ce8f064a636e3bfc8de9b2309a7dfb02abb27056836d0416fd20a6,357158a3c01d61e36098ae03786aeb48ee6065502c78a6578078aa2eb8873772,0|1|2|3|4|5|6|7|8|9|10|11|12|13|14|15|16|17|18|19|20|21|22|23|24|25,False,False,AGGREGATE_COVERAGE_RIDGE_V1,MISCOVERAGE_TRIGGERED_RESET_V1,1.0,raven_mcs,False
sensorscope,0.6,27,0,sensorscope|a=0.60|b0,CERTIFIED,27,0.09521213733795496,0.023114971553889703,0.07209716578406525,0.05,1,1,0.0902284880894506,True,True,True,False,False,TRUE_SAFE,0.004983649248504363,0,CERTIFIED,True,FULL_INTERIOR,82444e4f495344856de94b0d72ab4a46843780c232e2f299b300fcafa8c4b4a1,b87cf615ab34b447e87bf447d79b9e4183a6e16fcef6223c57fad7be4aec6502,b88f02c81ff0b142f18fd8dc0556aafcafffd5c40f8f009b93da36322f017a5b,b88f02c81ff0b142f18fd8dc0556aafcafffd5c40f8f009b93da36322f017a5b,6cd0b52dd7ce8f064a636e3bfc8de9b2309a7dfb02abb27056836d0416fd20a6,357158a3c01d61e36098ae03786aeb48ee6065502c78a6578078aa2eb8873772,0|1|2|3|4|5|6|7|8|9|10|11|12|13|14|15|16|17|18|19|20|21|22|23|24|25|26,False,False,AGGREGATE_COVERAGE_RIDGE_V1,MISCOVERAGE_TRIGGERED_RESET_V1,1.0,raven_mcs,False
sensorscope,0.6,28,0,sensorscope|a=0.60|b0,CERTIFIED,28,0.0954424611329136,0.023114971553889703,0.07232748957902391,0.05,1,1,0.1057851239669421,True,True,True,False,False,TRUE_SAFE,-0.010342662834028502,0,CERTIFIED,True,FULL_INTERIOR,82444e4f495344856de94b0d72ab4a46843780c232e2f299b300fcafa8c4b4a1,b87cf615ab34b447e87bf447d79b9e4183a6e16fcef6223c57fad7be4aec6502,b88f02c81ff0b142f18fd8dc0556aafcafffd5c40f8f009b93da36322f017a5b,b88f02c81ff0b142f18fd8dc0556aafcafffd5c40f8f009b93da36322f017a5b,6cd0b52dd7ce8f064a636e3bfc8de9b2309a7dfb02abb27056836d0416fd20a6,357158a3c01d61e36098ae03786aeb48ee6065502c78a6578078aa2eb8873772,0|1|2|3|4|5|6|7|8|9|10|11|12|13|14|15|16|17|18|19|20|21|22|23|24|25|26|27,False,False,AGGREGATE_COVERAGE_RIDGE_V1,MISCOVERAGE_TRIGGERED_RESET_V1,1.0,raven_mcs,False
sensorscope,0.6,29,0,sensorscope|a=0.60|b0,CERTIFIED,29,0.09561087082553758,0.023114971553889703,0.07249589927164787,0.05,1,1,0.1120077783179387,True,True,True,False,False,TRUE_SAFE,-0.016396907492401122,0,CERTIFIED,True,FULL_INTERIOR,82444e4f495344856de94b0d72ab4a46843780c232e2f299b300fcafa8c4b4a1,b87cf615ab34b447e87bf447d79b9e4183a6e16fcef6223c57fad7be4aec6502,b88f02c81ff0b142f18fd8dc0556aafcafffd5c40f8f009b93da36322f017a5b,b88f02c81ff0b142f18fd8dc0556aafcafffd5c40f8f009b93da36322f017a5b,6cd0b52dd7ce8f064a636e3bfc8de9b2309a7dfb02abb27056836d0416fd20a6,357158a3c01d61e36098ae03786aeb48ee6065502c78a6578078aa2eb8873772,0|1|2|3|4|5|6|7|8|9|10|11|12|13|14|15|16|17|18|19|20|21|22|23|24|25|26|27|28,False,False,AGGREGATE_COVERAGE_RIDGE_V1,MISCOVERAGE_TRIGGERED_RESET_V1,1.0,raven_mcs,False
sensorscope,0.6,30,0,sensorscope|a=0.60|b0,CERTIFIED,30,0.09531786090098908,0.023114971553889703,0.07220288934709937,0.05,1,1,0.0904229460379193,True,True,True,False,False,TRUE_SAFE,0.0048949148630697825,0,CERTIFIED,True,FULL_INTERIOR,82444e4f495344856de94b0d72ab4a46843780c232e2f299b300fcafa8c4b4a1,b87cf615ab34b447e87bf447d79b9e4183a6e16fcef6223c57fad7be4aec6502,b88f02c81ff0b142f18fd8dc0556aafcafffd5c40f8f009b93da36322f017a5b,b88f02c81ff0b142f18fd8dc0556aafcafffd5c40f8f009b93da36322f017a5b,6cd0b52dd7ce8f064a636e3bfc8de9b2309a7dfb02abb27056836d0416fd20a6,357158a3c01d61e36098ae03786aeb48ee6065502c78a6578078aa2eb8873772,0|1|2|3|4|5|6|7|8|9|10|11|12|13|14|15|16|17|18|19|20|21|22|23|24|25|26|27|28|29,False,False,AGGREGATE_COVERAGE_RIDGE_V1,MISCOVERAGE_TRIGGERED_RESET_V1,1.0,raven_mcs,False
sensorscope,0.6,31,0,sensorscope|a=0.60|b0,CERTIFIED,31,0.09417357258026428,0.023114971553889703,0.07105860102637457,0.05,1,1,0.1108410306271269,True,True,True,False,False,TRUE_SAFE,-0.01666745804686262,0,CERTIFIED,True,FULL_INTERIOR,82444e4f495344856de94b0d72ab4a46843780c232e2f299b300fcafa8c4b4a1,b87cf615ab34b447e87bf447d79b9e4183a6e16fcef6223c57fad7be4aec6502,b88f02c81ff0b142f18fd8dc0556aafcafffd5c40f8f009b93da36322f017a5b,b88f02c81ff0b142f18fd8dc0556aafcafffd5c40f8f009b93da36322f017a5b,6cd0b52dd7ce8f064a636e3bfc8de9b2309a7dfb02abb27056836d0416fd20a6,357158a3c01d61e36098ae03786aeb48ee6065502c78a6578078aa2eb8873772,0|1|2|3|4|5|6|7|8|9|10|11|12|13|14|15|16|17|18|19|20|21|22|23|24|25|26|27|28|29|30,False,False,AGGREGATE_COVERAGE_RIDGE_V1,MISCOVERAGE_TRIGGERED_RESET_V1,1.0,raven_mcs,False
sensorscope,0.6,32,0,sensorscope|a=0.60|b0,CERTIFIED,32,0.09299564701657799,0.023114971553889703,0.06988067546268828,0.05,1,1,0.0904229460379193,True,True,True,False,False,TRUE_SAFE,0.002572700978658693,0,CERTIFIED,True,FULL_INTERIOR,82444e4f495344856de94b0d72ab4a46843780c232e2f299b300fcafa8c4b4a1,b87cf615ab34b447e87bf447d79b9e4183a6e16fcef6223c57fad7be4aec6502,b88f02c81ff0b142f18fd8dc0556aafcafffd5c40f8f009b93da36322f017a5b,b88f02c81ff0b142f18fd8dc0556aafcafffd5c40f8f009b93da36322f017a5b,6cd0b52dd7ce8f064a636e3bfc8de9b2309a7dfb02abb27056836d0416fd20a6,357158a3c01d61e36098ae03786aeb48ee6065502c78a6578078aa2eb8873772,0|1|2|3|4|5|6|7|8|9|10|11|12|13|14|15|16|17|18|19|20|21|22|23|24|25|26|27|28|29|30|31,False,False,AGGREGATE_COVERAGE_RIDGE_V1,MISCOVERAGE_TRIGGERED_RESET_V1,1.0,raven_mcs,False
sensorscope,0.6,33,0,sensorscope|a=0.60|b0,CERTIFIED,33,0.09140990441150751,0.023114971553889703,0.06829493285761781,0.05,1,1,0.0933398152649489,True,True,True,False,False,TRUE_SAFE,-0.001929910853441394,0,CERTIFIED,True,FULL_INTERIOR,82444e4f495344856de94b0d72ab4a46843780c232e2f299b300fcafa8c4b4a1,b87cf615ab34b447e87bf447d79b9e4183a6e16fcef6223c57fad7be4aec6502,b88f02c81ff0b142f18fd8dc0556aafcafffd5c40f8f009b93da36322f017a5b,b88f02c81ff0b142f18fd8dc0556aafcafffd5c40f8f009b93da36322f017a5b,6cd0b52dd7ce8f064a636e3bfc8de9b2309a7dfb02abb27056836d0416fd20a6,357158a3c01d61e36098ae03786aeb48ee6065502c78a6578078aa2eb8873772,0|1|2|3|4|5|6|7|8|9|10|11|12|13|14|15|16|17|18|19|20|21|22|23|24|25|26|27|28|29|30|31|32,False,False,AGGREGATE_COVERAGE_RIDGE_V1,MISCOVERAGE_TRIGGERED_RESET_V1,1.0,raven_mcs,False
sensorscope,0.6,34,0,sensorscope|a=0.60|b0,CERTIFIED,34,0.08961573513882617,0.023114971553889703,0.06650076358493648,0.05,1,1,0.1108410306271269,True,True,True,False,False,TRUE_SAFE,-0.021225295488300724,0,CERTIFIED,True,FULL_INTERIOR,82444e4f495344856de94b0d72ab4a46843780c232e2f299b300fcafa8c4b4a1,b87cf615ab34b447e87bf447d79b9e4183a6e16fcef6223c57fad7be4aec6502,b88f02c81ff0b142f18fd8dc0556aafcafffd5c40f8f009b93da36322f017a5b,b88f02c81ff0b142f18fd8dc0556aafcafffd5c40f8f009b93da36322f017a5b,6cd0b52dd7ce8f064a636e3bfc8de9b2309a7dfb02abb27056836d0416fd20a6,357158a3c01d61e36098ae03786aeb48ee6065502c78a6578078aa2eb8873772,0|1|2|3|4|5|6|7|8|9|10|11|12|13|14|15|16|17|18|19|20|21|22|23|24|25|26|27|28|29|30|31|32|33,False,False,AGGREGATE_COVERAGE_RIDGE_V1,MISCOVERAGE_TRIGGERED_RESET_V1,1.0,raven_mcs,False
sensorscope,0.6,35,0,sensorscope|a=0.60|b0,CERTIFIED,35,0.08819775536219601,0.023114971553889703,0.06508278380830632,0.05,1,1,0.1020904229460379,True,True,True,False,False,TRUE_SAFE,-0.013892667583841889,0,CERTIFIED,True,FULL_INTERIOR,82444e4f495344856de94b0d72ab4a46843780c232e2f299b300fcafa8c4b4a1,b87cf615ab34b447e87bf447d79b9e4183a6e16fcef6223c57fad7be4aec6502,b88f02c81ff0b142f18fd8dc0556aafcafffd5c40f8f009b93da36322f017a5b,b88f02c81ff0b142f18fd8dc0556aafcafffd5c40f8f009b93da36322f017a5b,6cd0b52dd7ce8f064a636e3bfc8de9b2309a7dfb02abb27056836d0416fd20a6,357158a3c01d61e36098ae03786aeb48ee6065502c78a6578078aa2eb8873772,0|1|2|3|4|5|6|7|8|9|10|11|12|13|14|15|16|17|18|19|20|21|22|23|24|25|26|27|28|29|30|31|32|33|34,False,False,AGGREGATE_COVERAGE_RIDGE_V1,MISCOVERAGE_TRIGGERED_RESET_V1,1.0,raven_mcs,False
sensorscope,0.6,36,0,sensorscope|a=0.60|b0,CERTIFIED,36,0.08665082099522202,0.023114971553889703,0.06353584944133231,0.05,1,1,0.0766719911104938,True,True,True,False,False,TRUE_SAFE,0.009978829884728216,0,CERTIFIED,True,FULL_INTERIOR,82444e4f495344856de94b0d72ab4a46843780c232e2f299b300fcafa8c4b4a1,b87cf615ab34b447e87bf447d79b9e4183a6e16fcef6223c57fad7be4aec6502,b88f02c81ff0b142f18fd8dc0556aafcafffd5c40f8f009b93da36322f017a5b,b88f02c81ff0b142f18fd8dc0556aafcafffd5c40f8f009b93da36322f017a5b,6cd0b52dd7ce8f064a636e3bfc8de9b2309a7dfb02abb27056836d0416fd20a6,357158a3c01d61e36098ae03786aeb48ee6065502c78a6578078aa2eb8873772,0|1|2|3|4|5|6|7|8|9|10|11|12|13|14|15|16|17|18|19|20|21|22|23|24|25|26|27|28|29|30|31|32|33|34|35,False,False,AGGREGATE_COVERAGE_RIDGE_V1,MISCOVERAGE_TRIGGERED_RESET_V1,1.0,raven_mcs,False
sensorscope,0.6,37,0,sensorscope|a=0.60|b0,CERTIFIED,37,0.08482989621881766,0.023114971553889703,0.06171492466492796,0.05,1,1,0.0843391902215431,True,True,True,False,False,TRUE_SAFE,0.0004907059972745625,0,CERTIFIED,True,FULL_INTERIOR,82444e4f495344856de94b0d72ab4a46843780c232e2f299b300fcafa8c4b4a1,b87cf615ab34b447e87bf447d79b9e4183a6e16fcef6223c57fad7be4aec6502,b88f02c81ff0b142f18fd8dc0556aafcafffd5c40f8f009b93da36322f017a5b,b88f02c81ff0b142f18fd8dc0556aafcafffd5c40f8f009b93da36322f017a5b,6cd0b52dd7ce8f064a636e3bfc8de9b2309a7dfb02abb27056836d0416fd20a6,357158a3c01d61e36098ae03786aeb48ee6065502c78a6578078aa2eb8873772,0|1|2|3|4|5|6|7|8|9|10|11|12|13|14|15|16|17|18|19|20|21|22|23|24|25|26|27|28|29|30|31|32|33|34|35|36,False,False,AGGREGATE_COVERAGE_RIDGE_V1,MISCOVERAGE_TRIGGERED_RESET_V1,1.0,raven_mcs,False
sensorscope,0.6,38,0,sensorscope|a=0.60|b0,CERTIFIED,38,0.08357299679249167,0.023114971553889703,0.06045802523860196,0.05,1,1,0.0894506562955761,True,True,True,False,False,TRUE_SAFE,-0.005877659503084429,0,CERTIFIED,True,FULL_INTERIOR,82444e4f495344856de94b0d72ab4a46843780c232e2f299b300fcafa8c4b4a1,b87cf615ab34b447e87bf447d79b9e4183a6e16fcef6223c57fad7be4aec6502,b88f02c81ff0b142f18fd8dc0556aafcafffd5c40f8f009b93da36322f017a5b,b88f02c81ff0b142f18fd8dc0556aafcafffd5c40f8f009b93da36322f017a5b,6cd0b52dd7ce8f064a636e3bfc8de9b2309a7dfb02abb27056836d0416fd20a6,357158a3c01d61e36098ae03786aeb48ee6065502c78a6578078aa2eb8873772,0|1|2|3|4|5|6|7|8|9|10|11|12|13|14|15|16|17|18|19|20|21|22|23|24|25|26|27|28|29|30|31|32|33|34|35|36|37,False,False,AGGREGATE_COVERAGE_RIDGE_V1,MISCOVERAGE_TRIGGERED_RESET_V1,1.0,raven_mcs,False
sensorscope,0.6,39,0,sensorscope|a=0.60|b0,CERTIFIED,39,0.08294941064235567,0.017810587578365816,0.06513882306398985,0.05,1,1,0.0690047919994444,True,True,True,False,False,TRUE_SAFE,0.013944618642911272,0,CERTIFIED,True,FULL_INTERIOR,82444e4f495344856de94b0d72ab4a46843780c232e2f299b300fcafa8c4b4a1,b87cf615ab34b447e87bf447d79b9e4183a6e16fcef6223c57fad7be4aec6502,b88f02c81ff0b142f18fd8dc0556aafcafffd5c40f8f009b93da36322f017a5b,b88f02c81ff0b142f18fd8dc0556aafcafffd5c40f8f009b93da36322f017a5b,6cd0b52dd7ce8f064a636e3bfc8de9b2309a7dfb02abb27056836d0416fd20a6,357158a3c01d61e36098ae03786aeb48ee6065502c78a6578078aa2eb8873772,0|1|2|3|4|5|6|7|8|9|10|11|12|13|14|15|16|17|18|19|20|21|22|23|24|25|26|27|28|29|30|31|32|33|34|35|36|37|38,False,False,AGGREGATE_COVERAGE_RIDGE_V1,MISCOVERAGE_TRIGGERED_RESET_V1,1.0,raven_mcs,False
sensorscope,0.6,40,0,sensorscope|a=0.60|b0,CERTIFIED,40,0.08237710519336429,0.017810587578365816,0.06456651761499847,0.05,1,1,0.0920063893325925,True,True,True,False,False,TRUE_SAFE,-0.009629284139228214,0,CERTIFIED,True,FULL_INTERIOR,82444e4f495344856de94b0d72ab4a46843780c232e2f299b300fcafa8c4b4a1,b87cf615ab34b447e87bf447d79b9e4183a6e16fcef6223c57fad7be4aec6502,b88f02c81ff0b142f18fd8dc0556aafcafffd5c40f8f009b93da36322f017a5b,b88f02c81ff0b142f18fd8dc0556aafcafffd5c40f8f009b93da36322f017a5b,6cd0b52dd7ce8f064a636e3bfc8de9b2309a7dfb02abb27056836d0416fd20a6,357158a3c01d61e36098ae03786aeb48ee6065502c78a6578078aa2eb8873772,0|1|2|3|4|5|6|7|8|9|10|11|12|13|14|15|16|17|18|19|20|21|22|23|24|25|26|27|28|29|30|31|32|33|34|35|36|37|38|39,False,False,AGGREGATE_COVERAGE_RIDGE_V1,MISCOVERAGE_TRIGGERED_RESET_V1,1.0,raven_mcs,False
sensorscope,0.6,41,0,sensorscope|a=0.60|b0,CERTIFIED,41,0.08258534941343577,0.017810587578365816,0.06477476183506996,0.05,1,1,0.0920063893325925,True,True,True,False,False,TRUE_SAFE,-0.009421039919156729,0,CERTIFIED,True,FULL_INTERIOR,82444e4f495344856de94b0d72ab4a46843780c232e2f299b300fcafa8c4b4a1,b87cf615ab34b447e87bf447d79b9e4183a6e16fcef6223c57fad7be4aec6502,b88f02c81ff0b142f18fd8dc0556aafcafffd5c40f8f009b93da36322f017a5b,b88f02c81ff0b142f18fd8dc0556aafcafffd5c40f8f009b93da36322f017a5b,6cd0b52dd7ce8f064a636e3bfc8de9b2309a7dfb02abb27056836d0416fd20a6,357158a3c01d61e36098ae03786aeb48ee6065502c78a6578078aa2eb8873772,0|1|2|3|4|5|6|7|8|9|10|11|12|13|14|15|16|17|18|19|20|21|22|23|24|25|26|27|28|29|30|31|32|33|34|35|36|37|38|39|40,False,False,AGGREGATE_COVERAGE_RIDGE_V1,MISCOVERAGE_TRIGGERED_RESET_V1,1.0,raven_mcs,False
sensorscope,0.6,42,0,sensorscope|a=0.60|b0,CERTIFIED,42,0.08331966100096659,0.017810587578365816,0.06550907342260077,0.05,1,1,0.0630043753038405,True,True,False,False,False,TRUE_SAFE,0.020315285697126095,1,RESET,True,FULL_INTERIOR,82444e4f495344856de94b0d72ab4a46843780c232e2f299b300fcafa8c4b4a1,b87cf615ab34b447e87bf447d79b9e4183a6e16fcef6223c57fad7be4aec6502,b88f02c81ff0b142f18fd8dc0556aafcafffd5c40f8f009b93da36322f017a5b,b88f02c81ff0b142f18fd8dc0556aafcafffd5c40f8f009b93da36322f017a5b,6cd0b52dd7ce8f064a636e3bfc8de9b2309a7dfb02abb27056836d0416fd20a6,357158a3c01d61e36098ae03786aeb48ee6065502c78a6578078aa2eb8873772,0|1|2|3|4|5|6|7|8|9|10|11|12|13|14|15|16|17|18|19|20|21|22|23|24|25|26|27|28|29|30|31|32|33|34|35|36|37|38|39|40|41,False,False,AGGREGATE_COVERAGE_RIDGE_V1,MISCOVERAGE_TRIGGERED_RESET_V1,1.0,raven_mcs,False
sensorscope,0.6,43,1,sensorscope|a=0.60|b1,RESET,0,0.08552553459300144,,0.0,0.05,0,0,0.0700048614487117,True,False,True,False,True,FALSE_UNSAFE,0.015520673144289746,0,WARMUP,True,FULL_INTERIOR,82444e4f495344856de94b0d72ab4a46843780c232e2f299b300fcafa8c4b4a1,b87cf615ab34b447e87bf447d79b9e4183a6e16fcef6223c57fad7be4aec6502,1390b482f6bbc1b63553ea156e70fc4d5123700e32485ebc0ff7a8162a03f09e,1390b482f6bbc1b63553ea156e70fc4d5123700e32485ebc0ff7a8162a03f09e,6cd0b52dd7ce8f064a636e3bfc8de9b2309a7dfb02abb27056836d0416fd20a6,357158a3c01d61e36098ae03786aeb48ee6065502c78a6578078aa2eb8873772,,False,True,AGGREGATE_COVERAGE_RIDGE_V1,MISCOVERAGE_TRIGGERED_RESET_V1,1.0,raven_mcs,False
sensorscope,0.6,44,1,sensorscope|a=0.60|b1,WARMUP,1,0.08643510586324438,,0.0,0.05,0,0,0.0793388429752066,True,False,True,False,True,FALSE_UNSAFE,0.007096262888037774,0,WARMUP,True,FULL_INTERIOR,82444e4f495344856de94b0d72ab4a46843780c232e2f299b300fcafa8c4b4a1,b87cf615ab34b447e87bf447d79b9e4183a6e16fcef6223c57fad7be4aec6502,1390b482f6bbc1b63553ea156e70fc4d5123700e32485ebc0ff7a8162a03f09e,1390b482f6bbc1b63553ea156e70fc4d5123700e32485ebc0ff7a8162a03f09e,6cd0b52dd7ce8f064a636e3bfc8de9b2309a7dfb02abb27056836d0416fd20a6,357158a3c01d61e36098ae03786aeb48ee6065502c78a6578078aa2eb8873772,43,False,True,AGGREGATE_COVERAGE_RIDGE_V1,MISCOVERAGE_TRIGGERED_RESET_V1,1.0,raven_mcs,False
sensorscope,0.6,45,1,sensorscope|a=0.60|b1,WARMUP,2,0.08793345516221292,,0.0,0.05,0,0,0.0723383568303354,True,False,True,False,True,FALSE_UNSAFE,0.015595098331877513,0,WARMUP,True,FULL_INTERIOR,82444e4f495344856de94b0d72ab4a46843780c232e2f299b300fcafa8c4b4a1,b87cf615ab34b447e87bf447d79b9e4183a6e16fcef6223c57fad7be4aec6502,1390b482f6bbc1b63553ea156e70fc4d5123700e32485ebc0ff7a8162a03f09e,1390b482f6bbc1b63553ea156e70fc4d5123700e32485ebc0ff7a8162a03f09e,6cd0b52dd7ce8f064a636e3bfc8de9b2309a7dfb02abb27056836d0416fd20a6,357158a3c01d61e36098ae03786aeb48ee6065502c78a6578078aa2eb8873772,43|44,False,True,AGGREGATE_COVERAGE_RIDGE_V1,MISCOVERAGE_TRIGGERED_RESET_V1,1.0,raven_mcs,False
sensorscope,0.6,46,1,sensorscope|a=0.60|b1,WARMUP,3,0.08928440429732748,,0.0,0.05,0,0,0.084005833738454,True,False,True,False,True,FALSE_UNSAFE,0.0052785705588734855,0,WARMUP,True,FULL_INTERIOR,82444e4f495344856de94b0d72ab4a46843780c232e2f299b300fcafa8c4b4a1,b87cf615ab34b447e87bf447d79b9e4183a6e16fcef6223c57fad7be4aec6502,1390b482f6bbc1b63553ea156e70fc4d5123700e32485ebc0ff7a8162a03f09e,1390b482f6bbc1b63553ea156e70fc4d5123700e32485ebc0ff7a8162a03f09e,6cd0b52dd7ce8f064a636e3bfc8de9b2309a7dfb02abb27056836d0416fd20a6,357158a3c01d61e36098ae03786aeb48ee6065502c78a6578078aa2eb8873772,43|44|45,False,True,AGGREGATE_COVERAGE_RIDGE_V1,MISCOVERAGE_TRIGGERED_RESET_V1,1.0,raven_mcs,False
sensorscope,0.6,47,1,sensorscope|a=0.60|b1,WARMUP,4,0.09074674036470085,,0.0,0.05,0,0,0.0700048614487117,True,False,True,False,True,FALSE_UNSAFE,0.02074187891598915,0,WARMUP,True,FULL_INTERIOR,82444e4f495344856de94b0d72ab4a46843780c232e2f299b300fcafa8c4b4a1,b87cf615ab34b447e87bf447d79b9e4183a6e16fcef6223c57fad7be4aec6502,1390b482f6bbc1b63553ea156e70fc4d5123700e32485ebc0ff7a8162a03f09e,1390b482f6bbc1b63553ea156e70fc4d5123700e32485ebc0ff7a8162a03f09e,6cd0b52dd7ce8f064a636e3bfc8de9b2309a7dfb02abb27056836d0416fd20a6,357158a3c01d61e36098ae03786aeb48ee6065502c78a6578078aa2eb8873772,43|44|45|46,False,True,AGGREGATE_COVERAGE_RIDGE_V1,MISCOVERAGE_TRIGGERED_RESET_V1,1.0,raven_mcs,False
sensorscope,0.6,48,1,sensorscope|a=0.60|b1,WARMUP,5,0.09189891441361621,,0.0,0.05,0,0,0.1244530870199319,True,False,True,False,True,FALSE_UNSAFE,-0.032554172606315684,0,WARMUP,True,FULL_INTERIOR,82444e4f495344856de94b0d72ab4a46843780c232e2f299b300fcafa8c4b4a1,b87cf615ab34b447e87bf447d79b9e4183a6e16fcef6223c57fad7be4aec6502,1390b482f6bbc1b63553ea156e70fc4d5123700e32485ebc0ff7a8162a03f09e,1390b482f6bbc1b63553ea156e70fc4d5123700e32485ebc0ff7a8162a03f09e,6cd0b52dd7ce8f064a636e3bfc8de9b2309a7dfb02abb27056836d0416fd20a6,357158a3c01d61e36098ae03786aeb48ee6065502c78a6578078aa2eb8873772,43|44|45|46|47,False,True,AGGREGATE_COVERAGE_RIDGE_V1,MISCOVERAGE_TRIGGERED_RESET_V1,1.0,raven_mcs,False
sensorscope,0.6,49,1,sensorscope|a=0.60|b1,WARMUP,6,0.09367529842226399,,0.0,0.05,0,0,0.0902284880894506,True,False,True,False,True,FALSE_UNSAFE,0.0034468103328133964,0,WARMUP,True,FULL_INTERIOR,82444e4f495344856de94b0d72ab4a46843780c232e2f299b300fcafa8c4b4a1,b87cf615ab34b447e87bf447d79b9e4183a6e16fcef6223c57fad7be4aec6502,1390b482f6bbc1b63553ea156e70fc4d5123700e32485ebc0ff7a8162a03f09e,1390b482f6bbc1b63553ea156e70fc4d5123700e32485ebc0ff7a8162a03f09e,6cd0b52dd7ce8f064a636e3bfc8de9b2309a7dfb02abb27056836d0416fd20a6,357158a3c01d61e36098ae03786aeb48ee6065502c78a6578078aa2eb8873772,43|44|45|46|47|48,False,True,AGGREGATE_COVERAGE_RIDGE_V1,MISCOVERAGE_TRIGGERED_RESET_V1,1.0,raven_mcs,False
sensorscope,0.6,50,1,sensorscope|a=0.60|b1,WARMUP,7,0.09452961345889815,,0.0,0.05,0,0,0.0964511424404472,True,False,True,False,True,FALSE_UNSAFE,-0.0019215289815490422,0,WARMUP,True,FULL_INTERIOR,82444e4f495344856de94b0d72ab4a46843780c232e2f299b300fcafa8c4b4a1,b87cf615ab34b447e87bf447d79b9e4183a6e16fcef6223c57fad7be4aec6502,1390b482f6bbc1b63553ea156e70fc4d5123700e32485ebc0ff7a8162a03f09e,1390b482f6bbc1b63553ea156e70fc4d5123700e32485ebc0ff7a8162a03f09e,6cd0b52dd7ce8f064a636e3bfc8de9b2309a7dfb02abb27056836d0416fd20a6,357158a3c01d61e36098ae03786aeb48ee6065502c78a6578078aa2eb8873772,43|44|45|46|47|48|49,False,True,AGGREGATE_COVERAGE_RIDGE_V1,MISCOVERAGE_TRIGGERED_RESET_V1,1.0,raven_mcs,False
sensorscope,0.6,51,1,sensorscope|a=0.60|b1,WARMUP,8,0.09475748191105182,,0.0,0.05,0,0,0.0964511424404472,True,False,True,False,True,FALSE_UNSAFE,-0.0016936605293953744,0,WARMUP,True,FULL_INTERIOR,82444e4f495344856de94b0d72ab4a46843780c232e2f299b300fcafa8c4b4a1,b87cf615ab34b447e87bf447d79b9e4183a6e16fcef6223c57fad7be4aec6502,1390b482f6bbc1b63553ea156e70fc4d5123700e32485ebc0ff7a8162a03f09e,1390b482f6bbc1b63553ea156e70fc4d5123700e32485ebc0ff7a8162a03f09e,6cd0b52dd7ce8f064a636e3bfc8de9b2309a7dfb02abb27056836d0416fd20a6,357158a3c01d61e36098ae03786aeb48ee6065502c78a6578078aa2eb8873772,43|44|45|46|47|48|49|50,False,True,AGGREGATE_COVERAGE_RIDGE_V1,MISCOVERAGE_TRIGGERED_RESET_V1,1.0,raven_mcs,False
sensorscope,0.6,52,1,sensorscope|a=0.60|b1,WARMUP,9,0.09496359076859706,,0.0,0.05,0,0,0.0995624696159455,True,False,True,False,True,FALSE_UNSAFE,-0.004598878847348442,0,WARMUP,True,FULL_INTERIOR,82444e4f495344856de94b0d72ab4a46843780c232e2f299b300fcafa8c4b4a1,b87cf615ab34b447e87bf447d79b9e4183a6e16fcef6223c57fad7be4aec6502,1390b482f6bbc1b63553ea156e70fc4d5123700e32485ebc0ff7a8162a03f09e,1390b482f6bbc1b63553ea156e70fc4d5123700e32485ebc0ff7a8162a03f09e,6cd0b52dd7ce8f064a636e3bfc8de9b2309a7dfb02abb27056836d0416fd20a6,357158a3c01d61e36098ae03786aeb48ee6065502c78a6578078aa2eb8873772,43|44|45|46|47|48|49|50|51,False,True,AGGREGATE_COVERAGE_RIDGE_V1,MISCOVERAGE_TRIGGERED_RESET_V1,1.0,raven_mcs,False
sensorscope,0.6,53,1,sensorscope|a=0.60|b1,WARMUP,10,0.0947946330184402,,0.0,0.05,0,0,0.0746718522119591,True,False,True,False,True,FALSE_UNSAFE,0.020122780806481097,0,WARMUP,True,FULL_INTERIOR,82444e4f495344856de94b0d72ab4a46843780c232e2f299b300fcafa8c4b4a1,b87cf615ab34b447e87bf447d79b9e4183a6e16fcef6223c57fad7be4aec6502,1390b482f6bbc1b63553ea156e70fc4d5123700e32485ebc0ff7a8162a03f09e,1390b482f6bbc1b63553ea156e70fc4d5123700e32485ebc0ff7a8162a03f09e,6cd0b52dd7ce8f064a636e3bfc8de9b2309a7dfb02abb27056836d0416fd20a6,357158a3c01d61e36098ae03786aeb48ee6065502c78a6578078aa2eb8873772,43|44|45|46|47|48|49|50|51|52,False,True,AGGREGATE_COVERAGE_RIDGE_V1,MISCOVERAGE_TRIGGERED_RESET_V1,1.0,raven_mcs,False
sensorscope,0.6,54,1,sensorscope|a=0.60|b1,WARMUP,11,0.09386964105991492,,0.0,0.05,0,0,0.1020904229460379,True,False,True,False,True,FALSE_UNSAFE,-0.008220781886122977,0,WARMUP,True,FULL_INTERIOR,82444e4f495344856de94b0d72ab4a46843780c232e2f299b300fcafa8c4b4a1,b87cf615ab34b447e87bf447d79b9e4183a6e16fcef6223c57fad7be4aec6502,1390b482f6bbc1b63553ea156e70fc4d5123700e32485ebc0ff7a8162a03f09e,1390b482f6bbc1b63553ea156e70fc4d5123700e32485ebc0ff7a8162a03f09e,6cd0b52dd7ce8f064a636e3bfc8de9b2309a7dfb02abb27056836d0416fd20a6,357158a3c01d61e36098ae03786aeb48ee6065502c78a6578078aa2eb8873772,43|44|45|46|47|48|49|50|51|52|53,False,True,AGGREGATE_COVERAGE_RIDGE_V1,MISCOVERAGE_TRIGGERED_RESET_V1,1.0,raven_mcs,False
sensorscope,0.6,55,1,sensorscope|a=0.60|b1,WARMUP,12,0.0931640507601411,,0.0,0.05,0,0,0.0962566844919786,True,False,True,False,True,FALSE_UNSAFE,-0.0030926337318375047,0,WARMUP,True,FULL_INTERIOR,82444e4f495344856de94b0d72ab4a46843780c232e2f299b300fcafa8c4b4a1,b87cf615ab34b447e87bf447d79b9e4183a6e16fcef6223c57fad7be4aec6502,1390b482f6bbc1b63553ea156e70fc4d5123700e32485ebc0ff7a8162a03f09e,1390b482f6bbc1b63553ea156e70fc4d5123700e32485ebc0ff7a8162a03f09e,6cd0b52dd7ce8f064a636e3bfc8de9b2309a7dfb02abb27056836d0416fd20a6,357158a3c01d61e36098ae03786aeb48ee6065502c78a6578078aa2eb8873772,43|44|45|46|47|48|49|50|51|52|53|54,False,True,AGGREGATE_COVERAGE_RIDGE_V1,MISCOVERAGE_TRIGGERED_RESET_V1,1.0,raven_mcs,False
sensorscope,0.6,56,1,sensorscope|a=0.60|b1,WARMUP,13,0.09224773060393589,,0.0,0.05,0,0,0.0991735537190082,True,False,True,False,True,FALSE_UNSAFE,-0.00692582311507231,0,WARMUP,True,FULL_INTERIOR,82444e4f495344856de94b0d72ab4a46843780c232e2f299b300fcafa8c4b4a1,b87cf615ab34b447e87bf447d79b9e4183a6e16fcef6223c57fad7be4aec6502,1390b482f6bbc1b63553ea156e70fc4d5123700e32485ebc0ff7a8162a03f09e,1390b482f6bbc1b63553ea156e70fc4d5123700e32485ebc0ff7a8162a03f09e,6cd0b52dd7ce8f064a636e3bfc8de9b2309a7dfb02abb27056836d0416fd20a6,357158a3c01d61e36098ae03786aeb48ee6065502c78a6578078aa2eb8873772,43|44|45|46|47|48|49|50|51|52|53|54|55,False,True,AGGREGATE_COVERAGE_RIDGE_V1,MISCOVERAGE_TRIGGERED_RESET_V1,1.0,raven_mcs,False
sensorscope,0.6,57,1,sensorscope|a=0.60|b1,WARMUP,14,0.09095182576030936,,0.0,0.05,0,0,0.1020904229460379,True,False,True,False,True,FALSE_UNSAFE,-0.011138597185728544,0,WARMUP,True,FULL_INTERIOR,82444e4f495344856de94b0d72ab4a46843780c232e2f299b300fcafa8c4b4a1,b87cf615ab34b447e87bf447d79b9e4183a6e16fcef6223c57fad7be4aec6502,1390b482f6bbc1b63553ea156e70fc4d5123700e32485ebc0ff7a8162a03f09e,1390b482f6bbc1b63553ea156e70fc4d5123700e32485ebc0ff7a8162a03f09e,6cd0b52dd7ce8f064a636e3bfc8de9b2309a7dfb02abb27056836d0416fd20a6,357158a3c01d61e36098ae03786aeb48ee6065502c78a6578078aa2eb8873772,43|44|45|46|47|48|49|50|51|52|53|54|55|56,False,True,AGGREGATE_COVERAGE_RIDGE_V1,MISCOVERAGE_TRIGGERED_RESET_V1,1.0,raven_mcs,False
sensorscope,0.6,58,1,sensorscope|a=0.60|b1,WARMUP,15,0.08966714714508273,,0.0,0.05,0,0,0.0816723383568303,True,False,True,False,True,FALSE_UNSAFE,0.007994808788252428,0,WARMUP,True,FULL_INTERIOR,82444e4f495344856de94b0d72ab4a46843780c232e2f299b300fcafa8c4b4a1,b87cf615ab34b447e87bf447d79b9e4183a6e16fcef6223c57fad7be4aec6502,1390b482f6bbc1b63553ea156e70fc4d5123700e32485ebc0ff7a8162a03f09e,1390b482f6bbc1b63553ea156e70fc4d5123700e32485ebc0ff7a8162a03f09e,6cd0b52dd7ce8f064a636e3bfc8de9b2309a7dfb02abb27056836d0416fd20a6,357158a3c01d61e36098ae03786aeb48ee6065502c78a6578078aa2eb8873772,43|44|45|46|47|48|49|50|51|52|53|54|55|56|57,False,True,AGGREGATE_COVERAGE_RIDGE_V1,MISCOVERAGE_TRIGGERED_RESET_V1,1.0,raven_mcs,False
sensorscope,0.6,59,1,sensorscope|a=0.60|b1,WARMUP,16,0.08802395748393156,,0.0,0.05,0,0,0.0991735537190082,True,False,True,False,True,FALSE_UNSAFE,-0.011149596235076636,0,WARMUP,True,FULL_INTERIOR,82444e4f495344856de94b0d72ab4a46843780c232e2f299b300fcafa8c4b4a1,b87cf615ab34b447e87bf447d79b9e4183a6e16fcef6223c57fad7be4aec6502,1390b482f6bbc1b63553ea156e70fc4d5123700e32485ebc0ff7a8162a03f09e,1390b482f6bbc1b63553ea156e70fc4d5123700e32485ebc0ff7a8162a03f09e,6cd0b52dd7ce8f064a636e3bfc8de9b2309a7dfb02abb27056836d0416fd20a6,357158a3c01d61e36098ae03786aeb48ee6065502c78a6578078aa2eb8873772,43|44|45|46|47|48|49|50|51|52|53|54|55|56|57|58,False,True,AGGREGATE_COVERAGE_RIDGE_V1,MISCOVERAGE_TRIGGERED_RESET_V1,1.0,raven_mcs,False
sensorscope,0.6,60,1,sensorscope|a=0.60|b1,WARMUP,17,0.08683124584913089,,0.0,0.05,0,0,0.0766719911104938,True,False,True,False,True,FALSE_UNSAFE,0.010159254738637088,0,WARMUP,True,FULL_INTERIOR,82444e4f495344856de94b0d72ab4a46843780c232e2f299b300fcafa8c4b4a1,b87cf615ab34b447e87bf447d79b9e4183a6e16fcef6223c57fad7be4aec6502,1390b482f6bbc1b63553ea156e70fc4d5123700e32485ebc0ff7a8162a03f09e,1390b482f6bbc1b63553ea156e70fc4d5123700e32485ebc0ff7a8162a03f09e,6cd0b52dd7ce8f064a636e3bfc8de9b2309a7dfb02abb27056836d0416fd20a6,357158a3c01d61e36098ae03786aeb48ee6065502c78a6578078aa2eb8873772,43|44|45|46|47|48|49|50|51|52|53|54|55|56|57|58|59,False,True,AGGREGATE_COVERAGE_RIDGE_V1,MISCOVERAGE_TRIGGERED_RESET_V1,1.0,raven_mcs,False
sensorscope,0.6,61,1,sensorscope|a=0.60|b1,WARMUP,18,0.08559976430948246,,0.0,0.05,0,0,0.0741162580734773,True,False,True,False,True,FALSE_UNSAFE,0.011483506236005164,0,CERTIFIED,True,FULL_BOUNDARY,82444e4f495344856de94b0d72ab4a46843780c232e2f299b300fcafa8c4b4a1,b87cf615ab34b447e87bf447d79b9e4183a6e16fcef6223c57fad7be4aec6502,1390b482f6bbc1b63553ea156e70fc4d5123700e32485ebc0ff7a8162a03f09e,1390b482f6bbc1b63553ea156e70fc4d5123700e32485ebc0ff7a8162a03f09e,6cd0b52dd7ce8f064a636e3bfc8de9b2309a7dfb02abb27056836d0416fd20a6,357158a3c01d61e36098ae03786aeb48ee6065502c78a6578078aa2eb8873772,43|44|45|46|47|48|49|50|51|52|53|54|55|56|57|58|59|60,False,True,AGGREGATE_COVERAGE_RIDGE_V1,MISCOVERAGE_TRIGGERED_RESET_V1,1.0,raven_mcs,False
sensorscope,0.4,0,0,sensorscope|a=0.40|b0,WARMUP,0,0.04347070399257995,,0.0,0.05,0,0,0.0326689353427321,False,False,True,False,False,TRUE_UNSAFE,0.010801768649847845,0,WARMUP,True,FULL_BOUNDARY,82444e4f495344856de94b0d72ab4a46843780c232e2f299b300fcafa8c4b4a1,b87cf615ab34b447e87bf447d79b9e4183a6e16fcef6223c57fad7be4aec6502,5b748063c41d4d89a5314463db754fec7d3932d01e390c9729904f4d50129962,5b748063c41d4d89a5314463db754fec7d3932d01e390c9729904f4d50129962,6cd0b52dd7ce8f064a636e3bfc8de9b2309a7dfb02abb27056836d0416fd20a6,357158a3c01d61e36098ae03786aeb48ee6065502c78a6578078aa2eb8873772,,False,True,AGGREGATE_COVERAGE_RIDGE_V1,MISCOVERAGE_TRIGGERED_RESET_V1,1.0,raven_mcs,False
sensorscope,0.4,1,0,sensorscope|a=0.40|b0,WARMUP,1,0.04401234613852363,,0.0,0.05,0,0,0.0482255712202236,False,False,True,False,False,TRUE_UNSAFE,-0.004213225081699967,0,WARMUP,True,FULL_INTERIOR,82444e4f495344856de94b0d72ab4a46843780c232e2f299b300fcafa8c4b4a1,b87cf615ab34b447e87bf447d79b9e4183a6e16fcef6223c57fad7be4aec6502,5b748063c41d4d89a5314463db754fec7d3932d01e390c9729904f4d50129962,5b748063c41d4d89a5314463db754fec7d3932d01e390c9729904f4d50129962,6cd0b52dd7ce8f064a636e3bfc8de9b2309a7dfb02abb27056836d0416fd20a6,357158a3c01d61e36098ae03786aeb48ee6065502c78a6578078aa2eb8873772,0,True,True,AGGREGATE_COVERAGE_RIDGE_V1,MISCOVERAGE_TRIGGERED_RESET_V1,1.0,raven_mcs,False
sensorscope,0.4,2,0,sensorscope|a=0.40|b0,WARMUP,2,0.044407491886589046,,0.0,0.05,0,0,0.0357802625182304,False,False,True,False,False,TRUE_UNSAFE,0.008627229368358642,0,WARMUP,True,FULL_INTERIOR,82444e4f495344856de94b0d72ab4a46843780c232e2f299b300fcafa8c4b4a1,b87cf615ab34b447e87bf447d79b9e4183a6e16fcef6223c57fad7be4aec6502,5b748063c41d4d89a5314463db754fec7d3932d01e390c9729904f4d50129962,5b748063c41d4d89a5314463db754fec7d3932d01e390c9729904f4d50129962,6cd0b52dd7ce8f064a636e3bfc8de9b2309a7dfb02abb27056836d0416fd20a6,357158a3c01d61e36098ae03786aeb48ee6065502c78a6578078aa2eb8873772,0|1,False,True,AGGREGATE_COVERAGE_RIDGE_V1,MISCOVERAGE_TRIGGERED_RESET_V1,1.0,raven_mcs,False
sensorscope,0.4,3,0,sensorscope|a=0.40|b0,WARMUP,3,0.04463537925007345,,0.0,0.05,0,0,0.0280019445794846,False,False,True,False,False,TRUE_UNSAFE,0.01663343467058885,0,WARMUP,True,FULL_INTERIOR,82444e4f495344856de94b0d72ab4a46843780c232e2f299b300fcafa8c4b4a1,b87cf615ab34b447e87bf447d79b9e4183a6e16fcef6223c57fad7be4aec6502,5b748063c41d4d89a5314463db754fec7d3932d01e390c9729904f4d50129962,5b748063c41d4d89a5314463db754fec7d3932d01e390c9729904f4d50129962,6cd0b52dd7ce8f064a636e3bfc8de9b2309a7dfb02abb27056836d0416fd20a6,357158a3c01d61e36098ae03786aeb48ee6065502c78a6578078aa2eb8873772,0|1|2,False,True,AGGREGATE_COVERAGE_RIDGE_V1,MISCOVERAGE_TRIGGERED_RESET_V1,1.0,raven_mcs,False
sensorscope,0.4,4,0,sensorscope|a=0.40|b0,WARMUP,4,0.04451735318238023,,0.0,0.05,0,0,0.042002916869227,False,False,True,False,False,TRUE_UNSAFE,0.0025144363131532343,0,WARMUP,True,FULL_INTERIOR,82444e4f495344856de94b0d72ab4a46843780c232e2f299b300fcafa8c4b4a1,b87cf615ab34b447e87bf447d79b9e4183a6e16fcef6223c57fad7be4aec6502,5b748063c41d4d89a5314463db754fec7d3932d01e390c9729904f4d50129962,5b748063c41d4d89a5314463db754fec7d3932d01e390c9729904f4d50129962,6cd0b52dd7ce8f064a636e3bfc8de9b2309a7dfb02abb27056836d0416fd20a6,357158a3c01d61e36098ae03786aeb48ee6065502c78a6578078aa2eb8873772,0|1|2|3,True,True,AGGREGATE_COVERAGE_RIDGE_V1,MISCOVERAGE_TRIGGERED_RESET_V1,1.0,raven_mcs,False
sensorscope,0.4,5,0,sensorscope|a=0.40|b0,WARMUP,5,0.044324140849969024,,0.0,0.05,0,0,0.0373359261059795,False,False,True,False,False,TRUE_UNSAFE,0.006988214743989522,0,WARMUP,True,FULL_INTERIOR,82444e4f495344856de94b0d72ab4a46843780c232e2f299b300fcafa8c4b4a1,b87cf615ab34b447e87bf447d79b9e4183a6e16fcef6223c57fad7be4aec6502,5b748063c41d4d89a5314463db754fec7d3932d01e390c9729904f4d50129962,5b748063c41d4d89a5314463db754fec7d3932d01e390c9729904f4d50129962,6cd0b52dd7ce8f064a636e3bfc8de9b2309a7dfb02abb27056836d0416fd20a6,357158a3c01d61e36098ae03786aeb48ee6065502c78a6578078aa2eb8873772,0|1|2|3|4,False,True,AGGREGATE_COVERAGE_RIDGE_V1,MISCOVERAGE_TRIGGERED_RESET_V1,1.0,raven_mcs,False
sensorscope,0.4,6,0,sensorscope|a=0.40|b0,WARMUP,6,0.04392094248271931,,0.0,0.05,0,0,0.0277102576567817,False,False,True,False,False,TRUE_UNSAFE,0.016210684825937613,0,WARMUP,True,FULL_INTERIOR,82444e4f495344856de94b0d72ab4a46843780c232e2f299b300fcafa8c4b4a1,b87cf615ab34b447e87bf447d79b9e4183a6e16fcef6223c57fad7be4aec6502,5b748063c41d4d89a5314463db754fec7d3932d01e390c9729904f4d50129962,5b748063c41d4d89a5314463db754fec7d3932d01e390c9729904f4d50129962,6cd0b52dd7ce8f064a636e3bfc8de9b2309a7dfb02abb27056836d0416fd20a6,357158a3c01d61e36098ae03786aeb48ee6065502c78a6578078aa2eb8873772,0|1|2|3|4|5,False,True,AGGREGATE_COVERAGE_RIDGE_V1,MISCOVERAGE_TRIGGERED_RESET_V1,1.0,raven_mcs,False
sensorscope,0.4,7,0,sensorscope|a=0.40|b0,WARMUP,7,0.04320958048158914,,0.0,0.05,0,0,0.033543996110841,False,False,True,False,False,TRUE_UNSAFE,0.009665584370748138,0,WARMUP,True,FULL_INTERIOR,82444e4f495344856de94b0d72ab4a46843780c232e2f299b300fcafa8c4b4a1,b87cf615ab34b447e87bf447d79b9e4183a6e16fcef6223c57fad7be4aec6502,5b748063c41d4d89a5314463db754fec7d3932d01e390c9729904f4d50129962,5b748063c41d4d89a5314463db754fec7d3932d01e390c9729904f4d50129962,6cd0b52dd7ce8f064a636e3bfc8de9b2309a7dfb02abb27056836d0416fd20a6,357158a3c01d61e36098ae03786aeb48ee6065502c78a6578078aa2eb8873772,0|1|2|3|4|5|6,False,True,AGGREGATE_COVERAGE_RIDGE_V1,MISCOVERAGE_TRIGGERED_RESET_V1,1.0,raven_mcs,False
sensorscope,0.4,8,0,sensorscope|a=0.40|b0,WARMUP,8,0.042423872435950555,,0.0,0.05,0,0,0.0262518230432668,False,False,True,False,False,TRUE_UNSAFE,0.016172049392683754,0,WARMUP,True,FULL_INTERIOR,82444e4f495344856de94b0d72ab4a46843780c232e2f299b300fcafa8c4b4a1,b87cf615ab34b447e87bf447d79b9e4183a6e16fcef6223c57fad7be4aec6502,5b748063c41d4d89a5314463db754fec7d3932d01e390c9729904f4d50129962,5b748063c41d4d89a5314463db754fec7d3932d01e390c9729904f4d50129962,6cd0b52dd7ce8f064a636e3bfc8de9b2309a7dfb02abb27056836d0416fd20a6,357158a3c01d61e36098ae03786aeb48ee6065502c78a6578078aa2eb8873772,0|1|2|3|4|5|6|7,False,True,AGGREGATE_COVERAGE_RIDGE_V1,MISCOVERAGE_TRIGGERED_RESET_V1,1.0,raven_mcs,False
sensorscope,0.4,9,0,sensorscope|a=0.40|b0,WARMUP,9,0.041553057602278676,,0.0,0.05,0,0,0.0393777345649003,False,False,True,False,False,TRUE_UNSAFE,0.002175323037378378,0,WARMUP,True,FULL_INTERIOR,82444e4f495344856de94b0d72ab4a46843780c232e2f299b300fcafa8c4b4a1,b87cf615ab34b447e87bf447d79b9e4183a6e16fcef6223c57fad7be4aec6502,5b748063c41d4d89a5314463db754fec7d3932d01e390c9729904f4d50129962,5b748063c41d4d89a5314463db754fec7d3932d01e390c9729904f4d50129962,6cd0b52dd7ce8f064a636e3bfc8de9b2309a7dfb02abb27056836d0416fd20a6,357158a3c01d61e36098ae03786aeb48ee6065502c78a6578078aa2eb8873772,0|1|2|3|4|5|6|7|8,False,True,AGGREGATE_COVERAGE_RIDGE_V1,MISCOVERAGE_TRIGGERED_RESET_V1,1.0,raven_mcs,False
sensorscope,0.4,10,0,sensorscope|a=0.40|b0,WARMUP,10,0.04070711436645191,,0.0,0.05,0,0,0.0320855614973262,False,False,True,False,False,TRUE_UNSAFE,0.008621552869125713,0,WARMUP,True,FULL_INTERIOR,82444e4f495344856de94b0d72ab4a46843780c232e2f299b300fcafa8c4b4a1,b87cf615ab34b447e87bf447d79b9e4183a6e16fcef6223c57fad7be4aec6502,5b748063c41d4d89a5314463db754fec7d3932d01e390c9729904f4d50129962,5b748063c41d4d89a5314463db754fec7d3932d01e390c9729904f4d50129962,6cd0b52dd7ce8f064a636e3bfc8de9b2309a7dfb02abb27056836d0416fd20a6,357158a3c01d61e36098ae03786aeb48ee6065502c78a6578078aa2eb8873772,0|1|2|3|4|5|6|7|8|9,False,True,AGGREGATE_COVERAGE_RIDGE_V1,MISCOVERAGE_TRIGGERED_RESET_V1,1.0,raven_mcs,False
sensorscope,0.4,11,0,sensorscope|a=0.40|b0,WARMUP,11,0.0398773917265121,,0.0,0.05,0,0,0.0320855614973262,False,False,True,False,False,TRUE_UNSAFE,0.007791830229185899,0,WARMUP,True,FULL_INTERIOR,82444e4f495344856de94b0d72ab4a46843780c232e2f299b300fcafa8c4b4a1,b87cf615ab34b447e87bf447d79b9e4183a6e16fcef6223c57fad7be4aec6502,5b748063c41d4d89a5314463db754fec7d3932d01e390c9729904f4d50129962,5b748063c41d4d89a5314463db754fec7d3932d01e390c9729904f4d50129962,6cd0b52dd7ce8f064a636e3bfc8de9b2309a7dfb02abb27056836d0416fd20a6,357158a3c01d61e36098ae03786aeb48ee6065502c78a6578078aa2eb8873772,0|1|2|3|4|5|6|7|8|9|10,False,True,AGGREGATE_COVERAGE_RIDGE_V1,MISCOVERAGE_TRIGGERED_RESET_V1,1.0,raven_mcs,False
sensorscope,0.4,12,0,sensorscope|a=0.40|b0,WARMUP,12,0.03907502335677447,,0.0,0.05,0,0,0.0383359955552468,False,False,True,False,False,TRUE_UNSAFE,0.0007390278015276738,0,WARMUP,True,FULL_INTERIOR,82444e4f495344856de94b0d72ab4a46843780c232e2f299b300fcafa8c4b4a1,b87cf615ab34b447e87bf447d79b9e4183a6e16fcef6223c57fad7be4aec6502,5b748063c41d4d89a5314463db754fec7d3932d01e390c9729904f4d50129962,5b748063c41d4d89a5314463db754fec7d3932d01e390c9729904f4d50129962,6cd0b52dd7ce8f064a636e3bfc8de9b2309a7dfb02abb27056836d0416fd20a6,357158a3c01d61e36098ae03786aeb48ee6065502c78a6578078aa2eb8873772,0|1|2|3|4|5|6|7|8|9|10|11,False,True,AGGREGATE_COVERAGE_RIDGE_V1,MISCOVERAGE_TRIGGERED_RESET_V1,1.0,raven_mcs,False
sensorscope,0.4,13,0,sensorscope|a=0.40|b0,WARMUP,13,0.03848866841424729,,0.0,0.05,0,0,0.0460031946662962,False,False,True,False,False,TRUE_UNSAFE,-0.00751452625204891,0,WARMUP,True,FULL_INTERIOR,82444e4f495344856de94b0d72ab4a46843780c232e2f299b300fcafa8c4b4a1,b87cf615ab34b447e87bf447d79b9e4183a6e16fcef6223c57fad7be4aec6502,5b748063c41d4d89a5314463db754fec7d3932d01e390c9729904f4d50129962,5b748063c41d4d89a5314463db754fec7d3932d01e390c9729904f4d50129962,6cd0b52dd7ce8f064a636e3bfc8de9b2309a7dfb02abb27056836d0416fd20a6,357158a3c01d61e36098ae03786aeb48ee6065502c78a6578078aa2eb8873772,0|1|2|3|4|5|6|7|8|9|10|11|12,True,True,AGGREGATE_COVERAGE_RIDGE_V1,MISCOVERAGE_TRIGGERED_RESET_V1,1.0,raven_mcs,False
sensorscope,0.4,14,0,sensorscope|a=0.40|b0,WARMUP,14,0.03812850908871006,,0.0,0.05,0,0,0.0383359955552468,False,False,True,False,False,TRUE_UNSAFE,-0.00020748646653673958,0,WARMUP,True,FULL_INTERIOR,82444e4f495344856de94b0d72ab4a46843780c232e2f299b300fcafa8c4b4a1,b87cf615ab34b447e87bf447d79b9e4183a6e16fcef6223c57fad7be4aec6502,5b748063c41d4d89a5314463db754fec7d3932d01e390c9729904f4d50129962,5b748063c41d4d89a5314463db754fec7d3932d01e390c9729904f4d50129962,6cd0b52dd7ce8f064a636e3bfc8de9b2309a7dfb02abb27056836d0416fd20a6,357158a3c01d61e36098ae03786aeb48ee6065502c78a6578078aa2eb8873772,0|1|2|3|4|5|6|7|8|9|10|11|12|13,False,True,AGGREGATE_COVERAGE_RIDGE_V1,MISCOVERAGE_TRIGGERED_RESET_V1,1.0,raven_mcs,False
sensorscope,0.4,15,0,sensorscope|a=0.40|b0,WARMUP,15,0.03789898895484013,,0.0,0.05,0,0,0.0517535939995833,True,False,True,False,True,FALSE_UNSAFE,-0.013854605044743167,0,WARMUP,True,FULL_INTERIOR,82444e4f495344856de94b0d72ab4a46843780c232e2f299b300fcafa8c4b4a1,b87cf615ab34b447e87bf447d79b9e4183a6e16fcef6223c57fad7be4aec6502,5b748063c41d4d89a5314463db754fec7d3932d01e390c9729904f4d50129962,5b748063c41d4d89a5314463db754fec7d3932d01e390c9729904f4d50129962,6cd0b52dd7ce8f064a636e3bfc8de9b2309a7dfb02abb27056836d0416fd20a6,357158a3c01d61e36098ae03786aeb48ee6065502c78a6578078aa2eb8873772,0|1|2|3|4|5|6|7|8|9|10|11|12|13|14,True,True,AGGREGATE_COVERAGE_RIDGE_V1,MISCOVERAGE_TRIGGERED_RESET_V1,1.0,raven_mcs,False
sensorscope,0.4,16,0,sensorscope|a=0.40|b0,WARMUP,16,0.03794505788117866,,0.0,0.05,0,0,0.0364191957774845,False,False,True,False,False,TRUE_UNSAFE,0.0015258621036941603,0,WARMUP,True,FULL_INTERIOR,82444e4f495344856de94b0d72ab4a46843780c232e2f299b300fcafa8c4b4a1,b87cf615ab34b447e87bf447d79b9e4183a6e16fcef6223c57fad7be4aec6502,5b748063c41d4d89a5314463db754fec7d3932d01e390c9729904f4d50129962,5b748063c41d4d89a5314463db754fec7d3932d01e390c9729904f4d50129962,6cd0b52dd7ce8f064a636e3bfc8de9b2309a7dfb02abb27056836d0416fd20a6,357158a3c01d61e36098ae03786aeb48ee6065502c78a6578078aa2eb8873772,0|1|2|3|4|5|6|7|8|9|10|11|12|13|14|15,False,True,AGGREGATE_COVERAGE_RIDGE_V1,MISCOVERAGE_TRIGGERED_RESET_V1,1.0,raven_mcs,False
sensorscope,0.4,17,0,sensorscope|a=0.40|b0,WARMUP,17,0.03815762116240115,,0.0,0.05,0,0,0.0421695951107715,False,False,True,False,False,TRUE_UNSAFE,-0.0040119739483703495,0,WARMUP,True,FULL_INTERIOR,82444e4f495344856de94b0d72ab4a46843780c232e2f299b300fcafa8c4b4a1,b87cf615ab34b447e87bf447d79b9e4183a6e16fcef6223c57fad7be4aec6502,5b748063c41d4d89a5314463db754fec7d3932d01e390c9729904f4d50129962,5b748063c41d4d89a5314463db754fec7d3932d01e390c9729904f4d50129962,6cd0b52dd7ce8f064a636e3bfc8de9b2309a7dfb02abb27056836d0416fd20a6,357158a3c01d61e36098ae03786aeb48ee6065502c78a6578078aa2eb8873772,0|1|2|3|4|5|6|7|8|9|10|11|12|13|14|15|16,True,True,AGGREGATE_COVERAGE_RIDGE_V1,MISCOVERAGE_TRIGGERED_RESET_V1,1.0,raven_mcs,False
sensorscope,0.4,18,0,sensorscope|a=0.40|b0,WARMUP,18,0.038559104778664005,,0.0,0.05,0,0,0.0466699076324744,False,False,True,False,False,TRUE_UNSAFE,-0.008110802853810398,0,CERTIFIED,True,FULL_INTERIOR,82444e4f495344856de94b0d72ab4a46843780c232e2f299b300fcafa8c4b4a1,b87cf615ab34b447e87bf447d79b9e4183a6e16fcef6223c57fad7be4aec6502,5b748063c41d4d89a5314463db754fec7d3932d01e390c9729904f4d50129962,5b748063c41d4d89a5314463db754fec7d3932d01e390c9729904f4d50129962,6cd0b52dd7ce8f064a636e3bfc8de9b2309a7dfb02abb27056836d0416fd20a6,357158a3c01d61e36098ae03786aeb48ee6065502c78a6578078aa2eb8873772,0|1|2|3|4|5|6|7|8|9|10|11|12|13|14|15|16|17,True,True,AGGREGATE_COVERAGE_RIDGE_V1,MISCOVERAGE_TRIGGERED_RESET_V1,1.0,raven_mcs,False
sensorscope,0.4,19,0,sensorscope|a=0.40|b0,CERTIFIED,19,0.039244940241950965,0.01663343467058885,0.022611505571362114,0.05,0,0,0.0396694214876033,False,False,True,False,False,TRUE_UNSAFE,-0.00042448124565233614,0,CERTIFIED,True,FULL_INTERIOR,82444e4f495344856de94b0d72ab4a46843780c232e2f299b300fcafa8c4b4a1,b87cf615ab34b447e87bf447d79b9e4183a6e16fcef6223c57fad7be4aec6502,5b748063c41d4d89a5314463db754fec7d3932d01e390c9729904f4d50129962,5b748063c41d4d89a5314463db754fec7d3932d01e390c9729904f4d50129962,6cd0b52dd7ce8f064a636e3bfc8de9b2309a7dfb02abb27056836d0416fd20a6,357158a3c01d61e36098ae03786aeb48ee6065502c78a6578078aa2eb8873772,0|1|2|3|4|5|6|7|8|9|10|11|12|13|14|15|16|17|18,False,False,AGGREGATE_COVERAGE_RIDGE_V1,MISCOVERAGE_TRIGGERED_RESET_V1,1.0,raven_mcs,False
sensorscope,0.4,20,0,sensorscope|a=0.40|b0,CERTIFIED,20,0.03999580004050207,0.01663343467058885,0.02336236536991322,0.05,0,0,0.0536703937773456,True,False,True,False,True,FALSE_UNSAFE,-0.01367459373684353,0,CERTIFIED,True,FULL_INTERIOR,82444e4f495344856de94b0d72ab4a46843780c232e2f299b300fcafa8c4b4a1,b87cf615ab34b447e87bf447d79b9e4183a6e16fcef6223c57fad7be4aec6502,5b748063c41d4d89a5314463db754fec7d3932d01e390c9729904f4d50129962,5b748063c41d4d89a5314463db754fec7d3932d01e390c9729904f4d50129962,6cd0b52dd7ce8f064a636e3bfc8de9b2309a7dfb02abb27056836d0416fd20a6,357158a3c01d61e36098ae03786aeb48ee6065502c78a6578078aa2eb8873772,0|1|2|3|4|5|6|7|8|9|10|11|12|13|14|15|16|17|18|19,True,False,AGGREGATE_COVERAGE_RIDGE_V1,MISCOVERAGE_TRIGGERED_RESET_V1,1.0,raven_mcs,False
sensorscope,0.4,21,0,sensorscope|a=0.40|b0,CERTIFIED,21,0.04089986584744365,0.01663343467058885,0.0242664311768548,0.05,0,0,0.0443364122508507,False,False,True,False,False,TRUE_UNSAFE,-0.0034365464034070495,0,CERTIFIED,True,FULL_INTERIOR,82444e4f495344856de94b0d72ab4a46843780c232e2f299b300fcafa8c4b4a1,b87cf615ab34b447e87bf447d79b9e4183a6e16fcef6223c57fad7be4aec6502,5b748063c41d4d89a5314463db754fec7d3932d01e390c9729904f4d50129962,5b748063c41d4d89a5314463db754fec7d3932d01e390c9729904f4d50129962,6cd0b52dd7ce8f064a636e3bfc8de9b2309a7dfb02abb27056836d0416fd20a6,357158a3c01d61e36098ae03786aeb48ee6065502c78a6578078aa2eb8873772,0|1|2|3|4|5|6|7|8|9|10|11|12|13|14|15|16|17|18|19|20,True,False,AGGREGATE_COVERAGE_RIDGE_V1,MISCOVERAGE_TRIGGERED_RESET_V1,1.0,raven_mcs,False
sensorscope,0.4,22,0,sensorscope|a=0.40|b0,CERTIFIED,22,0.04180288954688978,0.01663343467058885,0.02516945487630093,0.05,0,0,0.0583373845405931,True,False,True,False,True,FALSE_UNSAFE,-0.016534494993703318,0,CERTIFIED,True,FULL_INTERIOR,82444e4f495344856de94b0d72ab4a46843780c232e2f299b300fcafa8c4b4a1,b87cf615ab34b447e87bf447d79b9e4183a6e16fcef6223c57fad7be4aec6502,5b748063c41d4d89a5314463db754fec7d3932d01e390c9729904f4d50129962,5b748063c41d4d89a5314463db754fec7d3932d01e390c9729904f4d50129962,6cd0b52dd7ce8f064a636e3bfc8de9b2309a7dfb02abb27056836d0416fd20a6,357158a3c01d61e36098ae03786aeb48ee6065502c78a6578078aa2eb8873772,0|1|2|3|4|5|6|7|8|9|10|11|12|13|14|15|16|17|18|19|20|21,True,False,AGGREGATE_COVERAGE_RIDGE_V1,MISCOVERAGE_TRIGGERED_RESET_V1,1.0,raven_mcs,False
sensorscope,0.4,23,0,sensorscope|a=0.40|b0,CERTIFIED,23,0.04269395521108767,0.01663343467058885,0.026060520540498816,0.05,0,0,0.0536703937773456,True,False,True,False,True,FALSE_UNSAFE,-0.010976438566257934,0,CERTIFIED,True,FULL_INTERIOR,82444e4f495344856de94b0d72ab4a46843780c232e2f299b300fcafa8c4b4a1,b87cf615ab34b447e87bf447d79b9e4183a6e16fcef6223c57fad7be4aec6502,5b748063c41d4d89a5314463db754fec7d3932d01e390c9729904f4d50129962,5b748063c41d4d89a5314463db754fec7d3932d01e390c9729904f4d50129962,6cd0b52dd7ce8f064a636e3bfc8de9b2309a7dfb02abb27056836d0416fd20a6,357158a3c01d61e36098ae03786aeb48ee6065502c78a6578078aa2eb8873772,0|1|2|3|4|5|6|7|8|9|10|11|12|13|14|15|16|17|18|19|20|21|22,True,False,AGGREGATE_COVERAGE_RIDGE_V1,MISCOVERAGE_TRIGGERED_RESET_V1,1.0,raven_mcs,False
sensorscope,0.4,24,0,sensorscope|a=0.40|b0,CERTIFIED,24,0.06085002053158804,0.01663343467058885,0.04421658586099919,0.05,0,0,0.0622265435099659,True,False,True,False,True,FALSE_UNSAFE,-0.001376522978377856,0,CERTIFIED,True,FULL_INTERIOR,82444e4f495344856de94b0d72ab4a46843780c232e2f299b300fcafa8c4b4a1,b87cf615ab34b447e87bf447d79b9e4183a6e16fcef6223c57fad7be4aec6502,5b748063c41d4d89a5314463db754fec7d3932d01e390c9729904f4d50129962,5b748063c41d4d89a5314463db754fec7d3932d01e390c9729904f4d50129962,6cd0b52dd7ce8f064a636e3bfc8de9b2309a7dfb02abb27056836d0416fd20a6,357158a3c01d61e36098ae03786aeb48ee6065502c78a6578078aa2eb8873772,0|1|2|3|4|5|6|7|8|9|10|11|12|13|14|15|16|17|18|19|20|21|22|23,False,False,AGGREGATE_COVERAGE_RIDGE_V1,MISCOVERAGE_TRIGGERED_RESET_V1,1.0,raven_mcs,False
sensorscope,0.4,25,0,sensorscope|a=0.40|b0,CERTIFIED,25,0.06150311546434168,0.01663343467058885,0.04486968079375283,0.05,0,0,0.0871171609139523,True,False,True,False,True,FALSE_UNSAFE,-0.02561404544961062,0,CERTIFIED,True,FULL_INTERIOR,82444e4f495344856de94b0d72ab4a46843780c232e2f299b300fcafa8c4b4a1,b87cf615ab34b447e87bf447d79b9e4183a6e16fcef6223c57fad7be4aec6502,5b748063c41d4d89a5314463db754fec7d3932d01e390c9729904f4d50129962,5b748063c41d4d89a5314463db754fec7d3932d01e390c9729904f4d50129962,6cd0b52dd7ce8f064a636e3bfc8de9b2309a7dfb02abb27056836d0416fd20a6,357158a3c01d61e36098ae03786aeb48ee6065502c78a6578078aa2eb8873772,0|1|2|3|4|5|6|7|8|9|10|11|12|13|14|15|16|17|18|19|20|21|22|23|24,False,False,AGGREGATE_COVERAGE_RIDGE_V1,MISCOVERAGE_TRIGGERED_RESET_V1,1.0,raven_mcs,False
sensorscope,0.4,26,0,sensorscope|a=0.40|b0,CERTIFIED,26,0.06213949301991054,0.01663343467058885,0.04550605834932169,0.05,0,0,0.0560038891589693,True,False,True,False,True,FALSE_UNSAFE,0.006135603860941245,0,CERTIFIED,True,FULL_INTERIOR,82444e4f495344856de94b0d72ab4a46843780c232e2f299b300fcafa8c4b4a1,b87cf615ab34b447e87bf447d79b9e4183a6e16fcef6223c57fad7be4aec6502,5b748063c41d4d89a5314463db754fec7d3932d01e390c9729904f4d50129962,5b748063c41d4d89a5314463db754fec7d3932d01e390c9729904f4d50129962,6cd0b52dd7ce8f064a636e3bfc8de9b2309a7dfb02abb27056836d0416fd20a6,357158a3c01d61e36098ae03786aeb48ee6065502c78a6578078aa2eb8873772,0|1|2|3|4|5|6|7|8|9|10|11|12|13|14|15|16|17|18|19|20|21|22|23|24|25,True,False,AGGREGATE_COVERAGE_RIDGE_V1,MISCOVERAGE_TRIGGERED_RESET_V1,1.0,raven_mcs,False
sensorscope,0.4,27,0,sensorscope|a=0.40|b0,CERTIFIED,27,0.06231312370351307,0.01663343467058885,0.04567968903292422,0.05,0,0,0.0653378706854642,True,False,True,False,True,FALSE_UNSAFE,-0.0030247469819511333,0,CERTIFIED,True,FULL_INTERIOR,82444e4f495344856de94b0d72ab4a46843780c232e2f299b300fcafa8c4b4a1,b87cf615ab34b447e87bf447d79b9e4183a6e16fcef6223c57fad7be4aec6502,5b748063c41d4d89a5314463db754fec7d3932d01e390c9729904f4d50129962,5b748063c41d4d89a5314463db754fec7d3932d01e390c9729904f4d50129962,6cd0b52dd7ce8f064a636e3bfc8de9b2309a7dfb02abb27056836d0416fd20a6,357158a3c01d61e36098ae03786aeb48ee6065502c78a6578078aa2eb8873772,0|1|2|3|4|5|6|7|8|9|10|11|12|13|14|15|16|17|18|19|20|21|22|23|24|25|26,False,False,AGGREGATE_COVERAGE_RIDGE_V1,MISCOVERAGE_TRIGGERED_RESET_V1,1.0,raven_mcs,False
sensorscope,0.4,28,0,sensorscope|a=0.40|b0,CERTIFIED,28,0.06220690383347253,0.01663343467058885,0.04557346916288368,0.05,0,0,0.0746718522119591,True,False,True,False,True,FALSE_UNSAFE,-0.012464948378486572,0,CERTIFIED,True,FULL_INTERIOR,82444e4f495344856de94b0d72ab4a46843780c232e2f299b300fcafa8c4b4a1,b87cf615ab34b447e87bf447d79b9e4183a6e16fcef6223c57fad7be4aec6502,5b748063c41d4d89a5314463db754fec7d3932d01e390c9729904f4d50129962,5b748063c41d4d89a5314463db754fec7d3932d01e390c9729904f4d50129962,6cd0b52dd7ce8f064a636e3bfc8de9b2309a7dfb02abb27056836d0416fd20a6,357158a3c01d61e36098ae03786aeb48ee6065502c78a6578078aa2eb8873772,0|1|2|3|4|5|6|7|8|9|10|11|12|13|14|15|16|17|18|19|20|21|22|23|24|25|26|27,False,False,AGGREGATE_COVERAGE_RIDGE_V1,MISCOVERAGE_TRIGGERED_RESET_V1,1.0,raven_mcs,False
sensorscope,0.4,29,0,sensorscope|a=0.40|b0,CERTIFIED,29,0.06207952421532551,0.01663343467058885,0.04544608954473666,0.05,0,0,0.0591152163344676,True,False,True,False,True,FALSE_UNSAFE,0.0029643078808579137,0,CERTIFIED,True,FULL_INTERIOR,82444e4f495344856de94b0d72ab4a46843780c232e2f299b300fcafa8c4b4a1,b87cf615ab34b447e87bf447d79b9e4183a6e16fcef6223c57fad7be4aec6502,5b748063c41d4d89a5314463db754fec7d3932d01e390c9729904f4d50129962,5b748063c41d4d89a5314463db754fec7d3932d01e390c9729904f4d50129962,6cd0b52dd7ce8f064a636e3bfc8de9b2309a7dfb02abb27056836d0416fd20a6,357158a3c01d61e36098ae03786aeb48ee6065502c78a6578078aa2eb8873772,0|1|2|3|4|5|6|7|8|9|10|11|12|13|14|15|16|17|18|19|20|21|22|23|24|25|26|27|28,True,False,AGGREGATE_COVERAGE_RIDGE_V1,MISCOVERAGE_TRIGGERED_RESET_V1,1.0,raven_mcs,False
sensorscope,0.4,30,0,sensorscope|a=0.40|b0,CERTIFIED,30,0.06159098556243109,0.01663343467058885,0.04495755089184224,0.05,0,0,0.0641711229946524,True,False,True,False,True,FALSE_UNSAFE,-0.0025801374322213105,0,CERTIFIED,True,FULL_INTERIOR,82444e4f495344856de94b0d72ab4a46843780c232e2f299b300fcafa8c4b4a1,b87cf615ab34b447e87bf447d79b9e4183a6e16fcef6223c57fad7be4aec6502,5b748063c41d4d89a5314463db754fec7d3932d01e390c9729904f4d50129962,5b748063c41d4d89a5314463db754fec7d3932d01e390c9729904f4d50129962,6cd0b52dd7ce8f064a636e3bfc8de9b2309a7dfb02abb27056836d0416fd20a6,357158a3c01d61e36098ae03786aeb48ee6065502c78a6578078aa2eb8873772,0|1|2|3|4|5|6|7|8|9|10|11|12|13|14|15|16|17|18|19|20|21|22|23|24|25|26|27|28|29,False,False,AGGREGATE_COVERAGE_RIDGE_V1,MISCOVERAGE_TRIGGERED_RESET_V1,1.0,raven_mcs,False
sensorscope,0.4,31,0,sensorscope|a=0.40|b0,CERTIFIED,31,0.0609120644821473,0.01663343467058885,0.04427862981155845,0.05,0,0,0.0816723383568303,True,False,True,False,True,FALSE_UNSAFE,-0.020760273874682995,0,CERTIFIED,True,FULL_INTERIOR,82444e4f495344856de94b0d72ab4a46843780c232e2f299b300fcafa8c4b4a1,b87cf615ab34b447e87bf447d79b9e4183a6e16fcef6223c57fad7be4aec6502,5b748063c41d4d89a5314463db754fec7d3932d01e390c9729904f4d50129962,5b748063c41d4d89a5314463db754fec7d3932d01e390c9729904f4d50129962,6cd0b52dd7ce8f064a636e3bfc8de9b2309a7dfb02abb27056836d0416fd20a6,357158a3c01d61e36098ae03786aeb48ee6065502c78a6578078aa2eb8873772,0|1|2|3|4|5|6|7|8|9|10|11|12|13|14|15|16|17|18|19|20|21|22|23|24|25|26|27|28|29|30,False,False,AGGREGATE_COVERAGE_RIDGE_V1,MISCOVERAGE_TRIGGERED_RESET_V1,1.0,raven_mcs,False
sensorscope,0.4,32,0,sensorscope|a=0.40|b0,CERTIFIED,32,0.06027453944759553,0.01663343467058885,0.04364110477700668,0.05,0,0,0.0700048614487117,True,False,True,False,True,FALSE_UNSAFE,-0.009730322001116162,0,CERTIFIED,True,FULL_INTERIOR,82444e4f495344856de94b0d72ab4a46843780c232e2f299b300fcafa8c4b4a1,b87cf615ab34b447e87bf447d79b9e4183a6e16fcef6223c57fad7be4aec6502,5b748063c41d4d89a5314463db754fec7d3932d01e390c9729904f4d50129962,5b748063c41d4d89a5314463db754fec7d3932d01e390c9729904f4d50129962,6cd0b52dd7ce8f064a636e3bfc8de9b2309a7dfb02abb27056836d0416fd20a6,357158a3c01d61e36098ae03786aeb48ee6065502c78a6578078aa2eb8873772,0|1|2|3|4|5|6|7|8|9|10|11|12|13|14|15|16|17|18|19|20|21|22|23|24|25|26|27|28|29|30|31,False,False,AGGREGATE_COVERAGE_RIDGE_V1,MISCOVERAGE_TRIGGERED_RESET_V1,1.0,raven_mcs,False
sensorscope,0.4,33,0,sensorscope|a=0.40|b0,CERTIFIED,33,0.059440914325302914,0.01663343467058885,0.04280747965471406,0.05,0,0,0.067087992221682,True,False,True,False,True,FALSE_UNSAFE,-0.007647077896379091,0,CERTIFIED,True,FULL_INTERIOR,82444e4f495344856de94b0d72ab4a46843780c232e2f299b300fcafa8c4b4a1,b87cf615ab34b447e87bf447d79b9e4183a6e16fcef6223c57fad7be4aec6502,5b748063c41d4d89a5314463db754fec7d3932d01e390c9729904f4d50129962,5b748063c41d4d89a5314463db754fec7d3932d01e390c9729904f4d50129962,6cd0b52dd7ce8f064a636e3bfc8de9b2309a7dfb02abb27056836d0416fd20a6,357158a3c01d61e36098ae03786aeb48ee6065502c78a6578078aa2eb8873772,0|1|2|3|4|5|6|7|8|9|10|11|12|13|14|15|16|17|18|19|20|21|22|23|24|25|26|27|28|29|30|31|32,False,False,AGGREGATE_COVERAGE_RIDGE_V1,MISCOVERAGE_TRIGGERED_RESET_V1,1.0,raven_mcs,False
sensorscope,0.4,34,0,sensorscope|a=0.40|b0,CERTIFIED,34,0.058478316859985766,0.01663343467058885,0.041844882189396915,0.05,0,0,0.067087992221682,True,False,True,False,True,FALSE_UNSAFE,-0.00860967536169624,0,CERTIFIED,True,FULL_INTERIOR,82444e4f495344856de94b0d72ab4a46843780c232e2f299b300fcafa8c4b4a1,b87cf615ab34b447e87bf447d79b9e4183a6e16fcef6223c57fad7be4aec6502,5b748063c41d4d89a5314463db754fec7d3932d01e390c9729904f4d50129962,5b748063c41d4d89a5314463db754fec7d3932d01e390c9729904f4d50129962,6cd0b52dd7ce8f064a636e3bfc8de9b2309a7dfb02abb27056836d0416fd20a6,357158a3c01d61e36098ae03786aeb48ee6065502c78a6578078aa2eb8873772,0|1|2|3|4|5|6|7|8|9|10|11|12|13|14|15|16|17|18|19|20|21|22|23|24|25|26|27|28|29|30|31|32|33,False,False,AGGREGATE_COVERAGE_RIDGE_V1,MISCOVERAGE_TRIGGERED_RESET_V1,1.0,raven_mcs,False
sensorscope,0.4,35,0,sensorscope|a=0.40|b0,CERTIFIED,35,0.0576092858581681,0.01663343467058885,0.04097585118757925,0.05,0,0,0.0641711229946524,True,False,True,False,True,FALSE_UNSAFE,-0.006561837136484297,0,CERTIFIED,True,FULL_INTERIOR,82444e4f495344856de94b0d72ab4a46843780c232e2f299b300fcafa8c4b4a1,b87cf615ab34b447e87bf447d79b9e4183a6e16fcef6223c57fad7be4aec6502,5b748063c41d4d89a5314463db754fec7d3932d01e390c9729904f4d50129962,5b748063c41d4d89a5314463db754fec7d3932d01e390c9729904f4d50129962,6cd0b52dd7ce8f064a636e3bfc8de9b2309a7dfb02abb27056836d0416fd20a6,357158a3c01d61e36098ae03786aeb48ee6065502c78a6578078aa2eb8873772,0|1|2|3|4|5|6|7|8|9|10|11|12|13|14|15|16|17|18|19|20|21|22|23|24|25|26|27|28|29|30|31|32|33|34,False,False,AGGREGATE_COVERAGE_RIDGE_V1,MISCOVERAGE_TRIGGERED_RESET_V1,1.0,raven_mcs,False
sensorscope,0.4,36,0,sensorscope|a=0.40|b0,CERTIFIED,36,0.056826438728669756,0.01663343467058885,0.040193004058080906,0.05,0,0,0.0587818598513785,True,False,True,False,True,FALSE_UNSAFE,-0.001955421122708745,0,CERTIFIED,True,FULL_INTERIOR,82444e4f495344856de94b0d72ab4a46843780c232e2f299b300fcafa8c4b4a1,b87cf615ab34b447e87bf447d79b9e4183a6e16fcef6223c57fad7be4aec6502,5b748063c41d4d89a5314463db754fec7d3932d01e390c9729904f4d50129962,5b748063c41d4d89a5314463db754fec7d3932d01e390c9729904f4d50129962,6cd0b52dd7ce8f064a636e3bfc8de9b2309a7dfb02abb27056836d0416fd20a6,357158a3c01d61e36098ae03786aeb48ee6065502c78a6578078aa2eb8873772,0|1|2|3|4|5|6|7|8|9|10|11|12|13|14|15|16|17|18|19|20|21|22|23|24|25|26|27|28|29|30|31|32|33|34|35,True,False,AGGREGATE_COVERAGE_RIDGE_V1,MISCOVERAGE_TRIGGERED_RESET_V1,1.0,raven_mcs,False
sensorscope,0.4,37,0,sensorscope|a=0.40|b0,CERTIFIED,37,0.05615442959007413,0.01663343467058885,0.039520994919485276,0.05,0,0,0.0485589277033127,False,False,True,False,False,TRUE_UNSAFE,0.007595501886761426,0,CERTIFIED,True,FULL_INTERIOR,82444e4f495344856de94b0d72ab4a46843780c232e2f299b300fcafa8c4b4a1,b87cf615ab34b447e87bf447d79b9e4183a6e16fcef6223c57fad7be4aec6502,5b748063c41d4d89a5314463db754fec7d3932d01e390c9729904f4d50129962,5b748063c41d4d89a5314463db754fec7d3932d01e390c9729904f4d50129962,6cd0b52dd7ce8f064a636e3bfc8de9b2309a7dfb02abb27056836d0416fd20a6,357158a3c01d61e36098ae03786aeb48ee6065502c78a6578078aa2eb8873772,0|1|2|3|4|5|6|7|8|9|10|11|12|13|14|15|16|17|18|19|20|21|22|23|24|25|26|27|28|29|30|31|32|33|34|35|36,True,False,AGGREGATE_COVERAGE_RIDGE_V1,MISCOVERAGE_TRIGGERED_RESET_V1,1.0,raven_mcs,False
sensorscope,0.4,38,0,sensorscope|a=0.40|b0,CERTIFIED,38,0.05562390126991697,0.01663343467058885,0.038990466599328116,0.05,0,0,0.0638933259254115,True,False,True,False,True,FALSE_UNSAFE,-0.008269424655494531,0,CERTIFIED,True,FULL_INTERIOR,82444e4f495344856de94b0d72ab4a46843780c232e2f299b300fcafa8c4b4a1,b87cf615ab34b447e87bf447d79b9e4183a6e16fcef6223c57fad7be4aec6502,5b748063c41d4d89a5314463db754fec7d3932d01e390c9729904f4d50129962,5b748063c41d4d89a5314463db754fec7d3932d01e390c9729904f4d50129962,6cd0b52dd7ce8f064a636e3bfc8de9b2309a7dfb02abb27056836d0416fd20a6,357158a3c01d61e36098ae03786aeb48ee6065502c78a6578078aa2eb8873772,0|1|2|3|4|5|6|7|8|9|10|11|12|13|14|15|16|17|18|19|20|21|22|23|24|25|26|27|28|29|30|31|32|33|34|35|36|37,False,False,AGGREGATE_COVERAGE_RIDGE_V1,MISCOVERAGE_TRIGGERED_RESET_V1,1.0,raven_mcs,False
sensorscope,0.4,39,0,sensorscope|a=0.40|b0,CERTIFIED,39,0.05543410384857305,0.016210684825937613,0.03922341902263544,0.05,0,0,0.0511146607403291,True,False,True,False,True,FALSE_UNSAFE,0.004319443108243948,0,CERTIFIED,True,FULL_INTERIOR,82444e4f495344856de94b0d72ab4a46843780c232e2f299b300fcafa8c4b4a1,b87cf615ab34b447e87bf447d79b9e4183a6e16fcef6223c57fad7be4aec6502,5b748063c41d4d89a5314463db754fec7d3932d01e390c9729904f4d50129962,5b748063c41d4d89a5314463db754fec7d3932d01e390c9729904f4d50129962,6cd0b52dd7ce8f064a636e3bfc8de9b2309a7dfb02abb27056836d0416fd20a6,357158a3c01d61e36098ae03786aeb48ee6065502c78a6578078aa2eb8873772,0|1|2|3|4|5|6|7|8|9|10|11|12|13|14|15|16|17|18|19|20|21|22|23|24|25|26|27|28|29|30|31|32|33|34|35|36|37|38,True,False,AGGREGATE_COVERAGE_RIDGE_V1,MISCOVERAGE_TRIGGERED_RESET_V1,1.0,raven_mcs,False
sensorscope,0.4,40,0,sensorscope|a=0.40|b0,CERTIFIED,40,0.05543851175552943,0.016210684825937613,0.039227826929591814,0.05,0,0,0.0485589277033127,False,False,True,False,False,TRUE_UNSAFE,0.006879584052216725,0,CERTIFIED,True,FULL_INTERIOR,82444e4f495344856de94b0d72ab4a46843780c232e2f299b300fcafa8c4b4a1,b87cf615ab34b447e87bf447d79b9e4183a6e16fcef6223c57fad7be4aec6502,5b748063c41d4d89a5314463db754fec7d3932d01e390c9729904f4d50129962,5b748063c41d4d89a5314463db754fec7d3932d01e390c9729904f4d50129962,6cd0b52dd7ce8f064a636e3bfc8de9b2309a7dfb02abb27056836d0416fd20a6,357158a3c01d61e36098ae03786aeb48ee6065502c78a6578078aa2eb8873772,0|1|2|3|4|5|6|7|8|9|10|11|12|13|14|15|16|17|18|19|20|21|22|23|24|25|26|27|28|29|30|31|32|33|34|35|36|37|38|39,True,False,AGGREGATE_COVERAGE_RIDGE_V1,MISCOVERAGE_TRIGGERED_RESET_V1,1.0,raven_mcs,False
sensorscope,0.4,41,0,sensorscope|a=0.40|b0,CERTIFIED,41,0.05558779758235871,0.016210684825937613,0.0393771127564211,0.05,0,0,0.0562261268143621,True,False,True,False,True,FALSE_UNSAFE,-0.0006383292320033887,0,CERTIFIED,True,FULL_INTERIOR,82444e4f495344856de94b0d72ab4a46843780c232e2f299b300fcafa8c4b4a1,b87cf615ab34b447e87bf447d79b9e4183a6e16fcef6223c57fad7be4aec6502,5b748063c41d4d89a5314463db754fec7d3932d01e390c9729904f4d50129962,5b748063c41d4d89a5314463db754fec7d3932d01e390c9729904f4d50129962,6cd0b52dd7ce8f064a636e3bfc8de9b2309a7dfb02abb27056836d0416fd20a6,357158a3c01d61e36098ae03786aeb48ee6065502c78a6578078aa2eb8873772,0|1|2|3|4|5|6|7|8|9|10|11|12|13|14|15|16|17|18|19|20|21|22|23|24|25|26|27|28|29|30|31|32|33|34|35|36|37|38|39|40,True,False,AGGREGATE_COVERAGE_RIDGE_V1,MISCOVERAGE_TRIGGERED_RESET_V1,1.0,raven_mcs,False
sensorscope,0.4,42,0,sensorscope|a=0.40|b0,CERTIFIED,42,0.05606401518757124,0.016210684825937613,0.039853330361633625,0.05,0,0,0.0303354399611084,False,False,False,False,False,TRUE_UNSAFE,0.025728575226462838,1,RESET,True,FULL_INTERIOR,82444e4f495344856de94b0d72ab4a46843780c232e2f299b300fcafa8c4b4a1,b87cf615ab34b447e87bf447d79b9e4183a6e16fcef6223c57fad7be4aec6502,5b748063c41d4d89a5314463db754fec7d3932d01e390c9729904f4d50129962,5b748063c41d4d89a5314463db754fec7d3932d01e390c9729904f4d50129962,6cd0b52dd7ce8f064a636e3bfc8de9b2309a7dfb02abb27056836d0416fd20a6,357158a3c01d61e36098ae03786aeb48ee6065502c78a6578078aa2eb8873772,0|1|2|3|4|5|6|7|8|9|10|11|12|13|14|15|16|17|18|19|20|21|22|23|24|25|26|27|28|29|30|31|32|33|34|35|36|37|38|39|40|41,False,False,AGGREGATE_COVERAGE_RIDGE_V1,MISCOVERAGE_TRIGGERED_RESET_V1,1.0,raven_mcs,False
sensorscope,0.4,43,1,sensorscope|a=0.40|b1,RESET,0,0.05721164704260943,,0.0,0.05,0,0,0.0466699076324744,False,False,True,False,False,TRUE_UNSAFE,0.010541739410135025,0,WARMUP,True,FULL_INTERIOR,82444e4f495344856de94b0d72ab4a46843780c232e2f299b300fcafa8c4b4a1,b87cf615ab34b447e87bf447d79b9e4183a6e16fcef6223c57fad7be4aec6502,177019beb46aa8cda6719bcccf5270093eca1e983e3784fa7b2b0cc599c963c6,177019beb46aa8cda6719bcccf5270093eca1e983e3784fa7b2b0cc599c963c6,6cd0b52dd7ce8f064a636e3bfc8de9b2309a7dfb02abb27056836d0416fd20a6,357158a3c01d61e36098ae03786aeb48ee6065502c78a6578078aa2eb8873772,,True,True,AGGREGATE_COVERAGE_RIDGE_V1,MISCOVERAGE_TRIGGERED_RESET_V1,1.0,raven_mcs,False
sensorscope,0.4,44,1,sensorscope|a=0.40|b1,WARMUP,1,0.05793226725065112,,0.0,0.05,0,0,0.0443364122508507,False,False,True,False,False,TRUE_UNSAFE,0.01359585499980042,0,WARMUP,True,FULL_INTERIOR,82444e4f495344856de94b0d72ab4a46843780c232e2f299b300fcafa8c4b4a1,b87cf615ab34b447e87bf447d79b9e4183a6e16fcef6223c57fad7be4aec6502,177019beb46aa8cda6719bcccf5270093eca1e983e3784fa7b2b0cc599c963c6,177019beb46aa8cda6719bcccf5270093eca1e983e3784fa7b2b0cc599c963c6,6cd0b52dd7ce8f064a636e3bfc8de9b2309a7dfb02abb27056836d0416fd20a6,357158a3c01d61e36098ae03786aeb48ee6065502c78a6578078aa2eb8873772,43,True,True,AGGREGATE_COVERAGE_RIDGE_V1,MISCOVERAGE_TRIGGERED_RESET_V1,1.0,raven_mcs,False
sensorscope,0.4,45,1,sensorscope|a=0.40|b1,WARMUP,2,0.05886617049198383,,0.0,0.05,0,0,0.0443364122508507,False,False,True,False,False,TRUE_UNSAFE,0.014529758241133131,0,WARMUP,True,FULL_INTERIOR,82444e4f495344856de94b0d72ab4a46843780c232e2f299b300fcafa8c4b4a1,b87cf615ab34b447e87bf447d79b9e4183a6e16fcef6223c57fad7be4aec6502,177019beb46aa8cda6719bcccf5270093eca1e983e3784fa7b2b0cc599c963c6,177019beb46aa8cda6719bcccf5270093eca1e983e3784fa7b2b0cc599c963c6,6cd0b52dd7ce8f064a636e3bfc8de9b2309a7dfb02abb27056836d0416fd20a6,357158a3c01d61e36098ae03786aeb48ee6065502c78a6578078aa2eb8873772,43|44,True,True,AGGREGATE_COVERAGE_RIDGE_V1,MISCOVERAGE_TRIGGERED_RESET_V1,1.0,raven_mcs,False
sensorscope,0.4,46,1,sensorscope|a=0.40|b1,WARMUP,3,0.05970256572572285,,0.0,0.05,0,0,0.042002916869227,False,False,True,False,False,TRUE_UNSAFE,0.017699648856495852,0,WARMUP,True,FULL_INTERIOR,82444e4f495344856de94b0d72ab4a46843780c232e2f299b300fcafa8c4b4a1,b87cf615ab34b447e87bf447d79b9e4183a6e16fcef6223c57fad7be4aec6502,177019beb46aa8cda6719bcccf5270093eca1e983e3784fa7b2b0cc599c963c6,177019beb46aa8cda6719bcccf5270093eca1e983e3784fa7b2b0cc599c963c6,6cd0b52dd7ce8f064a636e3bfc8de9b2309a7dfb02abb27056836d0416fd20a6,357158a3c01d61e36098ae03786aeb48ee6065502c78a6578078aa2eb8873772,43|44|45,True,True,AGGREGATE_COVERAGE_RIDGE_V1,MISCOVERAGE_TRIGGERED_RESET_V1,1.0,raven_mcs,False
sensorscope,0.4,47,1,sensorscope|a=0.40|b1,WARMUP,4,0.06048755632274527,,0.0,0.05,0,0,0.042002916869227,False,False,True,False,False,TRUE_UNSAFE,0.018484639453518276,0,WARMUP,True,FULL_INTERIOR,82444e4f495344856de94b0d72ab4a46843780c232e2f299b300fcafa8c4b4a1,b87cf615ab34b447e87bf447d79b9e4183a6e16fcef6223c57fad7be4aec6502,177019beb46aa8cda6719bcccf5270093eca1e983e3784fa7b2b0cc599c963c6,177019beb46aa8cda6719bcccf5270093eca1e983e3784fa7b2b0cc599c963c6,6cd0b52dd7ce8f064a636e3bfc8de9b2309a7dfb02abb27056836d0416fd20a6,357158a3c01d61e36098ae03786aeb48ee6065502c78a6578078aa2eb8873772,43|44|45|46,True,True,AGGREGATE_COVERAGE_RIDGE_V1,MISCOVERAGE_TRIGGERED_RESET_V1,1.0,raven_mcs,False
sensorscope,0.4,48,1,sensorscope|a=0.40|b1,WARMUP,5,0.06116819578744223,,0.0,0.05,0,0,0.0902284880894506,True,False,True,False,True,FALSE_UNSAFE,-0.029060292302008364,0,WARMUP,True,FULL_INTERIOR,82444e4f495344856de94b0d72ab4a46843780c232e2f299b300fcafa8c4b4a1,b87cf615ab34b447e87bf447d79b9e4183a6e16fcef6223c57fad7be4aec6502,177019beb46aa8cda6719bcccf5270093eca1e983e3784fa7b2b0cc599c963c6,177019beb46aa8cda6719bcccf5270093eca1e983e3784fa7b2b0cc599c963c6,6cd0b52dd7ce8f064a636e3bfc8de9b2309a7dfb02abb27056836d0416fd20a6,357158a3c01d61e36098ae03786aeb48ee6065502c78a6578078aa2eb8873772,43|44|45|46|47,False,True,AGGREGATE_COVERAGE_RIDGE_V1,MISCOVERAGE_TRIGGERED_RESET_V1,1.0,raven_mcs,False
sensorscope,0.4,49,1,sensorscope|a=0.40|b1,WARMUP,6,0.06204858169154833,,0.0,0.05,0,0,0.0653378706854642,True,False,True,False,True,FALSE_UNSAFE,-0.0032892889939158745,0,WARMUP,True,FULL_INTERIOR,82444e4f495344856de94b0d72ab4a46843780c232e2f299b300fcafa8c4b4a1,b87cf615ab34b447e87bf447d79b9e4183a6e16fcef6223c57fad7be4aec6502,177019beb46aa8cda6719bcccf5270093eca1e983e3784fa7b2b0cc599c963c6,177019beb46aa8cda6719bcccf5270093eca1e983e3784fa7b2b0cc599c963c6,6cd0b52dd7ce8f064a636e3bfc8de9b2309a7dfb02abb27056836d0416fd20a6,357158a3c01d61e36098ae03786aeb48ee6065502c78a6578078aa2eb8873772,43|44|45|46|47|48,False,True,AGGREGATE_COVERAGE_RIDGE_V1,MISCOVERAGE_TRIGGERED_RESET_V1,1.0,raven_mcs,False
sensorscope,0.4,50,1,sensorscope|a=0.40|b1,WARMUP,7,0.06255310668384503,,0.0,0.05,0,0,0.0653378706854642,True,False,True,False,True,FALSE_UNSAFE,-0.002784764001619172,0,WARMUP,True,FULL_INTERIOR,82444e4f495344856de94b0d72ab4a46843780c232e2f299b300fcafa8c4b4a1,b87cf615ab34b447e87bf447d79b9e4183a6e16fcef6223c57fad7be4aec6502,177019beb46aa8cda6719bcccf5270093eca1e983e3784fa7b2b0cc599c963c6,177019beb46aa8cda6719bcccf5270093eca1e983e3784fa7b2b0cc599c963c6,6cd0b52dd7ce8f064a636e3bfc8de9b2309a7dfb02abb27056836d0416fd20a6,357158a3c01d61e36098ae03786aeb48ee6065502c78a6578078aa2eb8873772,43|44|45|46|47|48|49,False,True,AGGREGATE_COVERAGE_RIDGE_V1,MISCOVERAGE_TRIGGERED_RESET_V1,1.0,raven_mcs,False
sensorscope,0.4,51,1,sensorscope|a=0.40|b1,WARMUP,8,0.06253576396289132,,0.0,0.05,0,0,0.0715605250364608,True,False,True,False,True,FALSE_UNSAFE,-0.00902476107356949,0,WARMUP,True,FULL_INTERIOR,82444e4f495344856de94b0d72ab4a46843780c232e2f299b300fcafa8c4b4a1,b87cf615ab34b447e87bf447d79b9e4183a6e16fcef6223c57fad7be4aec6502,177019beb46aa8cda6719bcccf5270093eca1e983e3784fa7b2b0cc599c963c6,177019beb46aa8cda6719bcccf5270093eca1e983e3784fa7b2b0cc599c963c6,6cd0b52dd7ce8f064a636e3bfc8de9b2309a7dfb02abb27056836d0416fd20a6,357158a3c01d61e36098ae03786aeb48ee6065502c78a6578078aa2eb8873772,43|44|45|46|47|48|49|50,False,True,AGGREGATE_COVERAGE_RIDGE_V1,MISCOVERAGE_TRIGGERED_RESET_V1,1.0,raven_mcs,False
sensorscope,0.4,52,1,sensorscope|a=0.40|b1,WARMUP,9,0.06249836590686259,,0.0,0.05,0,0,0.0746718522119591,True,False,True,False,True,FALSE_UNSAFE,-0.012173486305096508,0,WARMUP,True,FULL_INTERIOR,82444e4f495344856de94b0d72ab4a46843780c232e2f299b300fcafa8c4b4a1,b87cf615ab34b447e87bf447d79b9e4183a6e16fcef6223c57fad7be4aec6502,177019beb46aa8cda6719bcccf5270093eca1e983e3784fa7b2b0cc599c963c6,177019beb46aa8cda6719bcccf5270093eca1e983e3784fa7b2b0cc599c963c6,6cd0b52dd7ce8f064a636e3bfc8de9b2309a7dfb02abb27056836d0416fd20a6,357158a3c01d61e36098ae03786aeb48ee6065502c78a6578078aa2eb8873772,43|44|45|46|47|48|49|50|51,False,True,AGGREGATE_COVERAGE_RIDGE_V1,MISCOVERAGE_TRIGGERED_RESET_V1,1.0,raven_mcs,False
sensorscope,0.4,53,1,sensorscope|a=0.40|b1,WARMUP,10,0.06226241567668118,,0.0,0.05,0,0,0.0435585804569761,False,False,True,False,False,TRUE_UNSAFE,0.018703835219705076,0,WARMUP,True,FULL_INTERIOR,82444e4f495344856de94b0d72ab4a46843780c232e2f299b300fcafa8c4b4a1,b87cf615ab34b447e87bf447d79b9e4183a6e16fcef6223c57fad7be4aec6502,177019beb46aa8cda6719bcccf5270093eca1e983e3784fa7b2b0cc599c963c6,177019beb46aa8cda6719bcccf5270093eca1e983e3784fa7b2b0cc599c963c6,6cd0b52dd7ce8f064a636e3bfc8de9b2309a7dfb02abb27056836d0416fd20a6,357158a3c01d61e36098ae03786aeb48ee6065502c78a6578078aa2eb8873772,43|44|45|46|47|48|49|50|51|52,True,True,AGGREGATE_COVERAGE_RIDGE_V1,MISCOVERAGE_TRIGGERED_RESET_V1,1.0,raven_mcs,False
sensorscope,0.4,54,1,sensorscope|a=0.40|b1,WARMUP,11,0.06156938098524243,,0.0,0.05,0,0,0.075838599902771,True,False,True,False,True,FALSE_UNSAFE,-0.014269218917528574,0,WARMUP,True,FULL_INTERIOR,82444e4f495344856de94b0d72ab4a46843780c232e2f299b300fcafa8c4b4a1,b87cf615ab34b447e87bf447d79b9e4183a6e16fcef6223c57fad7be4aec6502,177019beb46aa8cda6719bcccf5270093eca1e983e3784fa7b2b0cc599c963c6,177019beb46aa8cda6719bcccf5270093eca1e983e3784fa7b2b0cc599c963c6,6cd0b52dd7ce8f064a636e3bfc8de9b2309a7dfb02abb27056836d0416fd20a6,357158a3c01d61e36098ae03786aeb48ee6065502c78a6578078aa2eb8873772,43|44|45|46|47|48|49|50|51|52|53,False,True,AGGREGATE_COVERAGE_RIDGE_V1,MISCOVERAGE_TRIGGERED_RESET_V1,1.0,raven_mcs,False
sensorscope,0.4,55,1,sensorscope|a=0.40|b1,WARMUP,12,0.06092525979083135,,0.0,0.05,0,0,0.0525036460865337,True,False,True,False,True,FALSE_UNSAFE,0.00842161370429765,0,WARMUP,True,FULL_INTERIOR,82444e4f495344856de94b0d72ab4a46843780c232e2f299b300fcafa8c4b4a1,b87cf615ab34b447e87bf447d79b9e4183a6e16fcef6223c57fad7be4aec6502,177019beb46aa8cda6719bcccf5270093eca1e983e3784fa7b2b0cc599c963c6,177019beb46aa8cda6719bcccf5270093eca1e983e3784fa7b2b0cc599c963c6,6cd0b52dd7ce8f064a636e3bfc8de9b2309a7dfb02abb27056836d0416fd20a6,357158a3c01d61e36098ae03786aeb48ee6065502c78a6578078aa2eb8873772,43|44|45|46|47|48|49|50|51|52|53|54,True,True,AGGREGATE_COVERAGE_RIDGE_V1,MISCOVERAGE_TRIGGERED_RESET_V1,1.0,raven_mcs,False
sensorscope,0.4,56,1,sensorscope|a=0.40|b1,WARMUP,13,0.060192804956821666,,0.0,0.05,0,0,0.0495867768595041,False,False,True,False,False,TRUE_UNSAFE,0.010606028097317567,0,WARMUP,True,FULL_INTERIOR,82444e4f495344856de94b0d72ab4a46843780c232e2f299b300fcafa8c4b4a1,b87cf615ab34b447e87bf447d79b9e4183a6e16fcef6223c57fad7be4aec6502,177019beb46aa8cda6719bcccf5270093eca1e983e3784fa7b2b0cc599c963c6,177019beb46aa8cda6719bcccf5270093eca1e983e3784fa7b2b0cc599c963c6,6cd0b52dd7ce8f064a636e3bfc8de9b2309a7dfb02abb27056836d0416fd20a6,357158a3c01d61e36098ae03786aeb48ee6065502c78a6578078aa2eb8873772,43|44|45|46|47|48|49|50|51|52|53|54|55,True,True,AGGREGATE_COVERAGE_RIDGE_V1,MISCOVERAGE_TRIGGERED_RESET_V1,1.0,raven_mcs,False
sensorscope,0.4,57,1,sensorscope|a=0.40|b1,WARMUP,14,0.05917193061752662,,0.0,0.05,0,0,0.0612542537676227,True,False,True,False,True,FALSE_UNSAFE,-0.0020823231500960854,0,WARMUP,True,FULL_INTERIOR,82444e4f495344856de94b0d72ab4a46843780c232e2f299b300fcafa8c4b4a1,b87cf615ab34b447e87bf447d79b9e4183a6e16fcef6223c57fad7be4aec6502,177019beb46aa8cda6719bcccf5270093eca1e983e3784fa7b2b0cc599c963c6,177019beb46aa8cda6719bcccf5270093eca1e983e3784fa7b2b0cc599c963c6,6cd0b52dd7ce8f064a636e3bfc8de9b2309a7dfb02abb27056836d0416fd20a6,357158a3c01d61e36098ae03786aeb48ee6065502c78a6578078aa2eb8873772,43|44|45|46|47|48|49|50|51|52|53|54|55|56,False,True,AGGREGATE_COVERAGE_RIDGE_V1,MISCOVERAGE_TRIGGERED_RESET_V1,1.0,raven_mcs,False
sensorscope,0.4,58,1,sensorscope|a=0.40|b1,WARMUP,15,0.05837795207501522,,0.0,0.05,0,0,0.0525036460865337,True,False,True,False,True,FALSE_UNSAFE,0.005874305988481522,0,WARMUP,True,FULL_INTERIOR,82444e4f495344856de94b0d72ab4a46843780c232e2f299b300fcafa8c4b4a1,b87cf615ab34b447e87bf447d79b9e4183a6e16fcef6223c57fad7be4aec6502,177019beb46aa8cda6719bcccf5270093eca1e983e3784fa7b2b0cc599c963c6,177019beb46aa8cda6719bcccf5270093eca1e983e3784fa7b2b0cc599c963c6,6cd0b52dd7ce8f064a636e3bfc8de9b2309a7dfb02abb27056836d0416fd20a6,357158a3c01d61e36098ae03786aeb48ee6065502c78a6578078aa2eb8873772,43|44|45|46|47|48|49|50|51|52|53|54|55|56|57,True,True,AGGREGATE_COVERAGE_RIDGE_V1,MISCOVERAGE_TRIGGERED_RESET_V1,1.0,raven_mcs,False
sensorscope,0.4,59,1,sensorscope|a=0.40|b1,WARMUP,16,0.05759010263283048,,0.0,0.05,0,0,0.0729217306757413,True,False,True,False,True,FALSE_UNSAFE,-0.01533162804291082,0,WARMUP,True,FULL_INTERIOR,82444e4f495344856de94b0d72ab4a46843780c232e2f299b300fcafa8c4b4a1,b87cf615ab34b447e87bf447d79b9e4183a6e16fcef6223c57fad7be4aec6502,177019beb46aa8cda6719bcccf5270093eca1e983e3784fa7b2b0cc599c963c6,177019beb46aa8cda6719bcccf5270093eca1e983e3784fa7b2b0cc599c963c6,6cd0b52dd7ce8f064a636e3bfc8de9b2309a7dfb02abb27056836d0416fd20a6,357158a3c01d61e36098ae03786aeb48ee6065502c78a6578078aa2eb8873772,43|44|45|46|47|48|49|50|51|52|53|54|55|56|57|58,False,True,AGGREGATE_COVERAGE_RIDGE_V1,MISCOVERAGE_TRIGGERED_RESET_V1,1.0,raven_mcs,False
sensorscope,0.4,60,1,sensorscope|a=0.40|b1,WARMUP,17,0.05697754012377637,,0.0,0.05,0,0,0.0536703937773456,True,False,True,False,True,FALSE_UNSAFE,0.00330714634643077,0,WARMUP,True,FULL_INTERIOR,82444e4f495344856de94b0d72ab4a46843780c232e2f299b300fcafa8c4b4a1,b87cf615ab34b447e87bf447d79b9e4183a6e16fcef6223c57fad7be4aec6502,177019beb46aa8cda6719bcccf5270093eca1e983e3784fa7b2b0cc599c963c6,177019beb46aa8cda6719bcccf5270093eca1e983e3784fa7b2b0cc599c963c6,6cd0b52dd7ce8f064a636e3bfc8de9b2309a7dfb02abb27056836d0416fd20a6,357158a3c01d61e36098ae03786aeb48ee6065502c78a6578078aa2eb8873772,43|44|45|46|47|48|49|50|51|52|53|54|55|56|57|58|59,True,True,AGGREGATE_COVERAGE_RIDGE_V1,MISCOVERAGE_TRIGGERED_RESET_V1,1.0,raven_mcs,False
sensorscope,0.4,61,1,sensorscope|a=0.40|b1,WARMUP,18,0.056435545020620814,,0.0,0.05,0,0,0.0485589277033127,False,False,True,False,False,TRUE_UNSAFE,0.007876617317308113,0,CERTIFIED,True,FULL_BOUNDARY,82444e4f495344856de94b0d72ab4a46843780c232e2f299b300fcafa8c4b4a1,b87cf615ab34b447e87bf447d79b9e4183a6e16fcef6223c57fad7be4aec6502,177019beb46aa8cda6719bcccf5270093eca1e983e3784fa7b2b0cc599c963c6,177019beb46aa8cda6719bcccf5270093eca1e983e3784fa7b2b0cc599c963c6,6cd0b52dd7ce8f064a636e3bfc8de9b2309a7dfb02abb27056836d0416fd20a6,357158a3c01d61e36098ae03786aeb48ee6065502c78a6578078aa2eb8873772,43|44|45|46|47|48|49|50|51|52|53|54|55|56|57|58|59|60,True,True,AGGREGATE_COVERAGE_RIDGE_V1,MISCOVERAGE_TRIGGERED_RESET_V1,1.0,raven_mcs,False
sensorscope,0.2,0,0,sensorscope|a=0.20|b0,WARMUP,0,0.021499713685041597,,0.0,0.05,0,0,0.0140009722897423,False,False,True,False,False,TRUE_UNSAFE,0.0074987413952992965,0,WARMUP,True,FULL_BOUNDARY,82444e4f495344856de94b0d72ab4a46843780c232e2f299b300fcafa8c4b4a1,b87cf615ab34b447e87bf447d79b9e4183a6e16fcef6223c57fad7be4aec6502,b5db60103a38db6369940e6aa0b9767ffc75173138d6d525596f57ea986abf1d,b5db60103a38db6369940e6aa0b9767ffc75173138d6d525596f57ea986abf1d,6cd0b52dd7ce8f064a636e3bfc8de9b2309a7dfb02abb27056836d0416fd20a6,357158a3c01d61e36098ae03786aeb48ee6065502c78a6578078aa2eb8873772,,False,True,AGGREGATE_COVERAGE_RIDGE_V1,MISCOVERAGE_TRIGGERED_RESET_V1,1.0,raven_mcs,False
sensorscope,0.2,1,0,sensorscope|a=0.20|b0,WARMUP,1,0.022079957644610376,,0.0,0.05,0,0,0.0295576081672338,False,False,True,False,False,TRUE_UNSAFE,-0.007477650522623423,0,WARMUP,True,FULL_INTERIOR,82444e4f495344856de94b0d72ab4a46843780c232e2f299b300fcafa8c4b4a1,b87cf615ab34b447e87bf447d79b9e4183a6e16fcef6223c57fad7be4aec6502,b5db60103a38db6369940e6aa0b9767ffc75173138d6d525596f57ea986abf1d,b5db60103a38db6369940e6aa0b9767ffc75173138d6d525596f57ea986abf1d,6cd0b52dd7ce8f064a636e3bfc8de9b2309a7dfb02abb27056836d0416fd20a6,357158a3c01d61e36098ae03786aeb48ee6065502c78a6578078aa2eb8873772,0,False,True,AGGREGATE_COVERAGE_RIDGE_V1,MISCOVERAGE_TRIGGERED_RESET_V1,1.0,raven_mcs,False
sensorscope,0.2,2,0,sensorscope|a=0.20|b0,WARMUP,2,0.022406572870074144,,0.0,0.05,0,0,0.0124453087019931,False,False,True,False,False,TRUE_UNSAFE,0.009961264168081045,0,WARMUP,True,FULL_INTERIOR,82444e4f495344856de94b0d72ab4a46843780c232e2f299b300fcafa8c4b4a1,b87cf615ab34b447e87bf447d79b9e4183a6e16fcef6223c57fad7be4aec6502,b5db60103a38db6369940e6aa0b9767ffc75173138d6d525596f57ea986abf1d,b5db60103a38db6369940e6aa0b9767ffc75173138d6d525596f57ea986abf1d,6cd0b52dd7ce8f064a636e3bfc8de9b2309a7dfb02abb27056836d0416fd20a6,357158a3c01d61e36098ae03786aeb48ee6065502c78a6578078aa2eb8873772,0|1,False,True,AGGREGATE_COVERAGE_RIDGE_V1,MISCOVERAGE_TRIGGERED_RESET_V1,1.0,raven_mcs,False
sensorscope,0.2,3,0,sensorscope|a=0.20|b0,WARMUP,3,0.022668347499840757,,0.0,0.05,0,0,0.0155566358774914,False,False,True,False,False,TRUE_UNSAFE,0.0071117116223493575,0,WARMUP,True,FULL_INTERIOR,82444e4f495344856de94b0d72ab4a46843780c232e2f299b300fcafa8c4b4a1,b87cf615ab34b447e87bf447d79b9e4183a6e16fcef6223c57fad7be4aec6502,b5db60103a38db6369940e6aa0b9767ffc75173138d6d525596f57ea986abf1d,b5db60103a38db6369940e6aa0b9767ffc75173138d6d525596f57ea986abf1d,6cd0b52dd7ce8f064a636e3bfc8de9b2309a7dfb02abb27056836d0416fd20a6,357158a3c01d61e36098ae03786aeb48ee6065502c78a6578078aa2eb8873772,0|1|2,False,True,AGGREGATE_COVERAGE_RIDGE_V1,MISCOVERAGE_TRIGGERED_RESET_V1,1.0,raven_mcs,False
sensorscope,0.2,4,0,sensorscope|a=0.20|b0,WARMUP,4,0.02268697733901736,,0.0,0.05,0,0,0.0171122994652406,False,False,True,False,False,TRUE_UNSAFE,0.005574677873776759,0,WARMUP,True,FULL_INTERIOR,82444e4f495344856de94b0d72ab4a46843780c232e2f299b300fcafa8c4b4a1,b87cf615ab34b447e87bf447d79b9e4183a6e16fcef6223c57fad7be4aec6502,b5db60103a38db6369940e6aa0b9767ffc75173138d6d525596f57ea986abf1d,b5db60103a38db6369940e6aa0b9767ffc75173138d6d525596f57ea986abf1d,6cd0b52dd7ce8f064a636e3bfc8de9b2309a7dfb02abb27056836d0416fd20a6,357158a3c01d61e36098ae03786aeb48ee6065502c78a6578078aa2eb8873772,0|1|2|3,False,True,AGGREGATE_COVERAGE_RIDGE_V1,MISCOVERAGE_TRIGGERED_RESET_V1,1.0,raven_mcs,False
sensorscope,0.2,5,0,sensorscope|a=0.20|b0,WARMUP,5,0.022572338243685687,,0.0,0.05,0,0,0.0155566358774914,False,False,True,False,False,TRUE_UNSAFE,0.007015702366194287,0,WARMUP,True,FULL_INTERIOR,82444e4f495344856de94b0d72ab4a46843780c232e2f299b300fcafa8c4b4a1,b87cf615ab34b447e87bf447d79b9e4183a6e16fcef6223c57fad7be4aec6502,b5db60103a38db6369940e6aa0b9767ffc75173138d6d525596f57ea986abf1d,b5db60103a38db6369940e6aa0b9767ffc75173138d6d525596f57ea986abf1d,6cd0b52dd7ce8f064a636e3bfc8de9b2309a7dfb02abb27056836d0416fd20a6,357158a3c01d61e36098ae03786aeb48ee6065502c78a6578078aa2eb8873772,0|1|2|3|4,False,True,AGGREGATE_COVERAGE_RIDGE_V1,MISCOVERAGE_TRIGGERED_RESET_V1,1.0,raven_mcs,False
sensorscope,0.2,6,0,sensorscope|a=0.20|b0,WARMUP,6,0.022279596842325472,,0.0,0.05,0,0,0.0102090422946037,False,False,True,False,False,TRUE_UNSAFE,0.012070554547721771,0,WARMUP,True,FULL_INTERIOR,82444e4f495344856de94b0d72ab4a46843780c232e2f299b300fcafa8c4b4a1,b87cf615ab34b447e87bf447d79b9e4183a6e16fcef6223c57fad7be4aec6502,b5db60103a38db6369940e6aa0b9767ffc75173138d6d525596f57ea986abf1d,b5db60103a38db6369940e6aa0b9767ffc75173138d6d525596f57ea986abf1d,6cd0b52dd7ce8f064a636e3bfc8de9b2309a7dfb02abb27056836d0416fd20a6,357158a3c01d61e36098ae03786aeb48ee6065502c78a6578078aa2eb8873772,0|1|2|3|4|5,False,True,AGGREGATE_COVERAGE_RIDGE_V1,MISCOVERAGE_TRIGGERED_RESET_V1,1.0,raven_mcs,False
sensorscope,0.2,7,0,sensorscope|a=0.20|b0,WARMUP,7,0.02182486917702879,,0.0,0.05,0,0,0.0189596499756927,False,False,True,False,False,TRUE_UNSAFE,0.0028652192013360923,0,WARMUP,True,FULL_INTERIOR,82444e4f495344856de94b0d72ab4a46843780c232e2f299b300fcafa8c4b4a1,b87cf615ab34b447e87bf447d79b9e4183a6e16fcef6223c57fad7be4aec6502,b5db60103a38db6369940e6aa0b9767ffc75173138d6d525596f57ea986abf1d,b5db60103a38db6369940e6aa0b9767ffc75173138d6d525596f57ea986abf1d,6cd0b52dd7ce8f064a636e3bfc8de9b2309a7dfb02abb27056836d0416fd20a6,357158a3c01d61e36098ae03786aeb48ee6065502c78a6578078aa2eb8873772,0|1|2|3|4|5|6,False,True,AGGREGATE_COVERAGE_RIDGE_V1,MISCOVERAGE_TRIGGERED_RESET_V1,1.0,raven_mcs,False
sensorscope,0.2,8,0,sensorscope|a=0.20|b0,WARMUP,8,0.02124717947310549,,0.0,0.05,0,0,0.0131259115216334,False,False,True,False,False,TRUE_UNSAFE,0.00812126795147209,0,WARMUP,True,FULL_INTERIOR,82444e4f495344856de94b0d72ab4a46843780c232e2f299b300fcafa8c4b4a1,b87cf615ab34b447e87bf447d79b9e4183a6e16fcef6223c57fad7be4aec6502,b5db60103a38db6369940e6aa0b9767ffc75173138d6d525596f57ea986abf1d,b5db60103a38db6369940e6aa0b9767ffc75173138d6d525596f57ea986abf1d,6cd0b52dd7ce8f064a636e3bfc8de9b2309a7dfb02abb27056836d0416fd20a6,357158a3c01d61e36098ae03786aeb48ee6065502c78a6578078aa2eb8873772,0|1|2|3|4|5|6|7,False,True,AGGREGATE_COVERAGE_RIDGE_V1,MISCOVERAGE_TRIGGERED_RESET_V1,1.0,raven_mcs,False
sensorscope,0.2,9,0,sensorscope|a=0.20|b0,WARMUP,9,0.020612055252489027,,0.0,0.05,0,0,0.0189596499756927,False,False,True,False,False,TRUE_UNSAFE,0.001652405276796328,0,WARMUP,True,FULL_INTERIOR,82444e4f495344856de94b0d72ab4a46843780c232e2f299b300fcafa8c4b4a1,b87cf615ab34b447e87bf447d79b9e4183a6e16fcef6223c57fad7be4aec6502,b5db60103a38db6369940e6aa0b9767ffc75173138d6d525596f57ea986abf1d,b5db60103a38db6369940e6aa0b9767ffc75173138d6d525596f57ea986abf1d,6cd0b52dd7ce8f064a636e3bfc8de9b2309a7dfb02abb27056836d0416fd20a6,357158a3c01d61e36098ae03786aeb48ee6065502c78a6578078aa2eb8873772,0|1|2|3|4|5|6|7|8,False,True,AGGREGATE_COVERAGE_RIDGE_V1,MISCOVERAGE_TRIGGERED_RESET_V1,1.0,raven_mcs,False
sensorscope,0.2,10,0,sensorscope|a=0.20|b0,WARMUP,10,0.019910025047516065,,0.0,0.05,0,0,0.0145843461351482,False,False,True,False,False,TRUE_UNSAFE,0.005325678912367866,0,WARMUP,True,FULL_INTERIOR,82444e4f495344856de94b0d72ab4a46843780c232e2f299b300fcafa8c4b4a1,b87cf615ab34b447e87bf447d79b9e4183a6e16fcef6223c57fad7be4aec6502,b5db60103a38db6369940e6aa0b9767ffc75173138d6d525596f57ea986abf1d,b5db60103a38db6369940e6aa0b9767ffc75173138d6d525596f57ea986abf1d,6cd0b52dd7ce8f064a636e3bfc8de9b2309a7dfb02abb27056836d0416fd20a6,357158a3c01d61e36098ae03786aeb48ee6065502c78a6578078aa2eb8873772,0|1|2|3|4|5|6|7|8|9,False,True,AGGREGATE_COVERAGE_RIDGE_V1,MISCOVERAGE_TRIGGERED_RESET_V1,1.0,raven_mcs,False
sensorscope,0.2,11,0,sensorscope|a=0.20|b0,WARMUP,11,0.019238603470559834,,0.0,0.05,0,0,0.0131259115216334,False,False,True,False,False,TRUE_UNSAFE,0.006112691948926434,0,WARMUP,True,FULL_INTERIOR,82444e4f495344856de94b0d72ab4a46843780c232e2f299b300fcafa8c4b4a1,b87cf615ab34b447e87bf447d79b9e4183a6e16fcef6223c57fad7be4aec6502,b5db60103a38db6369940e6aa0b9767ffc75173138d6d525596f57ea986abf1d,b5db60103a38db6369940e6aa0b9767ffc75173138d6d525596f57ea986abf1d,6cd0b52dd7ce8f064a636e3bfc8de9b2309a7dfb02abb27056836d0416fd20a6,357158a3c01d61e36098ae03786aeb48ee6065502c78a6578078aa2eb8873772,0|1|2|3|4|5|6|7|8|9|10,False,True,AGGREGATE_COVERAGE_RIDGE_V1,MISCOVERAGE_TRIGGERED_RESET_V1,1.0,raven_mcs,False
sensorscope,0.2,12,0,sensorscope|a=0.20|b0,WARMUP,12,0.018599217990897907,,0.0,0.05,0,0,0.0249183971109104,False,False,True,False,False,TRUE_UNSAFE,-0.006319179120012494,0,WARMUP,True,FULL_INTERIOR,82444e4f495344856de94b0d72ab4a46843780c232e2f299b300fcafa8c4b4a1,b87cf615ab34b447e87bf447d79b9e4183a6e16fcef6223c57fad7be4aec6502,b5db60103a38db6369940e6aa0b9767ffc75173138d6d525596f57ea986abf1d,b5db60103a38db6369940e6aa0b9767ffc75173138d6d525596f57ea986abf1d,6cd0b52dd7ce8f064a636e3bfc8de9b2309a7dfb02abb27056836d0416fd20a6,357158a3c01d61e36098ae03786aeb48ee6065502c78a6578078aa2eb8873772,0|1|2|3|4|5|6|7|8|9|10|11,False,True,AGGREGATE_COVERAGE_RIDGE_V1,MISCOVERAGE_TRIGGERED_RESET_V1,1.0,raven_mcs,False
sensorscope,0.2,13,0,sensorscope|a=0.20|b0,WARMUP,13,0.018072648378780372,,0.0,0.05,0,0,0.0287519966664351,False,False,True,False,False,TRUE_UNSAFE,-0.010679348287654728,0,WARMUP,True,FULL_INTERIOR,82444e4f495344856de94b0d72ab4a46843780c232e2f299b300fcafa8c4b4a1,b87cf615ab34b447e87bf447d79b9e4183a6e16fcef6223c57fad7be4aec6502,b5db60103a38db6369940e6aa0b9767ffc75173138d6d525596f57ea986abf1d,b5db60103a38db6369940e6aa0b9767ffc75173138d6d525596f57ea986abf1d,6cd0b52dd7ce8f064a636e3bfc8de9b2309a7dfb02abb27056836d0416fd20a6,357158a3c01d61e36098ae03786aeb48ee6065502c78a6578078aa2eb8873772,0|1|2|3|4|5|6|7|8|9|10|11|12,False,True,AGGREGATE_COVERAGE_RIDGE_V1,MISCOVERAGE_TRIGGERED_RESET_V1,1.0,raven_mcs,False
sensorscope,0.2,14,0,sensorscope|a=0.20|b0,WARMUP,14,0.01770736183841981,,0.0,0.05,0,0,0.0191679977776234,False,False,True,False,False,TRUE_UNSAFE,-0.0014606359392035882,0,WARMUP,True,FULL_INTERIOR,82444e4f495344856de94b0d72ab4a46843780c232e2f299b300fcafa8c4b4a1,b87cf615ab34b447e87bf447d79b9e4183a6e16fcef6223c57fad7be4aec6502,b5db60103a38db6369940e6aa0b9767ffc75173138d6d525596f57ea986abf1d,b5db60103a38db6369940e6aa0b9767ffc75173138d6d525596f57ea986abf1d,6cd0b52dd7ce8f064a636e3bfc8de9b2309a7dfb02abb27056836d0416fd20a6,357158a3c01d61e36098ae03786aeb48ee6065502c78a6578078aa2eb8873772,0|1|2|3|4|5|6|7|8|9|10|11|12|13,False,True,AGGREGATE_COVERAGE_RIDGE_V1,MISCOVERAGE_TRIGGERED_RESET_V1,1.0,raven_mcs,False
sensorscope,0.2,15,0,sensorscope|a=0.20|b0,WARMUP,15,0.01747583725372085,,0.0,0.05,0,0,0.0249183971109104,False,False,True,False,False,TRUE_UNSAFE,-0.00744255985718955,0,WARMUP,True,FULL_INTERIOR,82444e4f495344856de94b0d72ab4a46843780c232e2f299b300fcafa8c4b4a1,b87cf615ab34b447e87bf447d79b9e4183a6e16fcef6223c57fad7be4aec6502,b5db60103a38db6369940e6aa0b9767ffc75173138d6d525596f57ea986abf1d,b5db60103a38db6369940e6aa0b9767ffc75173138d6d525596f57ea986abf1d,6cd0b52dd7ce8f064a636e3bfc8de9b2309a7dfb02abb27056836d0416fd20a6,357158a3c01d61e36098ae03786aeb48ee6065502c78a6578078aa2eb8873772,0|1|2|3|4|5|6|7|8|9|10|11|12|13|14,False,True,AGGREGATE_COVERAGE_RIDGE_V1,MISCOVERAGE_TRIGGERED_RESET_V1,1.0,raven_mcs,False
sensorscope,0.2,16,0,sensorscope|a=0.20|b0,WARMUP,16,0.017397936071565513,,0.0,0.05,0,0,0.0210847975553857,False,False,True,False,False,TRUE_UNSAFE,-0.0036868614838201884,0,WARMUP,True,FULL_INTERIOR,82444e4f495344856de94b0d72ab4a46843780c232e2f299b300fcafa8c4b4a1,b87cf615ab34b447e87bf447d79b9e4183a6e16fcef6223c57fad7be4aec6502,b5db60103a38db6369940e6aa0b9767ffc75173138d6d525596f57ea986abf1d,b5db60103a38db6369940e6aa0b9767ffc75173138d6d525596f57ea986abf1d,6cd0b52dd7ce8f064a636e3bfc8de9b2309a7dfb02abb27056836d0416fd20a6,357158a3c01d61e36098ae03786aeb48ee6065502c78a6578078aa2eb8873772,0|1|2|3|4|5|6|7|8|9|10|11|12|13|14|15,False,True,AGGREGATE_COVERAGE_RIDGE_V1,MISCOVERAGE_TRIGGERED_RESET_V1,1.0,raven_mcs,False
sensorscope,0.2,17,0,sensorscope|a=0.20|b0,WARMUP,17,0.017532095038975494,,0.0,0.05,0,0,0.0191679977776234,False,False,True,False,False,TRUE_UNSAFE,-0.0016359027386479048,0,WARMUP,True,FULL_INTERIOR,82444e4f495344856de94b0d72ab4a46843780c232e2f299b300fcafa8c4b4a1,b87cf615ab34b447e87bf447d79b9e4183a6e16fcef6223c57fad7be4aec6502,b5db60103a38db6369940e6aa0b9767ffc75173138d6d525596f57ea986abf1d,b5db60103a38db6369940e6aa0b9767ffc75173138d6d525596f57ea986abf1d,6cd0b52dd7ce8f064a636e3bfc8de9b2309a7dfb02abb27056836d0416fd20a6,357158a3c01d61e36098ae03786aeb48ee6065502c78a6578078aa2eb8873772,0|1|2|3|4|5|6|7|8|9|10|11|12|13|14|15|16,False,True,AGGREGATE_COVERAGE_RIDGE_V1,MISCOVERAGE_TRIGGERED_RESET_V1,1.0,raven_mcs,False
sensorscope,0.2,18,0,sensorscope|a=0.20|b0,WARMUP,18,0.01781676547050788,,0.0,0.05,0,0,0.0233349538162372,False,False,True,False,False,TRUE_UNSAFE,-0.00551818834572932,0,CERTIFIED,True,FULL_INTERIOR,82444e4f495344856de94b0d72ab4a46843780c232e2f299b300fcafa8c4b4a1,b87cf615ab34b447e87bf447d79b9e4183a6e16fcef6223c57fad7be4aec6502,b5db60103a38db6369940e6aa0b9767ffc75173138d6d525596f57ea986abf1d,b5db60103a38db6369940e6aa0b9767ffc75173138d6d525596f57ea986abf1d,6cd0b52dd7ce8f064a636e3bfc8de9b2309a7dfb02abb27056836d0416fd20a6,357158a3c01d61e36098ae03786aeb48ee6065502c78a6578078aa2eb8873772,0|1|2|3|4|5|6|7|8|9|10|11|12|13|14|15|16|17,False,True,AGGREGATE_COVERAGE_RIDGE_V1,MISCOVERAGE_TRIGGERED_RESET_V1,1.0,raven_mcs,False
sensorscope,0.2,19,0,sensorscope|a=0.20|b0,CERTIFIED,19,0.018262205661862763,0.012070554547721771,0.006191651114140991,0.05,0,0,0.016334467671366,False,False,True,False,False,TRUE_UNSAFE,0.0019277379904967633,0,CERTIFIED,True,FULL_INTERIOR,82444e4f495344856de94b0d72ab4a46843780c232e2f299b300fcafa8c4b4a1,b87cf615ab34b447e87bf447d79b9e4183a6e16fcef6223c57fad7be4aec6502,b5db60103a38db6369940e6aa0b9767ffc75173138d6d525596f57ea986abf1d,b5db60103a38db6369940e6aa0b9767ffc75173138d6d525596f57ea986abf1d,6cd0b52dd7ce8f064a636e3bfc8de9b2309a7dfb02abb27056836d0416fd20a6,357158a3c01d61e36098ae03786aeb48ee6065502c78a6578078aa2eb8873772,0|1|2|3|4|5|6|7|8|9|10|11|12|13|14|15|16|17|18,False,False,AGGREGATE_COVERAGE_RIDGE_V1,MISCOVERAGE_TRIGGERED_RESET_V1,1.0,raven_mcs,False
sensorscope,0.2,20,0,sensorscope|a=0.20|b0,CERTIFIED,20,0.018837497663005756,0.012070554547721771,0.006766943115283985,0.05,0,0,0.0256684491978609,False,False,True,False,False,TRUE_UNSAFE,-0.006830951534855145,0,CERTIFIED,True,FULL_INTERIOR,82444e4f495344856de94b0d72ab4a46843780c232e2f299b300fcafa8c4b4a1,b87cf615ab34b447e87bf447d79b9e4183a6e16fcef6223c57fad7be4aec6502,b5db60103a38db6369940e6aa0b9767ffc75173138d6d525596f57ea986abf1d,b5db60103a38db6369940e6aa0b9767ffc75173138d6d525596f57ea986abf1d,6cd0b52dd7ce8f064a636e3bfc8de9b2309a7dfb02abb27056836d0416fd20a6,357158a3c01d61e36098ae03786aeb48ee6065502c78a6578078aa2eb8873772,0|1|2|3|4|5|6|7|8|9|10|11|12|13|14|15|16|17|18|19,False,False,AGGREGATE_COVERAGE_RIDGE_V1,MISCOVERAGE_TRIGGERED_RESET_V1,1.0,raven_mcs,False
sensorscope,0.2,21,0,sensorscope|a=0.20|b0,CERTIFIED,21,0.01947878333635627,0.012070554547721771,0.007408228788634497,0.05,0,0,0.0140009722897423,False,False,True,False,False,TRUE_UNSAFE,0.005477811046613969,0,CERTIFIED,True,FULL_INTERIOR,82444e4f495344856de94b0d72ab4a46843780c232e2f299b300fcafa8c4b4a1,b87cf615ab34b447e87bf447d79b9e4183a6e16fcef6223c57fad7be4aec6502,b5db60103a38db6369940e6aa0b9767ffc75173138d6d525596f57ea986abf1d,b5db60103a38db6369940e6aa0b9767ffc75173138d6d525596f57ea986abf1d,6cd0b52dd7ce8f064a636e3bfc8de9b2309a7dfb02abb27056836d0416fd20a6,357158a3c01d61e36098ae03786aeb48ee6065502c78a6578078aa2eb8873772,0|1|2|3|4|5|6|7|8|9|10|11|12|13|14|15|16|17|18|19|20,False,False,AGGREGATE_COVERAGE_RIDGE_V1,MISCOVERAGE_TRIGGERED_RESET_V1,1.0,raven_mcs,False
sensorscope,0.2,22,0,sensorscope|a=0.20|b0,CERTIFIED,22,0.020185356878228776,0.012070554547721771,0.008114802330507005,0.05,0,0,0.0303354399611084,False,False,True,False,False,TRUE_UNSAFE,-0.010150083082879624,0,CERTIFIED,True,FULL_INTERIOR,82444e4f495344856de94b0d72ab4a46843780c232e2f299b300fcafa8c4b4a1,b87cf615ab34b447e87bf447d79b9e4183a6e16fcef6223c57fad7be4aec6502,b5db60103a38db6369940e6aa0b9767ffc75173138d6d525596f57ea986abf1d,b5db60103a38db6369940e6aa0b9767ffc75173138d6d525596f57ea986abf1d,6cd0b52dd7ce8f064a636e3bfc8de9b2309a7dfb02abb27056836d0416fd20a6,357158a3c01d61e36098ae03786aeb48ee6065502c78a6578078aa2eb8873772,0|1|2|3|4|5|6|7|8|9|10|11|12|13|14|15|16|17|18|19|20|21,False,False,AGGREGATE_COVERAGE_RIDGE_V1,MISCOVERAGE_TRIGGERED_RESET_V1,1.0,raven_mcs,False
sensorscope,0.2,23,0,sensorscope|a=0.20|b0,CERTIFIED,23,0.02085009439289806,0.012070554547721771,0.00877953984517629,0.05,0,0,0.0210014584346135,False,False,True,False,False,TRUE_UNSAFE,-0.00015136404171543771,0,CERTIFIED,True,FULL_INTERIOR,82444e4f495344856de94b0d72ab4a46843780c232e2f299b300fcafa8c4b4a1,b87cf615ab34b447e87bf447d79b9e4183a6e16fcef6223c57fad7be4aec6502,b5db60103a38db6369940e6aa0b9767ffc75173138d6d525596f57ea986abf1d,b5db60103a38db6369940e6aa0b9767ffc75173138d6d525596f57ea986abf1d,6cd0b52dd7ce8f064a636e3bfc8de9b2309a7dfb02abb27056836d0416fd20a6,357158a3c01d61e36098ae03786aeb48ee6065502c78a6578078aa2eb8873772,0|1|2|3|4|5|6|7|8|9|10|11|12|13|14|15|16|17|18|19|20|21|22,False,False,AGGREGATE_COVERAGE_RIDGE_V1,MISCOVERAGE_TRIGGERED_RESET_V1,1.0,raven_mcs,False
sensorscope,0.2,24,0,sensorscope|a=0.20|b0,CERTIFIED,24,0.03112456576047475,0.012070554547721771,0.019054011212752978,0.05,0,0,0.0342245989304812,False,False,True,False,False,TRUE_UNSAFE,-0.003100033170006452,0,CERTIFIED,True,FULL_INTERIOR,82444e4f495344856de94b0d72ab4a46843780c232e2f299b300fcafa8c4b4a1,b87cf615ab34b447e87bf447d79b9e4183a6e16fcef6223c57fad7be4aec6502,b5db60103a38db6369940e6aa0b9767ffc75173138d6d525596f57ea986abf1d,b5db60103a38db6369940e6aa0b9767ffc75173138d6d525596f57ea986abf1d,6cd0b52dd7ce8f064a636e3bfc8de9b2309a7dfb02abb27056836d0416fd20a6,357158a3c01d61e36098ae03786aeb48ee6065502c78a6578078aa2eb8873772,0|1|2|3|4|5|6|7|8|9|10|11|12|13|14|15|16|17|18|19|20|21|22|23,False,False,AGGREGATE_COVERAGE_RIDGE_V1,MISCOVERAGE_TRIGGERED_RESET_V1,1.0,raven_mcs,False
sensorscope,0.2,25,0,sensorscope|a=0.20|b0,CERTIFIED,25,0.031640577032423074,0.012070554547721771,0.019570022484701303,0.05,0,0,0.0311132717549829,False,False,True,False,False,TRUE_UNSAFE,0.0005273052774401737,0,CERTIFIED,True,FULL_INTERIOR,82444e4f495344856de94b0d72ab4a46843780c232e2f299b300fcafa8c4b4a1,b87cf615ab34b447e87bf447d79b9e4183a6e16fcef6223c57fad7be4aec6502,b5db60103a38db6369940e6aa0b9767ffc75173138d6d525596f57ea986abf1d,b5db60103a38db6369940e6aa0b9767ffc75173138d6d525596f57ea986abf1d,6cd0b52dd7ce8f064a636e3bfc8de9b2309a7dfb02abb27056836d0416fd20a6,357158a3c01d61e36098ae03786aeb48ee6065502c78a6578078aa2eb8873772,0|1|2|3|4|5|6|7|8|9|10|11|12|13|14|15|16|17|18|19|20|21|22|23|24,False,False,AGGREGATE_COVERAGE_RIDGE_V1,MISCOVERAGE_TRIGGERED_RESET_V1,1.0,raven_mcs,False
sensorscope,0.2,26,0,sensorscope|a=0.20|b0,CERTIFIED,26,0.03206727840490199,0.012070554547721771,0.01999672385718022,0.05,0,0,0.0248906174039863,False,False,True,False,False,TRUE_UNSAFE,0.007176661000915692,0,CERTIFIED,True,FULL_INTERIOR,82444e4f495344856de94b0d72ab4a46843780c232e2f299b300fcafa8c4b4a1,b87cf615ab34b447e87bf447d79b9e4183a6e16fcef6223c57fad7be4aec6502,b5db60103a38db6369940e6aa0b9767ffc75173138d6d525596f57ea986abf1d,b5db60103a38db6369940e6aa0b9767ffc75173138d6d525596f57ea986abf1d,6cd0b52dd7ce8f064a636e3bfc8de9b2309a7dfb02abb27056836d0416fd20a6,357158a3c01d61e36098ae03786aeb48ee6065502c78a6578078aa2eb8873772,0|1|2|3|4|5|6|7|8|9|10|11|12|13|14|15|16|17|18|19|20|21|22|23|24|25,False,False,AGGREGATE_COVERAGE_RIDGE_V1,MISCOVERAGE_TRIGGERED_RESET_V1,1.0,raven_mcs,False
sensorscope,0.2,27,0,sensorscope|a=0.20|b0,CERTIFIED,27,0.032291799658482646,0.012070554547721771,0.020221245110760875,0.05,0,0,0.021779290228488,False,False,True,False,False,TRUE_UNSAFE,0.010512509429994647,0,CERTIFIED,True,FULL_INTERIOR,82444e4f495344856de94b0d72ab4a46843780c232e2f299b300fcafa8c4b4a1,b87cf615ab34b447e87bf447d79b9e4183a6e16fcef6223c57fad7be4aec6502,b5db60103a38db6369940e6aa0b9767ffc75173138d6d525596f57ea986abf1d,b5db60103a38db6369940e6aa0b9767ffc75173138d6d525596f57ea986abf1d,6cd0b52dd7ce8f064a636e3bfc8de9b2309a7dfb02abb27056836d0416fd20a6,357158a3c01d61e36098ae03786aeb48ee6065502c78a6578078aa2eb8873772,0|1|2|3|4|5|6|7|8|9|10|11|12|13|14|15|16|17|18|19|20|21|22|23|24|25|26,False,False,AGGREGATE_COVERAGE_RIDGE_V1,MISCOVERAGE_TRIGGERED_RESET_V1,1.0,raven_mcs,False
sensorscope,0.2,28,0,sensorscope|a=0.20|b0,CERTIFIED,28,0.03233361158583453,0.012070554547721771,0.02026305703811276,0.05,0,0,0.0342245989304812,False,False,True,False,False,TRUE_UNSAFE,-0.001890987344646669,0,CERTIFIED,True,FULL_INTERIOR,82444e4f495344856de94b0d72ab4a46843780c232e2f299b300fcafa8c4b4a1,b87cf615ab34b447e87bf447d79b9e4183a6e16fcef6223c57fad7be4aec6502,b5db60103a38db6369940e6aa0b9767ffc75173138d6d525596f57ea986abf1d,b5db60103a38db6369940e6aa0b9767ffc75173138d6d525596f57ea986abf1d,6cd0b52dd7ce8f064a636e3bfc8de9b2309a7dfb02abb27056836d0416fd20a6,357158a3c01d61e36098ae03786aeb48ee6065502c78a6578078aa2eb8873772,0|1|2|3|4|5|6|7|8|9|10|11|12|13|14|15|16|17|18|19|20|21|22|23|24|25|26|27,False,False,AGGREGATE_COVERAGE_RIDGE_V1,MISCOVERAGE_TRIGGERED_RESET_V1,1.0,raven_mcs,False
sensorscope,0.2,29,0,sensorscope|a=0.20|b0,CERTIFIED,29,0.032211239640924524,0.012070554547721771,0.020140685093202753,0.05,0,0,0.0155566358774914,False,False,False,False,False,TRUE_UNSAFE,0.016654603763433126,1,RESET,True,FULL_INTERIOR,82444e4f495344856de94b0d72ab4a46843780c232e2f299b300fcafa8c4b4a1,b87cf615ab34b447e87bf447d79b9e4183a6e16fcef6223c57fad7be4aec6502,b5db60103a38db6369940e6aa0b9767ffc75173138d6d525596f57ea986abf1d,b5db60103a38db6369940e6aa0b9767ffc75173138d6d525596f57ea986abf1d,6cd0b52dd7ce8f064a636e3bfc8de9b2309a7dfb02abb27056836d0416fd20a6,357158a3c01d61e36098ae03786aeb48ee6065502c78a6578078aa2eb8873772,0|1|2|3|4|5|6|7|8|9|10|11|12|13|14|15|16|17|18|19|20|21|22|23|24|25|26|27|28,False,False,AGGREGATE_COVERAGE_RIDGE_V1,MISCOVERAGE_TRIGGERED_RESET_V1,1.0,raven_mcs,False
sensorscope,0.2,30,1,sensorscope|a=0.20|b1,RESET,0,0.03089523845933881,,0.0,0.05,0,0,0.0379192999513855,False,False,True,False,False,TRUE_UNSAFE,-0.007024061492046693,0,WARMUP,True,FULL_INTERIOR,82444e4f495344856de94b0d72ab4a46843780c232e2f299b300fcafa8c4b4a1,b87cf615ab34b447e87bf447d79b9e4183a6e16fcef6223c57fad7be4aec6502,28b1caa40013852311cbcca3d496f41d3a4886add4f5e3eeda0481d471cd0a63,28b1caa40013852311cbcca3d496f41d3a4886add4f5e3eeda0481d471cd0a63,6cd0b52dd7ce8f064a636e3bfc8de9b2309a7dfb02abb27056836d0416fd20a6,357158a3c01d61e36098ae03786aeb48ee6065502c78a6578078aa2eb8873772,,False,True,AGGREGATE_COVERAGE_RIDGE_V1,MISCOVERAGE_TRIGGERED_RESET_V1,1.0,raven_mcs,False
sensorscope,0.2,31,1,sensorscope|a=0.20|b1,WARMUP,1,0.03050072912559295,,0.0,0.05,0,0,0.0379192999513855,False,False,True,False,False,TRUE_UNSAFE,-0.007418570825792552,0,WARMUP,True,FULL_INTERIOR,82444e4f495344856de94b0d72ab4a46843780c232e2f299b300fcafa8c4b4a1,b87cf615ab34b447e87bf447d79b9e4183a6e16fcef6223c57fad7be4aec6502,28b1caa40013852311cbcca3d496f41d3a4886add4f5e3eeda0481d471cd0a63,28b1caa40013852311cbcca3d496f41d3a4886add4f5e3eeda0481d471cd0a63,6cd0b52dd7ce8f064a636e3bfc8de9b2309a7dfb02abb27056836d0416fd20a6,357158a3c01d61e36098ae03786aeb48ee6065502c78a6578078aa2eb8873772,30,False,True,AGGREGATE_COVERAGE_RIDGE_V1,MISCOVERAGE_TRIGGERED_RESET_V1,1.0,raven_mcs,False
sensorscope,0.2,32,1,sensorscope|a=0.20|b1,WARMUP,2,0.030156511023626757,,0.0,0.05,0,0,0.0437530384054448,False,False,True,False,False,TRUE_UNSAFE,-0.01359652738181804,0,WARMUP,True,FULL_INTERIOR,82444e4f495344856de94b0d72ab4a46843780c232e2f299b300fcafa8c4b4a1,b87cf615ab34b447e87bf447d79b9e4183a6e16fcef6223c57fad7be4aec6502,28b1caa40013852311cbcca3d496f41d3a4886add4f5e3eeda0481d471cd0a63,28b1caa40013852311cbcca3d496f41d3a4886add4f5e3eeda0481d471cd0a63,6cd0b52dd7ce8f064a636e3bfc8de9b2309a7dfb02abb27056836d0416fd20a6,357158a3c01d61e36098ae03786aeb48ee6065502c78a6578078aa2eb8873772,30|31,True,True,AGGREGATE_COVERAGE_RIDGE_V1,MISCOVERAGE_TRIGGERED_RESET_V1,1.0,raven_mcs,False
sensorscope,0.2,33,1,sensorscope|a=0.20|b1,WARMUP,3,0.02970255175942563,,0.0,0.05,0,0,0.0379192999513855,False,False,True,False,False,TRUE_UNSAFE,-0.008216748191959871,0,WARMUP,True,FULL_INTERIOR,82444e4f495344856de94b0d72ab4a46843780c232e2f299b300fcafa8c4b4a1,b87cf615ab34b447e87bf447d79b9e4183a6e16fcef6223c57fad7be4aec6502,28b1caa40013852311cbcca3d496f41d3a4886add4f5e3eeda0481d471cd0a63,28b1caa40013852311cbcca3d496f41d3a4886add4f5e3eeda0481d471cd0a63,6cd0b52dd7ce8f064a636e3bfc8de9b2309a7dfb02abb27056836d0416fd20a6,357158a3c01d61e36098ae03786aeb48ee6065502c78a6578078aa2eb8873772,30|31|32,False,True,AGGREGATE_COVERAGE_RIDGE_V1,MISCOVERAGE_TRIGGERED_RESET_V1,1.0,raven_mcs,False
sensorscope,0.2,34,1,sensorscope|a=0.20|b1,WARMUP,4,0.02925094103946299,,0.0,0.05,0,0,0.0320855614973262,False,False,True,False,False,TRUE_UNSAFE,-0.0028346204578632087,0,WARMUP,True,FULL_INTERIOR,82444e4f495344856de94b0d72ab4a46843780c232e2f299b300fcafa8c4b4a1,b87cf615ab34b447e87bf447d79b9e4183a6e16fcef6223c57fad7be4aec6502,28b1caa40013852311cbcca3d496f41d3a4886add4f5e3eeda0481d471cd0a63,28b1caa40013852311cbcca3d496f41d3a4886add4f5e3eeda0481d471cd0a63,6cd0b52dd7ce8f064a636e3bfc8de9b2309a7dfb02abb27056836d0416fd20a6,357158a3c01d61e36098ae03786aeb48ee6065502c78a6578078aa2eb8873772,30|31|32|33,False,True,AGGREGATE_COVERAGE_RIDGE_V1,MISCOVERAGE_TRIGGERED_RESET_V1,1.0,raven_mcs,False
sensorscope,0.2,35,1,sensorscope|a=0.20|b1,WARMUP,5,0.028783358101162178,,0.0,0.05,0,0,0.0379192999513855,False,False,True,False,False,TRUE_UNSAFE,-0.009135941850223324,0,WARMUP,True,FULL_INTERIOR,82444e4f495344856de94b0d72ab4a46843780c232e2f299b300fcafa8c4b4a1,b87cf615ab34b447e87bf447d79b9e4183a6e16fcef6223c57fad7be4aec6502,28b1caa40013852311cbcca3d496f41d3a4886add4f5e3eeda0481d471cd0a63,28b1caa40013852311cbcca3d496f41d3a4886add4f5e3eeda0481d471cd0a63,6cd0b52dd7ce8f064a636e3bfc8de9b2309a7dfb02abb27056836d0416fd20a6,357158a3c01d61e36098ae03786aeb48ee6065502c78a6578078aa2eb8873772,30|31|32|33|34,False,True,AGGREGATE_COVERAGE_RIDGE_V1,MISCOVERAGE_TRIGGERED_RESET_V1,1.0,raven_mcs,False
sensorscope,0.2,36,1,sensorscope|a=0.20|b1,WARMUP,6,0.02837372916703312,,0.0,0.05,0,0,0.0332245294812139,False,False,True,False,False,TRUE_UNSAFE,-0.0048508003141807775,0,WARMUP,True,FULL_INTERIOR,82444e4f495344856de94b0d72ab4a46843780c232e2f299b300fcafa8c4b4a1,b87cf615ab34b447e87bf447d79b9e4183a6e16fcef6223c57fad7be4aec6502,28b1caa40013852311cbcca3d496f41d3a4886add4f5e3eeda0481d471cd0a63,28b1caa40013852311cbcca3d496f41d3a4886add4f5e3eeda0481d471cd0a63,6cd0b52dd7ce8f064a636e3bfc8de9b2309a7dfb02abb27056836d0416fd20a6,357158a3c01d61e36098ae03786aeb48ee6065502c78a6578078aa2eb8873772,30|31|32|33|34|35,False,True,AGGREGATE_COVERAGE_RIDGE_V1,MISCOVERAGE_TRIGGERED_RESET_V1,1.0,raven_mcs,False
sensorscope,0.2,37,1,sensorscope|a=0.20|b1,WARMUP,7,0.02807480007070907,,0.0,0.05,0,0,0.0306687964441975,False,False,True,False,False,TRUE_UNSAFE,-0.002593996373488429,0,WARMUP,True,FULL_INTERIOR,82444e4f495344856de94b0d72ab4a46843780c232e2f299b300fcafa8c4b4a1,b87cf615ab34b447e87bf447d79b9e4183a6e16fcef6223c57fad7be4aec6502,28b1caa40013852311cbcca3d496f41d3a4886add4f5e3eeda0481d471cd0a63,28b1caa40013852311cbcca3d496f41d3a4886add4f5e3eeda0481d471cd0a63,6cd0b52dd7ce8f064a636e3bfc8de9b2309a7dfb02abb27056836d0416fd20a6,357158a3c01d61e36098ae03786aeb48ee6065502c78a6578078aa2eb8873772,30|31|32|33|34|35|36,False,True,AGGREGATE_COVERAGE_RIDGE_V1,MISCOVERAGE_TRIGGERED_RESET_V1,1.0,raven_mcs,False
sensorscope,0.2,38,1,sensorscope|a=0.20|b1,WARMUP,8,0.02784352655596968,,0.0,0.05,0,0,0.0230015973331481,False,False,True,False,False,TRUE_UNSAFE,0.004841929222821579,0,WARMUP,True,FULL_INTERIOR,82444e4f495344856de94b0d72ab4a46843780c232e2f299b300fcafa8c4b4a1,b87cf615ab34b447e87bf447d79b9e4183a6e16fcef6223c57fad7be4aec6502,28b1caa40013852311cbcca3d496f41d3a4886add4f5e3eeda0481d471cd0a63,28b1caa40013852311cbcca3d496f41d3a4886add4f5e3eeda0481d471cd0a63,6cd0b52dd7ce8f064a636e3bfc8de9b2309a7dfb02abb27056836d0416fd20a6,357158a3c01d61e36098ae03786aeb48ee6065502c78a6578078aa2eb8873772,30|31|32|33|34|35|36|37,False,True,AGGREGATE_COVERAGE_RIDGE_V1,MISCOVERAGE_TRIGGERED_RESET_V1,1.0,raven_mcs,False
sensorscope,0.2,39,1,sensorscope|a=0.20|b1,WARMUP,9,0.027731139854284777,,0.0,0.05,0,0,0.0332245294812139,False,False,True,False,False,TRUE_UNSAFE,-0.005493389626929121,0,WARMUP,True,FULL_INTERIOR,82444e4f495344856de94b0d72ab4a46843780c232e2f299b300fcafa8c4b4a1,b87cf615ab34b447e87bf447d79b9e4183a6e16fcef6223c57fad7be4aec6502,28b1caa40013852311cbcca3d496f41d3a4886add4f5e3eeda0481d471cd0a63,28b1caa40013852311cbcca3d496f41d3a4886add4f5e3eeda0481d471cd0a63,6cd0b52dd7ce8f064a636e3bfc8de9b2309a7dfb02abb27056836d0416fd20a6,357158a3c01d61e36098ae03786aeb48ee6065502c78a6578078aa2eb8873772,30|31|32|33|34|35|36|37|38,False,True,AGGREGATE_COVERAGE_RIDGE_V1,MISCOVERAGE_TRIGGERED_RESET_V1,1.0,raven_mcs,False
sensorscope,0.2,40,1,sensorscope|a=0.20|b1,WARMUP,10,0.027733584351808917,,0.0,0.05,0,0,0.0178901312591152,False,False,True,False,False,TRUE_UNSAFE,0.009843453092693716,0,WARMUP,True,FULL_INTERIOR,82444e4f495344856de94b0d72ab4a46843780c232e2f299b300fcafa8c4b4a1,b87cf615ab34b447e87bf447d79b9e4183a6e16fcef6223c57fad7be4aec6502,28b1caa40013852311cbcca3d496f41d3a4886add4f5e3eeda0481d471cd0a63,28b1caa40013852311cbcca3d496f41d3a4886add4f5e3eeda0481d471cd0a63,6cd0b52dd7ce8f064a636e3bfc8de9b2309a7dfb02abb27056836d0416fd20a6,357158a3c01d61e36098ae03786aeb48ee6065502c78a6578078aa2eb8873772,30|31|32|33|34|35|36|37|38|39,False,True,AGGREGATE_COVERAGE_RIDGE_V1,MISCOVERAGE_TRIGGERED_RESET_V1,1.0,raven_mcs,False
sensorscope,0.2,41,1,sensorscope|a=0.20|b1,WARMUP,11,0.027900290828217,,0.0,0.05,0,0,0.0357802625182304,False,False,True,False,False,TRUE_UNSAFE,-0.007879971690013404,0,WARMUP,True,FULL_INTERIOR,82444e4f495344856de94b0d72ab4a46843780c232e2f299b300fcafa8c4b4a1,b87cf615ab34b447e87bf447d79b9e4183a6e16fcef6223c57fad7be4aec6502,28b1caa40013852311cbcca3d496f41d3a4886add4f5e3eeda0481d471cd0a63,28b1caa40013852311cbcca3d496f41d3a4886add4f5e3eeda0481d471cd0a63,6cd0b52dd7ce8f064a636e3bfc8de9b2309a7dfb02abb27056836d0416fd20a6,357158a3c01d61e36098ae03786aeb48ee6065502c78a6578078aa2eb8873772,30|31|32|33|34|35|36|37|38|39|40,False,True,AGGREGATE_COVERAGE_RIDGE_V1,MISCOVERAGE_TRIGGERED_RESET_V1,1.0,raven_mcs,False
sensorscope,0.2,42,1,sensorscope|a=0.20|b1,WARMUP,12,0.02811327731863784,,0.0,0.05,0,0,0.0140009722897423,False,False,True,False,False,TRUE_UNSAFE,0.01411230502889554,0,WARMUP,True,FULL_INTERIOR,82444e4f495344856de94b0d72ab4a46843780c232e2f299b300fcafa8c4b4a1,b87cf615ab34b447e87bf447d79b9e4183a6e16fcef6223c57fad7be4aec6502,28b1caa40013852311cbcca3d496f41d3a4886add4f5e3eeda0481d471cd0a63,28b1caa40013852311cbcca3d496f41d3a4886add4f5e3eeda0481d471cd0a63,6cd0b52dd7ce8f064a636e3bfc8de9b2309a7dfb02abb27056836d0416fd20a6,357158a3c01d61e36098ae03786aeb48ee6065502c78a6578078aa2eb8873772,30|31|32|33|34|35|36|37|38|39|40|41,False,True,AGGREGATE_COVERAGE_RIDGE_V1,MISCOVERAGE_TRIGGERED_RESET_V1,1.0,raven_mcs,False
sensorscope,0.2,43,1,sensorscope|a=0.20|b1,WARMUP,13,0.028505307051595794,,0.0,0.05,0,0,0.0233349538162372,False,False,True,False,False,TRUE_UNSAFE,0.005170353235358593,0,WARMUP,True,FULL_INTERIOR,82444e4f495344856de94b0d72ab4a46843780c232e2f299b300fcafa8c4b4a1,b87cf615ab34b447e87bf447d79b9e4183a6e16fcef6223c57fad7be4aec6502,28b1caa40013852311cbcca3d496f41d3a4886add4f5e3eeda0481d471cd0a63,28b1caa40013852311cbcca3d496f41d3a4886add4f5e3eeda0481d471cd0a63,6cd0b52dd7ce8f064a636e3bfc8de9b2309a7dfb02abb27056836d0416fd20a6,357158a3c01d61e36098ae03786aeb48ee6065502c78a6578078aa2eb8873772,30|31|32|33|34|35|36|37|38|39|40|41|42,False,True,AGGREGATE_COVERAGE_RIDGE_V1,MISCOVERAGE_TRIGGERED_RESET_V1,1.0,raven_mcs,False
sensorscope,0.2,44,1,sensorscope|a=0.20|b1,WARMUP,14,0.02885620426939975,,0.0,0.05,0,0,0.0186679630529897,False,False,True,False,False,TRUE_UNSAFE,0.01018824121641005,0,WARMUP,True,FULL_INTERIOR,82444e4f495344856de94b0d72ab4a46843780c232e2f299b300fcafa8c4b4a1,b87cf615ab34b447e87bf447d79b9e4183a6e16fcef6223c57fad7be4aec6502,28b1caa40013852311cbcca3d496f41d3a4886add4f5e3eeda0481d471cd0a63,28b1caa40013852311cbcca3d496f41d3a4886add4f5e3eeda0481d471cd0a63,6cd0b52dd7ce8f064a636e3bfc8de9b2309a7dfb02abb27056836d0416fd20a6,357158a3c01d61e36098ae03786aeb48ee6065502c78a6578078aa2eb8873772,30|31|32|33|34|35|36|37|38|39|40|41|42|43,False,True,AGGREGATE_COVERAGE_RIDGE_V1,MISCOVERAGE_TRIGGERED_RESET_V1,1.0,raven_mcs,False
sensorscope,0.2,45,1,sensorscope|a=0.20|b1,WARMUP,15,0.029340884492802456,,0.0,0.05,0,0,0.0303354399611084,False,False,True,False,False,TRUE_UNSAFE,-0.0009945554683059438,0,WARMUP,True,FULL_INTERIOR,82444e4f495344856de94b0d72ab4a46843780c232e2f299b300fcafa8c4b4a1,b87cf615ab34b447e87bf447d79b9e4183a6e16fcef6223c57fad7be4aec6502,28b1caa40013852311cbcca3d496f41d3a4886add4f5e3eeda0481d471cd0a63,28b1caa40013852311cbcca3d496f41d3a4886add4f5e3eeda0481d471cd0a63,6cd0b52dd7ce8f064a636e3bfc8de9b2309a7dfb02abb27056836d0416fd20a6,357158a3c01d61e36098ae03786aeb48ee6065502c78a6578078aa2eb8873772,30|31|32|33|34|35|36|37|38|39|40|41|42|43|44,False,True,AGGREGATE_COVERAGE_RIDGE_V1,MISCOVERAGE_TRIGGERED_RESET_V1,1.0,raven_mcs,False
sensorscope,0.2,46,1,sensorscope|a=0.20|b1,WARMUP,16,0.029799756568730486,,0.0,0.05,0,0,0.0280019445794846,False,False,True,False,False,TRUE_UNSAFE,0.0017978119892458864,0,WARMUP,True,FULL_INTERIOR,82444e4f495344856de94b0d72ab4a46843780c232e2f299b300fcafa8c4b4a1,b87cf615ab34b447e87bf447d79b9e4183a6e16fcef6223c57fad7be4aec6502,28b1caa40013852311cbcca3d496f41d3a4886add4f5e3eeda0481d471cd0a63,28b1caa40013852311cbcca3d496f41d3a4886add4f5e3eeda0481d471cd0a63,6cd0b52dd7ce8f064a636e3bfc8de9b2309a7dfb02abb27056836d0416fd20a6,357158a3c01d61e36098ae03786aeb48ee6065502c78a6578078aa2eb8873772,30|31|32|33|34|35|36|37|38|39|40|41|42|43|44|45,False,True,AGGREGATE_COVERAGE_RIDGE_V1,MISCOVERAGE_TRIGGERED_RESET_V1,1.0,raven_mcs,False
sensorscope,0.2,47,1,sensorscope|a=0.20|b1,WARMUP,17,0.03028220814549067,,0.0,0.05,0,0,0.016334467671366,False,False,True,False,False,TRUE_UNSAFE,0.01394774047412467,0,WARMUP,True,FULL_INTERIOR,82444e4f495344856de94b0d72ab4a46843780c232e2f299b300fcafa8c4b4a1,b87cf615ab34b447e87bf447d79b9e4183a6e16fcef6223c57fad7be4aec6502,28b1caa40013852311cbcca3d496f41d3a4886add4f5e3eeda0481d471cd0a63,28b1caa40013852311cbcca3d496f41d3a4886add4f5e3eeda0481d471cd0a63,6cd0b52dd7ce8f064a636e3bfc8de9b2309a7dfb02abb27056836d0416fd20a6,357158a3c01d61e36098ae03786aeb48ee6065502c78a6578078aa2eb8873772,30|31|32|33|34|35|36|37|38|39|40|41|42|43|44|45|46,False,True,AGGREGATE_COVERAGE_RIDGE_V1,MISCOVERAGE_TRIGGERED_RESET_V1,1.0,raven_mcs,False
sensorscope,0.2,48,1,sensorscope|a=0.20|b1,WARMUP,18,0.030662752682072893,,0.0,0.05,0,0,0.0497812348079727,False,False,True,False,False,TRUE_UNSAFE,-0.01911848212589981,0,CERTIFIED,True,FULL_INTERIOR,82444e4f495344856de94b0d72ab4a46843780c232e2f299b300fcafa8c4b4a1,b87cf615ab34b447e87bf447d79b9e4183a6e16fcef6223c57fad7be4aec6502,28b1caa40013852311cbcca3d496f41d3a4886add4f5e3eeda0481d471cd0a63,28b1caa40013852311cbcca3d496f41d3a4886add4f5e3eeda0481d471cd0a63,6cd0b52dd7ce8f064a636e3bfc8de9b2309a7dfb02abb27056836d0416fd20a6,357158a3c01d61e36098ae03786aeb48ee6065502c78a6578078aa2eb8873772,30|31|32|33|34|35|36|37|38|39|40|41|42|43|44|45|46|47,True,True,AGGREGATE_COVERAGE_RIDGE_V1,MISCOVERAGE_TRIGGERED_RESET_V1,1.0,raven_mcs,False
sensorscope,0.2,49,1,sensorscope|a=0.20|b1,CERTIFIED,19,0.030958349952953355,0.01411230502889554,0.016846044924057814,0.05,0,0,0.0342245989304812,False,False,True,False,False,TRUE_UNSAFE,-0.0032662489775278462,0,CERTIFIED,True,FULL_INTERIOR,82444e4f495344856de94b0d72ab4a46843780c232e2f299b300fcafa8c4b4a1,b87cf615ab34b447e87bf447d79b9e4183a6e16fcef6223c57fad7be4aec6502,28b1caa40013852311cbcca3d496f41d3a4886add4f5e3eeda0481d471cd0a63,28b1caa40013852311cbcca3d496f41d3a4886add4f5e3eeda0481d471cd0a63,6cd0b52dd7ce8f064a636e3bfc8de9b2309a7dfb02abb27056836d0416fd20a6,357158a3c01d61e36098ae03786aeb48ee6065502c78a6578078aa2eb8873772,30|31|32|33|34|35|36|37|38|39|40|41|42|43|44|45|46|47|48,False,False,AGGREGATE_COVERAGE_RIDGE_V1,MISCOVERAGE_TRIGGERED_RESET_V1,1.0,raven_mcs,False
sensorscope,0.2,50,1,sensorscope|a=0.20|b1,CERTIFIED,20,0.03127279686580342,0.01411230502889554,0.01716049183690788,0.05,0,0,0.0186679630529897,False,False,True,False,False,TRUE_UNSAFE,0.012604833812813722,0,CERTIFIED,True,FULL_INTERIOR,82444e4f495344856de94b0d72ab4a46843780c232e2f299b300fcafa8c4b4a1,b87cf615ab34b447e87bf447d79b9e4183a6e16fcef6223c57fad7be4aec6502,28b1caa40013852311cbcca3d496f41d3a4886add4f5e3eeda0481d471cd0a63,28b1caa40013852311cbcca3d496f41d3a4886add4f5e3eeda0481d471cd0a63,6cd0b52dd7ce8f064a636e3bfc8de9b2309a7dfb02abb27056836d0416fd20a6,357158a3c01d61e36098ae03786aeb48ee6065502c78a6578078aa2eb8873772,30|31|32|33|34|35|36|37|38|39|40|41|42|43|44|45|46|47|48|49,False,False,AGGREGATE_COVERAGE_RIDGE_V1,MISCOVERAGE_TRIGGERED_RESET_V1,1.0,raven_mcs,False
sensorscope,0.2,51,1,sensorscope|a=0.20|b1,CERTIFIED,21,0.03131494391548099,0.01411230502889554,0.017202638886585447,0.05,0,0,0.0248906174039863,False,False,True,False,False,TRUE_UNSAFE,0.006424326511494688,0,CERTIFIED,True,FULL_INTERIOR,82444e4f495344856de94b0d72ab4a46843780c232e2f299b300fcafa8c4b4a1,b87cf615ab34b447e87bf447d79b9e4183a6e16fcef6223c57fad7be4aec6502,28b1caa40013852311cbcca3d496f41d3a4886add4f5e3eeda0481d471cd0a63,28b1caa40013852311cbcca3d496f41d3a4886add4f5e3eeda0481d471cd0a63,6cd0b52dd7ce8f064a636e3bfc8de9b2309a7dfb02abb27056836d0416fd20a6,357158a3c01d61e36098ae03786aeb48ee6065502c78a6578078aa2eb8873772,30|31|32|33|34|35|36|37|38|39|40|41|42|43|44|45|46|47|48|49|50,False,False,AGGREGATE_COVERAGE_RIDGE_V1,MISCOVERAGE_TRIGGERED_RESET_V1,1.0,raven_mcs,False
sensorscope,0.2,52,1,sensorscope|a=0.20|b1,CERTIFIED,22,0.03124611516123115,0.01411230502889554,0.01713381013233561,0.05,0,0,0.0497812348079727,False,False,True,False,False,TRUE_UNSAFE,-0.018535119646741552,0,CERTIFIED,True,FULL_INTERIOR,82444e4f495344856de94b0d72ab4a46843780c232e2f299b300fcafa8c4b4a1,b87cf615ab34b447e87bf447d79b9e4183a6e16fcef6223c57fad7be4aec6502,28b1caa40013852311cbcca3d496f41d3a4886add4f5e3eeda0481d471cd0a63,28b1caa40013852311cbcca3d496f41d3a4886add4f5e3eeda0481d471cd0a63,6cd0b52dd7ce8f064a636e3bfc8de9b2309a7dfb02abb27056836d0416fd20a6,357158a3c01d61e36098ae03786aeb48ee6065502c78a6578078aa2eb8873772,30|31|32|33|34|35|36|37|38|39|40|41|42|43|44|45|46|47|48|49|50|51,True,False,AGGREGATE_COVERAGE_RIDGE_V1,MISCOVERAGE_TRIGGERED_RESET_V1,1.0,raven_mcs,False
sensorscope,0.2,53,1,sensorscope|a=0.20|b1,CERTIFIED,23,0.03113684834733634,0.01411230502889554,0.017024543318440798,0.05,0,0,0.0248906174039863,False,False,True,False,False,TRUE_UNSAFE,0.006246230943350039,0,CERTIFIED,True,FULL_INTERIOR,82444e4f495344856de94b0d72ab4a46843780c232e2f299b300fcafa8c4b4a1,b87cf615ab34b447e87bf447d79b9e4183a6e16fcef6223c57fad7be4aec6502,28b1caa40013852311cbcca3d496f41d3a4886add4f5e3eeda0481d471cd0a63,28b1caa40013852311cbcca3d496f41d3a4886add4f5e3eeda0481d471cd0a63,6cd0b52dd7ce8f064a636e3bfc8de9b2309a7dfb02abb27056836d0416fd20a6,357158a3c01d61e36098ae03786aeb48ee6065502c78a6578078aa2eb8873772,30|31|32|33|34|35|36|37|38|39|40|41|42|43|44|45|46|47|48|49|50|51|52,False,False,AGGREGATE_COVERAGE_RIDGE_V1,MISCOVERAGE_TRIGGERED_RESET_V1,1.0,raven_mcs,False
sensorscope,0.2,54,1,sensorscope|a=0.20|b1,CERTIFIED,24,0.03095089916414404,0.01411230502889554,0.0168385941352485,0.05,0,0,0.0291686922702965,False,False,True,False,False,TRUE_UNSAFE,0.0017822068938475391,0,CERTIFIED,True,FULL_INTERIOR,82444e4f495344856de94b0d72ab4a46843780c232e2f299b300fcafa8c4b4a1,b87cf615ab34b447e87bf447d79b9e4183a6e16fcef6223c57fad7be4aec6502,28b1caa40013852311cbcca3d496f41d3a4886add4f5e3eeda0481d471cd0a63,28b1caa40013852311cbcca3d496f41d3a4886add4f5e3eeda0481d471cd0a63,6cd0b52dd7ce8f064a636e3bfc8de9b2309a7dfb02abb27056836d0416fd20a6,357158a3c01d61e36098ae03786aeb48ee6065502c78a6578078aa2eb8873772,30|31|32|33|34|35|36|37|38|39|40|41|42|43|44|45|46|47|48|49|50|51|52|53,False,False,AGGREGATE_COVERAGE_RIDGE_V1,MISCOVERAGE_TRIGGERED_RESET_V1,1.0,raven_mcs,False
sensorscope,0.2,55,1,sensorscope|a=0.20|b1,CERTIFIED,25,0.030527065489181434,0.01411230502889554,0.016414760460285893,0.05,0,0,0.0350024307243558,False,False,True,False,False,TRUE_UNSAFE,-0.004475365235174365,0,CERTIFIED,True,FULL_INTERIOR,82444e4f495344856de94b0d72ab4a46843780c232e2f299b300fcafa8c4b4a1,b87cf615ab34b447e87bf447d79b9e4183a6e16fcef6223c57fad7be4aec6502,28b1caa40013852311cbcca3d496f41d3a4886add4f5e3eeda0481d471cd0a63,28b1caa40013852311cbcca3d496f41d3a4886add4f5e3eeda0481d471cd0a63,6cd0b52dd7ce8f064a636e3bfc8de9b2309a7dfb02abb27056836d0416fd20a6,357158a3c01d61e36098ae03786aeb48ee6065502c78a6578078aa2eb8873772,30|31|32|33|34|35|36|37|38|39|40|41|42|43|44|45|46|47|48|49|50|51|52|53|54,False,False,AGGREGATE_COVERAGE_RIDGE_V1,MISCOVERAGE_TRIGGERED_RESET_V1,1.0,raven_mcs,False
sensorscope,0.2,56,1,sensorscope|a=0.20|b1,CERTIFIED,26,0.030127589950688836,0.01411230502889554,0.016015284921793296,0.05,0,0,0.0204180845892075,False,False,True,False,False,TRUE_UNSAFE,0.009709505361481338,0,CERTIFIED,True,FULL_INTERIOR,82444e4f495344856de94b0d72ab4a46843780c232e2f299b300fcafa8c4b4a1,b87cf615ab34b447e87bf447d79b9e4183a6e16fcef6223c57fad7be4aec6502,28b1caa40013852311cbcca3d496f41d3a4886add4f5e3eeda0481d471cd0a63,28b1caa40013852311cbcca3d496f41d3a4886add4f5e3eeda0481d471cd0a63,6cd0b52dd7ce8f064a636e3bfc8de9b2309a7dfb02abb27056836d0416fd20a6,357158a3c01d61e36098ae03786aeb48ee6065502c78a6578078aa2eb8873772,30|31|32|33|34|35|36|37|38|39|40|41|42|43|44|45|46|47|48|49|50|51|52|53|54|55,False,False,AGGREGATE_COVERAGE_RIDGE_V1,MISCOVERAGE_TRIGGERED_RESET_V1,1.0,raven_mcs,False
sensorscope,0.2,57,1,sensorscope|a=0.20|b1,CERTIFIED,27,0.02968090945254532,0.01411230502889554,0.015568604423649778,0.05,0,0,0.0233349538162372,False,False,True,False,False,TRUE_UNSAFE,0.006345955636308118,0,CERTIFIED,True,FULL_INTERIOR,82444e4f495344856de94b0d72ab4a46843780c232e2f299b300fcafa8c4b4a1,b87cf615ab34b447e87bf447d79b9e4183a6e16fcef6223c57fad7be4aec6502,28b1caa40013852311cbcca3d496f41d3a4886add4f5e3eeda0481d471cd0a63,28b1caa40013852311cbcca3d496f41d3a4886add4f5e3eeda0481d471cd0a63,6cd0b52dd7ce8f064a636e3bfc8de9b2309a7dfb02abb27056836d0416fd20a6,357158a3c01d61e36098ae03786aeb48ee6065502c78a6578078aa2eb8873772,30|31|32|33|34|35|36|37|38|39|40|41|42|43|44|45|46|47|48|49|50|51|52|53|54|55|56,False,False,AGGREGATE_COVERAGE_RIDGE_V1,MISCOVERAGE_TRIGGERED_RESET_V1,1.0,raven_mcs,False
sensorscope,0.2,58,1,sensorscope|a=0.20|b1,CERTIFIED,28,0.029167634827548798,0.01411230502889554,0.015055329798653257,0.05,0,0,0.0204180845892075,False,False,True,False,False,TRUE_UNSAFE,0.0087495502383413,0,CERTIFIED,True,FULL_INTERIOR,82444e4f495344856de94b0d72ab4a46843780c232e2f299b300fcafa8c4b4a1,b87cf615ab34b447e87bf447d79b9e4183a6e16fcef6223c57fad7be4aec6502,28b1caa40013852311cbcca3d496f41d3a4886add4f5e3eeda0481d471cd0a63,28b1caa40013852311cbcca3d496f41d3a4886add4f5e3eeda0481d471cd0a63,6cd0b52dd7ce8f064a636e3bfc8de9b2309a7dfb02abb27056836d0416fd20a6,357158a3c01d61e36098ae03786aeb48ee6065502c78a6578078aa2eb8873772,30|31|32|33|34|35|36|37|38|39|40|41|42|43|44|45|46|47|48|49|50|51|52|53|54|55|56|57,False,False,AGGREGATE_COVERAGE_RIDGE_V1,MISCOVERAGE_TRIGGERED_RESET_V1,1.0,raven_mcs,False
sensorscope,0.2,59,1,sensorscope|a=0.20|b1,CERTIFIED,29,0.028728929180506343,0.01411230502889554,0.014616624151610802,0.05,0,0,0.0233349538162372,False,False,True,False,False,TRUE_UNSAFE,0.005393975364269141,0,CERTIFIED,True,FULL_INTERIOR,82444e4f495344856de94b0d72ab4a46843780c232e2f299b300fcafa8c4b4a1,b87cf615ab34b447e87bf447d79b9e4183a6e16fcef6223c57fad7be4aec6502,28b1caa40013852311cbcca3d496f41d3a4886add4f5e3eeda0481d471cd0a63,28b1caa40013852311cbcca3d496f41d3a4886add4f5e3eeda0481d471cd0a63,6cd0b52dd7ce8f064a636e3bfc8de9b2309a7dfb02abb27056836d0416fd20a6,357158a3c01d61e36098ae03786aeb48ee6065502c78a6578078aa2eb8873772,30|31|32|33|34|35|36|37|38|39|40|41|42|43|44|45|46|47|48|49|50|51|52|53|54|55|56|57|58,False,False,AGGREGATE_COVERAGE_RIDGE_V1,MISCOVERAGE_TRIGGERED_RESET_V1,1.0,raven_mcs,False
sensorscope,0.2,60,1,sensorscope|a=0.20|b1,CERTIFIED,30,0.02832663367082066,0.01411230502889554,0.014214328641925119,0.05,0,0,0.0230015973331481,False,False,True,False,False,TRUE_UNSAFE,0.005325036337672558,0,CERTIFIED,True,FULL_INTERIOR,82444e4f495344856de94b0d72ab4a46843780c232e2f299b300fcafa8c4b4a1,b87cf615ab34b447e87bf447d79b9e4183a6e16fcef6223c57fad7be4aec6502,28b1caa40013852311cbcca3d496f41d3a4886add4f5e3eeda0481d471cd0a63,28b1caa40013852311cbcca3d496f41d3a4886add4f5e3eeda0481d471cd0a63,6cd0b52dd7ce8f064a636e3bfc8de9b2309a7dfb02abb27056836d0416fd20a6,357158a3c01d61e36098ae03786aeb48ee6065502c78a6578078aa2eb8873772,30|31|32|33|34|35|36|37|38|39|40|41|42|43|44|45|46|47|48|49|50|51|52|53|54|55|56|57|58|59,False,False,AGGREGATE_COVERAGE_RIDGE_V1,MISCOVERAGE_TRIGGERED_RESET_V1,1.0,raven_mcs,False
sensorscope,0.2,61,1,sensorscope|a=0.20|b1,CERTIFIED,31,0.028020325601605237,0.01411230502889554,0.013908020572709696,0.05,0,0,0.028113063407181,False,False,True,False,False,TRUE_UNSAFE,-9.27378055757648e-05,0,CERTIFIED,True,FULL_BOUNDARY,82444e4f495344856de94b0d72ab4a46843780c232e2f299b300fcafa8c4b4a1,b87cf615ab34b447e87bf447d79b9e4183a6e16fcef6223c57fad7be4aec6502,28b1caa40013852311cbcca3d496f41d3a4886add4f5e3eeda0481d471cd0a63,28b1caa40013852311cbcca3d496f41d3a4886add4f5e3eeda0481d471cd0a63,6cd0b52dd7ce8f064a636e3bfc8de9b2309a7dfb02abb27056836d0416fd20a6,357158a3c01d61e36098ae03786aeb48ee6065502c78a6578078aa2eb8873772,30|31|32|33|34|35|36|37|38|39|40|41|42|43|44|45|46|47|48|49|50|51|52|53|54|55|56|57|58|59|60,False,False,AGGREGATE_COVERAGE_RIDGE_V1,MISCOVERAGE_TRIGGERED_RESET_V1,1.0,raven_mcs,False
uair,1.0,0,0,uair|a=1.00|b0,WARMUP,0,0.021450177587277998,,0.0,0.05,0,0,0.0455696202531645,False,False,True,False,False,TRUE_UNSAFE,-0.024119442665886504,0,WARMUP,True,FULL_BOUNDARY,82444e4f495344856de94b0d72ab4a46843780c232e2f299b300fcafa8c4b4a1,b87cf615ab34b447e87bf447d79b9e4183a6e16fcef6223c57fad7be4aec6502,9afabce7e133f966a816b2294acfc1d13fce73b405a9ff0f6fed05110b94f13e,9afabce7e133f966a816b2294acfc1d13fce73b405a9ff0f6fed05110b94f13e,6cd0b52dd7ce8f064a636e3bfc8de9b2309a7dfb02abb27056836d0416fd20a6,357158a3c01d61e36098ae03786aeb48ee6065502c78a6578078aa2eb8873772,,True,True,AGGREGATE_COVERAGE_RIDGE_V1,MISCOVERAGE_TRIGGERED_RESET_V1,1.0,raven_mcs,False
uair,1.0,1,0,uair|a=1.00|b0,WARMUP,1,0.027315693417278776,,0.0,0.05,0,0,0.0455696202531645,False,False,True,False,False,TRUE_UNSAFE,-0.018253926835885725,0,WARMUP,True,FULL_INTERIOR,82444e4f495344856de94b0d72ab4a46843780c232e2f299b300fcafa8c4b4a1,b87cf615ab34b447e87bf447d79b9e4183a6e16fcef6223c57fad7be4aec6502,9afabce7e133f966a816b2294acfc1d13fce73b405a9ff0f6fed05110b94f13e,9afabce7e133f966a816b2294acfc1d13fce73b405a9ff0f6fed05110b94f13e,6cd0b52dd7ce8f064a636e3bfc8de9b2309a7dfb02abb27056836d0416fd20a6,357158a3c01d61e36098ae03786aeb48ee6065502c78a6578078aa2eb8873772,0,True,True,AGGREGATE_COVERAGE_RIDGE_V1,MISCOVERAGE_TRIGGERED_RESET_V1,1.0,raven_mcs,False
uair,1.0,2,0,uair|a=1.00|b0,WARMUP,2,0.03195040603172978,,0.0,0.05,0,0,0.0455696202531645,False,False,True,False,False,TRUE_UNSAFE,-0.013619214221434722,0,WARMUP,True,FULL_INTERIOR,82444e4f495344856de94b0d72ab4a46843780c232e2f299b300fcafa8c4b4a1,b87cf615ab34b447e87bf447d79b9e4183a6e16fcef6223c57fad7be4aec6502,9afabce7e133f966a816b2294acfc1d13fce73b405a9ff0f6fed05110b94f13e,9afabce7e133f966a816b2294acfc1d13fce73b405a9ff0f6fed05110b94f13e,6cd0b52dd7ce8f064a636e3bfc8de9b2309a7dfb02abb27056836d0416fd20a6,357158a3c01d61e36098ae03786aeb48ee6065502c78a6578078aa2eb8873772,0|1,True,True,AGGREGATE_COVERAGE_RIDGE_V1,MISCOVERAGE_TRIGGERED_RESET_V1,1.0,raven_mcs,False
uair,1.0,3,0,uair|a=1.00|b0,WARMUP,3,0.2012635822746351,,0.0,0.05,0,0,0.2278481012658227,True,False,True,False,True,FALSE_UNSAFE,-0.026584518991187606,0,WARMUP,True,FULL_INTERIOR,82444e4f495344856de94b0d72ab4a46843780c232e2f299b300fcafa8c4b4a1,b87cf615ab34b447e87bf447d79b9e4183a6e16fcef6223c57fad7be4aec6502,9afabce7e133f966a816b2294acfc1d13fce73b405a9ff0f6fed05110b94f13e,9afabce7e133f966a816b2294acfc1d13fce73b405a9ff0f6fed05110b94f13e,6cd0b52dd7ce8f064a636e3bfc8de9b2309a7dfb02abb27056836d0416fd20a6,357158a3c01d61e36098ae03786aeb48ee6065502c78a6578078aa2eb8873772,0|1|2,False,True,AGGREGATE_COVERAGE_RIDGE_V1,MISCOVERAGE_TRIGGERED_RESET_V1,1.0,raven_mcs,False
uair,1.0,4,0,uair|a=1.00|b0,WARMUP,4,0.21774901622423076,,0.0,0.05,0,0,0.2278481012658227,True,False,True,False,True,FALSE_UNSAFE,-0.010099085041591932,0,WARMUP,True,FULL_INTERIOR,82444e4f495344856de94b0d72ab4a46843780c232e2f299b300fcafa8c4b4a1,b87cf615ab34b447e87bf447d79b9e4183a6e16fcef6223c57fad7be4aec6502,9afabce7e133f966a816b2294acfc1d13fce73b405a9ff0f6fed05110b94f13e,9afabce7e133f966a816b2294acfc1d13fce73b405a9ff0f6fed05110b94f13e,6cd0b52dd7ce8f064a636e3bfc8de9b2309a7dfb02abb27056836d0416fd20a6,357158a3c01d61e36098ae03786aeb48ee6065502c78a6578078aa2eb8873772,0|1|2|3,False,True,AGGREGATE_COVERAGE_RIDGE_V1,MISCOVERAGE_TRIGGERED_RESET_V1,1.0,raven_mcs,False
uair,1.0,5,0,uair|a=1.00|b0,WARMUP,5,0.2303020708354916,,0.0,0.05,0,0,0.2278481012658227,True,False,True,False,True,FALSE_UNSAFE,0.0024539695696688957,0,WARMUP,True,FULL_INTERIOR,82444e4f495344856de94b0d72ab4a46843780c232e2f299b300fcafa8c4b4a1,b87cf615ab34b447e87bf447d79b9e4183a6e16fcef6223c57fad7be4aec6502,9afabce7e133f966a816b2294acfc1d13fce73b405a9ff0f6fed05110b94f13e,9afabce7e133f966a816b2294acfc1d13fce73b405a9ff0f6fed05110b94f13e,6cd0b52dd7ce8f064a636e3bfc8de9b2309a7dfb02abb27056836d0416fd20a6,357158a3c01d61e36098ae03786aeb48ee6065502c78a6578078aa2eb8873772,0|1|2|3|4,False,True,AGGREGATE_COVERAGE_RIDGE_V1,MISCOVERAGE_TRIGGERED_RESET_V1,1.0,raven_mcs,False
uair,1.0,6,0,uair|a=1.00|b0,WARMUP,6,0.2305639043758756,,0.0,0.05,0,0,0.2278481012658227,True,False,True,False,True,FALSE_UNSAFE,0.0027158031100529,0,WARMUP,True,FULL_INTERIOR,82444e4f495344856de94b0d72ab4a46843780c232e2f299b300fcafa8c4b4a1,b87cf615ab34b447e87bf447d79b9e4183a6e16fcef6223c57fad7be4aec6502,9afabce7e133f966a816b2294acfc1d13fce73b405a9ff0f6fed05110b94f13e,9afabce7e133f966a816b2294acfc1d13fce73b405a9ff0f6fed05110b94f13e,6cd0b52dd7ce8f064a636e3bfc8de9b2309a7dfb02abb27056836d0416fd20a6,357158a3c01d61e36098ae03786aeb48ee6065502c78a6578078aa2eb8873772,0|1|2|3|4|5,False,True,AGGREGATE_COVERAGE_RIDGE_V1,MISCOVERAGE_TRIGGERED_RESET_V1,1.0,raven_mcs,False
uair,1.0,7,0,uair|a=1.00|b0,WARMUP,7,0.23021621602301684,,0.0,0.05,0,0,0.2278481012658227,True,False,True,False,True,FALSE_UNSAFE,0.002368114757194145,0,WARMUP,True,FULL_INTERIOR,82444e4f495344856de94b0d72ab4a46843780c232e2f299b300fcafa8c4b4a1,b87cf615ab34b447e87bf447d79b9e4183a6e16fcef6223c57fad7be4aec6502,9afabce7e133f966a816b2294acfc1d13fce73b405a9ff0f6fed05110b94f13e,9afabce7e133f966a816b2294acfc1d13fce73b405a9ff0f6fed05110b94f13e,6cd0b52dd7ce8f064a636e3bfc8de9b2309a7dfb02abb27056836d0416fd20a6,357158a3c01d61e36098ae03786aeb48ee6065502c78a6578078aa2eb8873772,0|1|2|3|4|5|6,False,True,AGGREGATE_COVERAGE_RIDGE_V1,MISCOVERAGE_TRIGGERED_RESET_V1,1.0,raven_mcs,False
uair,1.0,8,0,uair|a=1.00|b0,WARMUP,8,0.22934766036305537,,0.0,0.05,0,0,0.2278481012658227,True,False,True,False,True,FALSE_UNSAFE,0.0014995590972326778,0,WARMUP,True,FULL_INTERIOR,82444e4f495344856de94b0d72ab4a46843780c232e2f299b300fcafa8c4b4a1,b87cf615ab34b447e87bf447d79b9e4183a6e16fcef6223c57fad7be4aec6502,9afabce7e133f966a816b2294acfc1d13fce73b405a9ff0f6fed05110b94f13e,9afabce7e133f966a816b2294acfc1d13fce73b405a9ff0f6fed05110b94f13e,6cd0b52dd7ce8f064a636e3bfc8de9b2309a7dfb02abb27056836d0416fd20a6,357158a3c01d61e36098ae03786aeb48ee6065502c78a6578078aa2eb8873772,0|1|2|3|4|5|6|7,False,True,AGGREGATE_COVERAGE_RIDGE_V1,MISCOVERAGE_TRIGGERED_RESET_V1,1.0,raven_mcs,False
uair,1.0,9,0,uair|a=1.00|b0,WARMUP,9,0.22795138421586675,,0.0,0.05,0,0,0.2658227848101266,True,False,True,False,True,FALSE_UNSAFE,-0.03787140059425986,0,WARMUP,True,FULL_INTERIOR,82444e4f495344856de94b0d72ab4a46843780c232e2f299b300fcafa8c4b4a1,b87cf615ab34b447e87bf447d79b9e4183a6e16fcef6223c57fad7be4aec6502,9afabce7e133f966a816b2294acfc1d13fce73b405a9ff0f6fed05110b94f13e,9afabce7e133f966a816b2294acfc1d13fce73b405a9ff0f6fed05110b94f13e,6cd0b52dd7ce8f064a636e3bfc8de9b2309a7dfb02abb27056836d0416fd20a6,357158a3c01d61e36098ae03786aeb48ee6065502c78a6578078aa2eb8873772,0|1|2|3|4|5|6|7|8,False,True,AGGREGATE_COVERAGE_RIDGE_V1,MISCOVERAGE_TRIGGERED_RESET_V1,1.0,raven_mcs,False
uair,1.0,10,0,uair|a=1.00|b0,WARMUP,10,0.22961426210929045,,0.0,0.05,0,0,0.2658227848101266,True,False,True,False,True,FALSE_UNSAFE,-0.03620852270083616,0,WARMUP,True,FULL_INTERIOR,82444e4f495344856de94b0d72ab4a46843780c232e2f299b300fcafa8c4b4a1,b87cf615ab34b447e87bf447d79b9e4183a6e16fcef6223c57fad7be4aec6502,9afabce7e133f966a816b2294acfc1d13fce73b405a9ff0f6fed05110b94f13e,9afabce7e133f966a816b2294acfc1d13fce73b405a9ff0f6fed05110b94f13e,6cd0b52dd7ce8f064a636e3bfc8de9b2309a7dfb02abb27056836d0416fd20a6,357158a3c01d61e36098ae03786aeb48ee6065502c78a6578078aa2eb8873772,0|1|2|3|4|5|6|7|8|9,False,True,AGGREGATE_COVERAGE_RIDGE_V1,MISCOVERAGE_TRIGGERED_RESET_V1,1.0,raven_mcs,False
uair,1.0,11,0,uair|a=1.00|b0,WARMUP,11,0.23049472772927562,,0.0,0.05,0,0,0.2658227848101266,True,False,True,False,True,FALSE_UNSAFE,-0.03532805708085099,0,WARMUP,True,FULL_INTERIOR,82444e4f495344856de94b0d72ab4a46843780c232e2f299b300fcafa8c4b4a1,b87cf615ab34b447e87bf447d79b9e4183a6e16fcef6223c57fad7be4aec6502,9afabce7e133f966a816b2294acfc1d13fce73b405a9ff0f6fed05110b94f13e,9afabce7e133f966a816b2294acfc1d13fce73b405a9ff0f6fed05110b94f13e,6cd0b52dd7ce8f064a636e3bfc8de9b2309a7dfb02abb27056836d0416fd20a6,357158a3c01d61e36098ae03786aeb48ee6065502c78a6578078aa2eb8873772,0|1|2|3|4|5|6|7|8|9|10,False,True,AGGREGATE_COVERAGE_RIDGE_V1,MISCOVERAGE_TRIGGERED_RESET_V1,1.0,raven_mcs,False
uair,1.0,12,0,uair|a=1.00|b0,WARMUP,12,0.22850131321252806,,0.0,0.05,0,0,0.2658227848101266,True,False,True,False,True,FALSE_UNSAFE,-0.03732147159759855,0,WARMUP,True,FULL_INTERIOR,82444e4f495344856de94b0d72ab4a46843780c232e2f299b300fcafa8c4b4a1,b87cf615ab34b447e87bf447d79b9e4183a6e16fcef6223c57fad7be4aec6502,9afabce7e133f966a816b2294acfc1d13fce73b405a9ff0f6fed05110b94f13e,9afabce7e133f966a816b2294acfc1d13fce73b405a9ff0f6fed05110b94f13e,6cd0b52dd7ce8f064a636e3bfc8de9b2309a7dfb02abb27056836d0416fd20a6,357158a3c01d61e36098ae03786aeb48ee6065502c78a6578078aa2eb8873772,0|1|2|3|4|5|6|7|8|9|10|11,False,True,AGGREGATE_COVERAGE_RIDGE_V1,MISCOVERAGE_TRIGGERED_RESET_V1,1.0,raven_mcs,False
uair,1.0,13,0,uair|a=1.00|b0,WARMUP,13,0.2267676164552468,,0.0,0.05,0,0,0.2658227848101266,True,False,True,False,True,FALSE_UNSAFE,-0.03905516835487982,0,WARMUP,True,FULL_INTERIOR,82444e4f495344856de94b0d72ab4a46843780c232e2f299b300fcafa8c4b4a1,b87cf615ab34b447e87bf447d79b9e4183a6e16fcef6223c57fad7be4aec6502,9afabce7e133f966a816b2294acfc1d13fce73b405a9ff0f6fed05110b94f13e,9afabce7e133f966a816b2294acfc1d13fce73b405a9ff0f6fed05110b94f13e,6cd0b52dd7ce8f064a636e3bfc8de9b2309a7dfb02abb27056836d0416fd20a6,357158a3c01d61e36098ae03786aeb48ee6065502c78a6578078aa2eb8873772,0|1|2|3|4|5|6|7|8|9|10|11|12,False,True,AGGREGATE_COVERAGE_RIDGE_V1,MISCOVERAGE_TRIGGERED_RESET_V1,1.0,raven_mcs,False
uair,1.0,14,0,uair|a=1.00|b0,WARMUP,14,0.22542311335135803,,0.0,0.05,0,0,0.2658227848101266,True,False,True,False,True,FALSE_UNSAFE,-0.04039967145876858,0,WARMUP,True,FULL_INTERIOR,82444e4f495344856de94b0d72ab4a46843780c232e2f299b300fcafa8c4b4a1,b87cf615ab34b447e87bf447d79b9e4183a6e16fcef6223c57fad7be4aec6502,9afabce7e133f966a816b2294acfc1d13fce73b405a9ff0f6fed05110b94f13e,9afabce7e133f966a816b2294acfc1d13fce73b405a9ff0f6fed05110b94f13e,6cd0b52dd7ce8f064a636e3bfc8de9b2309a7dfb02abb27056836d0416fd20a6,357158a3c01d61e36098ae03786aeb48ee6065502c78a6578078aa2eb8873772,0|1|2|3|4|5|6|7|8|9|10|11|12|13,False,True,AGGREGATE_COVERAGE_RIDGE_V1,MISCOVERAGE_TRIGGERED_RESET_V1,1.0,raven_mcs,False
uair,1.0,15,0,uair|a=1.00|b0,WARMUP,15,0.22456992251535826,,0.0,0.05,0,0,0.240506329113924,True,False,True,False,True,FALSE_UNSAFE,-0.01593640659856574,0,WARMUP,True,FULL_INTERIOR,82444e4f495344856de94b0d72ab4a46843780c232e2f299b300fcafa8c4b4a1,b87cf615ab34b447e87bf447d79b9e4183a6e16fcef6223c57fad7be4aec6502,9afabce7e133f966a816b2294acfc1d13fce73b405a9ff0f6fed05110b94f13e,9afabce7e133f966a816b2294acfc1d13fce73b405a9ff0f6fed05110b94f13e,6cd0b52dd7ce8f064a636e3bfc8de9b2309a7dfb02abb27056836d0416fd20a6,357158a3c01d61e36098ae03786aeb48ee6065502c78a6578078aa2eb8873772,0|1|2|3|4|5|6|7|8|9|10|11|12|13|14,False,True,AGGREGATE_COVERAGE_RIDGE_V1,MISCOVERAGE_TRIGGERED_RESET_V1,1.0,raven_mcs,False
uair,1.0,16,0,uair|a=1.00|b0,WARMUP,16,0.2220727330803382,,0.0,0.05,0,0,0.240506329113924,True,False,True,False,True,FALSE_UNSAFE,-0.018433596033585797,0,WARMUP,True,FULL_INTERIOR,82444e4f495344856de94b0d72ab4a46843780c232e2f299b300fcafa8c4b4a1,b87cf615ab34b447e87bf447d79b9e4183a6e16fcef6223c57fad7be4aec6502,9afabce7e133f966a816b2294acfc1d13fce73b405a9ff0f6fed05110b94f13e,9afabce7e133f966a816b2294acfc1d13fce73b405a9ff0f6fed05110b94f13e,6cd0b52dd7ce8f064a636e3bfc8de9b2309a7dfb02abb27056836d0416fd20a6,357158a3c01d61e36098ae03786aeb48ee6065502c78a6578078aa2eb8873772,0|1|2|3|4|5|6|7|8|9|10|11|12|13|14|15,False,True,AGGREGATE_COVERAGE_RIDGE_V1,MISCOVERAGE_TRIGGERED_RESET_V1,1.0,raven_mcs,False
uair,1.0,17,0,uair|a=1.00|b0,WARMUP,17,0.22062428197364312,,0.0,0.05,0,0,0.240506329113924,True,False,True,False,True,FALSE_UNSAFE,-0.019882047140280884,0,WARMUP,True,FULL_INTERIOR,82444e4f495344856de94b0d72ab4a46843780c232e2f299b300fcafa8c4b4a1,b87cf615ab34b447e87bf447d79b9e4183a6e16fcef6223c57fad7be4aec6502,9afabce7e133f966a816b2294acfc1d13fce73b405a9ff0f6fed05110b94f13e,9afabce7e133f966a816b2294acfc1d13fce73b405a9ff0f6fed05110b94f13e,6cd0b52dd7ce8f064a636e3bfc8de9b2309a7dfb02abb27056836d0416fd20a6,357158a3c01d61e36098ae03786aeb48ee6065502c78a6578078aa2eb8873772,0|1|2|3|4|5|6|7|8|9|10|11|12|13|14|15|16,False,True,AGGREGATE_COVERAGE_RIDGE_V1,MISCOVERAGE_TRIGGERED_RESET_V1,1.0,raven_mcs,False
uair,1.0,18,0,uair|a=1.00|b0,WARMUP,18,0.22127015423222457,,0.0,0.05,0,0,0.240506329113924,True,False,True,False,True,FALSE_UNSAFE,-0.01923617488169943,0,CERTIFIED,True,FULL_INTERIOR,82444e4f495344856de94b0d72ab4a46843780c232e2f299b300fcafa8c4b4a1,b87cf615ab34b447e87bf447d79b9e4183a6e16fcef6223c57fad7be4aec6502,9afabce7e133f966a816b2294acfc1d13fce73b405a9ff0f6fed05110b94f13e,9afabce7e133f966a816b2294acfc1d13fce73b405a9ff0f6fed05110b94f13e,6cd0b52dd7ce8f064a636e3bfc8de9b2309a7dfb02abb27056836d0416fd20a6,357158a3c01d61e36098ae03786aeb48ee6065502c78a6578078aa2eb8873772,0|1|2|3|4|5|6|7|8|9|10|11|12|13|14|15|16|17,False,True,AGGREGATE_COVERAGE_RIDGE_V1,MISCOVERAGE_TRIGGERED_RESET_V1,1.0,raven_mcs,False
uair,1.0,19,0,uair|a=1.00|b0,CERTIFIED,19,0.22246024965224576,0.0027158031100529,0.21974444654219286,0.05,1,1,0.240506329113924,True,True,True,False,False,TRUE_SAFE,-0.018046079461678244,0,CERTIFIED,True,FULL_INTERIOR,82444e4f495344856de94b0d72ab4a46843780c232e2f299b300fcafa8c4b4a1,b87cf615ab34b447e87bf447d79b9e4183a6e16fcef6223c57fad7be4aec6502,9afabce7e133f966a816b2294acfc1d13fce73b405a9ff0f6fed05110b94f13e,9afabce7e133f966a816b2294acfc1d13fce73b405a9ff0f6fed05110b94f13e,6cd0b52dd7ce8f064a636e3bfc8de9b2309a7dfb02abb27056836d0416fd20a6,357158a3c01d61e36098ae03786aeb48ee6065502c78a6578078aa2eb8873772,0|1|2|3|4|5|6|7|8|9|10|11|12|13|14|15|16|17|18,False,False,AGGREGATE_COVERAGE_RIDGE_V1,MISCOVERAGE_TRIGGERED_RESET_V1,1.0,raven_mcs,False
uair,1.0,20,0,uair|a=1.00|b0,CERTIFIED,20,0.22410591364756674,0.0027158031100529,0.22139011053751384,0.05,1,1,0.240506329113924,True,True,True,False,False,TRUE_SAFE,-0.01640041546635726,0,CERTIFIED,True,FULL_INTERIOR,82444e4f495344856de94b0d72ab4a46843780c232e2f299b300fcafa8c4b4a1,b87cf615ab34b447e87bf447d79b9e4183a6e16fcef6223c57fad7be4aec6502,9afabce7e133f966a816b2294acfc1d13fce73b405a9ff0f6fed05110b94f13e,9afabce7e133f966a816b2294acfc1d13fce73b405a9ff0f6fed05110b94f13e,6cd0b52dd7ce8f064a636e3bfc8de9b2309a7dfb02abb27056836d0416fd20a6,357158a3c01d61e36098ae03786aeb48ee6065502c78a6578078aa2eb8873772,0|1|2|3|4|5|6|7|8|9|10|11|12|13|14|15|16|17|18|19,False,False,AGGREGATE_COVERAGE_RIDGE_V1,MISCOVERAGE_TRIGGERED_RESET_V1,1.0,raven_mcs,False
uair,1.0,21,0,uair|a=1.00|b0,CERTIFIED,21,0.2260880016365861,0.0027158031100529,0.2233721985265332,0.05,1,1,0.1822784810126583,True,True,False,False,False,TRUE_SAFE,0.04380952062392779,1,RESET,True,FULL_INTERIOR,82444e4f495344856de94b0d72ab4a46843780c232e2f299b300fcafa8c4b4a1,b87cf615ab34b447e87bf447d79b9e4183a6e16fcef6223c57fad7be4aec6502,9afabce7e133f966a816b2294acfc1d13fce73b405a9ff0f6fed05110b94f13e,9afabce7e133f966a816b2294acfc1d13fce73b405a9ff0f6fed05110b94f13e,6cd0b52dd7ce8f064a636e3bfc8de9b2309a7dfb02abb27056836d0416fd20a6,357158a3c01d61e36098ae03786aeb48ee6065502c78a6578078aa2eb8873772,0|1|2|3|4|5|6|7|8|9|10|11|12|13|14|15|16|17|18|19|20,False,False,AGGREGATE_COVERAGE_RIDGE_V1,MISCOVERAGE_TRIGGERED_RESET_V1,1.0,raven_mcs,False
uair,1.0,22,1,uair|a=1.00|b1,RESET,0,0.22629117893909917,,0.0,0.05,0,0,0.1822784810126583,True,False,True,False,True,FALSE_UNSAFE,0.04401269792644086,0,WARMUP,True,FULL_INTERIOR,82444e4f495344856de94b0d72ab4a46843780c232e2f299b300fcafa8c4b4a1,b87cf615ab34b447e87bf447d79b9e4183a6e16fcef6223c57fad7be4aec6502,ac03be80f8bf735220158d9c88839877256da57bee07128762d565deb4664777,ac03be80f8bf735220158d9c88839877256da57bee07128762d565deb4664777,6cd0b52dd7ce8f064a636e3bfc8de9b2309a7dfb02abb27056836d0416fd20a6,357158a3c01d61e36098ae03786aeb48ee6065502c78a6578078aa2eb8873772,,False,True,AGGREGATE_COVERAGE_RIDGE_V1,MISCOVERAGE_TRIGGERED_RESET_V1,1.0,raven_mcs,False
uair,1.0,23,1,uair|a=1.00|b1,WARMUP,1,0.22426364544612634,,0.0,0.05,0,0,0.1822784810126583,True,False,True,False,True,FALSE_UNSAFE,0.04198516443346803,0,WARMUP,True,FULL_INTERIOR,82444e4f495344856de94b0d72ab4a46843780c232e2f299b300fcafa8c4b4a1,b87cf615ab34b447e87bf447d79b9e4183a6e16fcef6223c57fad7be4aec6502,ac03be80f8bf735220158d9c88839877256da57bee07128762d565deb4664777,ac03be80f8bf735220158d9c88839877256da57bee07128762d565deb4664777,6cd0b52dd7ce8f064a636e3bfc8de9b2309a7dfb02abb27056836d0416fd20a6,357158a3c01d61e36098ae03786aeb48ee6065502c78a6578078aa2eb8873772,22,False,True,AGGREGATE_COVERAGE_RIDGE_V1,MISCOVERAGE_TRIGGERED_RESET_V1,1.0,raven_mcs,False
uair,1.0,24,1,uair|a=1.00|b1,WARMUP,2,0.226065710205027,,0.0,0.05,0,0,0.1822784810126583,True,False,True,False,True,FALSE_UNSAFE,0.04378722919236869,0,WARMUP,True,FULL_INTERIOR,82444e4f495344856de94b0d72ab4a46843780c232e2f299b300fcafa8c4b4a1,b87cf615ab34b447e87bf447d79b9e4183a6e16fcef6223c57fad7be4aec6502,ac03be80f8bf735220158d9c88839877256da57bee07128762d565deb4664777,ac03be80f8bf735220158d9c88839877256da57bee07128762d565deb4664777,6cd0b52dd7ce8f064a636e3bfc8de9b2309a7dfb02abb27056836d0416fd20a6,357158a3c01d61e36098ae03786aeb48ee6065502c78a6578078aa2eb8873772,22|23,False,True,AGGREGATE_COVERAGE_RIDGE_V1,MISCOVERAGE_TRIGGERED_RESET_V1,1.0,raven_mcs,False
uair,1.0,25,1,uair|a=1.00|b1,WARMUP,3,0.2277263418463794,,0.0,0.05,0,0,0.1822784810126583,True,False,True,False,True,FALSE_UNSAFE,0.0454478608337211,0,WARMUP,True,FULL_INTERIOR,82444e4f495344856de94b0d72ab4a46843780c232e2f299b300fcafa8c4b4a1,b87cf615ab34b447e87bf447d79b9e4183a6e16fcef6223c57fad7be4aec6502,ac03be80f8bf735220158d9c88839877256da57bee07128762d565deb4664777,ac03be80f8bf735220158d9c88839877256da57bee07128762d565deb4664777,6cd0b52dd7ce8f064a636e3bfc8de9b2309a7dfb02abb27056836d0416fd20a6,357158a3c01d61e36098ae03786aeb48ee6065502c78a6578078aa2eb8873772,22|23|24,False,True,AGGREGATE_COVERAGE_RIDGE_V1,MISCOVERAGE_TRIGGERED_RESET_V1,1.0,raven_mcs,False
uair,1.0,26,1,uair|a=1.00|b1,WARMUP,4,0.22911522451719832,,0.0,0.05,0,0,0.1822784810126583,True,False,True,False,True,FALSE_UNSAFE,0.04683674350454001,0,WARMUP,True,FULL_INTERIOR,82444e4f495344856de94b0d72ab4a46843780c232e2f299b300fcafa8c4b4a1,b87cf615ab34b447e87bf447d79b9e4183a6e16fcef6223c57fad7be4aec6502,ac03be80f8bf735220158d9c88839877256da57bee07128762d565deb4664777,ac03be80f8bf735220158d9c88839877256da57bee07128762d565deb4664777,6cd0b52dd7ce8f064a636e3bfc8de9b2309a7dfb02abb27056836d0416fd20a6,357158a3c01d61e36098ae03786aeb48ee6065502c78a6578078aa2eb8873772,22|23|24|25,False,True,AGGREGATE_COVERAGE_RIDGE_V1,MISCOVERAGE_TRIGGERED_RESET_V1,1.0,raven_mcs,False
uair,1.0,27,1,uair|a=1.00|b1,WARMUP,5,0.2301219599825235,,0.0,0.05,0,0,0.2278481012658227,True,False,True,False,True,FALSE_UNSAFE,0.0022738587167007995,0,WARMUP,True,FULL_INTERIOR,82444e4f495344856de94b0d72ab4a46843780c232e2f299b300fcafa8c4b4a1,b87cf615ab34b447e87bf447d79b9e4183a6e16fcef6223c57fad7be4aec6502,ac03be80f8bf735220158d9c88839877256da57bee07128762d565deb4664777,ac03be80f8bf735220158d9c88839877256da57bee07128762d565deb4664777,6cd0b52dd7ce8f064a636e3bfc8de9b2309a7dfb02abb27056836d0416fd20a6,357158a3c01d61e36098ae03786aeb48ee6065502c78a6578078aa2eb8873772,22|23|24|25|26,False,True,AGGREGATE_COVERAGE_RIDGE_V1,MISCOVERAGE_TRIGGERED_RESET_V1,1.0,raven_mcs,False
uair,1.0,28,1,uair|a=1.00|b1,WARMUP,6,0.2347831390464223,,0.0,0.05,0,0,0.2278481012658227,True,False,True,False,True,FALSE_UNSAFE,0.006935037780599618,0,WARMUP,True,FULL_INTERIOR,82444e4f495344856de94b0d72ab4a46843780c232e2f299b300fcafa8c4b4a1,b87cf615ab34b447e87bf447d79b9e4183a6e16fcef6223c57fad7be4aec6502,ac03be80f8bf735220158d9c88839877256da57bee07128762d565deb4664777,ac03be80f8bf735220158d9c88839877256da57bee07128762d565deb4664777,6cd0b52dd7ce8f064a636e3bfc8de9b2309a7dfb02abb27056836d0416fd20a6,357158a3c01d61e36098ae03786aeb48ee6065502c78a6578078aa2eb8873772,22|23|24|25|26|27,False,True,AGGREGATE_COVERAGE_RIDGE_V1,MISCOVERAGE_TRIGGERED_RESET_V1,1.0,raven_mcs,False
uair,1.0,29,1,uair|a=1.00|b1,WARMUP,7,0.23797828540530772,,0.0,0.05,0,0,0.2278481012658227,True,False,True,False,True,FALSE_UNSAFE,0.010130184139485021,0,WARMUP,True,FULL_INTERIOR,82444e4f495344856de94b0d72ab4a46843780c232e2f299b300fcafa8c4b4a1,b87cf615ab34b447e87bf447d79b9e4183a6e16fcef6223c57fad7be4aec6502,ac03be80f8bf735220158d9c88839877256da57bee07128762d565deb4664777,ac03be80f8bf735220158d9c88839877256da57bee07128762d565deb4664777,6cd0b52dd7ce8f064a636e3bfc8de9b2309a7dfb02abb27056836d0416fd20a6,357158a3c01d61e36098ae03786aeb48ee6065502c78a6578078aa2eb8873772,22|23|24|25|26|27|28,False,True,AGGREGATE_COVERAGE_RIDGE_V1,MISCOVERAGE_TRIGGERED_RESET_V1,1.0,raven_mcs,False
uair,1.0,30,1,uair|a=1.00|b1,WARMUP,8,0.23783858868594948,,0.0,0.05,0,0,0.2278481012658227,True,False,True,False,True,FALSE_UNSAFE,0.009990487420126787,0,WARMUP,True,FULL_INTERIOR,82444e4f495344856de94b0d72ab4a46843780c232e2f299b300fcafa8c4b4a1,b87cf615ab34b447e87bf447d79b9e4183a6e16fcef6223c57fad7be4aec6502,ac03be80f8bf735220158d9c88839877256da57bee07128762d565deb4664777,ac03be80f8bf735220158d9c88839877256da57bee07128762d565deb4664777,6cd0b52dd7ce8f064a636e3bfc8de9b2309a7dfb02abb27056836d0416fd20a6,357158a3c01d61e36098ae03786aeb48ee6065502c78a6578078aa2eb8873772,22|23|24|25|26|27|28|29,False,True,AGGREGATE_COVERAGE_RIDGE_V1,MISCOVERAGE_TRIGGERED_RESET_V1,1.0,raven_mcs,False
uair,1.0,31,1,uair|a=1.00|b1,WARMUP,9,0.23715800990518776,,0.0,0.05,0,0,0.2278481012658227,True,False,True,False,True,FALSE_UNSAFE,0.009309908639365067,0,WARMUP,True,FULL_INTERIOR,82444e4f495344856de94b0d72ab4a46843780c232e2f299b300fcafa8c4b4a1,b87cf615ab34b447e87bf447d79b9e4183a6e16fcef6223c57fad7be4aec6502,ac03be80f8bf735220158d9c88839877256da57bee07128762d565deb4664777,ac03be80f8bf735220158d9c88839877256da57bee07128762d565deb4664777,6cd0b52dd7ce8f064a636e3bfc8de9b2309a7dfb02abb27056836d0416fd20a6,357158a3c01d61e36098ae03786aeb48ee6065502c78a6578078aa2eb8873772,22|23|24|25|26|27|28|29|30,False,True,AGGREGATE_COVERAGE_RIDGE_V1,MISCOVERAGE_TRIGGERED_RESET_V1,1.0,raven_mcs,False
uair,1.0,32,1,uair|a=1.00|b1,WARMUP,10,0.23599634842209632,,0.0,0.05,0,0,0.2278481012658227,True,False,True,False,True,FALSE_UNSAFE,0.00814824715627363,0,WARMUP,True,FULL_INTERIOR,82444e4f495344856de94b0d72ab4a46843780c232e2f299b300fcafa8c4b4a1,b87cf615ab34b447e87bf447d79b9e4183a6e16fcef6223c57fad7be4aec6502,ac03be80f8bf735220158d9c88839877256da57bee07128762d565deb4664777,ac03be80f8bf735220158d9c88839877256da57bee07128762d565deb4664777,6cd0b52dd7ce8f064a636e3bfc8de9b2309a7dfb02abb27056836d0416fd20a6,357158a3c01d61e36098ae03786aeb48ee6065502c78a6578078aa2eb8873772,22|23|24|25|26|27|28|29|30|31,False,True,AGGREGATE_COVERAGE_RIDGE_V1,MISCOVERAGE_TRIGGERED_RESET_V1,1.0,raven_mcs,False
uair,1.0,33,1,uair|a=1.00|b1,WARMUP,11,0.23444509420663137,,0.0,0.05,0,0,0.2658227848101266,True,False,True,False,True,FALSE_UNSAFE,-0.03137769060349524,0,WARMUP,True,FULL_INTERIOR,82444e4f495344856de94b0d72ab4a46843780c232e2f299b300fcafa8c4b4a1,b87cf615ab34b447e87bf447d79b9e4183a6e16fcef6223c57fad7be4aec6502,ac03be80f8bf735220158d9c88839877256da57bee07128762d565deb4664777,ac03be80f8bf735220158d9c88839877256da57bee07128762d565deb4664777,6cd0b52dd7ce8f064a636e3bfc8de9b2309a7dfb02abb27056836d0416fd20a6,357158a3c01d61e36098ae03786aeb48ee6065502c78a6578078aa2eb8873772,22|23|24|25|26|27|28|29|30|31|32,False,True,AGGREGATE_COVERAGE_RIDGE_V1,MISCOVERAGE_TRIGGERED_RESET_V1,1.0,raven_mcs,False
uair,1.0,34,1,uair|a=1.00|b1,WARMUP,12,0.23605414958581647,,0.0,0.05,0,0,0.2658227848101266,True,False,True,False,True,FALSE_UNSAFE,-0.02976863522431014,0,WARMUP,True,FULL_INTERIOR,82444e4f495344856de94b0d72ab4a46843780c232e2f299b300fcafa8c4b4a1,b87cf615ab34b447e87bf447d79b9e4183a6e16fcef6223c57fad7be4aec6502,ac03be80f8bf735220158d9c88839877256da57bee07128762d565deb4664777,ac03be80f8bf735220158d9c88839877256da57bee07128762d565deb4664777,6cd0b52dd7ce8f064a636e3bfc8de9b2309a7dfb02abb27056836d0416fd20a6,357158a3c01d61e36098ae03786aeb48ee6065502c78a6578078aa2eb8873772,22|23|24|25|26|27|28|29|30|31|32|33,False,True,AGGREGATE_COVERAGE_RIDGE_V1,MISCOVERAGE_TRIGGERED_RESET_V1,1.0,raven_mcs,False
uair,1.0,35,1,uair|a=1.00|b1,WARMUP,13,0.23673243497150806,,0.0,0.05,0,0,0.2658227848101266,True,False,True,False,True,FALSE_UNSAFE,-0.02909034983861855,0,WARMUP,True,FULL_INTERIOR,82444e4f495344856de94b0d72ab4a46843780c232e2f299b300fcafa8c4b4a1,b87cf615ab34b447e87bf447d79b9e4183a6e16fcef6223c57fad7be4aec6502,ac03be80f8bf735220158d9c88839877256da57bee07128762d565deb4664777,ac03be80f8bf735220158d9c88839877256da57bee07128762d565deb4664777,6cd0b52dd7ce8f064a636e3bfc8de9b2309a7dfb02abb27056836d0416fd20a6,357158a3c01d61e36098ae03786aeb48ee6065502c78a6578078aa2eb8873772,22|23|24|25|26|27|28|29|30|31|32|33|34,False,True,AGGREGATE_COVERAGE_RIDGE_V1,MISCOVERAGE_TRIGGERED_RESET_V1,1.0,raven_mcs,False
uair,1.0,36,1,uair|a=1.00|b1,WARMUP,14,0.23483571774941153,,0.0,0.05,0,0,0.2658227848101266,True,False,True,False,True,FALSE_UNSAFE,-0.03098706706071508,0,WARMUP,True,FULL_INTERIOR,82444e4f495344856de94b0d72ab4a46843780c232e2f299b300fcafa8c4b4a1,b87cf615ab34b447e87bf447d79b9e4183a6e16fcef6223c57fad7be4aec6502,ac03be80f8bf735220158d9c88839877256da57bee07128762d565deb4664777,ac03be80f8bf735220158d9c88839877256da57bee07128762d565deb4664777,6cd0b52dd7ce8f064a636e3bfc8de9b2309a7dfb02abb27056836d0416fd20a6,357158a3c01d61e36098ae03786aeb48ee6065502c78a6578078aa2eb8873772,22|23|24|25|26|27|28|29|30|31|32|33|34|35,False,True,AGGREGATE_COVERAGE_RIDGE_V1,MISCOVERAGE_TRIGGERED_RESET_V1,1.0,raven_mcs,False
uair,1.0,37,1,uair|a=1.00|b1,WARMUP,15,0.23308757088652254,,0.0,0.05,0,0,0.2658227848101266,True,False,True,False,True,FALSE_UNSAFE,-0.03273521392360407,0,WARMUP,True,FULL_INTERIOR,82444e4f495344856de94b0d72ab4a46843780c232e2f299b300fcafa8c4b4a1,b87cf615ab34b447e87bf447d79b9e4183a6e16fcef6223c57fad7be4aec6502,ac03be80f8bf735220158d9c88839877256da57bee07128762d565deb4664777,ac03be80f8bf735220158d9c88839877256da57bee07128762d565deb4664777,6cd0b52dd7ce8f064a636e3bfc8de9b2309a7dfb02abb27056836d0416fd20a6,357158a3c01d61e36098ae03786aeb48ee6065502c78a6578078aa2eb8873772,22|23|24|25|26|27|28|29|30|31|32|33|34|35|36,False,True,AGGREGATE_COVERAGE_RIDGE_V1,MISCOVERAGE_TRIGGERED_RESET_V1,1.0,raven_mcs,False
uair,1.0,38,1,uair|a=1.00|b1,WARMUP,16,0.23161831023582638,,0.0,0.05,0,0,0.2658227848101266,True,False,True,False,True,FALSE_UNSAFE,-0.03420447457430023,0,WARMUP,True,FULL_INTERIOR,82444e4f495344856de94b0d72ab4a46843780c232e2f299b300fcafa8c4b4a1,b87cf615ab34b447e87bf447d79b9e4183a6e16fcef6223c57fad7be4aec6502,ac03be80f8bf735220158d9c88839877256da57bee07128762d565deb4664777,ac03be80f8bf735220158d9c88839877256da57bee07128762d565deb4664777,6cd0b52dd7ce8f064a636e3bfc8de9b2309a7dfb02abb27056836d0416fd20a6,357158a3c01d61e36098ae03786aeb48ee6065502c78a6578078aa2eb8873772,22|23|24|25|26|27|28|29|30|31|32|33|34|35|36|37,False,True,AGGREGATE_COVERAGE_RIDGE_V1,MISCOVERAGE_TRIGGERED_RESET_V1,1.0,raven_mcs,False
uair,1.0,39,1,uair|a=1.00|b1,WARMUP,17,0.23053833403228322,,0.0,0.05,0,0,0.240506329113924,True,False,True,False,True,FALSE_UNSAFE,-0.009967995081640785,0,WARMUP,True,FULL_INTERIOR,82444e4f495344856de94b0d72ab4a46843780c232e2f299b300fcafa8c4b4a1,b87cf615ab34b447e87bf447d79b9e4183a6e16fcef6223c57fad7be4aec6502,ac03be80f8bf735220158d9c88839877256da57bee07128762d565deb4664777,ac03be80f8bf735220158d9c88839877256da57bee07128762d565deb4664777,6cd0b52dd7ce8f064a636e3bfc8de9b2309a7dfb02abb27056836d0416fd20a6,357158a3c01d61e36098ae03786aeb48ee6065502c78a6578078aa2eb8873772,22|23|24|25|26|27|28|29|30|31|32|33|34|35|36|37|38,False,True,AGGREGATE_COVERAGE_RIDGE_V1,MISCOVERAGE_TRIGGERED_RESET_V1,1.0,raven_mcs,False
uair,1.0,40,1,uair|a=1.00|b1,WARMUP,18,0.22764196167792866,,0.0,0.05,0,0,0.240506329113924,True,False,True,False,True,FALSE_UNSAFE,-0.012864367435995339,0,CERTIFIED,True,FULL_INTERIOR,82444e4f495344856de94b0d72ab4a46843780c232e2f299b300fcafa8c4b4a1,b87cf615ab34b447e87bf447d79b9e4183a6e16fcef6223c57fad7be4aec6502,ac03be80f8bf735220158d9c88839877256da57bee07128762d565deb4664777,ac03be80f8bf735220158d9c88839877256da57bee07128762d565deb4664777,6cd0b52dd7ce8f064a636e3bfc8de9b2309a7dfb02abb27056836d0416fd20a6,357158a3c01d61e36098ae03786aeb48ee6065502c78a6578078aa2eb8873772,22|23|24|25|26|27|28|29|30|31|32|33|34|35|36|37|38|39,False,True,AGGREGATE_COVERAGE_RIDGE_V1,MISCOVERAGE_TRIGGERED_RESET_V1,1.0,raven_mcs,False
uair,1.0,41,1,uair|a=1.00|b1,CERTIFIED,19,0.2257960634263245,0.04683674350454001,0.1789593199217845,0.05,1,1,0.240506329113924,True,True,True,False,False,TRUE_SAFE,-0.014710265687599505,0,CERTIFIED,True,FULL_INTERIOR,82444e4f495344856de94b0d72ab4a46843780c232e2f299b300fcafa8c4b4a1,b87cf615ab34b447e87bf447d79b9e4183a6e16fcef6223c57fad7be4aec6502,ac03be80f8bf735220158d9c88839877256da57bee07128762d565deb4664777,ac03be80f8bf735220158d9c88839877256da57bee07128762d565deb4664777,6cd0b52dd7ce8f064a636e3bfc8de9b2309a7dfb02abb27056836d0416fd20a6,357158a3c01d61e36098ae03786aeb48ee6065502c78a6578078aa2eb8873772,22|23|24|25|26|27|28|29|30|31|32|33|34|35|36|37|38|39|40,False,False,AGGREGATE_COVERAGE_RIDGE_V1,MISCOVERAGE_TRIGGERED_RESET_V1,1.0,raven_mcs,False
uair,1.0,42,1,uair|a=1.00|b1,CERTIFIED,20,0.22603041260887857,0.04683674350454001,0.17919366910433857,0.05,1,1,0.240506329113924,True,True,True,False,False,TRUE_SAFE,-0.014475916505045427,0,CERTIFIED,True,FULL_INTERIOR,82444e4f495344856de94b0d72ab4a46843780c232e2f299b300fcafa8c4b4a1,b87cf615ab34b447e87bf447d79b9e4183a6e16fcef6223c57fad7be4aec6502,ac03be80f8bf735220158d9c88839877256da57bee07128762d565deb4664777,ac03be80f8bf735220158d9c88839877256da57bee07128762d565deb4664777,6cd0b52dd7ce8f064a636e3bfc8de9b2309a7dfb02abb27056836d0416fd20a6,357158a3c01d61e36098ae03786aeb48ee6065502c78a6578078aa2eb8873772,22|23|24|25|26|27|28|29|30|31|32|33|34|35|36|37|38|39|40|41,False,False,AGGREGATE_COVERAGE_RIDGE_V1,MISCOVERAGE_TRIGGERED_RESET_V1,1.0,raven_mcs,False
uair,1.0,43,1,uair|a=1.00|b1,CERTIFIED,21,0.22679850661117684,0.04683674350454001,0.17996176310663684,0.05,1,1,0.240506329113924,True,True,True,False,False,TRUE_SAFE,-0.013707822502747158,0,CERTIFIED,True,FULL_INTERIOR,82444e4f495344856de94b0d72ab4a46843780c232e2f299b300fcafa8c4b4a1,b87cf615ab34b447e87bf447d79b9e4183a6e16fcef6223c57fad7be4aec6502,ac03be80f8bf735220158d9c88839877256da57bee07128762d565deb4664777,ac03be80f8bf735220158d9c88839877256da57bee07128762d565deb4664777,6cd0b52dd7ce8f064a636e3bfc8de9b2309a7dfb02abb27056836d0416fd20a6,357158a3c01d61e36098ae03786aeb48ee6065502c78a6578078aa2eb8873772,22|23|24|25|26|27|28|29|30|31|32|33|34|35|36|37|38|39|40|41|42,False,False,AGGREGATE_COVERAGE_RIDGE_V1,MISCOVERAGE_TRIGGERED_RESET_V1,1.0,raven_mcs,False
uair,1.0,44,1,uair|a=1.00|b1,CERTIFIED,22,0.2280405460741456,0.04683674350454001,0.18120380256960558,0.05,1,1,0.240506329113924,True,True,True,False,False,TRUE_SAFE,-0.01246578303977841,0,CERTIFIED,True,FULL_INTERIOR,82444e4f495344856de94b0d72ab4a46843780c232e2f299b300fcafa8c4b4a1,b87cf615ab34b447e87bf447d79b9e4183a6e16fcef6223c57fad7be4aec6502,ac03be80f8bf735220158d9c88839877256da57bee07128762d565deb4664777,ac03be80f8bf735220158d9c88839877256da57bee07128762d565deb4664777,6cd0b52dd7ce8f064a636e3bfc8de9b2309a7dfb02abb27056836d0416fd20a6,357158a3c01d61e36098ae03786aeb48ee6065502c78a6578078aa2eb8873772,22|23|24|25|26|27|28|29|30|31|32|33|34|35|36|37|38|39|40|41|42|43,False,False,AGGREGATE_COVERAGE_RIDGE_V1,MISCOVERAGE_TRIGGERED_RESET_V1,1.0,raven_mcs,False
uair,1.0,45,1,uair|a=1.00|b1,CERTIFIED,23,0.2296650410278285,0.04683674350454001,0.1828282975232885,0.05,1,1,0.1822784810126583,True,True,False,False,False,TRUE_SAFE,0.04738656001517019,1,RESET,True,FULL_INTERIOR,82444e4f495344856de94b0d72ab4a46843780c232e2f299b300fcafa8c4b4a1,b87cf615ab34b447e87bf447d79b9e4183a6e16fcef6223c57fad7be4aec6502,ac03be80f8bf735220158d9c88839877256da57bee07128762d565deb4664777,ac03be80f8bf735220158d9c88839877256da57bee07128762d565deb4664777,6cd0b52dd7ce8f064a636e3bfc8de9b2309a7dfb02abb27056836d0416fd20a6,357158a3c01d61e36098ae03786aeb48ee6065502c78a6578078aa2eb8873772,22|23|24|25|26|27|28|29|30|31|32|33|34|35|36|37|38|39|40|41|42|43|44,False,False,AGGREGATE_COVERAGE_RIDGE_V1,MISCOVERAGE_TRIGGERED_RESET_V1,1.0,raven_mcs,False
uair,1.0,46,2,uair|a=1.00|b2,RESET,0,0.22191974642785783,,0.0,0.05,0,0,0.1822784810126583,True,False,True,False,True,FALSE_UNSAFE,0.03964126541519952,0,WARMUP,True,FULL_INTERIOR,82444e4f495344856de94b0d72ab4a46843780c232e2f299b300fcafa8c4b4a1,b87cf615ab34b447e87bf447d79b9e4183a6e16fcef6223c57fad7be4aec6502,7e8d391f6b27641a4bf58157bc3c211607b97c4bd83bb7c6cb8f98dc02ec6464,7e8d391f6b27641a4bf58157bc3c211607b97c4bd83bb7c6cb8f98dc02ec6464,6cd0b52dd7ce8f064a636e3bfc8de9b2309a7dfb02abb27056836d0416fd20a6,357158a3c01d61e36098ae03786aeb48ee6065502c78a6578078aa2eb8873772,,False,True,AGGREGATE_COVERAGE_RIDGE_V1,MISCOVERAGE_TRIGGERED_RESET_V1,1.0,raven_mcs,False
uair,1.0,47,2,uair|a=1.00|b2,WARMUP,1,0.2190037801342813,,0.0,0.05,0,0,0.1822784810126583,True,False,True,False,True,FALSE_UNSAFE,0.03672529912162298,0,WARMUP,True,FULL_INTERIOR,82444e4f495344856de94b0d72ab4a46843780c232e2f299b300fcafa8c4b4a1,b87cf615ab34b447e87bf447d79b9e4183a6e16fcef6223c57fad7be4aec6502,7e8d391f6b27641a4bf58157bc3c211607b97c4bd83bb7c6cb8f98dc02ec6464,7e8d391f6b27641a4bf58157bc3c211607b97c4bd83bb7c6cb8f98dc02ec6464,6cd0b52dd7ce8f064a636e3bfc8de9b2309a7dfb02abb27056836d0416fd20a6,357158a3c01d61e36098ae03786aeb48ee6065502c78a6578078aa2eb8873772,46,False,True,AGGREGATE_COVERAGE_RIDGE_V1,MISCOVERAGE_TRIGGERED_RESET_V1,1.0,raven_mcs,False
uair,1.0,48,2,uair|a=1.00|b2,WARMUP,2,0.220509203114348,,0.0,0.05,0,0,0.1822784810126583,True,False,True,False,True,FALSE_UNSAFE,0.03823072210168968,0,WARMUP,True,FULL_INTERIOR,82444e4f495344856de94b0d72ab4a46843780c232e2f299b300fcafa8c4b4a1,b87cf615ab34b447e87bf447d79b9e4183a6e16fcef6223c57fad7be4aec6502,7e8d391f6b27641a4bf58157bc3c211607b97c4bd83bb7c6cb8f98dc02ec6464,7e8d391f6b27641a4bf58157bc3c211607b97c4bd83bb7c6cb8f98dc02ec6464,6cd0b52dd7ce8f064a636e3bfc8de9b2309a7dfb02abb27056836d0416fd20a6,357158a3c01d61e36098ae03786aeb48ee6065502c78a6578078aa2eb8873772,46|47,False,True,AGGREGATE_COVERAGE_RIDGE_V1,MISCOVERAGE_TRIGGERED_RESET_V1,1.0,raven_mcs,False
uair,1.0,49,2,uair|a=1.00|b2,WARMUP,3,0.22215264407364219,,0.0,0.05,0,0,0.1822784810126583,True,False,True,False,True,FALSE_UNSAFE,0.039874163060983875,0,WARMUP,True,FULL_INTERIOR,82444e4f495344856de94b0d72ab4a46843780c232e2f299b300fcafa8c4b4a1,b87cf615ab34b447e87bf447d79b9e4183a6e16fcef6223c57fad7be4aec6502,7e8d391f6b27641a4bf58157bc3c211607b97c4bd83bb7c6cb8f98dc02ec6464,7e8d391f6b27641a4bf58157bc3c211607b97c4bd83bb7c6cb8f98dc02ec6464,6cd0b52dd7ce8f064a636e3bfc8de9b2309a7dfb02abb27056836d0416fd20a6,357158a3c01d61e36098ae03786aeb48ee6065502c78a6578078aa2eb8873772,46|47|48,False,True,AGGREGATE_COVERAGE_RIDGE_V1,MISCOVERAGE_TRIGGERED_RESET_V1,1.0,raven_mcs,False
uair,1.0,50,2,uair|a=1.00|b2,WARMUP,4,0.223805646534866,,0.0,0.05,0,0,0.1822784810126583,True,False,True,False,True,FALSE_UNSAFE,0.0415271655222077,0,WARMUP,True,FULL_INTERIOR,82444e4f495344856de94b0d72ab4a46843780c232e2f299b300fcafa8c4b4a1,b87cf615ab34b447e87bf447d79b9e4183a6e16fcef6223c57fad7be4aec6502,7e8d391f6b27641a4bf58157bc3c211607b97c4bd83bb7c6cb8f98dc02ec6464,7e8d391f6b27641a4bf58157bc3c211607b97c4bd83bb7c6cb8f98dc02ec6464,6cd0b52dd7ce8f064a636e3bfc8de9b2309a7dfb02abb27056836d0416fd20a6,357158a3c01d61e36098ae03786aeb48ee6065502c78a6578078aa2eb8873772,46|47|48|49,False,True,AGGREGATE_COVERAGE_RIDGE_V1,MISCOVERAGE_TRIGGERED_RESET_V1,1.0,raven_mcs,False
uair,1.0,51,2,uair|a=1.00|b2,WARMUP,5,0.057602722664204124,,0.0,0.05,0,0,0.0379746835443038,False,False,True,False,False,TRUE_UNSAFE,0.019628039119900326,0,WARMUP,True,FULL_INTERIOR,82444e4f495344856de94b0d72ab4a46843780c232e2f299b300fcafa8c4b4a1,b87cf615ab34b447e87bf447d79b9e4183a6e16fcef6223c57fad7be4aec6502,7e8d391f6b27641a4bf58157bc3c211607b97c4bd83bb7c6cb8f98dc02ec6464,7e8d391f6b27641a4bf58157bc3c211607b97c4bd83bb7c6cb8f98dc02ec6464,6cd0b52dd7ce8f064a636e3bfc8de9b2309a7dfb02abb27056836d0416fd20a6,357158a3c01d61e36098ae03786aeb48ee6065502c78a6578078aa2eb8873772,46|47|48|49|50,False,True,AGGREGATE_COVERAGE_RIDGE_V1,MISCOVERAGE_TRIGGERED_RESET_V1,1.0,raven_mcs,False
uair,1.0,52,2,uair|a=1.00|b2,WARMUP,6,0.04429754209593383,,0.0,0.05,0,0,0.0379746835443038,False,False,True,False,False,TRUE_UNSAFE,0.006322858551630034,0,WARMUP,True,FULL_BOUNDARY,82444e4f495344856de94b0d72ab4a46843780c232e2f299b300fcafa8c4b4a1,b87cf615ab34b447e87bf447d79b9e4183a6e16fcef6223c57fad7be4aec6502,7e8d391f6b27641a4bf58157bc3c211607b97c4bd83bb7c6cb8f98dc02ec6464,7e8d391f6b27641a4bf58157bc3c211607b97c4bd83bb7c6cb8f98dc02ec6464,6cd0b52dd7ce8f064a636e3bfc8de9b2309a7dfb02abb27056836d0416fd20a6,357158a3c01d61e36098ae03786aeb48ee6065502c78a6578078aa2eb8873772,46|47|48|49|50|51,False,True,AGGREGATE_COVERAGE_RIDGE_V1,MISCOVERAGE_TRIGGERED_RESET_V1,1.0,raven_mcs,False
uair,0.8,0,0,uair|a=0.80|b0,WARMUP,0,0.018782152027723584,,0.0,0.05,0,0,0.0379746835443038,False,False,True,False,False,TRUE_UNSAFE,-0.019192531516580215,0,WARMUP,True,FULL_BOUNDARY,82444e4f495344856de94b0d72ab4a46843780c232e2f299b300fcafa8c4b4a1,b87cf615ab34b447e87bf447d79b9e4183a6e16fcef6223c57fad7be4aec6502,6206f84e8515f3824aee64d15f622d61ec5afc2254e9dde3cef047017d94ccf5,6206f84e8515f3824aee64d15f622d61ec5afc2254e9dde3cef047017d94ccf5,6cd0b52dd7ce8f064a636e3bfc8de9b2309a7dfb02abb27056836d0416fd20a6,357158a3c01d61e36098ae03786aeb48ee6065502c78a6578078aa2eb8873772,,False,True,AGGREGATE_COVERAGE_RIDGE_V1,MISCOVERAGE_TRIGGERED_RESET_V1,1.0,raven_mcs,False
uair,0.8,1,0,uair|a=0.80|b0,WARMUP,1,0.022690215655086866,,0.0,0.05,0,0,0.0379746835443038,False,False,True,False,False,TRUE_UNSAFE,-0.015284467889216932,0,WARMUP,True,FULL_INTERIOR,82444e4f495344856de94b0d72ab4a46843780c232e2f299b300fcafa8c4b4a1,b87cf615ab34b447e87bf447d79b9e4183a6e16fcef6223c57fad7be4aec6502,6206f84e8515f3824aee64d15f622d61ec5afc2254e9dde3cef047017d94ccf5,6206f84e8515f3824aee64d15f622d61ec5afc2254e9dde3cef047017d94ccf5,6cd0b52dd7ce8f064a636e3bfc8de9b2309a7dfb02abb27056836d0416fd20a6,357158a3c01d61e36098ae03786aeb48ee6065502c78a6578078aa2eb8873772,0,False,True,AGGREGATE_COVERAGE_RIDGE_V1,MISCOVERAGE_TRIGGERED_RESET_V1,1.0,raven_mcs,False
uair,0.8,2,0,uair|a=0.80|b0,WARMUP,2,0.025657093257067765,,0.0,0.05,0,0,0.0417721518987341,False,False,True,False,False,TRUE_UNSAFE,-0.016115058641666336,0,WARMUP,True,FULL_INTERIOR,82444e4f495344856de94b0d72ab4a46843780c232e2f299b300fcafa8c4b4a1,b87cf615ab34b447e87bf447d79b9e4183a6e16fcef6223c57fad7be4aec6502,6206f84e8515f3824aee64d15f622d61ec5afc2254e9dde3cef047017d94ccf5,6206f84e8515f3824aee64d15f622d61ec5afc2254e9dde3cef047017d94ccf5,6cd0b52dd7ce8f064a636e3bfc8de9b2309a7dfb02abb27056836d0416fd20a6,357158a3c01d61e36098ae03786aeb48ee6065502c78a6578078aa2eb8873772,0|1,True,True,AGGREGATE_COVERAGE_RIDGE_V1,MISCOVERAGE_TRIGGERED_RESET_V1,1.0,raven_mcs,False
uair,0.8,3,0,uair|a=0.80|b0,WARMUP,3,0.16687045043697613,,0.0,0.05,0,0,0.189873417721519,True,False,True,False,True,FALSE_UNSAFE,-0.023002967284542875,0,WARMUP,True,FULL_INTERIOR,82444e4f495344856de94b0d72ab4a46843780c232e2f299b300fcafa8c4b4a1,b87cf615ab34b447e87bf447d79b9e4183a6e16fcef6223c57fad7be4aec6502,6206f84e8515f3824aee64d15f622d61ec5afc2254e9dde3cef047017d94ccf5,6206f84e8515f3824aee64d15f622d61ec5afc2254e9dde3cef047017d94ccf5,6cd0b52dd7ce8f064a636e3bfc8de9b2309a7dfb02abb27056836d0416fd20a6,357158a3c01d61e36098ae03786aeb48ee6065502c78a6578078aa2eb8873772,0|1|2,False,True,AGGREGATE_COVERAGE_RIDGE_V1,MISCOVERAGE_TRIGGERED_RESET_V1,1.0,raven_mcs,False
uair,0.8,4,0,uair|a=0.80|b0,WARMUP,4,0.17655070078263155,,0.0,0.05,0,0,0.1772151898734177,True,False,True,False,True,FALSE_UNSAFE,-0.0006644890907861467,0,WARMUP,True,FULL_INTERIOR,82444e4f495344856de94b0d72ab4a46843780c232e2f299b300fcafa8c4b4a1,b87cf615ab34b447e87bf447d79b9e4183a6e16fcef6223c57fad7be4aec6502,6206f84e8515f3824aee64d15f622d61ec5afc2254e9dde3cef047017d94ccf5,6206f84e8515f3824aee64d15f622d61ec5afc2254e9dde3cef047017d94ccf5,6cd0b52dd7ce8f064a636e3bfc8de9b2309a7dfb02abb27056836d0416fd20a6,357158a3c01d61e36098ae03786aeb48ee6065502c78a6578078aa2eb8873772,0|1|2|3,False,True,AGGREGATE_COVERAGE_RIDGE_V1,MISCOVERAGE_TRIGGERED_RESET_V1,1.0,raven_mcs,False
uair,0.8,5,0,uair|a=0.80|b0,WARMUP,5,0.18250330522748598,,0.0,0.05,0,0,0.1582278481012658,True,False,True,False,True,FALSE_UNSAFE,0.024275457126220173,0,WARMUP,True,FULL_INTERIOR,82444e4f495344856de94b0d72ab4a46843780c232e2f299b300fcafa8c4b4a1,b87cf615ab34b447e87bf447d79b9e4183a6e16fcef6223c57fad7be4aec6502,6206f84e8515f3824aee64d15f622d61ec5afc2254e9dde3cef047017d94ccf5,6206f84e8515f3824aee64d15f622d61ec5afc2254e9dde3cef047017d94ccf5,6cd0b52dd7ce8f064a636e3bfc8de9b2309a7dfb02abb27056836d0416fd20a6,357158a3c01d61e36098ae03786aeb48ee6065502c78a6578078aa2eb8873772,0|1|2|3|4,False,True,AGGREGATE_COVERAGE_RIDGE_V1,MISCOVERAGE_TRIGGERED_RESET_V1,1.0,raven_mcs,False
uair,0.8,6,0,uair|a=0.80|b0,WARMUP,6,0.18068887559407804,,0.0,0.05,0,0,0.1645569620253164,True,False,True,False,True,FALSE_UNSAFE,0.016131913568761647,0,WARMUP,True,FULL_INTERIOR,82444e4f495344856de94b0d72ab4a46843780c232e2f299b300fcafa8c4b4a1,b87cf615ab34b447e87bf447d79b9e4183a6e16fcef6223c57fad7be4aec6502,6206f84e8515f3824aee64d15f622d61ec5afc2254e9dde3cef047017d94ccf5,6206f84e8515f3824aee64d15f622d61ec5afc2254e9dde3cef047017d94ccf5,6cd0b52dd7ce8f064a636e3bfc8de9b2309a7dfb02abb27056836d0416fd20a6,357158a3c01d61e36098ae03786aeb48ee6065502c78a6578078aa2eb8873772,0|1|2|3|4|5,False,True,AGGREGATE_COVERAGE_RIDGE_V1,MISCOVERAGE_TRIGGERED_RESET_V1,1.0,raven_mcs,False
uair,0.8,7,0,uair|a=0.80|b0,WARMUP,7,0.17960857974324682,,0.0,0.05,0,0,0.1772151898734177,True,False,True,False,True,FALSE_UNSAFE,0.002393389869829121,0,WARMUP,True,FULL_INTERIOR,82444e4f495344856de94b0d72ab4a46843780c232e2f299b300fcafa8c4b4a1,b87cf615ab34b447e87bf447d79b9e4183a6e16fcef6223c57fad7be4aec6502,6206f84e8515f3824aee64d15f622d61ec5afc2254e9dde3cef047017d94ccf5,6206f84e8515f3824aee64d15f622d61ec5afc2254e9dde3cef047017d94ccf5,6cd0b52dd7ce8f064a636e3bfc8de9b2309a7dfb02abb27056836d0416fd20a6,357158a3c01d61e36098ae03786aeb48ee6065502c78a6578078aa2eb8873772,0|1|2|3|4|5|6,False,True,AGGREGATE_COVERAGE_RIDGE_V1,MISCOVERAGE_TRIGGERED_RESET_V1,1.0,raven_mcs,False
uair,0.8,8,0,uair|a=0.80|b0,WARMUP,8,0.17961510890312143,,0.0,0.05,0,0,0.1772151898734177,True,False,True,False,True,FALSE_UNSAFE,0.00239991902970374,0,WARMUP,True,FULL_INTERIOR,82444e4f495344856de94b0d72ab4a46843780c232e2f299b300fcafa8c4b4a1,b87cf615ab34b447e87bf447d79b9e4183a6e16fcef6223c57fad7be4aec6502,6206f84e8515f3824aee64d15f622d61ec5afc2254e9dde3cef047017d94ccf5,6206f84e8515f3824aee64d15f622d61ec5afc2254e9dde3cef047017d94ccf5,6cd0b52dd7ce8f064a636e3bfc8de9b2309a7dfb02abb27056836d0416fd20a6,357158a3c01d61e36098ae03786aeb48ee6065502c78a6578078aa2eb8873772,0|1|2|3|4|5|6|7,False,True,AGGREGATE_COVERAGE_RIDGE_V1,MISCOVERAGE_TRIGGERED_RESET_V1,1.0,raven_mcs,False
uair,0.8,9,0,uair|a=0.80|b0,WARMUP,9,0.17877163249231165,,0.0,0.05,0,0,0.2289029535864978,True,False,True,False,True,FALSE_UNSAFE,-0.05013132109418614,0,WARMUP,True,FULL_INTERIOR,82444e4f495344856de94b0d72ab4a46843780c232e2f299b300fcafa8c4b4a1,b87cf615ab34b447e87bf447d79b9e4183a6e16fcef6223c57fad7be4aec6502,6206f84e8515f3824aee64d15f622d61ec5afc2254e9dde3cef047017d94ccf5,6206f84e8515f3824aee64d15f622d61ec5afc2254e9dde3cef047017d94ccf5,6cd0b52dd7ce8f064a636e3bfc8de9b2309a7dfb02abb27056836d0416fd20a6,357158a3c01d61e36098ae03786aeb48ee6065502c78a6578078aa2eb8873772,0|1|2|3|4|5|6|7|8,False,True,AGGREGATE_COVERAGE_RIDGE_V1,MISCOVERAGE_TRIGGERED_RESET_V1,1.0,raven_mcs,False
uair,0.8,10,0,uair|a=0.80|b0,WARMUP,10,0.18040345406013675,,0.0,0.05,0,0,0.221518987341772,True,False,True,False,True,FALSE_UNSAFE,-0.04111553328163525,0,WARMUP,True,FULL_INTERIOR,82444e4f495344856de94b0d72ab4a46843780c232e2f299b300fcafa8c4b4a1,b87cf615ab34b447e87bf447d79b9e4183a6e16fcef6223c57fad7be4aec6502,6206f84e8515f3824aee64d15f622d61ec5afc2254e9dde3cef047017d94ccf5,6206f84e8515f3824aee64d15f622d61ec5afc2254e9dde3cef047017d94ccf5,6cd0b52dd7ce8f064a636e3bfc8de9b2309a7dfb02abb27056836d0416fd20a6,357158a3c01d61e36098ae03786aeb48ee6065502c78a6578078aa2eb8873772,0|1|2|3|4|5|6|7|8|9,False,True,AGGREGATE_COVERAGE_RIDGE_V1,MISCOVERAGE_TRIGGERED_RESET_V1,1.0,raven_mcs,False
uair,0.8,11,0,uair|a=0.80|b0,WARMUP,11,0.18074966820690985,,0.0,0.05,0,0,0.2362869198312235,True,False,True,False,True,FALSE_UNSAFE,-0.05553725162431364,0,WARMUP,True,FULL_INTERIOR,82444e4f495344856de94b0d72ab4a46843780c232e2f299b300fcafa8c4b4a1,b87cf615ab34b447e87bf447d79b9e4183a6e16fcef6223c57fad7be4aec6502,6206f84e8515f3824aee64d15f622d61ec5afc2254e9dde3cef047017d94ccf5,6206f84e8515f3824aee64d15f622d61ec5afc2254e9dde3cef047017d94ccf5,6cd0b52dd7ce8f064a636e3bfc8de9b2309a7dfb02abb27056836d0416fd20a6,357158a3c01d61e36098ae03786aeb48ee6065502c78a6578078aa2eb8873772,0|1|2|3|4|5|6|7|8|9|10,False,True,AGGREGATE_COVERAGE_RIDGE_V1,MISCOVERAGE_TRIGGERED_RESET_V1,1.0,raven_mcs,False
uair,0.8,12,0,uair|a=0.80|b0,WARMUP,12,0.179647436378661,,0.0,0.05,0,0,0.1919831223628691,True,False,True,False,True,FALSE_UNSAFE,-0.012335685984208089,0,WARMUP,True,FULL_INTERIOR,82444e4f495344856de94b0d72ab4a46843780c232e2f299b300fcafa8c4b4a1,b87cf615ab34b447e87bf447d79b9e4183a6e16fcef6223c57fad7be4aec6502,6206f84e8515f3824aee64d15f622d61ec5afc2254e9dde3cef047017d94ccf5,6206f84e8515f3824aee64d15f622d61ec5afc2254e9dde3cef047017d94ccf5,6cd0b52dd7ce8f064a636e3bfc8de9b2309a7dfb02abb27056836d0416fd20a6,357158a3c01d61e36098ae03786aeb48ee6065502c78a6578078aa2eb8873772,0|1|2|3|4|5|6|7|8|9|10|11,False,True,AGGREGATE_COVERAGE_RIDGE_V1,MISCOVERAGE_TRIGGERED_RESET_V1,1.0,raven_mcs,False
uair,0.8,13,0,uair|a=0.80|b0,WARMUP,13,0.1761890693805118,,0.0,0.05,0,0,0.221518987341772,True,False,True,False,True,FALSE_UNSAFE,-0.04532991796126021,0,WARMUP,True,FULL_INTERIOR,82444e4f495344856de94b0d72ab4a46843780c232e2f299b300fcafa8c4b4a1,b87cf615ab34b447e87bf447d79b9e4183a6e16fcef6223c57fad7be4aec6502,6206f84e8515f3824aee64d15f622d61ec5afc2254e9dde3cef047017d94ccf5,6206f84e8515f3824aee64d15f622d61ec5afc2254e9dde3cef047017d94ccf5,6cd0b52dd7ce8f064a636e3bfc8de9b2309a7dfb02abb27056836d0416fd20a6,357158a3c01d61e36098ae03786aeb48ee6065502c78a6578078aa2eb8873772,0|1|2|3|4|5|6|7|8|9|10|11|12,False,True,AGGREGATE_COVERAGE_RIDGE_V1,MISCOVERAGE_TRIGGERED_RESET_V1,1.0,raven_mcs,False
uair,0.8,14,0,uair|a=0.80|b0,WARMUP,14,0.17499584031268406,,0.0,0.05,0,0,0.221518987341772,True,False,True,False,True,FALSE_UNSAFE,-0.04652314702908794,0,WARMUP,True,FULL_INTERIOR,82444e4f495344856de94b0d72ab4a46843780c232e2f299b300fcafa8c4b4a1,b87cf615ab34b447e87bf447d79b9e4183a6e16fcef6223c57fad7be4aec6502,6206f84e8515f3824aee64d15f622d61ec5afc2254e9dde3cef047017d94ccf5,6206f84e8515f3824aee64d15f622d61ec5afc2254e9dde3cef047017d94ccf5,6cd0b52dd7ce8f064a636e3bfc8de9b2309a7dfb02abb27056836d0416fd20a6,357158a3c01d61e36098ae03786aeb48ee6065502c78a6578078aa2eb8873772,0|1|2|3|4|5|6|7|8|9|10|11|12|13,False,True,AGGREGATE_COVERAGE_RIDGE_V1,MISCOVERAGE_TRIGGERED_RESET_V1,1.0,raven_mcs,False
uair,0.8,15,0,uair|a=0.80|b0,WARMUP,15,0.1756438807292135,,0.0,0.05,0,0,0.20042194092827,True,False,True,False,True,FALSE_UNSAFE,-0.024778060199056512,0,WARMUP,True,FULL_INTERIOR,82444e4f495344856de94b0d72ab4a46843780c232e2f299b300fcafa8c4b4a1,b87cf615ab34b447e87bf447d79b9e4183a6e16fcef6223c57fad7be4aec6502,6206f84e8515f3824aee64d15f622d61ec5afc2254e9dde3cef047017d94ccf5,6206f84e8515f3824aee64d15f622d61ec5afc2254e9dde3cef047017d94ccf5,6cd0b52dd7ce8f064a636e3bfc8de9b2309a7dfb02abb27056836d0416fd20a6,357158a3c01d61e36098ae03786aeb48ee6065502c78a6578078aa2eb8873772,0|1|2|3|4|5|6|7|8|9|10|11|12|13|14,False,True,AGGREGATE_COVERAGE_RIDGE_V1,MISCOVERAGE_TRIGGERED_RESET_V1,1.0,raven_mcs,False
uair,0.8,16,0,uair|a=0.80|b0,WARMUP,16,0.17420013545421967,,0.0,0.05,0,0,0.2071026722925457,True,False,True,False,True,FALSE_UNSAFE,-0.03290253683832603,0,WARMUP,True,FULL_INTERIOR,82444e4f495344856de94b0d72ab4a46843780c232e2f299b300fcafa8c4b4a1,b87cf615ab34b447e87bf447d79b9e4183a6e16fcef6223c57fad7be4aec6502,6206f84e8515f3824aee64d15f622d61ec5afc2254e9dde3cef047017d94ccf5,6206f84e8515f3824aee64d15f622d61ec5afc2254e9dde3cef047017d94ccf5,6cd0b52dd7ce8f064a636e3bfc8de9b2309a7dfb02abb27056836d0416fd20a6,357158a3c01d61e36098ae03786aeb48ee6065502c78a6578078aa2eb8873772,0|1|2|3|4|5|6|7|8|9|10|11|12|13|14|15,False,True,AGGREGATE_COVERAGE_RIDGE_V1,MISCOVERAGE_TRIGGERED_RESET_V1,1.0,raven_mcs,False
uair,0.8,17,0,uair|a=0.80|b0,WARMUP,17,0.17399590223076586,,0.0,0.05,0,0,0.180379746835443,True,False,True,False,True,FALSE_UNSAFE,-0.006383844604677141,0,WARMUP,True,FULL_INTERIOR,82444e4f495344856de94b0d72ab4a46843780c232e2f299b300fcafa8c4b4a1,b87cf615ab34b447e87bf447d79b9e4183a6e16fcef6223c57fad7be4aec6502,6206f84e8515f3824aee64d15f622d61ec5afc2254e9dde3cef047017d94ccf5,6206f84e8515f3824aee64d15f622d61ec5afc2254e9dde3cef047017d94ccf5,6cd0b52dd7ce8f064a636e3bfc8de9b2309a7dfb02abb27056836d0416fd20a6,357158a3c01d61e36098ae03786aeb48ee6065502c78a6578078aa2eb8873772,0|1|2|3|4|5|6|7|8|9|10|11|12|13|14|15|16,False,True,AGGREGATE_COVERAGE_RIDGE_V1,MISCOVERAGE_TRIGGERED_RESET_V1,1.0,raven_mcs,False
uair,0.8,18,0,uair|a=0.80|b0,WARMUP,18,0.17330268488867548,,0.0,0.05,0,0,0.2137834036568214,True,False,True,False,True,FALSE_UNSAFE,-0.040480718768145935,0,CERTIFIED,True,FULL_INTERIOR,82444e4f495344856de94b0d72ab4a46843780c232e2f299b300fcafa8c4b4a1,b87cf615ab34b447e87bf447d79b9e4183a6e16fcef6223c57fad7be4aec6502,6206f84e8515f3824aee64d15f622d61ec5afc2254e9dde3cef047017d94ccf5,6206f84e8515f3824aee64d15f622d61ec5afc2254e9dde3cef047017d94ccf5,6cd0b52dd7ce8f064a636e3bfc8de9b2309a7dfb02abb27056836d0416fd20a6,357158a3c01d61e36098ae03786aeb48ee6065502c78a6578078aa2eb8873772,0|1|2|3|4|5|6|7|8|9|10|11|12|13|14|15|16|17,False,True,AGGREGATE_COVERAGE_RIDGE_V1,MISCOVERAGE_TRIGGERED_RESET_V1,1.0,raven_mcs,False
uair,0.8,19,0,uair|a=0.80|b0,CERTIFIED,19,0.17525858552206292,0.024275457126220173,0.15098312839584274,0.05,1,1,0.220464135021097,True,True,True,False,False,TRUE_SAFE,-0.045205549499034076,0,CERTIFIED,True,FULL_INTERIOR,82444e4f495344856de94b0d72ab4a46843780c232e2f299b300fcafa8c4b4a1,b87cf615ab34b447e87bf447d79b9e4183a6e16fcef6223c57fad7be4aec6502,6206f84e8515f3824aee64d15f622d61ec5afc2254e9dde3cef047017d94ccf5,6206f84e8515f3824aee64d15f622d61ec5afc2254e9dde3cef047017d94ccf5,6cd0b52dd7ce8f064a636e3bfc8de9b2309a7dfb02abb27056836d0416fd20a6,357158a3c01d61e36098ae03786aeb48ee6065502c78a6578078aa2eb8873772,0|1|2|3|4|5|6|7|8|9|10|11|12|13|14|15|16|17|18,False,False,AGGREGATE_COVERAGE_RIDGE_V1,MISCOVERAGE_TRIGGERED_RESET_V1,1.0,raven_mcs,False
uair,0.8,20,0,uair|a=0.80|b0,CERTIFIED,20,0.17858070202403326,0.024275457126220173,0.15430524489781308,0.05,1,1,0.1736990154711674,True,True,True,False,False,TRUE_SAFE,0.00488168655286586,0,CERTIFIED,True,FULL_INTERIOR,82444e4f495344856de94b0d72ab4a46843780c232e2f299b300fcafa8c4b4a1,b87cf615ab34b447e87bf447d79b9e4183a6e16fcef6223c57fad7be4aec6502,6206f84e8515f3824aee64d15f622d61ec5afc2254e9dde3cef047017d94ccf5,6206f84e8515f3824aee64d15f622d61ec5afc2254e9dde3cef047017d94ccf5,6cd0b52dd7ce8f064a636e3bfc8de9b2309a7dfb02abb27056836d0416fd20a6,357158a3c01d61e36098ae03786aeb48ee6065502c78a6578078aa2eb8873772,0|1|2|3|4|5|6|7|8|9|10|11|12|13|14|15|16|17|18|19,False,False,AGGREGATE_COVERAGE_RIDGE_V1,MISCOVERAGE_TRIGGERED_RESET_V1,1.0,raven_mcs,False
uair,0.8,21,0,uair|a=0.80|b0,CERTIFIED,21,0.17789481007287125,0.024275457126220173,0.15361935294665108,0.05,1,1,0.1316455696202532,True,True,False,False,False,TRUE_SAFE,0.04624924045261805,1,RESET,True,FULL_INTERIOR,82444e4f495344856de94b0d72ab4a46843780c232e2f299b300fcafa8c4b4a1,b87cf615ab34b447e87bf447d79b9e4183a6e16fcef6223c57fad7be4aec6502,6206f84e8515f3824aee64d15f622d61ec5afc2254e9dde3cef047017d94ccf5,6206f84e8515f3824aee64d15f622d61ec5afc2254e9dde3cef047017d94ccf5,6cd0b52dd7ce8f064a636e3bfc8de9b2309a7dfb02abb27056836d0416fd20a6,357158a3c01d61e36098ae03786aeb48ee6065502c78a6578078aa2eb8873772,0|1|2|3|4|5|6|7|8|9|10|11|12|13|14|15|16|17|18|19|20,False,False,AGGREGATE_COVERAGE_RIDGE_V1,MISCOVERAGE_TRIGGERED_RESET_V1,1.0,raven_mcs,False
uair,0.8,22,1,uair|a=0.80|b1,RESET,0,0.17817064988369755,,0.0,0.05,0,0,0.1417721518987342,True,False,True,False,True,FALSE_UNSAFE,0.036398497984963335,0,WARMUP,True,FULL_INTERIOR,82444e4f495344856de94b0d72ab4a46843780c232e2f299b300fcafa8c4b4a1,b87cf615ab34b447e87bf447d79b9e4183a6e16fcef6223c57fad7be4aec6502,371c03bae68882363df526b3172386ddc4554ab18baa6a8435ccc745aa66ac1c,371c03bae68882363df526b3172386ddc4554ab18baa6a8435ccc745aa66ac1c,6cd0b52dd7ce8f064a636e3bfc8de9b2309a7dfb02abb27056836d0416fd20a6,357158a3c01d61e36098ae03786aeb48ee6065502c78a6578078aa2eb8873772,,False,True,AGGREGATE_COVERAGE_RIDGE_V1,MISCOVERAGE_TRIGGERED_RESET_V1,1.0,raven_mcs,False
uair,0.8,23,1,uair|a=0.80|b1,WARMUP,1,0.17815054480587117,,0.0,0.05,0,0,0.1265822784810127,True,False,True,False,True,FALSE_UNSAFE,0.051568266324858475,0,WARMUP,True,FULL_INTERIOR,82444e4f495344856de94b0d72ab4a46843780c232e2f299b300fcafa8c4b4a1,b87cf615ab34b447e87bf447d79b9e4183a6e16fcef6223c57fad7be4aec6502,371c03bae68882363df526b3172386ddc4554ab18baa6a8435ccc745aa66ac1c,371c03bae68882363df526b3172386ddc4554ab18baa6a8435ccc745aa66ac1c,6cd0b52dd7ce8f064a636e3bfc8de9b2309a7dfb02abb27056836d0416fd20a6,357158a3c01d61e36098ae03786aeb48ee6065502c78a6578078aa2eb8873772,22,False,True,AGGREGATE_COVERAGE_RIDGE_V1,MISCOVERAGE_TRIGGERED_RESET_V1,1.0,raven_mcs,False
uair,0.8,24,1,uair|a=0.80|b1,WARMUP,2,0.17884653442409287,,0.0,0.05,0,0,0.1518987341772152,True,False,True,False,True,FALSE_UNSAFE,0.02694780024687768,0,WARMUP,True,FULL_INTERIOR,82444e4f495344856de94b0d72ab4a46843780c232e2f299b300fcafa8c4b4a1,b87cf615ab34b447e87bf447d79b9e4183a6e16fcef6223c57fad7be4aec6502,371c03bae68882363df526b3172386ddc4554ab18baa6a8435ccc745aa66ac1c,371c03bae68882363df526b3172386ddc4554ab18baa6a8435ccc745aa66ac1c,6cd0b52dd7ce8f064a636e3bfc8de9b2309a7dfb02abb27056836d0416fd20a6,357158a3c01d61e36098ae03786aeb48ee6065502c78a6578078aa2eb8873772,22|23,False,True,AGGREGATE_COVERAGE_RIDGE_V1,MISCOVERAGE_TRIGGERED_RESET_V1,1.0,raven_mcs,False
uair,0.8,25,1,uair|a=0.80|b1,WARMUP,3,0.1810160721400439,,0.0,0.05,0,0,0.1569620253164557,True,False,True,False,True,FALSE_UNSAFE,0.024054046823588193,0,WARMUP,True,FULL_INTERIOR,82444e4f495344856de94b0d72ab4a46843780c232e2f299b300fcafa8c4b4a1,b87cf615ab34b447e87bf447d79b9e4183a6e16fcef6223c57fad7be4aec6502,371c03bae68882363df526b3172386ddc4554ab18baa6a8435ccc745aa66ac1c,371c03bae68882363df526b3172386ddc4554ab18baa6a8435ccc745aa66ac1c,6cd0b52dd7ce8f064a636e3bfc8de9b2309a7dfb02abb27056836d0416fd20a6,357158a3c01d61e36098ae03786aeb48ee6065502c78a6578078aa2eb8873772,22|23|24,False,True,AGGREGATE_COVERAGE_RIDGE_V1,MISCOVERAGE_TRIGGERED_RESET_V1,1.0,raven_mcs,False
uair,0.8,26,1,uair|a=0.80|b1,WARMUP,4,0.1836080039957143,,0.0,0.05,0,0,0.1620253164556963,True,False,True,False,True,FALSE_UNSAFE,0.02158268754001802,0,WARMUP,True,FULL_INTERIOR,82444e4f495344856de94b0d72ab4a46843780c232e2f299b300fcafa8c4b4a1,b87cf615ab34b447e87bf447d79b9e4183a6e16fcef6223c57fad7be4aec6502,371c03bae68882363df526b3172386ddc4554ab18baa6a8435ccc745aa66ac1c,371c03bae68882363df526b3172386ddc4554ab18baa6a8435ccc745aa66ac1c,6cd0b52dd7ce8f064a636e3bfc8de9b2309a7dfb02abb27056836d0416fd20a6,357158a3c01d61e36098ae03786aeb48ee6065502c78a6578078aa2eb8873772,22|23|24|25,False,True,AGGREGATE_COVERAGE_RIDGE_V1,MISCOVERAGE_TRIGGERED_RESET_V1,1.0,raven_mcs,False
uair,0.8,27,1,uair|a=0.80|b1,WARMUP,5,0.18493509992184876,,0.0,0.05,0,0,0.1962025316455696,True,False,True,False,True,FALSE_UNSAFE,-0.011267431723720855,0,WARMUP,True,FULL_INTERIOR,82444e4f495344856de94b0d72ab4a46843780c232e2f299b300fcafa8c4b4a1,b87cf615ab34b447e87bf447d79b9e4183a6e16fcef6223c57fad7be4aec6502,371c03bae68882363df526b3172386ddc4554ab18baa6a8435ccc745aa66ac1c,371c03bae68882363df526b3172386ddc4554ab18baa6a8435ccc745aa66ac1c,6cd0b52dd7ce8f064a636e3bfc8de9b2309a7dfb02abb27056836d0416fd20a6,357158a3c01d61e36098ae03786aeb48ee6065502c78a6578078aa2eb8873772,22|23|24|25|26,False,True,AGGREGATE_COVERAGE_RIDGE_V1,MISCOVERAGE_TRIGGERED_RESET_V1,1.0,raven_mcs,False
uair,0.8,28,1,uair|a=0.80|b1,WARMUP,6,0.18792945432320698,,0.0,0.05,0,0,0.1962025316455696,True,False,True,False,True,FALSE_UNSAFE,-0.008273077322362626,0,WARMUP,True,FULL_INTERIOR,82444e4f495344856de94b0d72ab4a46843780c232e2f299b300fcafa8c4b4a1,b87cf615ab34b447e87bf447d79b9e4183a6e16fcef6223c57fad7be4aec6502,371c03bae68882363df526b3172386ddc4554ab18baa6a8435ccc745aa66ac1c,371c03bae68882363df526b3172386ddc4554ab18baa6a8435ccc745aa66ac1c,6cd0b52dd7ce8f064a636e3bfc8de9b2309a7dfb02abb27056836d0416fd20a6,357158a3c01d61e36098ae03786aeb48ee6065502c78a6578078aa2eb8873772,22|23|24|25|26|27,False,True,AGGREGATE_COVERAGE_RIDGE_V1,MISCOVERAGE_TRIGGERED_RESET_V1,1.0,raven_mcs,False
uair,0.8,29,1,uair|a=0.80|b1,WARMUP,7,0.18978560033581587,,0.0,0.05,0,0,0.1835443037974683,True,False,True,False,True,FALSE_UNSAFE,0.006241296538347568,0,WARMUP,True,FULL_INTERIOR,82444e4f495344856de94b0d72ab4a46843780c232e2f299b300fcafa8c4b4a1,b87cf615ab34b447e87bf447d79b9e4183a6e16fcef6223c57fad7be4aec6502,371c03bae68882363df526b3172386ddc4554ab18baa6a8435ccc745aa66ac1c,371c03bae68882363df526b3172386ddc4554ab18baa6a8435ccc745aa66ac1c,6cd0b52dd7ce8f064a636e3bfc8de9b2309a7dfb02abb27056836d0416fd20a6,357158a3c01d61e36098ae03786aeb48ee6065502c78a6578078aa2eb8873772,22|23|24|25|26|27|28,False,True,AGGREGATE_COVERAGE_RIDGE_V1,MISCOVERAGE_TRIGGERED_RESET_V1,1.0,raven_mcs,False
uair,0.8,30,1,uair|a=0.80|b1,WARMUP,8,0.18895826188224546,,0.0,0.05,0,0,0.2025316455696202,True,False,True,False,True,FALSE_UNSAFE,-0.013573383687374735,0,WARMUP,True,FULL_INTERIOR,82444e4f495344856de94b0d72ab4a46843780c232e2f299b300fcafa8c4b4a1,b87cf615ab34b447e87bf447d79b9e4183a6e16fcef6223c57fad7be4aec6502,371c03bae68882363df526b3172386ddc4554ab18baa6a8435ccc745aa66ac1c,371c03bae68882363df526b3172386ddc4554ab18baa6a8435ccc745aa66ac1c,6cd0b52dd7ce8f064a636e3bfc8de9b2309a7dfb02abb27056836d0416fd20a6,357158a3c01d61e36098ae03786aeb48ee6065502c78a6578078aa2eb8873772,22|23|24|25|26|27|28|29,False,True,AGGREGATE_COVERAGE_RIDGE_V1,MISCOVERAGE_TRIGGERED_RESET_V1,1.0,raven_mcs,False
uair,0.8,31,1,uair|a=0.80|b1,WARMUP,9,0.18925465125645125,,0.0,0.05,0,0,0.1772151898734177,True,False,True,False,True,FALSE_UNSAFE,0.01203946138303355,0,WARMUP,True,FULL_INTERIOR,82444e4f495344856de94b0d72ab4a46843780c232e2f299b300fcafa8c4b4a1,b87cf615ab34b447e87bf447d79b9e4183a6e16fcef6223c57fad7be4aec6502,371c03bae68882363df526b3172386ddc4554ab18baa6a8435ccc745aa66ac1c,371c03bae68882363df526b3172386ddc4554ab18baa6a8435ccc745aa66ac1c,6cd0b52dd7ce8f064a636e3bfc8de9b2309a7dfb02abb27056836d0416fd20a6,357158a3c01d61e36098ae03786aeb48ee6065502c78a6578078aa2eb8873772,22|23|24|25|26|27|28|29|30,False,True,AGGREGATE_COVERAGE_RIDGE_V1,MISCOVERAGE_TRIGGERED_RESET_V1,1.0,raven_mcs,False
uair,0.8,32,1,uair|a=0.80|b1,WARMUP,10,0.1876900419599165,,0.0,0.05,0,0,0.1772151898734177,True,False,True,False,True,FALSE_UNSAFE,0.010474852086498815,0,WARMUP,True,FULL_INTERIOR,82444e4f495344856de94b0d72ab4a46843780c232e2f299b300fcafa8c4b4a1,b87cf615ab34b447e87bf447d79b9e4183a6e16fcef6223c57fad7be4aec6502,371c03bae68882363df526b3172386ddc4554ab18baa6a8435ccc745aa66ac1c,371c03bae68882363df526b3172386ddc4554ab18baa6a8435ccc745aa66ac1c,6cd0b52dd7ce8f064a636e3bfc8de9b2309a7dfb02abb27056836d0416fd20a6,357158a3c01d61e36098ae03786aeb48ee6065502c78a6578078aa2eb8873772,22|23|24|25|26|27|28|29|30|31,False,True,AGGREGATE_COVERAGE_RIDGE_V1,MISCOVERAGE_TRIGGERED_RESET_V1,1.0,raven_mcs,False
uair,0.8,33,1,uair|a=0.80|b1,WARMUP,11,0.18539942330813017,,0.0,0.05,0,0,0.2436708860759493,True,False,True,False,True,FALSE_UNSAFE,-0.05827146276781914,0,WARMUP,True,FULL_INTERIOR,82444e4f495344856de94b0d72ab4a46843780c232e2f299b300fcafa8c4b4a1,b87cf615ab34b447e87bf447d79b9e4183a6e16fcef6223c57fad7be4aec6502,371c03bae68882363df526b3172386ddc4554ab18baa6a8435ccc745aa66ac1c,371c03bae68882363df526b3172386ddc4554ab18baa6a8435ccc745aa66ac1c,6cd0b52dd7ce8f064a636e3bfc8de9b2309a7dfb02abb27056836d0416fd20a6,357158a3c01d61e36098ae03786aeb48ee6065502c78a6578078aa2eb8873772,22|23|24|25|26|27|28|29|30|31|32,False,True,AGGREGATE_COVERAGE_RIDGE_V1,MISCOVERAGE_TRIGGERED_RESET_V1,1.0,raven_mcs,False
uair,0.8,34,1,uair|a=0.80|b1,WARMUP,12,0.18859608758807023,,0.0,0.05,0,0,0.1845991561181434,True,False,True,False,True,FALSE_UNSAFE,0.003996931469926829,0,WARMUP,True,FULL_INTERIOR,82444e4f495344856de94b0d72ab4a46843780c232e2f299b300fcafa8c4b4a1,b87cf615ab34b447e87bf447d79b9e4183a6e16fcef6223c57fad7be4aec6502,371c03bae68882363df526b3172386ddc4554ab18baa6a8435ccc745aa66ac1c,371c03bae68882363df526b3172386ddc4554ab18baa6a8435ccc745aa66ac1c,6cd0b52dd7ce8f064a636e3bfc8de9b2309a7dfb02abb27056836d0416fd20a6,357158a3c01d61e36098ae03786aeb48ee6065502c78a6578078aa2eb8873772,22|23|24|25|26|27|28|29|30|31|32|33,False,True,AGGREGATE_COVERAGE_RIDGE_V1,MISCOVERAGE_TRIGGERED_RESET_V1,1.0,raven_mcs,False
uair,0.8,35,1,uair|a=0.80|b1,WARMUP,13,0.18629773144875617,,0.0,0.05,0,0,0.2362869198312235,True,False,True,False,True,FALSE_UNSAFE,-0.049989188382467326,0,WARMUP,True,FULL_INTERIOR,82444e4f495344856de94b0d72ab4a46843780c232e2f299b300fcafa8c4b4a1,b87cf615ab34b447e87bf447d79b9e4183a6e16fcef6223c57fad7be4aec6502,371c03bae68882363df526b3172386ddc4554ab18baa6a8435ccc745aa66ac1c,371c03bae68882363df526b3172386ddc4554ab18baa6a8435ccc745aa66ac1c,6cd0b52dd7ce8f064a636e3bfc8de9b2309a7dfb02abb27056836d0416fd20a6,357158a3c01d61e36098ae03786aeb48ee6065502c78a6578078aa2eb8873772,22|23|24|25|26|27|28|29|30|31|32|33|34,False,True,AGGREGATE_COVERAGE_RIDGE_V1,MISCOVERAGE_TRIGGERED_RESET_V1,1.0,raven_mcs,False
uair,0.8,36,1,uair|a=0.80|b1,WARMUP,14,0.18562913278072463,,0.0,0.05,0,0,0.2141350210970463,True,False,True,False,True,FALSE_UNSAFE,-0.02850588831632167,0,WARMUP,True,FULL_INTERIOR,82444e4f495344856de94b0d72ab4a46843780c232e2f299b300fcafa8c4b4a1,b87cf615ab34b447e87bf447d79b9e4183a6e16fcef6223c57fad7be4aec6502,371c03bae68882363df526b3172386ddc4554ab18baa6a8435ccc745aa66ac1c,371c03bae68882363df526b3172386ddc4554ab18baa6a8435ccc745aa66ac1c,6cd0b52dd7ce8f064a636e3bfc8de9b2309a7dfb02abb27056836d0416fd20a6,357158a3c01d61e36098ae03786aeb48ee6065502c78a6578078aa2eb8873772,22|23|24|25|26|27|28|29|30|31|32|33|34|35,False,True,AGGREGATE_COVERAGE_RIDGE_V1,MISCOVERAGE_TRIGGERED_RESET_V1,1.0,raven_mcs,False
uair,0.8,37,1,uair|a=0.80|b1,WARMUP,15,0.18517144673009148,,0.0,0.05,0,0,0.2141350210970463,True,False,True,False,True,FALSE_UNSAFE,-0.02896357436695482,0,WARMUP,True,FULL_INTERIOR,82444e4f495344856de94b0d72ab4a46843780c232e2f299b300fcafa8c4b4a1,b87cf615ab34b447e87bf447d79b9e4183a6e16fcef6223c57fad7be4aec6502,371c03bae68882363df526b3172386ddc4554ab18baa6a8435ccc745aa66ac1c,371c03bae68882363df526b3172386ddc4554ab18baa6a8435ccc745aa66ac1c,6cd0b52dd7ce8f064a636e3bfc8de9b2309a7dfb02abb27056836d0416fd20a6,357158a3c01d61e36098ae03786aeb48ee6065502c78a6578078aa2eb8873772,22|23|24|25|26|27|28|29|30|31|32|33|34|35|36,False,True,AGGREGATE_COVERAGE_RIDGE_V1,MISCOVERAGE_TRIGGERED_RESET_V1,1.0,raven_mcs,False
uair,0.8,38,1,uair|a=0.80|b1,WARMUP,16,0.18306964255004812,,0.0,0.05,0,0,0.2141350210970463,True,False,True,False,True,FALSE_UNSAFE,-0.031065378546998174,0,WARMUP,True,FULL_INTERIOR,82444e4f495344856de94b0d72ab4a46843780c232e2f299b300fcafa8c4b4a1,b87cf615ab34b447e87bf447d79b9e4183a6e16fcef6223c57fad7be4aec6502,371c03bae68882363df526b3172386ddc4554ab18baa6a8435ccc745aa66ac1c,371c03bae68882363df526b3172386ddc4554ab18baa6a8435ccc745aa66ac1c,6cd0b52dd7ce8f064a636e3bfc8de9b2309a7dfb02abb27056836d0416fd20a6,357158a3c01d61e36098ae03786aeb48ee6065502c78a6578078aa2eb8873772,22|23|24|25|26|27|28|29|30|31|32|33|34|35|36|37,False,True,AGGREGATE_COVERAGE_RIDGE_V1,MISCOVERAGE_TRIGGERED_RESET_V1,1.0,raven_mcs,False
uair,0.8,39,1,uair|a=0.80|b1,WARMUP,17,0.18218334322613608,,0.0,0.05,0,0,0.1937412095639943,True,False,True,False,True,FALSE_UNSAFE,-0.011557866337858214,0,WARMUP,True,FULL_INTERIOR,82444e4f495344856de94b0d72ab4a46843780c232e2f299b300fcafa8c4b4a1,b87cf615ab34b447e87bf447d79b9e4183a6e16fcef6223c57fad7be4aec6502,371c03bae68882363df526b3172386ddc4554ab18baa6a8435ccc745aa66ac1c,371c03bae68882363df526b3172386ddc4554ab18baa6a8435ccc745aa66ac1c,6cd0b52dd7ce8f064a636e3bfc8de9b2309a7dfb02abb27056836d0416fd20a6,357158a3c01d61e36098ae03786aeb48ee6065502c78a6578078aa2eb8873772,22|23|24|25|26|27|28|29|30|31|32|33|34|35|36|37|38,False,True,AGGREGATE_COVERAGE_RIDGE_V1,MISCOVERAGE_TRIGGERED_RESET_V1,1.0,raven_mcs,False
uair,0.8,40,1,uair|a=0.80|b1,WARMUP,18,0.18031692308753183,,0.0,0.05,0,0,0.20042194092827,True,False,True,False,True,FALSE_UNSAFE,-0.020105017840738176,0,CERTIFIED,True,FULL_INTERIOR,82444e4f495344856de94b0d72ab4a46843780c232e2f299b300fcafa8c4b4a1,b87cf615ab34b447e87bf447d79b9e4183a6e16fcef6223c57fad7be4aec6502,371c03bae68882363df526b3172386ddc4554ab18baa6a8435ccc745aa66ac1c,371c03bae68882363df526b3172386ddc4554ab18baa6a8435ccc745aa66ac1c,6cd0b52dd7ce8f064a636e3bfc8de9b2309a7dfb02abb27056836d0416fd20a6,357158a3c01d61e36098ae03786aeb48ee6065502c78a6578078aa2eb8873772,22|23|24|25|26|27|28|29|30|31|32|33|34|35|36|37|38|39,False,True,AGGREGATE_COVERAGE_RIDGE_V1,MISCOVERAGE_TRIGGERED_RESET_V1,1.0,raven_mcs,False
uair,0.8,41,1,uair|a=0.80|b1,CERTIFIED,19,0.17969441597003255,0.051568266324858475,0.12812614964517408,0.05,1,1,0.1937412095639943,True,True,True,False,False,TRUE_SAFE,-0.014046793593961743,0,CERTIFIED,True,FULL_INTERIOR,82444e4f495344856de94b0d72ab4a46843780c232e2f299b300fcafa8c4b4a1,b87cf615ab34b447e87bf447d79b9e4183a6e16fcef6223c57fad7be4aec6502,371c03bae68882363df526b3172386ddc4554ab18baa6a8435ccc745aa66ac1c,371c03bae68882363df526b3172386ddc4554ab18baa6a8435ccc745aa66ac1c,6cd0b52dd7ce8f064a636e3bfc8de9b2309a7dfb02abb27056836d0416fd20a6,357158a3c01d61e36098ae03786aeb48ee6065502c78a6578078aa2eb8873772,22|23|24|25|26|27|28|29|30|31|32|33|34|35|36|37|38|39|40,False,False,AGGREGATE_COVERAGE_RIDGE_V1,MISCOVERAGE_TRIGGERED_RESET_V1,1.0,raven_mcs,False
uair,0.8,42,1,uair|a=0.80|b1,CERTIFIED,20,0.17959532670800715,0.051568266324858475,0.12802706038314868,0.05,1,1,0.180379746835443,True,True,True,False,False,TRUE_SAFE,-0.0007844201274358475,0,CERTIFIED,True,FULL_INTERIOR,82444e4f495344856de94b0d72ab4a46843780c232e2f299b300fcafa8c4b4a1,b87cf615ab34b447e87bf447d79b9e4183a6e16fcef6223c57fad7be4aec6502,371c03bae68882363df526b3172386ddc4554ab18baa6a8435ccc745aa66ac1c,371c03bae68882363df526b3172386ddc4554ab18baa6a8435ccc745aa66ac1c,6cd0b52dd7ce8f064a636e3bfc8de9b2309a7dfb02abb27056836d0416fd20a6,357158a3c01d61e36098ae03786aeb48ee6065502c78a6578078aa2eb8873772,22|23|24|25|26|27|28|29|30|31|32|33|34|35|36|37|38|39|40|41,False,False,AGGREGATE_COVERAGE_RIDGE_V1,MISCOVERAGE_TRIGGERED_RESET_V1,1.0,raven_mcs,False
uair,0.8,43,1,uair|a=0.80|b1,CERTIFIED,21,0.17898286177691325,0.051568266324858475,0.12741459545205477,0.05,1,1,0.2137834036568214,True,True,True,False,False,TRUE_SAFE,-0.034800541879908164,0,CERTIFIED,True,FULL_INTERIOR,82444e4f495344856de94b0d72ab4a46843780c232e2f299b300fcafa8c4b4a1,b87cf615ab34b447e87bf447d79b9e4183a6e16fcef6223c57fad7be4aec6502,371c03bae68882363df526b3172386ddc4554ab18baa6a8435ccc745aa66ac1c,371c03bae68882363df526b3172386ddc4554ab18baa6a8435ccc745aa66ac1c,6cd0b52dd7ce8f064a636e3bfc8de9b2309a7dfb02abb27056836d0416fd20a6,357158a3c01d61e36098ae03786aeb48ee6065502c78a6578078aa2eb8873772,22|23|24|25|26|27|28|29|30|31|32|33|34|35|36|37|38|39|40|41|42,False,False,AGGREGATE_COVERAGE_RIDGE_V1,MISCOVERAGE_TRIGGERED_RESET_V1,1.0,raven_mcs,False
uair,0.8,44,1,uair|a=0.80|b1,CERTIFIED,22,0.1814237929620826,0.051568266324858475,0.12985552663722413,0.05,1,1,0.1937412095639943,True,True,True,False,False,TRUE_SAFE,-0.012317416601911685,0,CERTIFIED,True,FULL_INTERIOR,82444e4f495344856de94b0d72ab4a46843780c232e2f299b300fcafa8c4b4a1,b87cf615ab34b447e87bf447d79b9e4183a6e16fcef6223c57fad7be4aec6502,371c03bae68882363df526b3172386ddc4554ab18baa6a8435ccc745aa66ac1c,371c03bae68882363df526b3172386ddc4554ab18baa6a8435ccc745aa66ac1c,6cd0b52dd7ce8f064a636e3bfc8de9b2309a7dfb02abb27056836d0416fd20a6,357158a3c01d61e36098ae03786aeb48ee6065502c78a6578078aa2eb8873772,22|23|24|25|26|27|28|29|30|31|32|33|34|35|36|37|38|39|40|41|42|43,False,False,AGGREGATE_COVERAGE_RIDGE_V1,MISCOVERAGE_TRIGGERED_RESET_V1,1.0,raven_mcs,False
uair,0.8,45,1,uair|a=0.80|b1,CERTIFIED,23,0.18278681506076944,0.051568266324858475,0.13121854873591096,0.05,1,1,0.1569620253164557,True,True,True,False,False,TRUE_SAFE,0.025824789744313736,0,CERTIFIED,True,FULL_INTERIOR,82444e4f495344856de94b0d72ab4a46843780c232e2f299b300fcafa8c4b4a1,b87cf615ab34b447e87bf447d79b9e4183a6e16fcef6223c57fad7be4aec6502,371c03bae68882363df526b3172386ddc4554ab18baa6a8435ccc745aa66ac1c,371c03bae68882363df526b3172386ddc4554ab18baa6a8435ccc745aa66ac1c,6cd0b52dd7ce8f064a636e3bfc8de9b2309a7dfb02abb27056836d0416fd20a6,357158a3c01d61e36098ae03786aeb48ee6065502c78a6578078aa2eb8873772,22|23|24|25|26|27|28|29|30|31|32|33|34|35|36|37|38|39|40|41|42|43|44,False,False,AGGREGATE_COVERAGE_RIDGE_V1,MISCOVERAGE_TRIGGERED_RESET_V1,1.0,raven_mcs,False
uair,0.8,46,1,uair|a=0.80|b1,CERTIFIED,24,0.1807174986687236,0.051568266324858475,0.12914923234386513,0.05,1,1,0.1417721518987342,True,True,True,False,False,TRUE_SAFE,0.0389453467699894,0,CERTIFIED,True,FULL_INTERIOR,82444e4f495344856de94b0d72ab4a46843780c232e2f299b300fcafa8c4b4a1,b87cf615ab34b447e87bf447d79b9e4183a6e16fcef6223c57fad7be4aec6502,371c03bae68882363df526b3172386ddc4554ab18baa6a8435ccc745aa66ac1c,371c03bae68882363df526b3172386ddc4554ab18baa6a8435ccc745aa66ac1c,6cd0b52dd7ce8f064a636e3bfc8de9b2309a7dfb02abb27056836d0416fd20a6,357158a3c01d61e36098ae03786aeb48ee6065502c78a6578078aa2eb8873772,22|23|24|25|26|27|28|29|30|31|32|33|34|35|36|37|38|39|40|41|42|43|44|45,False,False,AGGREGATE_COVERAGE_RIDGE_V1,MISCOVERAGE_TRIGGERED_RESET_V1,1.0,raven_mcs,False
uair,0.8,47,1,uair|a=0.80|b1,CERTIFIED,25,0.17932974460282122,0.051568266324858475,0.12776147827796275,0.05,1,1,0.1417721518987342,True,True,True,False,False,TRUE_SAFE,0.03755759270408701,0,CERTIFIED,True,FULL_INTERIOR,82444e4f495344856de94b0d72ab4a46843780c232e2f299b300fcafa8c4b4a1,b87cf615ab34b447e87bf447d79b9e4183a6e16fcef6223c57fad7be4aec6502,371c03bae68882363df526b3172386ddc4554ab18baa6a8435ccc745aa66ac1c,371c03bae68882363df526b3172386ddc4554ab18baa6a8435ccc745aa66ac1c,6cd0b52dd7ce8f064a636e3bfc8de9b2309a7dfb02abb27056836d0416fd20a6,357158a3c01d61e36098ae03786aeb48ee6065502c78a6578078aa2eb8873772,22|23|24|25|26|27|28|29|30|31|32|33|34|35|36|37|38|39|40|41|42|43|44|45|46,False,False,AGGREGATE_COVERAGE_RIDGE_V1,MISCOVERAGE_TRIGGERED_RESET_V1,1.0,raven_mcs,False
uair,0.8,48,1,uair|a=0.80|b1,CERTIFIED,26,0.17995703386302297,0.051568266324858475,0.1283887675381645,0.05,1,1,0.1215189873417722,True,True,False,False,False,TRUE_SAFE,0.05843804652125077,1,RESET,True,FULL_INTERIOR,82444e4f495344856de94b0d72ab4a46843780c232e2f299b300fcafa8c4b4a1,b87cf615ab34b447e87bf447d79b9e4183a6e16fcef6223c57fad7be4aec6502,371c03bae68882363df526b3172386ddc4554ab18baa6a8435ccc745aa66ac1c,371c03bae68882363df526b3172386ddc4554ab18baa6a8435ccc745aa66ac1c,6cd0b52dd7ce8f064a636e3bfc8de9b2309a7dfb02abb27056836d0416fd20a6,357158a3c01d61e36098ae03786aeb48ee6065502c78a6578078aa2eb8873772,22|23|24|25|26|27|28|29|30|31|32|33|34|35|36|37|38|39|40|41|42|43|44|45|46|47,False,False,AGGREGATE_COVERAGE_RIDGE_V1,MISCOVERAGE_TRIGGERED_RESET_V1,1.0,raven_mcs,False
uair,0.8,49,2,uair|a=0.80|b2,RESET,0,0.1743549306606998,,0.0,0.05,0,0,0.1670886075949368,True,False,True,False,True,FALSE_UNSAFE,0.007266323065762997,0,WARMUP,True,FULL_INTERIOR,82444e4f495344856de94b0d72ab4a46843780c232e2f299b300fcafa8c4b4a1,b87cf615ab34b447e87bf447d79b9e4183a6e16fcef6223c57fad7be4aec6502,701b87f97b69da1890f220dc72c4c0c832ab0c73fb3349f412914206828a76d6,701b87f97b69da1890f220dc72c4c0c832ab0c73fb3349f412914206828a76d6,6cd0b52dd7ce8f064a636e3bfc8de9b2309a7dfb02abb27056836d0416fd20a6,357158a3c01d61e36098ae03786aeb48ee6065502c78a6578078aa2eb8873772,,False,True,AGGREGATE_COVERAGE_RIDGE_V1,MISCOVERAGE_TRIGGERED_RESET_V1,1.0,raven_mcs,False
uair,0.8,50,2,uair|a=0.80|b2,WARMUP,1,0.17824569039620486,,0.0,0.05,0,0,0.1417721518987342,True,False,True,False,True,FALSE_UNSAFE,0.03647353849747065,0,WARMUP,True,FULL_INTERIOR,82444e4f495344856de94b0d72ab4a46843780c232e2f299b300fcafa8c4b4a1,b87cf615ab34b447e87bf447d79b9e4183a6e16fcef6223c57fad7be4aec6502,701b87f97b69da1890f220dc72c4c0c832ab0c73fb3349f412914206828a76d6,701b87f97b69da1890f220dc72c4c0c832ab0c73fb3349f412914206828a76d6,6cd0b52dd7ce8f064a636e3bfc8de9b2309a7dfb02abb27056836d0416fd20a6,357158a3c01d61e36098ae03786aeb48ee6065502c78a6578078aa2eb8873772,49,False,True,AGGREGATE_COVERAGE_RIDGE_V1,MISCOVERAGE_TRIGGERED_RESET_V1,1.0,raven_mcs,False
uair,0.8,51,2,uair|a=0.80|b2,WARMUP,2,0.04095726444692744,,0.0,0.05,0,0,0.0284810126582278,False,False,True,False,False,TRUE_UNSAFE,0.012476251788699641,0,WARMUP,True,FULL_INTERIOR,82444e4f495344856de94b0d72ab4a46843780c232e2f299b300fcafa8c4b4a1,b87cf615ab34b447e87bf447d79b9e4183a6e16fcef6223c57fad7be4aec6502,701b87f97b69da1890f220dc72c4c0c832ab0c73fb3349f412914206828a76d6,701b87f97b69da1890f220dc72c4c0c832ab0c73fb3349f412914206828a76d6,6cd0b52dd7ce8f064a636e3bfc8de9b2309a7dfb02abb27056836d0416fd20a6,357158a3c01d61e36098ae03786aeb48ee6065502c78a6578078aa2eb8873772,49|50,False,True,AGGREGATE_COVERAGE_RIDGE_V1,MISCOVERAGE_TRIGGERED_RESET_V1,1.0,raven_mcs,False
uair,0.8,52,2,uair|a=0.80|b2,WARMUP,3,0.031979353291554546,,0.0,0.05,0,0,0.0274261603375527,False,False,True,False,False,TRUE_UNSAFE,0.004553192954001847,0,WARMUP,True,FULL_BOUNDARY,82444e4f495344856de94b0d72ab4a46843780c232e2f299b300fcafa8c4b4a1,b87cf615ab34b447e87bf447d79b9e4183a6e16fcef6223c57fad7be4aec6502,701b87f97b69da1890f220dc72c4c0c832ab0c73fb3349f412914206828a76d6,701b87f97b69da1890f220dc72c4c0c832ab0c73fb3349f412914206828a76d6,6cd0b52dd7ce8f064a636e3bfc8de9b2309a7dfb02abb27056836d0416fd20a6,357158a3c01d61e36098ae03786aeb48ee6065502c78a6578078aa2eb8873772,49|50|51,False,True,AGGREGATE_COVERAGE_RIDGE_V1,MISCOVERAGE_TRIGGERED_RESET_V1,1.0,raven_mcs,False
uair,0.6,0,0,uair|a=0.60|b0,WARMUP,0,0.014819661514958542,,0.0,0.05,0,0,0.030379746835443,False,False,True,False,False,TRUE_UNSAFE,-0.015560085320484456,0,WARMUP,True,FULL_BOUNDARY,82444e4f495344856de94b0d72ab4a46843780c232e2f299b300fcafa8c4b4a1,b87cf615ab34b447e87bf447d79b9e4183a6e16fcef6223c57fad7be4aec6502,f979d6fd1bc03e394850c4c9899cca58018b5bc560b7facb507642a2d87eb9be,f979d6fd1bc03e394850c4c9899cca58018b5bc560b7facb507642a2d87eb9be,6cd0b52dd7ce8f064a636e3bfc8de9b2309a7dfb02abb27056836d0416fd20a6,357158a3c01d61e36098ae03786aeb48ee6065502c78a6578078aa2eb8873772,,False,True,AGGREGATE_COVERAGE_RIDGE_V1,MISCOVERAGE_TRIGGERED_RESET_V1,1.0,raven_mcs,False
uair,0.6,1,0,uair|a=0.60|b0,WARMUP,1,0.017324155891511584,,0.0,0.05,0,0,0.030379746835443,False,False,True,False,False,TRUE_UNSAFE,-0.013055590943931415,0,WARMUP,True,FULL_INTERIOR,82444e4f495344856de94b0d72ab4a46843780c232e2f299b300fcafa8c4b4a1,b87cf615ab34b447e87bf447d79b9e4183a6e16fcef6223c57fad7be4aec6502,f979d6fd1bc03e394850c4c9899cca58018b5bc560b7facb507642a2d87eb9be,f979d6fd1bc03e394850c4c9899cca58018b5bc560b7facb507642a2d87eb9be,6cd0b52dd7ce8f064a636e3bfc8de9b2309a7dfb02abb27056836d0416fd20a6,357158a3c01d61e36098ae03786aeb48ee6065502c78a6578078aa2eb8873772,0,False,True,AGGREGATE_COVERAGE_RIDGE_V1,MISCOVERAGE_TRIGGERED_RESET_V1,1.0,raven_mcs,False
uair,0.6,2,0,uair|a=0.60|b0,WARMUP,2,0.01932665567441637,,0.0,0.05,0,0,0.0329113924050633,False,False,True,False,False,TRUE_UNSAFE,-0.013584736730646928,0,WARMUP,True,FULL_INTERIOR,82444e4f495344856de94b0d72ab4a46843780c232e2f299b300fcafa8c4b4a1,b87cf615ab34b447e87bf447d79b9e4183a6e16fcef6223c57fad7be4aec6502,f979d6fd1bc03e394850c4c9899cca58018b5bc560b7facb507642a2d87eb9be,f979d6fd1bc03e394850c4c9899cca58018b5bc560b7facb507642a2d87eb9be,6cd0b52dd7ce8f064a636e3bfc8de9b2309a7dfb02abb27056836d0416fd20a6,357158a3c01d61e36098ae03786aeb48ee6065502c78a6578078aa2eb8873772,0|1,False,True,AGGREGATE_COVERAGE_RIDGE_V1,MISCOVERAGE_TRIGGERED_RESET_V1,1.0,raven_mcs,False
uair,0.6,3,0,uair|a=0.60|b0,WARMUP,3,0.1322006575073849,,0.0,0.05,0,0,0.1392405063291139,True,False,True,False,True,FALSE_UNSAFE,-0.007039848821728978,0,WARMUP,True,FULL_INTERIOR,82444e4f495344856de94b0d72ab4a46843780c232e2f299b300fcafa8c4b4a1,b87cf615ab34b447e87bf447d79b9e4183a6e16fcef6223c57fad7be4aec6502,f979d6fd1bc03e394850c4c9899cca58018b5bc560b7facb507642a2d87eb9be,f979d6fd1bc03e394850c4c9899cca58018b5bc560b7facb507642a2d87eb9be,6cd0b52dd7ce8f064a636e3bfc8de9b2309a7dfb02abb27056836d0416fd20a6,357158a3c01d61e36098ae03786aeb48ee6065502c78a6578078aa2eb8873772,0|1|2,False,True,AGGREGATE_COVERAGE_RIDGE_V1,MISCOVERAGE_TRIGGERED_RESET_V1,1.0,raven_mcs,False
uair,0.6,4,0,uair|a=0.60|b0,WARMUP,4,0.13637219150606855,,0.0,0.05,0,0,0.1202531645569619,True,False,True,False,True,FALSE_UNSAFE,0.01611902694910665,0,WARMUP,True,FULL_INTERIOR,82444e4f495344856de94b0d72ab4a46843780c232e2f299b300fcafa8c4b4a1,b87cf615ab34b447e87bf447d79b9e4183a6e16fcef6223c57fad7be4aec6502,f979d6fd1bc03e394850c4c9899cca58018b5bc560b7facb507642a2d87eb9be,f979d6fd1bc03e394850c4c9899cca58018b5bc560b7facb507642a2d87eb9be,6cd0b52dd7ce8f064a636e3bfc8de9b2309a7dfb02abb27056836d0416fd20a6,357158a3c01d61e36098ae03786aeb48ee6065502c78a6578078aa2eb8873772,0|1|2|3,False,True,AGGREGATE_COVERAGE_RIDGE_V1,MISCOVERAGE_TRIGGERED_RESET_V1,1.0,raven_mcs,False
uair,0.6,5,0,uair|a=0.60|b0,WARMUP,5,0.1386295626384987,,0.0,0.05,0,0,0.1202531645569619,True,False,True,False,True,FALSE_UNSAFE,0.018376398081536807,0,WARMUP,True,FULL_INTERIOR,82444e4f495344856de94b0d72ab4a46843780c232e2f299b300fcafa8c4b4a1,b87cf615ab34b447e87bf447d79b9e4183a6e16fcef6223c57fad7be4aec6502,f979d6fd1bc03e394850c4c9899cca58018b5bc560b7facb507642a2d87eb9be,f979d6fd1bc03e394850c4c9899cca58018b5bc560b7facb507642a2d87eb9be,6cd0b52dd7ce8f064a636e3bfc8de9b2309a7dfb02abb27056836d0416fd20a6,357158a3c01d61e36098ae03786aeb48ee6065502c78a6578078aa2eb8873772,0|1|2|3|4,False,True,AGGREGATE_COVERAGE_RIDGE_V1,MISCOVERAGE_TRIGGERED_RESET_V1,1.0,raven_mcs,False
uair,0.6,6,0,uair|a=0.60|b0,WARMUP,6,0.13789775977220145,,0.0,0.05,0,0,0.1202531645569619,True,False,True,False,True,FALSE_UNSAFE,0.017644595215239547,0,WARMUP,True,FULL_INTERIOR,82444e4f495344856de94b0d72ab4a46843780c232e2f299b300fcafa8c4b4a1,b87cf615ab34b447e87bf447d79b9e4183a6e16fcef6223c57fad7be4aec6502,f979d6fd1bc03e394850c4c9899cca58018b5bc560b7facb507642a2d87eb9be,f979d6fd1bc03e394850c4c9899cca58018b5bc560b7facb507642a2d87eb9be,6cd0b52dd7ce8f064a636e3bfc8de9b2309a7dfb02abb27056836d0416fd20a6,357158a3c01d61e36098ae03786aeb48ee6065502c78a6578078aa2eb8873772,0|1|2|3|4|5,False,True,AGGREGATE_COVERAGE_RIDGE_V1,MISCOVERAGE_TRIGGERED_RESET_V1,1.0,raven_mcs,False
uair,0.6,7,0,uair|a=0.60|b0,WARMUP,7,0.1372186324930212,,0.0,0.05,0,0,0.1202531645569619,True,False,True,False,True,FALSE_UNSAFE,0.016965467936059284,0,WARMUP,True,FULL_INTERIOR,82444e4f495344856de94b0d72ab4a46843780c232e2f299b300fcafa8c4b4a1,b87cf615ab34b447e87bf447d79b9e4183a6e16fcef6223c57fad7be4aec6502,f979d6fd1bc03e394850c4c9899cca58018b5bc560b7facb507642a2d87eb9be,f979d6fd1bc03e394850c4c9899cca58018b5bc560b7facb507642a2d87eb9be,6cd0b52dd7ce8f064a636e3bfc8de9b2309a7dfb02abb27056836d0416fd20a6,357158a3c01d61e36098ae03786aeb48ee6065502c78a6578078aa2eb8873772,0|1|2|3|4|5|6,False,True,AGGREGATE_COVERAGE_RIDGE_V1,MISCOVERAGE_TRIGGERED_RESET_V1,1.0,raven_mcs,False
uair,0.6,8,0,uair|a=0.60|b0,WARMUP,8,0.1361799144732538,,0.0,0.05,0,0,0.1392405063291139,True,False,True,False,True,FALSE_UNSAFE,-0.0030605918558600786,0,WARMUP,True,FULL_INTERIOR,82444e4f495344856de94b0d72ab4a46843780c232e2f299b300fcafa8c4b4a1,b87cf615ab34b447e87bf447d79b9e4183a6e16fcef6223c57fad7be4aec6502,f979d6fd1bc03e394850c4c9899cca58018b5bc560b7facb507642a2d87eb9be,f979d6fd1bc03e394850c4c9899cca58018b5bc560b7facb507642a2d87eb9be,6cd0b52dd7ce8f064a636e3bfc8de9b2309a7dfb02abb27056836d0416fd20a6,357158a3c01d61e36098ae03786aeb48ee6065502c78a6578078aa2eb8873772,0|1|2|3|4|5|6|7,False,True,AGGREGATE_COVERAGE_RIDGE_V1,MISCOVERAGE_TRIGGERED_RESET_V1,1.0,raven_mcs,False
uair,0.6,9,0,uair|a=0.60|b0,WARMUP,9,0.13547337947194277,,0.0,0.05,0,0,0.1624472573839662,True,False,True,False,True,FALSE_UNSAFE,-0.026973877912023436,0,WARMUP,True,FULL_INTERIOR,82444e4f495344856de94b0d72ab4a46843780c232e2f299b300fcafa8c4b4a1,b87cf615ab34b447e87bf447d79b9e4183a6e16fcef6223c57fad7be4aec6502,f979d6fd1bc03e394850c4c9899cca58018b5bc560b7facb507642a2d87eb9be,f979d6fd1bc03e394850c4c9899cca58018b5bc560b7facb507642a2d87eb9be,6cd0b52dd7ce8f064a636e3bfc8de9b2309a7dfb02abb27056836d0416fd20a6,357158a3c01d61e36098ae03786aeb48ee6065502c78a6578078aa2eb8873772,0|1|2|3|4|5|6|7|8,False,True,AGGREGATE_COVERAGE_RIDGE_V1,MISCOVERAGE_TRIGGERED_RESET_V1,1.0,raven_mcs,False
uair,0.6,10,0,uair|a=0.60|b0,WARMUP,10,0.13526754781981787,,0.0,0.05,0,0,0.1624472573839662,True,False,True,False,True,FALSE_UNSAFE,-0.027179709564148335,0,WARMUP,True,FULL_INTERIOR,82444e4f495344856de94b0d72ab4a46843780c232e2f299b300fcafa8c4b4a1,b87cf615ab34b447e87bf447d79b9e4183a6e16fcef6223c57fad7be4aec6502,f979d6fd1bc03e394850c4c9899cca58018b5bc560b7facb507642a2d87eb9be,f979d6fd1bc03e394850c4c9899cca58018b5bc560b7facb507642a2d87eb9be,6cd0b52dd7ce8f064a636e3bfc8de9b2309a7dfb02abb27056836d0416fd20a6,357158a3c01d61e36098ae03786aeb48ee6065502c78a6578078aa2eb8873772,0|1|2|3|4|5|6|7|8|9,False,True,AGGREGATE_COVERAGE_RIDGE_V1,MISCOVERAGE_TRIGGERED_RESET_V1,1.0,raven_mcs,False
uair,0.6,11,0,uair|a=0.60|b0,WARMUP,11,0.13436751945853947,,0.0,0.05,0,0,0.1698312236286919,True,False,True,False,True,FALSE_UNSAFE,-0.03546370417015243,0,WARMUP,True,FULL_INTERIOR,82444e4f495344856de94b0d72ab4a46843780c232e2f299b300fcafa8c4b4a1,b87cf615ab34b447e87bf447d79b9e4183a6e16fcef6223c57fad7be4aec6502,f979d6fd1bc03e394850c4c9899cca58018b5bc560b7facb507642a2d87eb9be,f979d6fd1bc03e394850c4c9899cca58018b5bc560b7facb507642a2d87eb9be,6cd0b52dd7ce8f064a636e3bfc8de9b2309a7dfb02abb27056836d0416fd20a6,357158a3c01d61e36098ae03786aeb48ee6065502c78a6578078aa2eb8873772,0|1|2|3|4|5|6|7|8|9|10,False,True,AGGREGATE_COVERAGE_RIDGE_V1,MISCOVERAGE_TRIGGERED_RESET_V1,1.0,raven_mcs,False
uair,0.6,12,0,uair|a=0.60|b0,WARMUP,12,0.13303411996090986,,0.0,0.05,0,0,0.1698312236286919,True,False,True,False,True,FALSE_UNSAFE,-0.03679710366778205,0,WARMUP,True,FULL_INTERIOR,82444e4f495344856de94b0d72ab4a46843780c232e2f299b300fcafa8c4b4a1,b87cf615ab34b447e87bf447d79b9e4183a6e16fcef6223c57fad7be4aec6502,f979d6fd1bc03e394850c4c9899cca58018b5bc560b7facb507642a2d87eb9be,f979d6fd1bc03e394850c4c9899cca58018b5bc560b7facb507642a2d87eb9be,6cd0b52dd7ce8f064a636e3bfc8de9b2309a7dfb02abb27056836d0416fd20a6,357158a3c01d61e36098ae03786aeb48ee6065502c78a6578078aa2eb8873772,0|1|2|3|4|5|6|7|8|9|10|11,False,True,AGGREGATE_COVERAGE_RIDGE_V1,MISCOVERAGE_TRIGGERED_RESET_V1,1.0,raven_mcs,False
uair,0.6,13,0,uair|a=0.60|b0,WARMUP,13,0.13186660809807926,,0.0,0.05,0,0,0.1550632911392404,True,False,True,False,True,FALSE_UNSAFE,-0.023196683041161126,0,WARMUP,True,FULL_INTERIOR,82444e4f495344856de94b0d72ab4a46843780c232e2f299b300fcafa8c4b4a1,b87cf615ab34b447e87bf447d79b9e4183a6e16fcef6223c57fad7be4aec6502,f979d6fd1bc03e394850c4c9899cca58018b5bc560b7facb507642a2d87eb9be,f979d6fd1bc03e394850c4c9899cca58018b5bc560b7facb507642a2d87eb9be,6cd0b52dd7ce8f064a636e3bfc8de9b2309a7dfb02abb27056836d0416fd20a6,357158a3c01d61e36098ae03786aeb48ee6065502c78a6578078aa2eb8873772,0|1|2|3|4|5|6|7|8|9|10|11|12,False,True,AGGREGATE_COVERAGE_RIDGE_V1,MISCOVERAGE_TRIGGERED_RESET_V1,1.0,raven_mcs,False
uair,0.6,14,0,uair|a=0.60|b0,WARMUP,14,0.1302896977765784,,0.0,0.05,0,0,0.1698312236286919,True,False,True,False,True,FALSE_UNSAFE,-0.03954152585211351,0,WARMUP,True,FULL_INTERIOR,82444e4f495344856de94b0d72ab4a46843780c232e2f299b300fcafa8c4b4a1,b87cf615ab34b447e87bf447d79b9e4183a6e16fcef6223c57fad7be4aec6502,f979d6fd1bc03e394850c4c9899cca58018b5bc560b7facb507642a2d87eb9be,f979d6fd1bc03e394850c4c9899cca58018b5bc560b7facb507642a2d87eb9be,6cd0b52dd7ce8f064a636e3bfc8de9b2309a7dfb02abb27056836d0416fd20a6,357158a3c01d61e36098ae03786aeb48ee6065502c78a6578078aa2eb8873772,0|1|2|3|4|5|6|7|8|9|10|11|12|13,False,True,AGGREGATE_COVERAGE_RIDGE_V1,MISCOVERAGE_TRIGGERED_RESET_V1,1.0,raven_mcs,False
uair,0.6,15,0,uair|a=0.60|b0,WARMUP,15,0.1296879065929093,,0.0,0.05,0,0,0.120253164556962,True,False,True,False,True,FALSE_UNSAFE,0.009434742035947297,0,WARMUP,True,FULL_INTERIOR,82444e4f495344856de94b0d72ab4a46843780c232e2f299b300fcafa8c4b4a1,b87cf615ab34b447e87bf447d79b9e4183a6e16fcef6223c57fad7be4aec6502,f979d6fd1bc03e394850c4c9899cca58018b5bc560b7facb507642a2d87eb9be,f979d6fd1bc03e394850c4c9899cca58018b5bc560b7facb507642a2d87eb9be,6cd0b52dd7ce8f064a636e3bfc8de9b2309a7dfb02abb27056836d0416fd20a6,357158a3c01d61e36098ae03786aeb48ee6065502c78a6578078aa2eb8873772,0|1|2|3|4|5|6|7|8|9|10|11|12|13|14,False,True,AGGREGATE_COVERAGE_RIDGE_V1,MISCOVERAGE_TRIGGERED_RESET_V1,1.0,raven_mcs,False
uair,0.6,16,0,uair|a=0.60|b0,WARMUP,16,0.12806573929931783,,0.0,0.05,0,0,0.160337552742616,True,False,True,False,True,FALSE_UNSAFE,-0.03227181344329816,0,WARMUP,True,FULL_INTERIOR,82444e4f495344856de94b0d72ab4a46843780c232e2f299b300fcafa8c4b4a1,b87cf615ab34b447e87bf447d79b9e4183a6e16fcef6223c57fad7be4aec6502,f979d6fd1bc03e394850c4c9899cca58018b5bc560b7facb507642a2d87eb9be,f979d6fd1bc03e394850c4c9899cca58018b5bc560b7facb507642a2d87eb9be,6cd0b52dd7ce8f064a636e3bfc8de9b2309a7dfb02abb27056836d0416fd20a6,357158a3c01d61e36098ae03786aeb48ee6065502c78a6578078aa2eb8873772,0|1|2|3|4|5|6|7|8|9|10|11|12|13|14|15,False,True,AGGREGATE_COVERAGE_RIDGE_V1,MISCOVERAGE_TRIGGERED_RESET_V1,1.0,raven_mcs,False
uair,0.6,17,0,uair|a=0.60|b0,WARMUP,17,0.1282139516144193,,0.0,0.05,0,0,0.160337552742616,True,False,True,False,True,FALSE_UNSAFE,-0.03212360112819668,0,WARMUP,True,FULL_INTERIOR,82444e4f495344856de94b0d72ab4a46843780c232e2f299b300fcafa8c4b4a1,b87cf615ab34b447e87bf447d79b9e4183a6e16fcef6223c57fad7be4aec6502,f979d6fd1bc03e394850c4c9899cca58018b5bc560b7facb507642a2d87eb9be,f979d6fd1bc03e394850c4c9899cca58018b5bc560b7facb507642a2d87eb9be,6cd0b52dd7ce8f064a636e3bfc8de9b2309a7dfb02abb27056836d0416fd20a6,357158a3c01d61e36098ae03786aeb48ee6065502c78a6578078aa2eb8873772,0|1|2|3|4|5|6|7|8|9|10|11|12|13|14|15|16,False,True,AGGREGATE_COVERAGE_RIDGE_V1,MISCOVERAGE_TRIGGERED_RESET_V1,1.0,raven_mcs,False
uair,0.6,18,0,uair|a=0.60|b0,WARMUP,18,0.12973231026402707,,0.0,0.05,0,0,0.1536568213783403,True,False,True,False,True,FALSE_UNSAFE,-0.023924511114313235,0,CERTIFIED,True,FULL_INTERIOR,82444e4f495344856de94b0d72ab4a46843780c232e2f299b300fcafa8c4b4a1,b87cf615ab34b447e87bf447d79b9e4183a6e16fcef6223c57fad7be4aec6502,f979d6fd1bc03e394850c4c9899cca58018b5bc560b7facb507642a2d87eb9be,f979d6fd1bc03e394850c4c9899cca58018b5bc560b7facb507642a2d87eb9be,6cd0b52dd7ce8f064a636e3bfc8de9b2309a7dfb02abb27056836d0416fd20a6,357158a3c01d61e36098ae03786aeb48ee6065502c78a6578078aa2eb8873772,0|1|2|3|4|5|6|7|8|9|10|11|12|13|14|15|16|17,False,True,AGGREGATE_COVERAGE_RIDGE_V1,MISCOVERAGE_TRIGGERED_RESET_V1,1.0,raven_mcs,False
uair,0.6,19,0,uair|a=0.60|b0,CERTIFIED,19,0.13042655167908812,0.018376398081536807,0.11205015359755131,0.05,1,1,0.1670182841068917,True,True,True,False,False,TRUE_SAFE,-0.036591732427803586,0,CERTIFIED,True,FULL_INTERIOR,82444e4f495344856de94b0d72ab4a46843780c232e2f299b300fcafa8c4b4a1,b87cf615ab34b447e87bf447d79b9e4183a6e16fcef6223c57fad7be4aec6502,f979d6fd1bc03e394850c4c9899cca58018b5bc560b7facb507642a2d87eb9be,f979d6fd1bc03e394850c4c9899cca58018b5bc560b7facb507642a2d87eb9be,6cd0b52dd7ce8f064a636e3bfc8de9b2309a7dfb02abb27056836d0416fd20a6,357158a3c01d61e36098ae03786aeb48ee6065502c78a6578078aa2eb8873772,0|1|2|3|4|5|6|7|8|9|10|11|12|13|14|15|16|17|18,False,False,AGGREGATE_COVERAGE_RIDGE_V1,MISCOVERAGE_TRIGGERED_RESET_V1,1.0,raven_mcs,False
uair,0.6,20,0,uair|a=0.60|b0,CERTIFIED,20,0.13196194118370164,0.018376398081536807,0.11358554310216483,0.05,1,1,0.1536568213783403,True,True,True,False,False,TRUE_SAFE,-0.021694880194638666,0,CERTIFIED,True,FULL_INTERIOR,82444e4f495344856de94b0d72ab4a46843780c232e2f299b300fcafa8c4b4a1,b87cf615ab34b447e87bf447d79b9e4183a6e16fcef6223c57fad7be4aec6502,f979d6fd1bc03e394850c4c9899cca58018b5bc560b7facb507642a2d87eb9be,f979d6fd1bc03e394850c4c9899cca58018b5bc560b7facb507642a2d87eb9be,6cd0b52dd7ce8f064a636e3bfc8de9b2309a7dfb02abb27056836d0416fd20a6,357158a3c01d61e36098ae03786aeb48ee6065502c78a6578078aa2eb8873772,0|1|2|3|4|5|6|7|8|9|10|11|12|13|14|15|16|17|18|19,False,False,AGGREGATE_COVERAGE_RIDGE_V1,MISCOVERAGE_TRIGGERED_RESET_V1,1.0,raven_mcs,False
uair,0.6,21,0,uair|a=0.60|b0,CERTIFIED,21,0.13337235826871974,0.018376398081536807,0.11499596018718293,0.05,1,1,0.1215189873417722,True,True,True,False,False,TRUE_SAFE,0.011853370926947535,0,CERTIFIED,True,FULL_INTERIOR,82444e4f495344856de94b0d72ab4a46843780c232e2f299b300fcafa8c4b4a1,b87cf615ab34b447e87bf447d79b9e4183a6e16fcef6223c57fad7be4aec6502,f979d6fd1bc03e394850c4c9899cca58018b5bc560b7facb507642a2d87eb9be,f979d6fd1bc03e394850c4c9899cca58018b5bc560b7facb507642a2d87eb9be,6cd0b52dd7ce8f064a636e3bfc8de9b2309a7dfb02abb27056836d0416fd20a6,357158a3c01d61e36098ae03786aeb48ee6065502c78a6578078aa2eb8873772,0|1|2|3|4|5|6|7|8|9|10|11|12|13|14|15|16|17|18|19|20,False,False,AGGREGATE_COVERAGE_RIDGE_V1,MISCOVERAGE_TRIGGERED_RESET_V1,1.0,raven_mcs,False
uair,0.6,22,0,uair|a=0.60|b0,CERTIFIED,22,0.13361450617315807,0.018376398081536807,0.11523810809162126,0.05,1,1,0.1063291139240506,True,True,False,False,False,TRUE_SAFE,0.027285392249107462,1,RESET,True,FULL_INTERIOR,82444e4f495344856de94b0d72ab4a46843780c232e2f299b300fcafa8c4b4a1,b87cf615ab34b447e87bf447d79b9e4183a6e16fcef6223c57fad7be4aec6502,f979d6fd1bc03e394850c4c9899cca58018b5bc560b7facb507642a2d87eb9be,f979d6fd1bc03e394850c4c9899cca58018b5bc560b7facb507642a2d87eb9be,6cd0b52dd7ce8f064a636e3bfc8de9b2309a7dfb02abb27056836d0416fd20a6,357158a3c01d61e36098ae03786aeb48ee6065502c78a6578078aa2eb8873772,0|1|2|3|4|5|6|7|8|9|10|11|12|13|14|15|16|17|18|19|20|21,False,False,AGGREGATE_COVERAGE_RIDGE_V1,MISCOVERAGE_TRIGGERED_RESET_V1,1.0,raven_mcs,False
uair,0.6,23,1,uair|a=0.60|b1,RESET,0,0.1358573511988545,,0.0,0.05,0,0,0.1012658227848101,True,False,True,False,True,FALSE_UNSAFE,0.034591528414044406,0,WARMUP,True,FULL_INTERIOR,82444e4f495344856de94b0d72ab4a46843780c232e2f299b300fcafa8c4b4a1,b87cf615ab34b447e87bf447d79b9e4183a6e16fcef6223c57fad7be4aec6502,2d9980a3e35930e77ee3173cc6a2694463329753cd5123d0c054801e5ab2dc70,2d9980a3e35930e77ee3173cc6a2694463329753cd5123d0c054801e5ab2dc70,6cd0b52dd7ce8f064a636e3bfc8de9b2309a7dfb02abb27056836d0416fd20a6,357158a3c01d61e36098ae03786aeb48ee6065502c78a6578078aa2eb8873772,,False,True,AGGREGATE_COVERAGE_RIDGE_V1,MISCOVERAGE_TRIGGERED_RESET_V1,1.0,raven_mcs,False
uair,0.6,24,1,uair|a=0.60|b1,WARMUP,1,0.13632511677738446,,0.0,0.05,0,0,0.1215189873417722,True,False,True,False,True,FALSE_UNSAFE,0.014806129435612256,0,WARMUP,True,FULL_INTERIOR,82444e4f495344856de94b0d72ab4a46843780c232e2f299b300fcafa8c4b4a1,b87cf615ab34b447e87bf447d79b9e4183a6e16fcef6223c57fad7be4aec6502,2d9980a3e35930e77ee3173cc6a2694463329753cd5123d0c054801e5ab2dc70,2d9980a3e35930e77ee3173cc6a2694463329753cd5123d0c054801e5ab2dc70,6cd0b52dd7ce8f064a636e3bfc8de9b2309a7dfb02abb27056836d0416fd20a6,357158a3c01d61e36098ae03786aeb48ee6065502c78a6578078aa2eb8873772,23,False,True,AGGREGATE_COVERAGE_RIDGE_V1,MISCOVERAGE_TRIGGERED_RESET_V1,1.0,raven_mcs,False
uair,0.6,25,1,uair|a=0.60|b1,WARMUP,2,0.13795477767250397,,0.0,0.05,0,0,0.1113924050632911,True,False,True,False,True,FALSE_UNSAFE,0.026562372609212875,0,WARMUP,True,FULL_INTERIOR,82444e4f495344856de94b0d72ab4a46843780c232e2f299b300fcafa8c4b4a1,b87cf615ab34b447e87bf447d79b9e4183a6e16fcef6223c57fad7be4aec6502,2d9980a3e35930e77ee3173cc6a2694463329753cd5123d0c054801e5ab2dc70,2d9980a3e35930e77ee3173cc6a2694463329753cd5123d0c054801e5ab2dc70,6cd0b52dd7ce8f064a636e3bfc8de9b2309a7dfb02abb27056836d0416fd20a6,357158a3c01d61e36098ae03786aeb48ee6065502c78a6578078aa2eb8873772,23|24,False,True,AGGREGATE_COVERAGE_RIDGE_V1,MISCOVERAGE_TRIGGERED_RESET_V1,1.0,raven_mcs,False
uair,0.6,26,1,uair|a=0.60|b1,WARMUP,3,0.13901284198839053,,0.0,0.05,0,0,0.0962025316455696,True,False,True,False,True,FALSE_UNSAFE,0.04281031034282093,0,WARMUP,True,FULL_INTERIOR,82444e4f495344856de94b0d72ab4a46843780c232e2f299b300fcafa8c4b4a1,b87cf615ab34b447e87bf447d79b9e4183a6e16fcef6223c57fad7be4aec6502,2d9980a3e35930e77ee3173cc6a2694463329753cd5123d0c054801e5ab2dc70,2d9980a3e35930e77ee3173cc6a2694463329753cd5123d0c054801e5ab2dc70,6cd0b52dd7ce8f064a636e3bfc8de9b2309a7dfb02abb27056836d0416fd20a6,357158a3c01d61e36098ae03786aeb48ee6065502c78a6578078aa2eb8873772,23|24|25,False,True,AGGREGATE_COVERAGE_RIDGE_V1,MISCOVERAGE_TRIGGERED_RESET_V1,1.0,raven_mcs,False
uair,0.6,27,1,uair|a=0.60|b1,WARMUP,4,0.13870673856981666,,0.0,0.05,0,0,0.1329113924050632,True,False,True,False,True,FALSE_UNSAFE,0.005795346164753468,0,WARMUP,True,FULL_INTERIOR,82444e4f495344856de94b0d72ab4a46843780c232e2f299b300fcafa8c4b4a1,b87cf615ab34b447e87bf447d79b9e4183a6e16fcef6223c57fad7be4aec6502,2d9980a3e35930e77ee3173cc6a2694463329753cd5123d0c054801e5ab2dc70,2d9980a3e35930e77ee3173cc6a2694463329753cd5123d0c054801e5ab2dc70,6cd0b52dd7ce8f064a636e3bfc8de9b2309a7dfb02abb27056836d0416fd20a6,357158a3c01d61e36098ae03786aeb48ee6065502c78a6578078aa2eb8873772,23|24|25|26,False,True,AGGREGATE_COVERAGE_RIDGE_V1,MISCOVERAGE_TRIGGERED_RESET_V1,1.0,raven_mcs,False
uair,0.6,28,1,uair|a=0.60|b1,WARMUP,5,0.14003904310736165,,0.0,0.05,0,0,0.1455696202531645,True,False,True,False,True,FALSE_UNSAFE,-0.005530577145802851,0,WARMUP,True,FULL_INTERIOR,82444e4f495344856de94b0d72ab4a46843780c232e2f299b300fcafa8c4b4a1,b87cf615ab34b447e87bf447d79b9e4183a6e16fcef6223c57fad7be4aec6502,2d9980a3e35930e77ee3173cc6a2694463329753cd5123d0c054801e5ab2dc70,2d9980a3e35930e77ee3173cc6a2694463329753cd5123d0c054801e5ab2dc70,6cd0b52dd7ce8f064a636e3bfc8de9b2309a7dfb02abb27056836d0416fd20a6,357158a3c01d61e36098ae03786aeb48ee6065502c78a6578078aa2eb8873772,23|24|25|26|27,False,True,AGGREGATE_COVERAGE_RIDGE_V1,MISCOVERAGE_TRIGGERED_RESET_V1,1.0,raven_mcs,False
uair,0.6,29,1,uair|a=0.60|b1,WARMUP,6,0.14180241205660285,,0.0,0.05,0,0,0.1455696202531645,True,False,True,False,True,FALSE_UNSAFE,-0.00376720819656165,0,WARMUP,True,FULL_INTERIOR,82444e4f495344856de94b0d72ab4a46843780c232e2f299b300fcafa8c4b4a1,b87cf615ab34b447e87bf447d79b9e4183a6e16fcef6223c57fad7be4aec6502,2d9980a3e35930e77ee3173cc6a2694463329753cd5123d0c054801e5ab2dc70,2d9980a3e35930e77ee3173cc6a2694463329753cd5123d0c054801e5ab2dc70,6cd0b52dd7ce8f064a636e3bfc8de9b2309a7dfb02abb27056836d0416fd20a6,357158a3c01d61e36098ae03786aeb48ee6065502c78a6578078aa2eb8873772,23|24|25|26|27|28,False,True,AGGREGATE_COVERAGE_RIDGE_V1,MISCOVERAGE_TRIGGERED_RESET_V1,1.0,raven_mcs,False
uair,0.6,30,1,uair|a=0.60|b1,WARMUP,7,0.14211561797981964,,0.0,0.05,0,0,0.1582278481012658,True,False,True,False,True,FALSE_UNSAFE,-0.016112230121446164,0,WARMUP,True,FULL_INTERIOR,82444e4f495344856de94b0d72ab4a46843780c232e2f299b300fcafa8c4b4a1,b87cf615ab34b447e87bf447d79b9e4183a6e16fcef6223c57fad7be4aec6502,2d9980a3e35930e77ee3173cc6a2694463329753cd5123d0c054801e5ab2dc70,2d9980a3e35930e77ee3173cc6a2694463329753cd5123d0c054801e5ab2dc70,6cd0b52dd7ce8f064a636e3bfc8de9b2309a7dfb02abb27056836d0416fd20a6,357158a3c01d61e36098ae03786aeb48ee6065502c78a6578078aa2eb8873772,23|24|25|26|27|28|29,False,True,AGGREGATE_COVERAGE_RIDGE_V1,MISCOVERAGE_TRIGGERED_RESET_V1,1.0,raven_mcs,False
uair,0.6,31,1,uair|a=0.60|b1,WARMUP,8,0.1422937489404343,,0.0,0.05,0,0,0.1265822784810126,True,False,True,False,True,FALSE_UNSAFE,0.0157114704594217,0,WARMUP,True,FULL_INTERIOR,82444e4f495344856de94b0d72ab4a46843780c232e2f299b300fcafa8c4b4a1,b87cf615ab34b447e87bf447d79b9e4183a6e16fcef6223c57fad7be4aec6502,2d9980a3e35930e77ee3173cc6a2694463329753cd5123d0c054801e5ab2dc70,2d9980a3e35930e77ee3173cc6a2694463329753cd5123d0c054801e5ab2dc70,6cd0b52dd7ce8f064a636e3bfc8de9b2309a7dfb02abb27056836d0416fd20a6,357158a3c01d61e36098ae03786aeb48ee6065502c78a6578078aa2eb8873772,23|24|25|26|27|28|29|30,False,True,AGGREGATE_COVERAGE_RIDGE_V1,MISCOVERAGE_TRIGGERED_RESET_V1,1.0,raven_mcs,False
uair,0.6,32,1,uair|a=0.60|b1,WARMUP,9,0.14080184992127012,,0.0,0.05,0,0,0.1139240506329113,True,False,True,False,True,FALSE_UNSAFE,0.026877799288358817,0,WARMUP,True,FULL_INTERIOR,82444e4f495344856de94b0d72ab4a46843780c232e2f299b300fcafa8c4b4a1,b87cf615ab34b447e87bf447d79b9e4183a6e16fcef6223c57fad7be4aec6502,2d9980a3e35930e77ee3173cc6a2694463329753cd5123d0c054801e5ab2dc70,2d9980a3e35930e77ee3173cc6a2694463329753cd5123d0c054801e5ab2dc70,6cd0b52dd7ce8f064a636e3bfc8de9b2309a7dfb02abb27056836d0416fd20a6,357158a3c01d61e36098ae03786aeb48ee6065502c78a6578078aa2eb8873772,23|24|25|26|27|28|29|30|31,False,True,AGGREGATE_COVERAGE_RIDGE_V1,MISCOVERAGE_TRIGGERED_RESET_V1,1.0,raven_mcs,False
uair,0.6,33,1,uair|a=0.60|b1,WARMUP,10,0.13837171095528927,,0.0,0.05,0,0,0.1624472573839662,True,False,True,False,True,FALSE_UNSAFE,-0.02407554642867693,0,WARMUP,True,FULL_INTERIOR,82444e4f495344856de94b0d72ab4a46843780c232e2f299b300fcafa8c4b4a1,b87cf615ab34b447e87bf447d79b9e4183a6e16fcef6223c57fad7be4aec6502,2d9980a3e35930e77ee3173cc6a2694463329753cd5123d0c054801e5ab2dc70,2d9980a3e35930e77ee3173cc6a2694463329753cd5123d0c054801e5ab2dc70,6cd0b52dd7ce8f064a636e3bfc8de9b2309a7dfb02abb27056836d0416fd20a6,357158a3c01d61e36098ae03786aeb48ee6065502c78a6578078aa2eb8873772,23|24|25|26|27|28|29|30|31|32,False,True,AGGREGATE_COVERAGE_RIDGE_V1,MISCOVERAGE_TRIGGERED_RESET_V1,1.0,raven_mcs,False
uair,0.6,34,1,uair|a=0.60|b1,WARMUP,11,0.13886334541534232,,0.0,0.05,0,0,0.140295358649789,True,False,True,False,True,FALSE_UNSAFE,-0.001432013234446694,0,WARMUP,True,FULL_INTERIOR,82444e4f495344856de94b0d72ab4a46843780c232e2f299b300fcafa8c4b4a1,b87cf615ab34b447e87bf447d79b9e4183a6e16fcef6223c57fad7be4aec6502,2d9980a3e35930e77ee3173cc6a2694463329753cd5123d0c054801e5ab2dc70,2d9980a3e35930e77ee3173cc6a2694463329753cd5123d0c054801e5ab2dc70,6cd0b52dd7ce8f064a636e3bfc8de9b2309a7dfb02abb27056836d0416fd20a6,357158a3c01d61e36098ae03786aeb48ee6065502c78a6578078aa2eb8873772,23|24|25|26|27|28|29|30|31|32|33,False,True,AGGREGATE_COVERAGE_RIDGE_V1,MISCOVERAGE_TRIGGERED_RESET_V1,1.0,raven_mcs,False
uair,0.6,35,1,uair|a=0.60|b1,WARMUP,12,0.13840054587830944,,0.0,0.05,0,0,0.1772151898734177,True,False,True,False,True,FALSE_UNSAFE,-0.038814643995108256,0,WARMUP,True,FULL_INTERIOR,82444e4f495344856de94b0d72ab4a46843780c232e2f299b300fcafa8c4b4a1,b87cf615ab34b447e87bf447d79b9e4183a6e16fcef6223c57fad7be4aec6502,2d9980a3e35930e77ee3173cc6a2694463329753cd5123d0c054801e5ab2dc70,2d9980a3e35930e77ee3173cc6a2694463329753cd5123d0c054801e5ab2dc70,6cd0b52dd7ce8f064a636e3bfc8de9b2309a7dfb02abb27056836d0416fd20a6,357158a3c01d61e36098ae03786aeb48ee6065502c78a6578078aa2eb8873772,23|24|25|26|27|28|29|30|31|32|33|34,False,True,AGGREGATE_COVERAGE_RIDGE_V1,MISCOVERAGE_TRIGGERED_RESET_V1,1.0,raven_mcs,False
uair,0.6,36,1,uair|a=0.60|b1,WARMUP,13,0.13806538989124528,,0.0,0.05,0,0,0.1624472573839662,True,False,True,False,True,FALSE_UNSAFE,-0.02438186749272092,0,WARMUP,True,FULL_INTERIOR,82444e4f495344856de94b0d72ab4a46843780c232e2f299b300fcafa8c4b4a1,b87cf615ab34b447e87bf447d79b9e4183a6e16fcef6223c57fad7be4aec6502,2d9980a3e35930e77ee3173cc6a2694463329753cd5123d0c054801e5ab2dc70,2d9980a3e35930e77ee3173cc6a2694463329753cd5123d0c054801e5ab2dc70,6cd0b52dd7ce8f064a636e3bfc8de9b2309a7dfb02abb27056836d0416fd20a6,357158a3c01d61e36098ae03786aeb48ee6065502c78a6578078aa2eb8873772,23|24|25|26|27|28|29|30|31|32|33|34|35,False,True,AGGREGATE_COVERAGE_RIDGE_V1,MISCOVERAGE_TRIGGERED_RESET_V1,1.0,raven_mcs,False
uair,0.6,37,1,uair|a=0.60|b1,WARMUP,14,0.1375561204148932,,0.0,0.05,0,0,0.1772151898734177,True,False,True,False,True,FALSE_UNSAFE,-0.03965906945852449,0,WARMUP,True,FULL_INTERIOR,82444e4f495344856de94b0d72ab4a46843780c232e2f299b300fcafa8c4b4a1,b87cf615ab34b447e87bf447d79b9e4183a6e16fcef6223c57fad7be4aec6502,2d9980a3e35930e77ee3173cc6a2694463329753cd5123d0c054801e5ab2dc70,2d9980a3e35930e77ee3173cc6a2694463329753cd5123d0c054801e5ab2dc70,6cd0b52dd7ce8f064a636e3bfc8de9b2309a7dfb02abb27056836d0416fd20a6,357158a3c01d61e36098ae03786aeb48ee6065502c78a6578078aa2eb8873772,23|24|25|26|27|28|29|30|31|32|33|34|35|36,False,True,AGGREGATE_COVERAGE_RIDGE_V1,MISCOVERAGE_TRIGGERED_RESET_V1,1.0,raven_mcs,False
uair,0.6,38,1,uair|a=0.60|b1,WARMUP,15,0.136804195543507,,0.0,0.05,0,0,0.1550632911392404,True,False,True,False,True,FALSE_UNSAFE,-0.018259095595733382,0,WARMUP,True,FULL_INTERIOR,82444e4f495344856de94b0d72ab4a46843780c232e2f299b300fcafa8c4b4a1,b87cf615ab34b447e87bf447d79b9e4183a6e16fcef6223c57fad7be4aec6502,2d9980a3e35930e77ee3173cc6a2694463329753cd5123d0c054801e5ab2dc70,2d9980a3e35930e77ee3173cc6a2694463329753cd5123d0c054801e5ab2dc70,6cd0b52dd7ce8f064a636e3bfc8de9b2309a7dfb02abb27056836d0416fd20a6,357158a3c01d61e36098ae03786aeb48ee6065502c78a6578078aa2eb8873772,23|24|25|26|27|28|29|30|31|32|33|34|35|36|37,False,True,AGGREGATE_COVERAGE_RIDGE_V1,MISCOVERAGE_TRIGGERED_RESET_V1,1.0,raven_mcs,False
uair,0.6,39,1,uair|a=0.60|b1,WARMUP,16,0.13566323570249336,,0.0,0.05,0,0,0.160337552742616,True,False,True,False,True,FALSE_UNSAFE,-0.02467431704012263,0,WARMUP,True,FULL_INTERIOR,82444e4f495344856de94b0d72ab4a46843780c232e2f299b300fcafa8c4b4a1,b87cf615ab34b447e87bf447d79b9e4183a6e16fcef6223c57fad7be4aec6502,2d9980a3e35930e77ee3173cc6a2694463329753cd5123d0c054801e5ab2dc70,2d9980a3e35930e77ee3173cc6a2694463329753cd5123d0c054801e5ab2dc70,6cd0b52dd7ce8f064a636e3bfc8de9b2309a7dfb02abb27056836d0416fd20a6,357158a3c01d61e36098ae03786aeb48ee6065502c78a6578078aa2eb8873772,23|24|25|26|27|28|29|30|31|32|33|34|35|36|37|38,False,True,AGGREGATE_COVERAGE_RIDGE_V1,MISCOVERAGE_TRIGGERED_RESET_V1,1.0,raven_mcs,False
uair,0.6,40,1,uair|a=0.60|b1,WARMUP,17,0.13480939508536702,,0.0,0.05,0,0,0.140295358649789,True,False,True,False,True,FALSE_UNSAFE,-0.005485963564421992,0,WARMUP,True,FULL_INTERIOR,82444e4f495344856de94b0d72ab4a46843780c232e2f299b300fcafa8c4b4a1,b87cf615ab34b447e87bf447d79b9e4183a6e16fcef6223c57fad7be4aec6502,2d9980a3e35930e77ee3173cc6a2694463329753cd5123d0c054801e5ab2dc70,2d9980a3e35930e77ee3173cc6a2694463329753cd5123d0c054801e5ab2dc70,6cd0b52dd7ce8f064a636e3bfc8de9b2309a7dfb02abb27056836d0416fd20a6,357158a3c01d61e36098ae03786aeb48ee6065502c78a6578078aa2eb8873772,23|24|25|26|27|28|29|30|31|32|33|34|35|36|37|38|39,False,True,AGGREGATE_COVERAGE_RIDGE_V1,MISCOVERAGE_TRIGGERED_RESET_V1,1.0,raven_mcs,False
uair,0.6,41,1,uair|a=0.60|b1,WARMUP,18,0.1340918418116485,,0.0,0.05,0,0,0.1536568213783403,True,False,True,False,True,FALSE_UNSAFE,-0.019564979566691815,0,CERTIFIED,True,FULL_INTERIOR,82444e4f495344856de94b0d72ab4a46843780c232e2f299b300fcafa8c4b4a1,b87cf615ab34b447e87bf447d79b9e4183a6e16fcef6223c57fad7be4aec6502,2d9980a3e35930e77ee3173cc6a2694463329753cd5123d0c054801e5ab2dc70,2d9980a3e35930e77ee3173cc6a2694463329753cd5123d0c054801e5ab2dc70,6cd0b52dd7ce8f064a636e3bfc8de9b2309a7dfb02abb27056836d0416fd20a6,357158a3c01d61e36098ae03786aeb48ee6065502c78a6578078aa2eb8873772,23|24|25|26|27|28|29|30|31|32|33|34|35|36|37|38|39|40,False,True,AGGREGATE_COVERAGE_RIDGE_V1,MISCOVERAGE_TRIGGERED_RESET_V1,1.0,raven_mcs,False
uair,0.6,42,1,uair|a=0.60|b1,CERTIFIED,19,0.13411826617670888,0.04281031034282093,0.09130795583388795,0.05,1,1,0.1269338959212377,True,True,True,False,False,TRUE_SAFE,0.007184370255471195,0,CERTIFIED,True,FULL_INTERIOR,82444e4f495344856de94b0d72ab4a46843780c232e2f299b300fcafa8c4b4a1,b87cf615ab34b447e87bf447d79b9e4183a6e16fcef6223c57fad7be4aec6502,2d9980a3e35930e77ee3173cc6a2694463329753cd5123d0c054801e5ab2dc70,2d9980a3e35930e77ee3173cc6a2694463329753cd5123d0c054801e5ab2dc70,6cd0b52dd7ce8f064a636e3bfc8de9b2309a7dfb02abb27056836d0416fd20a6,357158a3c01d61e36098ae03786aeb48ee6065502c78a6578078aa2eb8873772,23|24|25|26|27|28|29|30|31|32|33|34|35|36|37|38|39|40|41,False,False,AGGREGATE_COVERAGE_RIDGE_V1,MISCOVERAGE_TRIGGERED_RESET_V1,1.0,raven_mcs,False
uair,0.6,43,1,uair|a=0.60|b1,CERTIFIED,20,0.1339074569590348,0.04281031034282093,0.09109714661621388,0.05,1,1,0.1736990154711674,True,True,True,False,False,TRUE_SAFE,-0.03979155851213259,0,CERTIFIED,True,FULL_INTERIOR,82444e4f495344856de94b0d72ab4a46843780c232e2f299b300fcafa8c4b4a1,b87cf615ab34b447e87bf447d79b9e4183a6e16fcef6223c57fad7be4aec6502,2d9980a3e35930e77ee3173cc6a2694463329753cd5123d0c054801e5ab2dc70,2d9980a3e35930e77ee3173cc6a2694463329753cd5123d0c054801e5ab2dc70,6cd0b52dd7ce8f064a636e3bfc8de9b2309a7dfb02abb27056836d0416fd20a6,357158a3c01d61e36098ae03786aeb48ee6065502c78a6578078aa2eb8873772,23|24|25|26|27|28|29|30|31|32|33|34|35|36|37|38|39|40|41|42,False,False,AGGREGATE_COVERAGE_RIDGE_V1,MISCOVERAGE_TRIGGERED_RESET_V1,1.0,raven_mcs,False
uair,0.6,44,1,uair|a=0.60|b1,CERTIFIED,21,0.13561348962303688,0.04281031034282093,0.09280317928021595,0.05,1,1,0.1469760900140647,True,True,True,False,False,TRUE_SAFE,-0.011362600391027822,0,CERTIFIED,True,FULL_INTERIOR,82444e4f495344856de94b0d72ab4a46843780c232e2f299b300fcafa8c4b4a1,b87cf615ab34b447e87bf447d79b9e4183a6e16fcef6223c57fad7be4aec6502,2d9980a3e35930e77ee3173cc6a2694463329753cd5123d0c054801e5ab2dc70,2d9980a3e35930e77ee3173cc6a2694463329753cd5123d0c054801e5ab2dc70,6cd0b52dd7ce8f064a636e3bfc8de9b2309a7dfb02abb27056836d0416fd20a6,357158a3c01d61e36098ae03786aeb48ee6065502c78a6578078aa2eb8873772,23|24|25|26|27|28|29|30|31|32|33|34|35|36|37|38|39|40|41|42|43,False,False,AGGREGATE_COVERAGE_RIDGE_V1,MISCOVERAGE_TRIGGERED_RESET_V1,1.0,raven_mcs,False
uair,0.6,45,1,uair|a=0.60|b1,CERTIFIED,22,0.13692983169998987,0.04281031034282093,0.09411952135716894,0.05,1,1,0.1063291139240506,True,True,True,False,False,TRUE_SAFE,0.03060071777593927,0,CERTIFIED,True,FULL_INTERIOR,82444e4f495344856de94b0d72ab4a46843780c232e2f299b300fcafa8c4b4a1,b87cf615ab34b447e87bf447d79b9e4183a6e16fcef6223c57fad7be4aec6502,2d9980a3e35930e77ee3173cc6a2694463329753cd5123d0c054801e5ab2dc70,2d9980a3e35930e77ee3173cc6a2694463329753cd5123d0c054801e5ab2dc70,6cd0b52dd7ce8f064a636e3bfc8de9b2309a7dfb02abb27056836d0416fd20a6,357158a3c01d61e36098ae03786aeb48ee6065502c78a6578078aa2eb8873772,23|24|25|26|27|28|29|30|31|32|33|34|35|36|37|38|39|40|41|42|43|44,False,False,AGGREGATE_COVERAGE_RIDGE_V1,MISCOVERAGE_TRIGGERED_RESET_V1,1.0,raven_mcs,False
uair,0.6,46,1,uair|a=0.60|b1,CERTIFIED,23,0.13548399699751312,0.04281031034282093,0.0926736866546922,0.05,1,1,0.1113924050632911,True,True,True,False,False,TRUE_SAFE,0.02409159193422203,0,CERTIFIED,True,FULL_INTERIOR,82444e4f495344856de94b0d72ab4a46843780c232e2f299b300fcafa8c4b4a1,b87cf615ab34b447e87bf447d79b9e4183a6e16fcef6223c57fad7be4aec6502,2d9980a3e35930e77ee3173cc6a2694463329753cd5123d0c054801e5ab2dc70,2d9980a3e35930e77ee3173cc6a2694463329753cd5123d0c054801e5ab2dc70,6cd0b52dd7ce8f064a636e3bfc8de9b2309a7dfb02abb27056836d0416fd20a6,357158a3c01d61e36098ae03786aeb48ee6065502c78a6578078aa2eb8873772,23|24|25|26|27|28|29|30|31|32|33|34|35|36|37|38|39|40|41|42|43|44|45,False,False,AGGREGATE_COVERAGE_RIDGE_V1,MISCOVERAGE_TRIGGERED_RESET_V1,1.0,raven_mcs,False
uair,0.6,47,1,uair|a=0.60|b1,CERTIFIED,24,0.13551181334312384,0.04281031034282093,0.09270150300030292,0.05,1,1,0.1012658227848101,True,True,True,False,False,TRUE_SAFE,0.034245990558313746,0,CERTIFIED,True,FULL_INTERIOR,82444e4f495344856de94b0d72ab4a46843780c232e2f299b300fcafa8c4b4a1,b87cf615ab34b447e87bf447d79b9e4183a6e16fcef6223c57fad7be4aec6502,2d9980a3e35930e77ee3173cc6a2694463329753cd5123d0c054801e5ab2dc70,2d9980a3e35930e77ee3173cc6a2694463329753cd5123d0c054801e5ab2dc70,6cd0b52dd7ce8f064a636e3bfc8de9b2309a7dfb02abb27056836d0416fd20a6,357158a3c01d61e36098ae03786aeb48ee6065502c78a6578078aa2eb8873772,23|24|25|26|27|28|29|30|31|32|33|34|35|36|37|38|39|40|41|42|43|44|45|46,False,False,AGGREGATE_COVERAGE_RIDGE_V1,MISCOVERAGE_TRIGGERED_RESET_V1,1.0,raven_mcs,False
uair,0.6,48,1,uair|a=0.60|b1,CERTIFIED,25,0.13630995977851276,0.04281031034282093,0.09349964943569183,0.05,1,1,0.1063291139240506,True,True,True,False,False,TRUE_SAFE,0.02998084585446216,0,CERTIFIED,True,FULL_INTERIOR,82444e4f495344856de94b0d72ab4a46843780c232e2f299b300fcafa8c4b4a1,b87cf615ab34b447e87bf447d79b9e4183a6e16fcef6223c57fad7be4aec6502,2d9980a3e35930e77ee3173cc6a2694463329753cd5123d0c054801e5ab2dc70,2d9980a3e35930e77ee3173cc6a2694463329753cd5123d0c054801e5ab2dc70,6cd0b52dd7ce8f064a636e3bfc8de9b2309a7dfb02abb27056836d0416fd20a6,357158a3c01d61e36098ae03786aeb48ee6065502c78a6578078aa2eb8873772,23|24|25|26|27|28|29|30|31|32|33|34|35|36|37|38|39|40|41|42|43|44|45|46|47,False,False,AGGREGATE_COVERAGE_RIDGE_V1,MISCOVERAGE_TRIGGERED_RESET_V1,1.0,raven_mcs,False
uair,0.6,49,1,uair|a=0.60|b1,CERTIFIED,26,0.13721404929540387,0.04281031034282093,0.09440373895258294,0.05,1,1,0.1012658227848101,True,True,True,False,False,TRUE_SAFE,0.035948226510593775,0,CERTIFIED,True,FULL_INTERIOR,82444e4f495344856de94b0d72ab4a46843780c232e2f299b300fcafa8c4b4a1,b87cf615ab34b447e87bf447d79b9e4183a6e16fcef6223c57fad7be4aec6502,2d9980a3e35930e77ee3173cc6a2694463329753cd5123d0c054801e5ab2dc70,2d9980a3e35930e77ee3173cc6a2694463329753cd5123d0c054801e5ab2dc70,6cd0b52dd7ce8f064a636e3bfc8de9b2309a7dfb02abb27056836d0416fd20a6,357158a3c01d61e36098ae03786aeb48ee6065502c78a6578078aa2eb8873772,23|24|25|26|27|28|29|30|31|32|33|34|35|36|37|38|39|40|41|42|43|44|45|46|47|48,False,False,AGGREGATE_COVERAGE_RIDGE_V1,MISCOVERAGE_TRIGGERED_RESET_V1,1.0,raven_mcs,False
uair,0.6,50,1,uair|a=0.60|b1,CERTIFIED,27,0.13799328064173755,0.04281031034282093,0.09518297029891662,0.05,1,1,0.1063291139240506,True,True,True,False,False,TRUE_SAFE,0.031664166717686945,0,CERTIFIED,True,FULL_INTERIOR,82444e4f495344856de94b0d72ab4a46843780c232e2f299b300fcafa8c4b4a1,b87cf615ab34b447e87bf447d79b9e4183a6e16fcef6223c57fad7be4aec6502,2d9980a3e35930e77ee3173cc6a2694463329753cd5123d0c054801e5ab2dc70,2d9980a3e35930e77ee3173cc6a2694463329753cd5123d0c054801e5ab2dc70,6cd0b52dd7ce8f064a636e3bfc8de9b2309a7dfb02abb27056836d0416fd20a6,357158a3c01d61e36098ae03786aeb48ee6065502c78a6578078aa2eb8873772,23|24|25|26|27|28|29|30|31|32|33|34|35|36|37|38|39|40|41|42|43|44|45|46|47|48|49,False,False,AGGREGATE_COVERAGE_RIDGE_V1,MISCOVERAGE_TRIGGERED_RESET_V1,1.0,raven_mcs,False
uair,0.6,51,1,uair|a=0.60|b1,CERTIFIED,28,0.025973974270835448,0.04281031034282093,0.0,0.05,0,0,0.0242616033755274,False,False,True,False,False,TRUE_UNSAFE,0.0017123708953080477,0,CERTIFIED,True,FULL_INTERIOR,82444e4f495344856de94b0d72ab4a46843780c232e2f299b300fcafa8c4b4a1,b87cf615ab34b447e87bf447d79b9e4183a6e16fcef6223c57fad7be4aec6502,2d9980a3e35930e77ee3173cc6a2694463329753cd5123d0c054801e5ab2dc70,2d9980a3e35930e77ee3173cc6a2694463329753cd5123d0c054801e5ab2dc70,6cd0b52dd7ce8f064a636e3bfc8de9b2309a7dfb02abb27056836d0416fd20a6,357158a3c01d61e36098ae03786aeb48ee6065502c78a6578078aa2eb8873772,23|24|25|26|27|28|29|30|31|32|33|34|35|36|37|38|39|40|41|42|43|44|45|46|47|48|49|50,False,True,AGGREGATE_COVERAGE_RIDGE_V1,MISCOVERAGE_TRIGGERED_RESET_V1,1.0,raven_mcs,False
uair,0.6,52,1,uair|a=0.60|b1,CERTIFIED,29,0.023044393596149865,0.04281031034282093,0.0,0.05,0,0,0.0189873417721519,False,False,True,False,False,TRUE_UNSAFE,0.004057051823997966,0,CERTIFIED,True,FULL_BOUNDARY,82444e4f495344856de94b0d72ab4a46843780c232e2f299b300fcafa8c4b4a1,b87cf615ab34b447e87bf447d79b9e4183a6e16fcef6223c57fad7be4aec6502,2d9980a3e35930e77ee3173cc6a2694463329753cd5123d0c054801e5ab2dc70,2d9980a3e35930e77ee3173cc6a2694463329753cd5123d0c054801e5ab2dc70,6cd0b52dd7ce8f064a636e3bfc8de9b2309a7dfb02abb27056836d0416fd20a6,357158a3c01d61e36098ae03786aeb48ee6065502c78a6578078aa2eb8873772,23|24|25|26|27|28|29|30|31|32|33|34|35|36|37|38|39|40|41|42|43|44|45|46|47|48|49|50|51,False,True,AGGREGATE_COVERAGE_RIDGE_V1,MISCOVERAGE_TRIGGERED_RESET_V1,1.0,raven_mcs,False
uair,0.4,0,0,uair|a=0.40|b0,WARMUP,0,0.009576051125143498,,0.0,0.05,0,0,0.0164556962025316,False,False,True,False,False,TRUE_UNSAFE,-0.006879645077388103,0,WARMUP,True,FULL_BOUNDARY,82444e4f495344856de94b0d72ab4a46843780c232e2f299b300fcafa8c4b4a1,b87cf615ab34b447e87bf447d79b9e4183a6e16fcef6223c57fad7be4aec6502,5ede397e186d32bd6522bad9e16c6ad3a0e7cbbb4fd18ca890d3c47cc055439c,5ede397e186d32bd6522bad9e16c6ad3a0e7cbbb4fd18ca890d3c47cc055439c,6cd0b52dd7ce8f064a636e3bfc8de9b2309a7dfb02abb27056836d0416fd20a6,357158a3c01d61e36098ae03786aeb48ee6065502c78a6578078aa2eb8873772,,False,True,AGGREGATE_COVERAGE_RIDGE_V1,MISCOVERAGE_TRIGGERED_RESET_V1,1.0,raven_mcs,False
uair,0.4,1,0,uair|a=0.40|b0,WARMUP,1,0.010889772421735958,,0.0,0.05,0,0,0.0189873417721519,False,False,True,False,False,TRUE_UNSAFE,-0.008097569350415942,0,WARMUP,True,FULL_INTERIOR,82444e4f495344856de94b0d72ab4a46843780c232e2f299b300fcafa8c4b4a1,b87cf615ab34b447e87bf447d79b9e4183a6e16fcef6223c57fad7be4aec6502,5ede397e186d32bd6522bad9e16c6ad3a0e7cbbb4fd18ca890d3c47cc055439c,5ede397e186d32bd6522bad9e16c6ad3a0e7cbbb4fd18ca890d3c47cc055439c,6cd0b52dd7ce8f064a636e3bfc8de9b2309a7dfb02abb27056836d0416fd20a6,357158a3c01d61e36098ae03786aeb48ee6065502c78a6578078aa2eb8873772,0,False,True,AGGREGATE_COVERAGE_RIDGE_V1,MISCOVERAGE_TRIGGERED_RESET_V1,1.0,raven_mcs,False
uair,0.4,2,0,uair|a=0.40|b0,WARMUP,2,0.012016709529109503,,0.0,0.05,0,0,0.0177215189873417,False,False,True,False,False,TRUE_UNSAFE,-0.005704809458232197,0,WARMUP,True,FULL_INTERIOR,82444e4f495344856de94b0d72ab4a46843780c232e2f299b300fcafa8c4b4a1,b87cf615ab34b447e87bf447d79b9e4183a6e16fcef6223c57fad7be4aec6502,5ede397e186d32bd6522bad9e16c6ad3a0e7cbbb4fd18ca890d3c47cc055439c,5ede397e186d32bd6522bad9e16c6ad3a0e7cbbb4fd18ca890d3c47cc055439c,6cd0b52dd7ce8f064a636e3bfc8de9b2309a7dfb02abb27056836d0416fd20a6,357158a3c01d61e36098ae03786aeb48ee6065502c78a6578078aa2eb8873772,0|1,False,True,AGGREGATE_COVERAGE_RIDGE_V1,MISCOVERAGE_TRIGGERED_RESET_V1,1.0,raven_mcs,False
uair,0.4,3,0,uair|a=0.40|b0,WARMUP,3,0.08936464108235954,,0.0,0.05,0,0,0.1139240506329113,True,False,True,False,True,FALSE_UNSAFE,-0.02455940955055176,0,WARMUP,True,FULL_INTERIOR,82444e4f495344856de94b0d72ab4a46843780c232e2f299b300fcafa8c4b4a1,b87cf615ab34b447e87bf447d79b9e4183a6e16fcef6223c57fad7be4aec6502,5ede397e186d32bd6522bad9e16c6ad3a0e7cbbb4fd18ca890d3c47cc055439c,5ede397e186d32bd6522bad9e16c6ad3a0e7cbbb4fd18ca890d3c47cc055439c,6cd0b52dd7ce8f064a636e3bfc8de9b2309a7dfb02abb27056836d0416fd20a6,357158a3c01d61e36098ae03786aeb48ee6065502c78a6578078aa2eb8873772,0|1|2,False,True,AGGREGATE_COVERAGE_RIDGE_V1,MISCOVERAGE_TRIGGERED_RESET_V1,1.0,raven_mcs,False
uair,0.4,4,0,uair|a=0.40|b0,WARMUP,4,0.0915089270018898,,0.0,0.05,0,0,0.050632911392405,True,False,True,False,True,FALSE_UNSAFE,0.0408760156094848,0,WARMUP,True,FULL_INTERIOR,82444e4f495344856de94b0d72ab4a46843780c232e2f299b300fcafa8c4b4a1,b87cf615ab34b447e87bf447d79b9e4183a6e16fcef6223c57fad7be4aec6502,5ede397e186d32bd6522bad9e16c6ad3a0e7cbbb4fd18ca890d3c47cc055439c,5ede397e186d32bd6522bad9e16c6ad3a0e7cbbb4fd18ca890d3c47cc055439c,6cd0b52dd7ce8f064a636e3bfc8de9b2309a7dfb02abb27056836d0416fd20a6,357158a3c01d61e36098ae03786aeb48ee6065502c78a6578078aa2eb8873772,0|1|2|3,True,True,AGGREGATE_COVERAGE_RIDGE_V1,MISCOVERAGE_TRIGGERED_RESET_V1,1.0,raven_mcs,False
uair,0.4,5,0,uair|a=0.40|b0,WARMUP,5,0.09176526283033437,,0.0,0.05,0,0,0.0759493670886075,True,False,True,False,True,FALSE_UNSAFE,0.01581589574172687,0,WARMUP,True,FULL_INTERIOR,82444e4f495344856de94b0d72ab4a46843780c232e2f299b300fcafa8c4b4a1,b87cf615ab34b447e87bf447d79b9e4183a6e16fcef6223c57fad7be4aec6502,5ede397e186d32bd6522bad9e16c6ad3a0e7cbbb4fd18ca890d3c47cc055439c,5ede397e186d32bd6522bad9e16c6ad3a0e7cbbb4fd18ca890d3c47cc055439c,6cd0b52dd7ce8f064a636e3bfc8de9b2309a7dfb02abb27056836d0416fd20a6,357158a3c01d61e36098ae03786aeb48ee6065502c78a6578078aa2eb8873772,0|1|2|3|4,False,True,AGGREGATE_COVERAGE_RIDGE_V1,MISCOVERAGE_TRIGGERED_RESET_V1,1.0,raven_mcs,False
uair,0.4,6,0,uair|a=0.40|b0,WARMUP,6,0.09136843390435752,,0.0,0.05,0,0,0.0696202531645569,True,False,True,False,True,FALSE_UNSAFE,0.021748180739800616,0,WARMUP,True,FULL_INTERIOR,82444e4f495344856de94b0d72ab4a46843780c232e2f299b300fcafa8c4b4a1,b87cf615ab34b447e87bf447d79b9e4183a6e16fcef6223c57fad7be4aec6502,5ede397e186d32bd6522bad9e16c6ad3a0e7cbbb4fd18ca890d3c47cc055439c,5ede397e186d32bd6522bad9e16c6ad3a0e7cbbb4fd18ca890d3c47cc055439c,6cd0b52dd7ce8f064a636e3bfc8de9b2309a7dfb02abb27056836d0416fd20a6,357158a3c01d61e36098ae03786aeb48ee6065502c78a6578078aa2eb8873772,0|1|2|3|4|5,False,True,AGGREGATE_COVERAGE_RIDGE_V1,MISCOVERAGE_TRIGGERED_RESET_V1,1.0,raven_mcs,False
uair,0.4,7,0,uair|a=0.40|b0,WARMUP,7,0.09119232782788413,,0.0,0.05,0,0,0.1075949367088607,True,False,True,False,True,FALSE_UNSAFE,-0.01640260888097657,0,WARMUP,True,FULL_INTERIOR,82444e4f495344856de94b0d72ab4a46843780c232e2f299b300fcafa8c4b4a1,b87cf615ab34b447e87bf447d79b9e4183a6e16fcef6223c57fad7be4aec6502,5ede397e186d32bd6522bad9e16c6ad3a0e7cbbb4fd18ca890d3c47cc055439c,5ede397e186d32bd6522bad9e16c6ad3a0e7cbbb4fd18ca890d3c47cc055439c,6cd0b52dd7ce8f064a636e3bfc8de9b2309a7dfb02abb27056836d0416fd20a6,357158a3c01d61e36098ae03786aeb48ee6065502c78a6578078aa2eb8873772,0|1|2|3|4|5|6,False,True,AGGREGATE_COVERAGE_RIDGE_V1,MISCOVERAGE_TRIGGERED_RESET_V1,1.0,raven_mcs,False
uair,0.4,8,0,uair|a=0.40|b0,WARMUP,8,0.09118353390464037,,0.0,0.05,0,0,0.0949367088607594,True,False,True,False,True,FALSE_UNSAFE,-0.003753174956119029,0,WARMUP,True,FULL_INTERIOR,82444e4f495344856de94b0d72ab4a46843780c232e2f299b300fcafa8c4b4a1,b87cf615ab34b447e87bf447d79b9e4183a6e16fcef6223c57fad7be4aec6502,5ede397e186d32bd6522bad9e16c6ad3a0e7cbbb4fd18ca890d3c47cc055439c,5ede397e186d32bd6522bad9e16c6ad3a0e7cbbb4fd18ca890d3c47cc055439c,6cd0b52dd7ce8f064a636e3bfc8de9b2309a7dfb02abb27056836d0416fd20a6,357158a3c01d61e36098ae03786aeb48ee6065502c78a6578078aa2eb8873772,0|1|2|3|4|5|6|7,False,True,AGGREGATE_COVERAGE_RIDGE_V1,MISCOVERAGE_TRIGGERED_RESET_V1,1.0,raven_mcs,False
uair,0.4,9,0,uair|a=0.40|b0,WARMUP,9,0.0906118660350922,,0.0,0.05,0,0,0.0959915611814345,True,False,True,False,True,FALSE_UNSAFE,-0.005379695146342289,0,WARMUP,True,FULL_INTERIOR,82444e4f495344856de94b0d72ab4a46843780c232e2f299b300fcafa8c4b4a1,b87cf615ab34b447e87bf447d79b9e4183a6e16fcef6223c57fad7be4aec6502,5ede397e186d32bd6522bad9e16c6ad3a0e7cbbb4fd18ca890d3c47cc055439c,5ede397e186d32bd6522bad9e16c6ad3a0e7cbbb4fd18ca890d3c47cc055439c,6cd0b52dd7ce8f064a636e3bfc8de9b2309a7dfb02abb27056836d0416fd20a6,357158a3c01d61e36098ae03786aeb48ee6065502c78a6578078aa2eb8873772,0|1|2|3|4|5|6|7|8,False,True,AGGREGATE_COVERAGE_RIDGE_V1,MISCOVERAGE_TRIGGERED_RESET_V1,1.0,raven_mcs,False
uair,0.4,10,0,uair|a=0.40|b0,WARMUP,10,0.08952992548375399,,0.0,0.05,0,0,0.110759493670886,True,False,True,False,True,FALSE_UNSAFE,-0.02122956818713201,0,WARMUP,True,FULL_INTERIOR,82444e4f495344856de94b0d72ab4a46843780c232e2f299b300fcafa8c4b4a1,b87cf615ab34b447e87bf447d79b9e4183a6e16fcef6223c57fad7be4aec6502,5ede397e186d32bd6522bad9e16c6ad3a0e7cbbb4fd18ca890d3c47cc055439c,5ede397e186d32bd6522bad9e16c6ad3a0e7cbbb4fd18ca890d3c47cc055439c,6cd0b52dd7ce8f064a636e3bfc8de9b2309a7dfb02abb27056836d0416fd20a6,357158a3c01d61e36098ae03786aeb48ee6065502c78a6578078aa2eb8873772,0|1|2|3|4|5|6|7|8|9,False,True,AGGREGATE_COVERAGE_RIDGE_V1,MISCOVERAGE_TRIGGERED_RESET_V1,1.0,raven_mcs,False
uair,0.4,11,0,uair|a=0.40|b0,WARMUP,11,0.08878558309105228,,0.0,0.05,0,0,0.1181434599156117,True,False,True,False,True,FALSE_UNSAFE,-0.029357876824559426,0,WARMUP,True,FULL_INTERIOR,82444e4f495344856de94b0d72ab4a46843780c232e2f299b300fcafa8c4b4a1,b87cf615ab34b447e87bf447d79b9e4183a6e16fcef6223c57fad7be4aec6502,5ede397e186d32bd6522bad9e16c6ad3a0e7cbbb4fd18ca890d3c47cc055439c,5ede397e186d32bd6522bad9e16c6ad3a0e7cbbb4fd18ca890d3c47cc055439c,6cd0b52dd7ce8f064a636e3bfc8de9b2309a7dfb02abb27056836d0416fd20a6,357158a3c01d61e36098ae03786aeb48ee6065502c78a6578078aa2eb8873772,0|1|2|3|4|5|6|7|8|9|10,False,True,AGGREGATE_COVERAGE_RIDGE_V1,MISCOVERAGE_TRIGGERED_RESET_V1,1.0,raven_mcs,False
uair,0.4,12,0,uair|a=0.40|b0,WARMUP,12,0.08800021361756205,,0.0,0.05,0,0,0.0959915611814345,True,False,True,False,True,FALSE_UNSAFE,-0.007991347563872445,0,WARMUP,True,FULL_INTERIOR,82444e4f495344856de94b0d72ab4a46843780c232e2f299b300fcafa8c4b4a1,b87cf615ab34b447e87bf447d79b9e4183a6e16fcef6223c57fad7be4aec6502,5ede397e186d32bd6522bad9e16c6ad3a0e7cbbb4fd18ca890d3c47cc055439c,5ede397e186d32bd6522bad9e16c6ad3a0e7cbbb4fd18ca890d3c47cc055439c,6cd0b52dd7ce8f064a636e3bfc8de9b2309a7dfb02abb27056836d0416fd20a6,357158a3c01d61e36098ae03786aeb48ee6065502c78a6578078aa2eb8873772,0|1|2|3|4|5|6|7|8|9|10|11,False,True,AGGREGATE_COVERAGE_RIDGE_V1,MISCOVERAGE_TRIGGERED_RESET_V1,1.0,raven_mcs,False
uair,0.4,13,0,uair|a=0.40|b0,WARMUP,13,0.08674639370921262,,0.0,0.05,0,0,0.1181434599156117,True,False,True,False,True,FALSE_UNSAFE,-0.03139706620639908,0,WARMUP,True,FULL_INTERIOR,82444e4f495344856de94b0d72ab4a46843780c232e2f299b300fcafa8c4b4a1,b87cf615ab34b447e87bf447d79b9e4183a6e16fcef6223c57fad7be4aec6502,5ede397e186d32bd6522bad9e16c6ad3a0e7cbbb4fd18ca890d3c47cc055439c,5ede397e186d32bd6522bad9e16c6ad3a0e7cbbb4fd18ca890d3c47cc055439c,6cd0b52dd7ce8f064a636e3bfc8de9b2309a7dfb02abb27056836d0416fd20a6,357158a3c01d61e36098ae03786aeb48ee6065502c78a6578078aa2eb8873772,0|1|2|3|4|5|6|7|8|9|10|11|12,False,True,AGGREGATE_COVERAGE_RIDGE_V1,MISCOVERAGE_TRIGGERED_RESET_V1,1.0,raven_mcs,False
uair,0.4,14,0,uair|a=0.40|b0,WARMUP,14,0.08603867740827777,,0.0,0.05,0,0,0.1255274261603375,True,False,True,False,True,FALSE_UNSAFE,-0.039488748752059724,0,WARMUP,True,FULL_INTERIOR,82444e4f495344856de94b0d72ab4a46843780c232e2f299b300fcafa8c4b4a1,b87cf615ab34b447e87bf447d79b9e4183a6e16fcef6223c57fad7be4aec6502,5ede397e186d32bd6522bad9e16c6ad3a0e7cbbb4fd18ca890d3c47cc055439c,5ede397e186d32bd6522bad9e16c6ad3a0e7cbbb4fd18ca890d3c47cc055439c,6cd0b52dd7ce8f064a636e3bfc8de9b2309a7dfb02abb27056836d0416fd20a6,357158a3c01d61e36098ae03786aeb48ee6065502c78a6578078aa2eb8873772,0|1|2|3|4|5|6|7|8|9|10|11|12|13,False,True,AGGREGATE_COVERAGE_RIDGE_V1,MISCOVERAGE_TRIGGERED_RESET_V1,1.0,raven_mcs,False
uair,0.4,15,0,uair|a=0.40|b0,WARMUP,15,0.08582818680696426,,0.0,0.05,0,0,0.0668073136427567,True,False,True,False,True,FALSE_UNSAFE,0.019020873164207558,0,WARMUP,True,FULL_INTERIOR,82444e4f495344856de94b0d72ab4a46843780c232e2f299b300fcafa8c4b4a1,b87cf615ab34b447e87bf447d79b9e4183a6e16fcef6223c57fad7be4aec6502,5ede397e186d32bd6522bad9e16c6ad3a0e7cbbb4fd18ca890d3c47cc055439c,5ede397e186d32bd6522bad9e16c6ad3a0e7cbbb4fd18ca890d3c47cc055439c,6cd0b52dd7ce8f064a636e3bfc8de9b2309a7dfb02abb27056836d0416fd20a6,357158a3c01d61e36098ae03786aeb48ee6065502c78a6578078aa2eb8873772,0|1|2|3|4|5|6|7|8|9|10|11|12|13|14,False,True,AGGREGATE_COVERAGE_RIDGE_V1,MISCOVERAGE_TRIGGERED_RESET_V1,1.0,raven_mcs,False
uair,0.4,16,0,uair|a=0.40|b0,WARMUP,16,0.0844780613906924,,0.0,0.05,0,0,0.1135724331926863,True,False,True,False,True,FALSE_UNSAFE,-0.029094371801993896,0,WARMUP,True,FULL_INTERIOR,82444e4f495344856de94b0d72ab4a46843780c232e2f299b300fcafa8c4b4a1,b87cf615ab34b447e87bf447d79b9e4183a6e16fcef6223c57fad7be4aec6502,5ede397e186d32bd6522bad9e16c6ad3a0e7cbbb4fd18ca890d3c47cc055439c,5ede397e186d32bd6522bad9e16c6ad3a0e7cbbb4fd18ca890d3c47cc055439c,6cd0b52dd7ce8f064a636e3bfc8de9b2309a7dfb02abb27056836d0416fd20a6,357158a3c01d61e36098ae03786aeb48ee6065502c78a6578078aa2eb8873772,0|1|2|3|4|5|6|7|8|9|10|11|12|13|14|15,False,True,AGGREGATE_COVERAGE_RIDGE_V1,MISCOVERAGE_TRIGGERED_RESET_V1,1.0,raven_mcs,False
uair,0.4,17,0,uair|a=0.40|b0,WARMUP,17,0.08446954377559529,,0.0,0.05,0,0,0.100210970464135,True,False,True,False,True,FALSE_UNSAFE,-0.015741426688539714,0,WARMUP,True,FULL_INTERIOR,82444e4f495344856de94b0d72ab4a46843780c232e2f299b300fcafa8c4b4a1,b87cf615ab34b447e87bf447d79b9e4183a6e16fcef6223c57fad7be4aec6502,5ede397e186d32bd6522bad9e16c6ad3a0e7cbbb4fd18ca890d3c47cc055439c,5ede397e186d32bd6522bad9e16c6ad3a0e7cbbb4fd18ca890d3c47cc055439c,6cd0b52dd7ce8f064a636e3bfc8de9b2309a7dfb02abb27056836d0416fd20a6,357158a3c01d61e36098ae03786aeb48ee6065502c78a6578078aa2eb8873772,0|1|2|3|4|5|6|7|8|9|10|11|12|13|14|15|16,False,True,AGGREGATE_COVERAGE_RIDGE_V1,MISCOVERAGE_TRIGGERED_RESET_V1,1.0,raven_mcs,False
uair,0.4,18,0,uair|a=0.40|b0,WARMUP,18,0.08496662583973497,,0.0,0.05,0,0,0.100210970464135,True,False,True,False,True,FALSE_UNSAFE,-0.015244344624400039,0,CERTIFIED,True,FULL_INTERIOR,82444e4f495344856de94b0d72ab4a46843780c232e2f299b300fcafa8c4b4a1,b87cf615ab34b447e87bf447d79b9e4183a6e16fcef6223c57fad7be4aec6502,5ede397e186d32bd6522bad9e16c6ad3a0e7cbbb4fd18ca890d3c47cc055439c,5ede397e186d32bd6522bad9e16c6ad3a0e7cbbb4fd18ca890d3c47cc055439c,6cd0b52dd7ce8f064a636e3bfc8de9b2309a7dfb02abb27056836d0416fd20a6,357158a3c01d61e36098ae03786aeb48ee6065502c78a6578078aa2eb8873772,0|1|2|3|4|5|6|7|8|9|10|11|12|13|14|15|16|17,False,True,AGGREGATE_COVERAGE_RIDGE_V1,MISCOVERAGE_TRIGGERED_RESET_V1,1.0,raven_mcs,False
uair,0.4,19,0,uair|a=0.40|b0,CERTIFIED,19,0.08524539059389619,0.0408760156094848,0.04436937498441139,0.05,0,0,0.1269338959212377,True,False,True,False,True,FALSE_UNSAFE,-0.0416885053273415,0,CERTIFIED,True,FULL_INTERIOR,82444e4f495344856de94b0d72ab4a46843780c232e2f299b300fcafa8c4b4a1,b87cf615ab34b447e87bf447d79b9e4183a6e16fcef6223c57fad7be4aec6502,5ede397e186d32bd6522bad9e16c6ad3a0e7cbbb4fd18ca890d3c47cc055439c,5ede397e186d32bd6522bad9e16c6ad3a0e7cbbb4fd18ca890d3c47cc055439c,6cd0b52dd7ce8f064a636e3bfc8de9b2309a7dfb02abb27056836d0416fd20a6,357158a3c01d61e36098ae03786aeb48ee6065502c78a6578078aa2eb8873772,0|1|2|3|4|5|6|7|8|9|10|11|12|13|14|15|16|17|18,False,False,AGGREGATE_COVERAGE_RIDGE_V1,MISCOVERAGE_TRIGGERED_RESET_V1,1.0,raven_mcs,False
uair,0.4,20,0,uair|a=0.40|b0,CERTIFIED,20,0.08640441054454409,0.0408760156094848,0.045528394935059294,0.05,0,0,0.0935302390998594,True,False,True,False,True,FALSE_UNSAFE,-0.007125828555315308,0,CERTIFIED,True,FULL_INTERIOR,82444e4f495344856de94b0d72ab4a46843780c232e2f299b300fcafa8c4b4a1,b87cf615ab34b447e87bf447d79b9e4183a6e16fcef6223c57fad7be4aec6502,5ede397e186d32bd6522bad9e16c6ad3a0e7cbbb4fd18ca890d3c47cc055439c,5ede397e186d32bd6522bad9e16c6ad3a0e7cbbb4fd18ca890d3c47cc055439c,6cd0b52dd7ce8f064a636e3bfc8de9b2309a7dfb02abb27056836d0416fd20a6,357158a3c01d61e36098ae03786aeb48ee6065502c78a6578078aa2eb8873772,0|1|2|3|4|5|6|7|8|9|10|11|12|13|14|15|16|17|18|19,False,False,AGGREGATE_COVERAGE_RIDGE_V1,MISCOVERAGE_TRIGGERED_RESET_V1,1.0,raven_mcs,False
uair,0.4,21,0,uair|a=0.40|b0,CERTIFIED,21,0.08705038752905642,0.0408760156094848,0.04617437191957162,0.05,0,0,0.0962025316455696,True,False,True,False,True,FALSE_UNSAFE,-0.009152144116513189,0,CERTIFIED,True,FULL_INTERIOR,82444e4f495344856de94b0d72ab4a46843780c232e2f299b300fcafa8c4b4a1,b87cf615ab34b447e87bf447d79b9e4183a6e16fcef6223c57fad7be4aec6502,5ede397e186d32bd6522bad9e16c6ad3a0e7cbbb4fd18ca890d3c47cc055439c,5ede397e186d32bd6522bad9e16c6ad3a0e7cbbb4fd18ca890d3c47cc055439c,6cd0b52dd7ce8f064a636e3bfc8de9b2309a7dfb02abb27056836d0416fd20a6,357158a3c01d61e36098ae03786aeb48ee6065502c78a6578078aa2eb8873772,0|1|2|3|4|5|6|7|8|9|10|11|12|13|14|15|16|17|18|19|20,False,False,AGGREGATE_COVERAGE_RIDGE_V1,MISCOVERAGE_TRIGGERED_RESET_V1,1.0,raven_mcs,False
uair,0.4,22,0,uair|a=0.40|b0,CERTIFIED,22,0.08771416094149752,0.0408760156094848,0.04683814533201272,0.05,0,0,0.0759493670886076,True,False,True,False,True,FALSE_UNSAFE,0.011764793852889921,0,CERTIFIED,True,FULL_INTERIOR,82444e4f495344856de94b0d72ab4a46843780c232e2f299b300fcafa8c4b4a1,b87cf615ab34b447e87bf447d79b9e4183a6e16fcef6223c57fad7be4aec6502,5ede397e186d32bd6522bad9e16c6ad3a0e7cbbb4fd18ca890d3c47cc055439c,5ede397e186d32bd6522bad9e16c6ad3a0e7cbbb4fd18ca890d3c47cc055439c,6cd0b52dd7ce8f064a636e3bfc8de9b2309a7dfb02abb27056836d0416fd20a6,357158a3c01d61e36098ae03786aeb48ee6065502c78a6578078aa2eb8873772,0|1|2|3|4|5|6|7|8|9|10|11|12|13|14|15|16|17|18|19|20|21,False,False,AGGREGATE_COVERAGE_RIDGE_V1,MISCOVERAGE_TRIGGERED_RESET_V1,1.0,raven_mcs,False
uair,0.4,23,0,uair|a=0.40|b0,CERTIFIED,23,0.088454292418732,0.0408760156094848,0.0475782768092472,0.05,0,0,0.0556962025316455,True,False,True,False,True,FALSE_UNSAFE,0.0327580898870865,0,CERTIFIED,True,FULL_INTERIOR,82444e4f495344856de94b0d72ab4a46843780c232e2f299b300fcafa8c4b4a1,b87cf615ab34b447e87bf447d79b9e4183a6e16fcef6223c57fad7be4aec6502,5ede397e186d32bd6522bad9e16c6ad3a0e7cbbb4fd18ca890d3c47cc055439c,5ede397e186d32bd6522bad9e16c6ad3a0e7cbbb4fd18ca890d3c47cc055439c,6cd0b52dd7ce8f064a636e3bfc8de9b2309a7dfb02abb27056836d0416fd20a6,357158a3c01d61e36098ae03786aeb48ee6065502c78a6578078aa2eb8873772,0|1|2|3|4|5|6|7|8|9|10|11|12|13|14|15|16|17|18|19|20|21|22,True,False,AGGREGATE_COVERAGE_RIDGE_V1,MISCOVERAGE_TRIGGERED_RESET_V1,1.0,raven_mcs,False
uair,0.4,24,0,uair|a=0.40|b0,CERTIFIED,24,0.08894889222213027,0.0408760156094848,0.048072876612645477,0.05,0,0,0.0962025316455696,True,False,True,False,True,FALSE_UNSAFE,-0.0072536394234393314,0,CERTIFIED,True,FULL_INTERIOR,82444e4f495344856de94b0d72ab4a46843780c232e2f299b300fcafa8c4b4a1,b87cf615ab34b447e87bf447d79b9e4183a6e16fcef6223c57fad7be4aec6502,5ede397e186d32bd6522bad9e16c6ad3a0e7cbbb4fd18ca890d3c47cc055439c,5ede397e186d32bd6522bad9e16c6ad3a0e7cbbb4fd18ca890d3c47cc055439c,6cd0b52dd7ce8f064a636e3bfc8de9b2309a7dfb02abb27056836d0416fd20a6,357158a3c01d61e36098ae03786aeb48ee6065502c78a6578078aa2eb8873772,0|1|2|3|4|5|6|7|8|9|10|11|12|13|14|15|16|17|18|19|20|21|22|23,False,False,AGGREGATE_COVERAGE_RIDGE_V1,MISCOVERAGE_TRIGGERED_RESET_V1,1.0,raven_mcs,False
uair,0.4,25,0,uair|a=0.40|b0,CERTIFIED,25,0.09038650294168665,0.0408760156094848,0.049510487332201855,0.05,0,0,0.0759493670886076,True,False,True,False,True,FALSE_UNSAFE,0.014437135853079056,0,CERTIFIED,True,FULL_INTERIOR,82444e4f495344856de94b0d72ab4a46843780c232e2f299b300fcafa8c4b4a1,b87cf615ab34b447e87bf447d79b9e4183a6e16fcef6223c57fad7be4aec6502,5ede397e186d32bd6522bad9e16c6ad3a0e7cbbb4fd18ca890d3c47cc055439c,5ede397e186d32bd6522bad9e16c6ad3a0e7cbbb4fd18ca890d3c47cc055439c,6cd0b52dd7ce8f064a636e3bfc8de9b2309a7dfb02abb27056836d0416fd20a6,357158a3c01d61e36098ae03786aeb48ee6065502c78a6578078aa2eb8873772,0|1|2|3|4|5|6|7|8|9|10|11|12|13|14|15|16|17|18|19|20|21|22|23|24,False,False,AGGREGATE_COVERAGE_RIDGE_V1,MISCOVERAGE_TRIGGERED_RESET_V1,1.0,raven_mcs,False
uair,0.4,26,0,uair|a=0.40|b0,CERTIFIED,26,0.09136009614867935,0.0408760156094848,0.05048408053919455,0.05,1,1,0.0658227848101266,True,True,True,False,False,TRUE_SAFE,0.02553731133855275,0,CERTIFIED,True,FULL_INTERIOR,82444e4f495344856de94b0d72ab4a46843780c232e2f299b300fcafa8c4b4a1,b87cf615ab34b447e87bf447d79b9e4183a6e16fcef6223c57fad7be4aec6502,5ede397e186d32bd6522bad9e16c6ad3a0e7cbbb4fd18ca890d3c47cc055439c,5ede397e186d32bd6522bad9e16c6ad3a0e7cbbb4fd18ca890d3c47cc055439c,6cd0b52dd7ce8f064a636e3bfc8de9b2309a7dfb02abb27056836d0416fd20a6,357158a3c01d61e36098ae03786aeb48ee6065502c78a6578078aa2eb8873772,0|1|2|3|4|5|6|7|8|9|10|11|12|13|14|15|16|17|18|19|20|21|22|23|24|25,False,False,AGGREGATE_COVERAGE_RIDGE_V1,MISCOVERAGE_TRIGGERED_RESET_V1,1.0,raven_mcs,False
uair,0.4,27,0,uair|a=0.40|b0,CERTIFIED,27,0.09156737418481684,0.0408760156094848,0.05069135857533204,0.05,1,1,0.1012658227848101,True,True,True,False,False,TRUE_SAFE,-0.009698448599993262,0,CERTIFIED,True,FULL_INTERIOR,82444e4f495344856de94b0d72ab4a46843780c232e2f299b300fcafa8c4b4a1,b87cf615ab34b447e87bf447d79b9e4183a6e16fcef6223c57fad7be4aec6502,5ede397e186d32bd6522bad9e16c6ad3a0e7cbbb4fd18ca890d3c47cc055439c,5ede397e186d32bd6522bad9e16c6ad3a0e7cbbb4fd18ca890d3c47cc055439c,6cd0b52dd7ce8f064a636e3bfc8de9b2309a7dfb02abb27056836d0416fd20a6,357158a3c01d61e36098ae03786aeb48ee6065502c78a6578078aa2eb8873772,0|1|2|3|4|5|6|7|8|9|10|11|12|13|14|15|16|17|18|19|20|21|22|23|24|25|26,False,False,AGGREGATE_COVERAGE_RIDGE_V1,MISCOVERAGE_TRIGGERED_RESET_V1,1.0,raven_mcs,False
uair,0.4,28,0,uair|a=0.40|b0,CERTIFIED,28,0.09242363083455882,0.0408760156094848,0.05154761522507402,0.05,1,1,0.1075949367088607,True,True,True,False,False,TRUE_SAFE,-0.015171305874301877,0,CERTIFIED,True,FULL_INTERIOR,82444e4f495344856de94b0d72ab4a46843780c232e2f299b300fcafa8c4b4a1,b87cf615ab34b447e87bf447d79b9e4183a6e16fcef6223c57fad7be4aec6502,5ede397e186d32bd6522bad9e16c6ad3a0e7cbbb4fd18ca890d3c47cc055439c,5ede397e186d32bd6522bad9e16c6ad3a0e7cbbb4fd18ca890d3c47cc055439c,6cd0b52dd7ce8f064a636e3bfc8de9b2309a7dfb02abb27056836d0416fd20a6,357158a3c01d61e36098ae03786aeb48ee6065502c78a6578078aa2eb8873772,0|1|2|3|4|5|6|7|8|9|10|11|12|13|14|15|16|17|18|19|20|21|22|23|24|25|26|27,False,False,AGGREGATE_COVERAGE_RIDGE_V1,MISCOVERAGE_TRIGGERED_RESET_V1,1.0,raven_mcs,False
uair,0.4,29,0,uair|a=0.40|b0,CERTIFIED,29,0.09308959017478097,0.0408760156094848,0.05221357456529617,0.05,1,1,0.1139240506329113,True,True,True,False,False,TRUE_SAFE,-0.02083446045813034,0,CERTIFIED,True,FULL_INTERIOR,82444e4f495344856de94b0d72ab4a46843780c232e2f299b300fcafa8c4b4a1,b87cf615ab34b447e87bf447d79b9e4183a6e16fcef6223c57fad7be4aec6502,5ede397e186d32bd6522bad9e16c6ad3a0e7cbbb4fd18ca890d3c47cc055439c,5ede397e186d32bd6522bad9e16c6ad3a0e7cbbb4fd18ca890d3c47cc055439c,6cd0b52dd7ce8f064a636e3bfc8de9b2309a7dfb02abb27056836d0416fd20a6,357158a3c01d61e36098ae03786aeb48ee6065502c78a6578078aa2eb8873772,0|1|2|3|4|5|6|7|8|9|10|11|12|13|14|15|16|17|18|19|20|21|22|23|24|25|26|27|28,False,False,AGGREGATE_COVERAGE_RIDGE_V1,MISCOVERAGE_TRIGGERED_RESET_V1,1.0,raven_mcs,False
uair,0.4,30,0,uair|a=0.40|b0,CERTIFIED,30,0.09312967163757423,0.0408760156094848,0.05225365602808943,0.05,1,1,0.1202531645569619,True,True,True,False,False,TRUE_SAFE,-0.027123492919387676,0,CERTIFIED,True,FULL_INTERIOR,82444e4f495344856de94b0d72ab4a46843780c232e2f299b300fcafa8c4b4a1,b87cf615ab34b447e87bf447d79b9e4183a6e16fcef6223c57fad7be4aec6502,5ede397e186d32bd6522bad9e16c6ad3a0e7cbbb4fd18ca890d3c47cc055439c,5ede397e186d32bd6522bad9e16c6ad3a0e7cbbb4fd18ca890d3c47cc055439c,6cd0b52dd7ce8f064a636e3bfc8de9b2309a7dfb02abb27056836d0416fd20a6,357158a3c01d61e36098ae03786aeb48ee6065502c78a6578078aa2eb8873772,0|1|2|3|4|5|6|7|8|9|10|11|12|13|14|15|16|17|18|19|20|21|22|23|24|25|26|27|28|29,False,False,AGGREGATE_COVERAGE_RIDGE_V1,MISCOVERAGE_TRIGGERED_RESET_V1,1.0,raven_mcs,False
uair,0.4,31,0,uair|a=0.40|b0,CERTIFIED,31,0.09291814683070011,0.0408760156094848,0.052042131221215315,0.05,1,1,0.0759493670886075,True,True,True,False,False,TRUE_SAFE,0.016968779742092613,0,CERTIFIED,True,FULL_INTERIOR,82444e4f495344856de94b0d72ab4a46843780c232e2f299b300fcafa8c4b4a1,b87cf615ab34b447e87bf447d79b9e4183a6e16fcef6223c57fad7be4aec6502,5ede397e186d32bd6522bad9e16c6ad3a0e7cbbb4fd18ca890d3c47cc055439c,5ede397e186d32bd6522bad9e16c6ad3a0e7cbbb4fd18ca890d3c47cc055439c,6cd0b52dd7ce8f064a636e3bfc8de9b2309a7dfb02abb27056836d0416fd20a6,357158a3c01d61e36098ae03786aeb48ee6065502c78a6578078aa2eb8873772,0|1|2|3|4|5|6|7|8|9|10|11|12|13|14|15|16|17|18|19|20|21|22|23|24|25|26|27|28|29|30,False,False,AGGREGATE_COVERAGE_RIDGE_V1,MISCOVERAGE_TRIGGERED_RESET_V1,1.0,raven_mcs,False
uair,0.4,32,0,uair|a=0.40|b0,CERTIFIED,32,0.09157078296530186,0.0408760156094848,0.05069476735581706,0.05,1,1,0.0696202531645569,True,True,True,False,False,TRUE_SAFE,0.021950529800744953,0,CERTIFIED,True,FULL_INTERIOR,82444e4f495344856de94b0d72ab4a46843780c232e2f299b300fcafa8c4b4a1,b87cf615ab34b447e87bf447d79b9e4183a6e16fcef6223c57fad7be4aec6502,5ede397e186d32bd6522bad9e16c6ad3a0e7cbbb4fd18ca890d3c47cc055439c,5ede397e186d32bd6522bad9e16c6ad3a0e7cbbb4fd18ca890d3c47cc055439c,6cd0b52dd7ce8f064a636e3bfc8de9b2309a7dfb02abb27056836d0416fd20a6,357158a3c01d61e36098ae03786aeb48ee6065502c78a6578078aa2eb8873772,0|1|2|3|4|5|6|7|8|9|10|11|12|13|14|15|16|17|18|19|20|21|22|23|24|25|26|27|28|29|30|31,False,False,AGGREGATE_COVERAGE_RIDGE_V1,MISCOVERAGE_TRIGGERED_RESET_V1,1.0,raven_mcs,False
uair,0.4,33,0,uair|a=0.40|b0,CERTIFIED,33,0.09001312219761043,0.0408760156094848,0.04913710658812563,0.05,0,0,0.0886075949367088,True,False,True,False,True,FALSE_UNSAFE,0.0014055272609016234,0,CERTIFIED,True,FULL_INTERIOR,82444e4f495344856de94b0d72ab4a46843780c232e2f299b300fcafa8c4b4a1,b87cf615ab34b447e87bf447d79b9e4183a6e16fcef6223c57fad7be4aec6502,5ede397e186d32bd6522bad9e16c6ad3a0e7cbbb4fd18ca890d3c47cc055439c,5ede397e186d32bd6522bad9e16c6ad3a0e7cbbb4fd18ca890d3c47cc055439c,6cd0b52dd7ce8f064a636e3bfc8de9b2309a7dfb02abb27056836d0416fd20a6,357158a3c01d61e36098ae03786aeb48ee6065502c78a6578078aa2eb8873772,0|1|2|3|4|5|6|7|8|9|10|11|12|13|14|15|16|17|18|19|20|21|22|23|24|25|26|27|28|29|30|31|32,False,False,AGGREGATE_COVERAGE_RIDGE_V1,MISCOVERAGE_TRIGGERED_RESET_V1,1.0,raven_mcs,False
uair,0.4,34,0,uair|a=0.40|b0,CERTIFIED,34,0.08922967244891228,0.0408760156094848,0.04835365683942748,0.05,0,0,0.0664556962025316,True,False,True,False,True,FALSE_UNSAFE,0.02277397624638068,0,CERTIFIED,True,FULL_INTERIOR,82444e4f495344856de94b0d72ab4a46843780c232e2f299b300fcafa8c4b4a1,b87cf615ab34b447e87bf447d79b9e4183a6e16fcef6223c57fad7be4aec6502,5ede397e186d32bd6522bad9e16c6ad3a0e7cbbb4fd18ca890d3c47cc055439c,5ede397e186d32bd6522bad9e16c6ad3a0e7cbbb4fd18ca890d3c47cc055439c,6cd0b52dd7ce8f064a636e3bfc8de9b2309a7dfb02abb27056836d0416fd20a6,357158a3c01d61e36098ae03786aeb48ee6065502c78a6578078aa2eb8873772,0|1|2|3|4|5|6|7|8|9|10|11|12|13|14|15|16|17|18|19|20|21|22|23|24|25|26|27|28|29|30|31|32|33,False,False,AGGREGATE_COVERAGE_RIDGE_V1,MISCOVERAGE_TRIGGERED_RESET_V1,1.0,raven_mcs,False
uair,0.4,35,0,uair|a=0.40|b0,CERTIFIED,35,0.08796753056438687,0.0408760156094848,0.047091514954902075,0.05,0,0,0.1255274261603375,True,False,True,False,True,FALSE_UNSAFE,-0.03755989559595062,0,CERTIFIED,True,FULL_INTERIOR,82444e4f495344856de94b0d72ab4a46843780c232e2f299b300fcafa8c4b4a1,b87cf615ab34b447e87bf447d79b9e4183a6e16fcef6223c57fad7be4aec6502,5ede397e186d32bd6522bad9e16c6ad3a0e7cbbb4fd18ca890d3c47cc055439c,5ede397e186d32bd6522bad9e16c6ad3a0e7cbbb4fd18ca890d3c47cc055439c,6cd0b52dd7ce8f064a636e3bfc8de9b2309a7dfb02abb27056836d0416fd20a6,357158a3c01d61e36098ae03786aeb48ee6065502c78a6578078aa2eb8873772,0|1|2|3|4|5|6|7|8|9|10|11|12|13|14|15|16|17|18|19|20|21|22|23|24|25|26|27|28|29|30|31|32|33|34,False,False,AGGREGATE_COVERAGE_RIDGE_V1,MISCOVERAGE_TRIGGERED_RESET_V1,1.0,raven_mcs,False
uair,0.4,36,0,uair|a=0.40|b0,CERTIFIED,36,0.08763023581084518,0.0408760156094848,0.046754220201360386,0.05,0,0,0.1033755274261603,True,False,True,False,True,FALSE_UNSAFE,-0.015745291615315113,0,CERTIFIED,True,FULL_INTERIOR,82444e4f495344856de94b0d72ab4a46843780c232e2f299b300fcafa8c4b4a1,b87cf615ab34b447e87bf447d79b9e4183a6e16fcef6223c57fad7be4aec6502,5ede397e186d32bd6522bad9e16c6ad3a0e7cbbb4fd18ca890d3c47cc055439c,5ede397e186d32bd6522bad9e16c6ad3a0e7cbbb4fd18ca890d3c47cc055439c,6cd0b52dd7ce8f064a636e3bfc8de9b2309a7dfb02abb27056836d0416fd20a6,357158a3c01d61e36098ae03786aeb48ee6065502c78a6578078aa2eb8873772,0|1|2|3|4|5|6|7|8|9|10|11|12|13|14|15|16|17|18|19|20|21|22|23|24|25|26|27|28|29|30|31|32|33|34|35,False,False,AGGREGATE_COVERAGE_RIDGE_V1,MISCOVERAGE_TRIGGERED_RESET_V1,1.0,raven_mcs,False
uair,0.4,37,0,uair|a=0.40|b0,CERTIFIED,37,0.08693672549347398,0.0408760156094848,0.04606070988398918,0.05,0,0,0.110759493670886,True,False,True,False,True,FALSE_UNSAFE,-0.023822768177412024,0,CERTIFIED,True,FULL_INTERIOR,82444e4f495344856de94b0d72ab4a46843780c232e2f299b300fcafa8c4b4a1,b87cf615ab34b447e87bf447d79b9e4183a6e16fcef6223c57fad7be4aec6502,5ede397e186d32bd6522bad9e16c6ad3a0e7cbbb4fd18ca890d3c47cc055439c,5ede397e186d32bd6522bad9e16c6ad3a0e7cbbb4fd18ca890d3c47cc055439c,6cd0b52dd7ce8f064a636e3bfc8de9b2309a7dfb02abb27056836d0416fd20a6,357158a3c01d61e36098ae03786aeb48ee6065502c78a6578078aa2eb8873772,0|1|2|3|4|5|6|7|8|9|10|11|12|13|14|15|16|17|18|19|20|21|22|23|24|25|26|27|28|29|30|31|32|33|34|35|36,False,False,AGGREGATE_COVERAGE_RIDGE_V1,MISCOVERAGE_TRIGGERED_RESET_V1,1.0,raven_mcs,False
uair,0.4,38,0,uair|a=0.40|b0,CERTIFIED,38,0.08593755546235464,0.0408760156094848,0.04506153985286984,0.05,0,0,0.1255274261603375,True,False,True,False,True,FALSE_UNSAFE,-0.03958987069798285,0,CERTIFIED,True,FULL_INTERIOR,82444e4f495344856de94b0d72ab4a46843780c232e2f299b300fcafa8c4b4a1,b87cf615ab34b447e87bf447d79b9e4183a6e16fcef6223c57fad7be4aec6502,5ede397e186d32bd6522bad9e16c6ad3a0e7cbbb4fd18ca890d3c47cc055439c,5ede397e186d32bd6522bad9e16c6ad3a0e7cbbb4fd18ca890d3c47cc055439c,6cd0b52dd7ce8f064a636e3bfc8de9b2309a7dfb02abb27056836d0416fd20a6,357158a3c01d61e36098ae03786aeb48ee6065502c78a6578078aa2eb8873772,0|1|2|3|4|5|6|7|8|9|10|11|12|13|14|15|16|17|18|19|20|21|22|23|24|25|26|27|28|29|30|31|32|33|34|35|36|37,False,False,AGGREGATE_COVERAGE_RIDGE_V1,MISCOVERAGE_TRIGGERED_RESET_V1,1.0,raven_mcs,False
uair,0.4,39,0,uair|a=0.40|b0,CERTIFIED,39,0.08563207745206186,0.0327580898870865,0.05287398756497536,0.05,1,1,0.100210970464135,True,True,True,False,False,TRUE_SAFE,-0.014578893012073144,0,CERTIFIED,True,FULL_INTERIOR,82444e4f495344856de94b0d72ab4a46843780c232e2f299b300fcafa8c4b4a1,b87cf615ab34b447e87bf447d79b9e4183a6e16fcef6223c57fad7be4aec6502,5ede397e186d32bd6522bad9e16c6ad3a0e7cbbb4fd18ca890d3c47cc055439c,5ede397e186d32bd6522bad9e16c6ad3a0e7cbbb4fd18ca890d3c47cc055439c,6cd0b52dd7ce8f064a636e3bfc8de9b2309a7dfb02abb27056836d0416fd20a6,357158a3c01d61e36098ae03786aeb48ee6065502c78a6578078aa2eb8873772,0|1|2|3|4|5|6|7|8|9|10|11|12|13|14|15|16|17|18|19|20|21|22|23|24|25|26|27|28|29|30|31|32|33|34|35|36|37|38,False,False,AGGREGATE_COVERAGE_RIDGE_V1,MISCOVERAGE_TRIGGERED_RESET_V1,1.0,raven_mcs,False
uair,0.4,40,0,uair|a=0.40|b0,CERTIFIED,40,0.08500653395384508,0.0327580898870865,0.05224844406675858,0.05,1,1,0.0935302390998594,True,True,True,False,False,TRUE_SAFE,-0.008523705146014318,0,CERTIFIED,True,FULL_INTERIOR,82444e4f495344856de94b0d72ab4a46843780c232e2f299b300fcafa8c4b4a1,b87cf615ab34b447e87bf447d79b9e4183a6e16fcef6223c57fad7be4aec6502,5ede397e186d32bd6522bad9e16c6ad3a0e7cbbb4fd18ca890d3c47cc055439c,5ede397e186d32bd6522bad9e16c6ad3a0e7cbbb4fd18ca890d3c47cc055439c,6cd0b52dd7ce8f064a636e3bfc8de9b2309a7dfb02abb27056836d0416fd20a6,357158a3c01d61e36098ae03786aeb48ee6065502c78a6578078aa2eb8873772,0|1|2|3|4|5|6|7|8|9|10|11|12|13|14|15|16|17|18|19|20|21|22|23|24|25|26|27|28|29|30|31|32|33|34|35|36|37|38|39,False,False,AGGREGATE_COVERAGE_RIDGE_V1,MISCOVERAGE_TRIGGERED_RESET_V1,1.0,raven_mcs,False
uair,0.4,41,0,uair|a=0.40|b0,CERTIFIED,41,0.08449816534495044,0.0327580898870865,0.051740075457863945,0.05,1,1,0.1269338959212377,True,True,True,False,False,TRUE_SAFE,-0.042435730576287245,0,CERTIFIED,True,FULL_INTERIOR,82444e4f495344856de94b0d72ab4a46843780c232e2f299b300fcafa8c4b4a1,b87cf615ab34b447e87bf447d79b9e4183a6e16fcef6223c57fad7be4aec6502,5ede397e186d32bd6522bad9e16c6ad3a0e7cbbb4fd18ca890d3c47cc055439c,5ede397e186d32bd6522bad9e16c6ad3a0e7cbbb4fd18ca890d3c47cc055439c,6cd0b52dd7ce8f064a636e3bfc8de9b2309a7dfb02abb27056836d0416fd20a6,357158a3c01d61e36098ae03786aeb48ee6065502c78a6578078aa2eb8873772,0|1|2|3|4|5|6|7|8|9|10|11|12|13|14|15|16|17|18|19|20|21|22|23|24|25|26|27|28|29|30|31|32|33|34|35|36|37|38|39|40,False,False,AGGREGATE_COVERAGE_RIDGE_V1,MISCOVERAGE_TRIGGERED_RESET_V1,1.0,raven_mcs,False
uair,0.4,42,0,uair|a=0.40|b0,CERTIFIED,42,0.08519279503158264,0.0327580898870865,0.05243470514449614,0.05,1,1,0.1135724331926863,True,True,True,False,False,TRUE_SAFE,-0.028379638161103657,0,CERTIFIED,True,FULL_INTERIOR,82444e4f495344856de94b0d72ab4a46843780c232e2f299b300fcafa8c4b4a1,b87cf615ab34b447e87bf447d79b9e4183a6e16fcef6223c57fad7be4aec6502,5ede397e186d32bd6522bad9e16c6ad3a0e7cbbb4fd18ca890d3c47cc055439c,5ede397e186d32bd6522bad9e16c6ad3a0e7cbbb4fd18ca890d3c47cc055439c,6cd0b52dd7ce8f064a636e3bfc8de9b2309a7dfb02abb27056836d0416fd20a6,357158a3c01d61e36098ae03786aeb48ee6065502c78a6578078aa2eb8873772,0|1|2|3|4|5|6|7|8|9|10|11|12|13|14|15|16|17|18|19|20|21|22|23|24|25|26|27|28|29|30|31|32|33|34|35|36|37|38|39|40|41,False,False,AGGREGATE_COVERAGE_RIDGE_V1,MISCOVERAGE_TRIGGERED_RESET_V1,1.0,raven_mcs,False
uair,0.4,43,0,uair|a=0.40|b0,CERTIFIED,43,0.08585765329536717,0.0327580898870865,0.05309956340828067,0.05,1,1,0.1135724331926863,True,True,True,False,False,TRUE_SAFE,-0.02771477989731913,0,CERTIFIED,True,FULL_INTERIOR,82444e4f495344856de94b0d72ab4a46843780c232e2f299b300fcafa8c4b4a1,b87cf615ab34b447e87bf447d79b9e4183a6e16fcef6223c57fad7be4aec6502,5ede397e186d32bd6522bad9e16c6ad3a0e7cbbb4fd18ca890d3c47cc055439c,5ede397e186d32bd6522bad9e16c6ad3a0e7cbbb4fd18ca890d3c47cc055439c,6cd0b52dd7ce8f064a636e3bfc8de9b2309a7dfb02abb27056836d0416fd20a6,357158a3c01d61e36098ae03786aeb48ee6065502c78a6578078aa2eb8873772,0|1|2|3|4|5|6|7|8|9|10|11|12|13|14|15|16|17|18|19|20|21|22|23|24|25|26|27|28|29|30|31|32|33|34|35|36|37|38|39|40|41|42,False,False,AGGREGATE_COVERAGE_RIDGE_V1,MISCOVERAGE_TRIGGERED_RESET_V1,1.0,raven_mcs,False
uair,0.4,44,0,uair|a=0.40|b0,CERTIFIED,44,0.08638624858092753,0.0327580898870865,0.05362815869384103,0.05,1,1,0.100210970464135,True,True,True,False,False,TRUE_SAFE,-0.013824721883207478,0,CERTIFIED,True,FULL_INTERIOR,82444e4f495344856de94b0d72ab4a46843780c232e2f299b300fcafa8c4b4a1,b87cf615ab34b447e87bf447d79b9e4183a6e16fcef6223c57fad7be4aec6502,5ede397e186d32bd6522bad9e16c6ad3a0e7cbbb4fd18ca890d3c47cc055439c,5ede397e186d32bd6522bad9e16c6ad3a0e7cbbb4fd18ca890d3c47cc055439c,6cd0b52dd7ce8f064a636e3bfc8de9b2309a7dfb02abb27056836d0416fd20a6,357158a3c01d61e36098ae03786aeb48ee6065502c78a6578078aa2eb8873772,0|1|2|3|4|5|6|7|8|9|10|11|12|13|14|15|16|17|18|19|20|21|22|23|24|25|26|27|28|29|30|31|32|33|34|35|36|37|38|39|40|41|42|43,False,False,AGGREGATE_COVERAGE_RIDGE_V1,MISCOVERAGE_TRIGGERED_RESET_V1,1.0,raven_mcs,False
uair,0.4,45,0,uair|a=0.40|b0,CERTIFIED,45,0.08705251664497703,0.0327580898870865,0.05429442675789053,0.05,1,1,0.0759493670886076,True,True,True,False,False,TRUE_SAFE,0.01110314955636943,0,CERTIFIED,True,FULL_INTERIOR,82444e4f495344856de94b0d72ab4a46843780c232e2f299b300fcafa8c4b4a1,b87cf615ab34b447e87bf447d79b9e4183a6e16fcef6223c57fad7be4aec6502,5ede397e186d32bd6522bad9e16c6ad3a0e7cbbb4fd18ca890d3c47cc055439c,5ede397e186d32bd6522bad9e16c6ad3a0e7cbbb4fd18ca890d3c47cc055439c,6cd0b52dd7ce8f064a636e3bfc8de9b2309a7dfb02abb27056836d0416fd20a6,357158a3c01d61e36098ae03786aeb48ee6065502c78a6578078aa2eb8873772,0|1|2|3|4|5|6|7|8|9|10|11|12|13|14|15|16|17|18|19|20|21|22|23|24|25|26|27|28|29|30|31|32|33|34|35|36|37|38|39|40|41|42|43|44,False,False,AGGREGATE_COVERAGE_RIDGE_V1,MISCOVERAGE_TRIGGERED_RESET_V1,1.0,raven_mcs,False
uair,0.4,46,0,uair|a=0.40|b0,CERTIFIED,46,0.08747951463738012,0.0327580898870865,0.05472142475029362,0.05,1,1,0.0860759493670886,True,True,True,False,False,TRUE_SAFE,0.0014035652702915208,0,CERTIFIED,True,FULL_INTERIOR,82444e4f495344856de94b0d72ab4a46843780c232e2f299b300fcafa8c4b4a1,b87cf615ab34b447e87bf447d79b9e4183a6e16fcef6223c57fad7be4aec6502,5ede397e186d32bd6522bad9e16c6ad3a0e7cbbb4fd18ca890d3c47cc055439c,5ede397e186d32bd6522bad9e16c6ad3a0e7cbbb4fd18ca890d3c47cc055439c,6cd0b52dd7ce8f064a636e3bfc8de9b2309a7dfb02abb27056836d0416fd20a6,357158a3c01d61e36098ae03786aeb48ee6065502c78a6578078aa2eb8873772,0|1|2|3|4|5|6|7|8|9|10|11|12|13|14|15|16|17|18|19|20|21|22|23|24|25|26|27|28|29|30|31|32|33|34|35|36|37|38|39|40|41|42|43|44|45,False,False,AGGREGATE_COVERAGE_RIDGE_V1,MISCOVERAGE_TRIGGERED_RESET_V1,1.0,raven_mcs,False
uair,0.4,47,0,uair|a=0.40|b0,CERTIFIED,47,0.0884220160437149,0.0327580898870865,0.0556639261566284,0.05,1,1,0.0556962025316455,True,True,True,False,False,TRUE_SAFE,0.0327258135120694,0,CERTIFIED,True,FULL_INTERIOR,82444e4f495344856de94b0d72ab4a46843780c232e2f299b300fcafa8c4b4a1,b87cf615ab34b447e87bf447d79b9e4183a6e16fcef6223c57fad7be4aec6502,5ede397e186d32bd6522bad9e16c6ad3a0e7cbbb4fd18ca890d3c47cc055439c,5ede397e186d32bd6522bad9e16c6ad3a0e7cbbb4fd18ca890d3c47cc055439c,6cd0b52dd7ce8f064a636e3bfc8de9b2309a7dfb02abb27056836d0416fd20a6,357158a3c01d61e36098ae03786aeb48ee6065502c78a6578078aa2eb8873772,0|1|2|3|4|5|6|7|8|9|10|11|12|13|14|15|16|17|18|19|20|21|22|23|24|25|26|27|28|29|30|31|32|33|34|35|36|37|38|39|40|41|42|43|44|45|46,True,False,AGGREGATE_COVERAGE_RIDGE_V1,MISCOVERAGE_TRIGGERED_RESET_V1,1.0,raven_mcs,False
uair,0.4,48,0,uair|a=0.40|b0,CERTIFIED,48,0.08907083211611962,0.0327580898870865,0.05631274222903312,0.05,1,1,0.060759493670886,True,True,True,False,False,TRUE_SAFE,0.02831133844523362,0,CERTIFIED,True,FULL_INTERIOR,82444e4f495344856de94b0d72ab4a46843780c232e2f299b300fcafa8c4b4a1,b87cf615ab34b447e87bf447d79b9e4183a6e16fcef6223c57fad7be4aec6502,5ede397e186d32bd6522bad9e16c6ad3a0e7cbbb4fd18ca890d3c47cc055439c,5ede397e186d32bd6522bad9e16c6ad3a0e7cbbb4fd18ca890d3c47cc055439c,6cd0b52dd7ce8f064a636e3bfc8de9b2309a7dfb02abb27056836d0416fd20a6,357158a3c01d61e36098ae03786aeb48ee6065502c78a6578078aa2eb8873772,0|1|2|3|4|5|6|7|8|9|10|11|12|13|14|15|16|17|18|19|20|21|22|23|24|25|26|27|28|29|30|31|32|33|34|35|36|37|38|39|40|41|42|43|44|45|46|47,False,False,AGGREGATE_COVERAGE_RIDGE_V1,MISCOVERAGE_TRIGGERED_RESET_V1,1.0,raven_mcs,False
uair,0.4,49,0,uair|a=0.40|b0,CERTIFIED,49,0.08976907885860304,0.0327580898870865,0.05701098897151654,0.05,1,1,0.0556962025316455,True,True,False,False,False,TRUE_SAFE,0.03407287632695754,1,RESET,True,FULL_INTERIOR,82444e4f495344856de94b0d72ab4a46843780c232e2f299b300fcafa8c4b4a1,b87cf615ab34b447e87bf447d79b9e4183a6e16fcef6223c57fad7be4aec6502,5ede397e186d32bd6522bad9e16c6ad3a0e7cbbb4fd18ca890d3c47cc055439c,5ede397e186d32bd6522bad9e16c6ad3a0e7cbbb4fd18ca890d3c47cc055439c,6cd0b52dd7ce8f064a636e3bfc8de9b2309a7dfb02abb27056836d0416fd20a6,357158a3c01d61e36098ae03786aeb48ee6065502c78a6578078aa2eb8873772,0|1|2|3|4|5|6|7|8|9|10|11|12|13|14|15|16|17|18|19|20|21|22|23|24|25|26|27|28|29|30|31|32|33|34|35|36|37|38|39|40|41|42|43|44|45|46|47|48,True,False,AGGREGATE_COVERAGE_RIDGE_V1,MISCOVERAGE_TRIGGERED_RESET_V1,1.0,raven_mcs,False
uair,0.4,50,1,uair|a=0.40|b1,RESET,0,0.08911793901822805,,0.0,0.05,0,0,0.0658227848101266,True,False,True,False,True,FALSE_UNSAFE,0.02329515420810145,0,WARMUP,True,FULL_INTERIOR,82444e4f495344856de94b0d72ab4a46843780c232e2f299b300fcafa8c4b4a1,b87cf615ab34b447e87bf447d79b9e4183a6e16fcef6223c57fad7be4aec6502,90eef192ba71488bfd50911219798b214996307a5ac686f6f590f9e3edfa2c7b,90eef192ba71488bfd50911219798b214996307a5ac686f6f590f9e3edfa2c7b,6cd0b52dd7ce8f064a636e3bfc8de9b2309a7dfb02abb27056836d0416fd20a6,357158a3c01d61e36098ae03786aeb48ee6065502c78a6578078aa2eb8873772,,False,True,AGGREGATE_COVERAGE_RIDGE_V1,MISCOVERAGE_TRIGGERED_RESET_V1,1.0,raven_mcs,False
uair,0.4,51,1,uair|a=0.40|b1,WARMUP,1,0.011772618854336392,,0.0,0.05,0,0,0.0147679324894514,False,False,True,False,False,TRUE_UNSAFE,-0.0029953136351150086,0,WARMUP,True,FULL_INTERIOR,82444e4f495344856de94b0d72ab4a46843780c232e2f299b300fcafa8c4b4a1,b87cf615ab34b447e87bf447d79b9e4183a6e16fcef6223c57fad7be4aec6502,90eef192ba71488bfd50911219798b214996307a5ac686f6f590f9e3edfa2c7b,90eef192ba71488bfd50911219798b214996307a5ac686f6f590f9e3edfa2c7b,6cd0b52dd7ce8f064a636e3bfc8de9b2309a7dfb02abb27056836d0416fd20a6,357158a3c01d61e36098ae03786aeb48ee6065502c78a6578078aa2eb8873772,50,False,True,AGGREGATE_COVERAGE_RIDGE_V1,MISCOVERAGE_TRIGGERED_RESET_V1,1.0,raven_mcs,False
uair,0.4,52,1,uair|a=0.40|b1,WARMUP,2,0.011353539945725,,0.0,0.05,0,0,0.0126582278481012,False,False,True,False,False,TRUE_UNSAFE,-0.0013046879023762004,0,WARMUP,True,FULL_BOUNDARY,82444e4f495344856de94b0d72ab4a46843780c232e2f299b300fcafa8c4b4a1,b87cf615ab34b447e87bf447d79b9e4183a6e16fcef6223c57fad7be4aec6502,90eef192ba71488bfd50911219798b214996307a5ac686f6f590f9e3edfa2c7b,90eef192ba71488bfd50911219798b214996307a5ac686f6f590f9e3edfa2c7b,6cd0b52dd7ce8f064a636e3bfc8de9b2309a7dfb02abb27056836d0416fd20a6,357158a3c01d61e36098ae03786aeb48ee6065502c78a6578078aa2eb8873772,50|51,False,True,AGGREGATE_COVERAGE_RIDGE_V1,MISCOVERAGE_TRIGGERED_RESET_V1,1.0,raven_mcs,False
uair,0.2,0,0,uair|a=0.20|b0,WARMUP,0,0.0042335790787372575,,0.0,0.05,0,0,0.0075949367088607,False,False,True,False,False,TRUE_UNSAFE,-0.0033613576301234427,0,WARMUP,True,FULL_BOUNDARY,82444e4f495344856de94b0d72ab4a46843780c232e2f299b300fcafa8c4b4a1,b87cf615ab34b447e87bf447d79b9e4183a6e16fcef6223c57fad7be4aec6502,f102f07616af4207f141de1c5f8f7921780e5b0def75e17c524586dd06d18eac,f102f07616af4207f141de1c5f8f7921780e5b0def75e17c524586dd06d18eac,6cd0b52dd7ce8f064a636e3bfc8de9b2309a7dfb02abb27056836d0416fd20a6,357158a3c01d61e36098ae03786aeb48ee6065502c78a6578078aa2eb8873772,,False,True,AGGREGATE_COVERAGE_RIDGE_V1,MISCOVERAGE_TRIGGERED_RESET_V1,1.0,raven_mcs,False
uair,0.2,1,0,uair|a=0.20|b0,WARMUP,1,0.00470853095429646,,0.0,0.05,0,0,0.0050632911392405,False,False,True,False,False,TRUE_UNSAFE,-0.0003547601849440401,0,WARMUP,True,FULL_INTERIOR,82444e4f495344856de94b0d72ab4a46843780c232e2f299b300fcafa8c4b4a1,b87cf615ab34b447e87bf447d79b9e4183a6e16fcef6223c57fad7be4aec6502,f102f07616af4207f141de1c5f8f7921780e5b0def75e17c524586dd06d18eac,f102f07616af4207f141de1c5f8f7921780e5b0def75e17c524586dd06d18eac,6cd0b52dd7ce8f064a636e3bfc8de9b2309a7dfb02abb27056836d0416fd20a6,357158a3c01d61e36098ae03786aeb48ee6065502c78a6578078aa2eb8873772,0,False,True,AGGREGATE_COVERAGE_RIDGE_V1,MISCOVERAGE_TRIGGERED_RESET_V1,1.0,raven_mcs,False
uair,0.2,2,0,uair|a=0.20|b0,WARMUP,2,0.005133596995961662,,0.0,0.05,0,0,0.0063291139240506,False,False,True,False,False,TRUE_UNSAFE,-0.001195516928088938,0,WARMUP,True,FULL_INTERIOR,82444e4f495344856de94b0d72ab4a46843780c232e2f299b300fcafa8c4b4a1,b87cf615ab34b447e87bf447d79b9e4183a6e16fcef6223c57fad7be4aec6502,f102f07616af4207f141de1c5f8f7921780e5b0def75e17c524586dd06d18eac,f102f07616af4207f141de1c5f8f7921780e5b0def75e17c524586dd06d18eac,6cd0b52dd7ce8f064a636e3bfc8de9b2309a7dfb02abb27056836d0416fd20a6,357158a3c01d61e36098ae03786aeb48ee6065502c78a6578078aa2eb8873772,0|1,False,True,AGGREGATE_COVERAGE_RIDGE_V1,MISCOVERAGE_TRIGGERED_RESET_V1,1.0,raven_mcs,False
uair,0.2,3,0,uair|a=0.20|b0,WARMUP,3,0.04388335728128305,,0.0,0.05,0,0,0.0253164556962025,False,False,True,False,False,TRUE_UNSAFE,0.01856690158508055,0,WARMUP,True,FULL_INTERIOR,82444e4f495344856de94b0d72ab4a46843780c232e2f299b300fcafa8c4b4a1,b87cf615ab34b447e87bf447d79b9e4183a6e16fcef6223c57fad7be4aec6502,f102f07616af4207f141de1c5f8f7921780e5b0def75e17c524586dd06d18eac,f102f07616af4207f141de1c5f8f7921780e5b0def75e17c524586dd06d18eac,6cd0b52dd7ce8f064a636e3bfc8de9b2309a7dfb02abb27056836d0416fd20a6,357158a3c01d61e36098ae03786aeb48ee6065502c78a6578078aa2eb8873772,0|1|2,False,True,AGGREGATE_COVERAGE_RIDGE_V1,MISCOVERAGE_TRIGGERED_RESET_V1,1.0,raven_mcs,False
uair,0.2,4,0,uair|a=0.20|b0,WARMUP,4,0.04421281121733426,,0.0,0.05,0,0,0.0126582278481012,False,False,True,False,False,TRUE_UNSAFE,0.03155458336923306,0,WARMUP,True,FULL_INTERIOR,82444e4f495344856de94b0d72ab4a46843780c232e2f299b300fcafa8c4b4a1,b87cf615ab34b447e87bf447d79b9e4183a6e16fcef6223c57fad7be4aec6502,f102f07616af4207f141de1c5f8f7921780e5b0def75e17c524586dd06d18eac,f102f07616af4207f141de1c5f8f7921780e5b0def75e17c524586dd06d18eac,6cd0b52dd7ce8f064a636e3bfc8de9b2309a7dfb02abb27056836d0416fd20a6,357158a3c01d61e36098ae03786aeb48ee6065502c78a6578078aa2eb8873772,0|1|2|3,False,True,AGGREGATE_COVERAGE_RIDGE_V1,MISCOVERAGE_TRIGGERED_RESET_V1,1.0,raven_mcs,False
uair,0.2,5,0,uair|a=0.20|b0,WARMUP,5,0.044379823069205786,,0.0,0.05,0,0,0.0316455696202531,False,False,True,False,False,TRUE_UNSAFE,0.012734253448952688,0,WARMUP,True,FULL_INTERIOR,82444e4f495344856de94b0d72ab4a46843780c232e2f299b300fcafa8c4b4a1,b87cf615ab34b447e87bf447d79b9e4183a6e16fcef6223c57fad7be4aec6502,f102f07616af4207f141de1c5f8f7921780e5b0def75e17c524586dd06d18eac,f102f07616af4207f141de1c5f8f7921780e5b0def75e17c524586dd06d18eac,6cd0b52dd7ce8f064a636e3bfc8de9b2309a7dfb02abb27056836d0416fd20a6,357158a3c01d61e36098ae03786aeb48ee6065502c78a6578078aa2eb8873772,0|1|2|3|4,False,True,AGGREGATE_COVERAGE_RIDGE_V1,MISCOVERAGE_TRIGGERED_RESET_V1,1.0,raven_mcs,False
uair,0.2,6,0,uair|a=0.20|b0,WARMUP,6,0.04444035216447785,,0.0,0.05,0,0,0.0253164556962025,False,False,True,False,False,TRUE_UNSAFE,0.01912389646827535,0,WARMUP,True,FULL_INTERIOR,82444e4f495344856de94b0d72ab4a46843780c232e2f299b300fcafa8c4b4a1,b87cf615ab34b447e87bf447d79b9e4183a6e16fcef6223c57fad7be4aec6502,f102f07616af4207f141de1c5f8f7921780e5b0def75e17c524586dd06d18eac,f102f07616af4207f141de1c5f8f7921780e5b0def75e17c524586dd06d18eac,6cd0b52dd7ce8f064a636e3bfc8de9b2309a7dfb02abb27056836d0416fd20a6,357158a3c01d61e36098ae03786aeb48ee6065502c78a6578078aa2eb8873772,0|1|2|3|4|5,False,True,AGGREGATE_COVERAGE_RIDGE_V1,MISCOVERAGE_TRIGGERED_RESET_V1,1.0,raven_mcs,False
uair,0.2,7,0,uair|a=0.20|b0,WARMUP,7,0.04439881695565187,,0.0,0.05,0,0,0.0379746835443037,False,False,True,False,False,TRUE_UNSAFE,0.006424133411348169,0,WARMUP,True,FULL_INTERIOR,82444e4f495344856de94b0d72ab4a46843780c232e2f299b300fcafa8c4b4a1,b87cf615ab34b447e87bf447d79b9e4183a6e16fcef6223c57fad7be4aec6502,f102f07616af4207f141de1c5f8f7921780e5b0def75e17c524586dd06d18eac,f102f07616af4207f141de1c5f8f7921780e5b0def75e17c524586dd06d18eac,6cd0b52dd7ce8f064a636e3bfc8de9b2309a7dfb02abb27056836d0416fd20a6,357158a3c01d61e36098ae03786aeb48ee6065502c78a6578078aa2eb8873772,0|1|2|3|4|5|6,False,True,AGGREGATE_COVERAGE_RIDGE_V1,MISCOVERAGE_TRIGGERED_RESET_V1,1.0,raven_mcs,False
uair,0.2,8,0,uair|a=0.20|b0,WARMUP,8,0.044230171759297846,,0.0,0.05,0,0,0.0569620253164556,True,False,True,False,True,FALSE_UNSAFE,-0.012731853557157752,0,WARMUP,True,FULL_INTERIOR,82444e4f495344856de94b0d72ab4a46843780c232e2f299b300fcafa8c4b4a1,b87cf615ab34b447e87bf447d79b9e4183a6e16fcef6223c57fad7be4aec6502,f102f07616af4207f141de1c5f8f7921780e5b0def75e17c524586dd06d18eac,f102f07616af4207f141de1c5f8f7921780e5b0def75e17c524586dd06d18eac,6cd0b52dd7ce8f064a636e3bfc8de9b2309a7dfb02abb27056836d0416fd20a6,357158a3c01d61e36098ae03786aeb48ee6065502c78a6578078aa2eb8873772,0|1|2|3|4|5|6|7,True,True,AGGREGATE_COVERAGE_RIDGE_V1,MISCOVERAGE_TRIGGERED_RESET_V1,1.0,raven_mcs,False
uair,0.2,9,0,uair|a=0.20|b0,WARMUP,9,0.044054796290676185,,0.0,0.05,0,0,0.0443037974683544,False,False,True,False,False,TRUE_UNSAFE,-0.00024900117767821806,0,WARMUP,True,FULL_INTERIOR,82444e4f495344856de94b0d72ab4a46843780c232e2f299b300fcafa8c4b4a1,b87cf615ab34b447e87bf447d79b9e4183a6e16fcef6223c57fad7be4aec6502,f102f07616af4207f141de1c5f8f7921780e5b0def75e17c524586dd06d18eac,f102f07616af4207f141de1c5f8f7921780e5b0def75e17c524586dd06d18eac,6cd0b52dd7ce8f064a636e3bfc8de9b2309a7dfb02abb27056836d0416fd20a6,357158a3c01d61e36098ae03786aeb48ee6065502c78a6578078aa2eb8873772,0|1|2|3|4|5|6|7|8,True,True,AGGREGATE_COVERAGE_RIDGE_V1,MISCOVERAGE_TRIGGERED_RESET_V1,1.0,raven_mcs,False
uair,0.2,10,0,uair|a=0.20|b0,WARMUP,10,0.04370849579112052,,0.0,0.05,0,0,0.0443037974683544,False,False,True,False,False,TRUE_UNSAFE,-0.0005953016772338796,0,WARMUP,True,FULL_INTERIOR,82444e4f495344856de94b0d72ab4a46843780c232e2f299b300fcafa8c4b4a1,b87cf615ab34b447e87bf447d79b9e4183a6e16fcef6223c57fad7be4aec6502,f102f07616af4207f141de1c5f8f7921780e5b0def75e17c524586dd06d18eac,f102f07616af4207f141de1c5f8f7921780e5b0def75e17c524586dd06d18eac,6cd0b52dd7ce8f064a636e3bfc8de9b2309a7dfb02abb27056836d0416fd20a6,357158a3c01d61e36098ae03786aeb48ee6065502c78a6578078aa2eb8873772,0|1|2|3|4|5|6|7|8|9,True,True,AGGREGATE_COVERAGE_RIDGE_V1,MISCOVERAGE_TRIGGERED_RESET_V1,1.0,raven_mcs,False
uair,0.2,11,0,uair|a=0.20|b0,WARMUP,11,0.043246485001192866,,0.0,0.05,0,0,0.0516877637130801,True,False,True,False,True,FALSE_UNSAFE,-0.008441278711887233,0,WARMUP,True,FULL_INTERIOR,82444e4f495344856de94b0d72ab4a46843780c232e2f299b300fcafa8c4b4a1,b87cf615ab34b447e87bf447d79b9e4183a6e16fcef6223c57fad7be4aec6502,f102f07616af4207f141de1c5f8f7921780e5b0def75e17c524586dd06d18eac,f102f07616af4207f141de1c5f8f7921780e5b0def75e17c524586dd06d18eac,6cd0b52dd7ce8f064a636e3bfc8de9b2309a7dfb02abb27056836d0416fd20a6,357158a3c01d61e36098ae03786aeb48ee6065502c78a6578078aa2eb8873772,0|1|2|3|4|5|6|7|8|9|10,True,True,AGGREGATE_COVERAGE_RIDGE_V1,MISCOVERAGE_TRIGGERED_RESET_V1,1.0,raven_mcs,False
uair,0.2,12,0,uair|a=0.20|b0,WARMUP,12,0.04282768094555418,,0.0,0.05,0,0,0.0295358649789029,False,False,True,False,False,TRUE_UNSAFE,0.013291815966651275,0,WARMUP,True,FULL_INTERIOR,82444e4f495344856de94b0d72ab4a46843780c232e2f299b300fcafa8c4b4a1,b87cf615ab34b447e87bf447d79b9e4183a6e16fcef6223c57fad7be4aec6502,f102f07616af4207f141de1c5f8f7921780e5b0def75e17c524586dd06d18eac,f102f07616af4207f141de1c5f8f7921780e5b0def75e17c524586dd06d18eac,6cd0b52dd7ce8f064a636e3bfc8de9b2309a7dfb02abb27056836d0416fd20a6,357158a3c01d61e36098ae03786aeb48ee6065502c78a6578078aa2eb8873772,0|1|2|3|4|5|6|7|8|9|10|11,False,True,AGGREGATE_COVERAGE_RIDGE_V1,MISCOVERAGE_TRIGGERED_RESET_V1,1.0,raven_mcs,False
uair,0.2,13,0,uair|a=0.20|b0,WARMUP,13,0.04233481788849253,,0.0,0.05,0,0,0.0664556962025316,True,False,True,False,True,FALSE_UNSAFE,-0.024120878314039064,0,WARMUP,True,FULL_INTERIOR,82444e4f495344856de94b0d72ab4a46843780c232e2f299b300fcafa8c4b4a1,b87cf615ab34b447e87bf447d79b9e4183a6e16fcef6223c57fad7be4aec6502,f102f07616af4207f141de1c5f8f7921780e5b0def75e17c524586dd06d18eac,f102f07616af4207f141de1c5f8f7921780e5b0def75e17c524586dd06d18eac,6cd0b52dd7ce8f064a636e3bfc8de9b2309a7dfb02abb27056836d0416fd20a6,357158a3c01d61e36098ae03786aeb48ee6065502c78a6578078aa2eb8873772,0|1|2|3|4|5|6|7|8|9|10|11|12,False,True,AGGREGATE_COVERAGE_RIDGE_V1,MISCOVERAGE_TRIGGERED_RESET_V1,1.0,raven_mcs,False
uair,0.2,14,0,uair|a=0.20|b0,WARMUP,14,0.041995362340591105,,0.0,0.05,0,0,0.0590717299578058,True,False,True,False,True,FALSE_UNSAFE,-0.017076367617214698,0,WARMUP,True,FULL_INTERIOR,82444e4f495344856de94b0d72ab4a46843780c232e2f299b300fcafa8c4b4a1,b87cf615ab34b447e87bf447d79b9e4183a6e16fcef6223c57fad7be4aec6502,f102f07616af4207f141de1c5f8f7921780e5b0def75e17c524586dd06d18eac,f102f07616af4207f141de1c5f8f7921780e5b0def75e17c524586dd06d18eac,6cd0b52dd7ce8f064a636e3bfc8de9b2309a7dfb02abb27056836d0416fd20a6,357158a3c01d61e36098ae03786aeb48ee6065502c78a6578078aa2eb8873772,0|1|2|3|4|5|6|7|8|9|10|11|12|13,True,True,AGGREGATE_COVERAGE_RIDGE_V1,MISCOVERAGE_TRIGGERED_RESET_V1,1.0,raven_mcs,False
uair,0.2,15,0,uair|a=0.20|b0,WARMUP,15,0.04176790506963976,,0.0,0.05,0,0,0.020042194092827,False,False,True,False,False,TRUE_UNSAFE,0.02172571097681276,0,WARMUP,True,FULL_INTERIOR,82444e4f495344856de94b0d72ab4a46843780c232e2f299b300fcafa8c4b4a1,b87cf615ab34b447e87bf447d79b9e4183a6e16fcef6223c57fad7be4aec6502,f102f07616af4207f141de1c5f8f7921780e5b0def75e17c524586dd06d18eac,f102f07616af4207f141de1c5f8f7921780e5b0def75e17c524586dd06d18eac,6cd0b52dd7ce8f064a636e3bfc8de9b2309a7dfb02abb27056836d0416fd20a6,357158a3c01d61e36098ae03786aeb48ee6065502c78a6578078aa2eb8873772,0|1|2|3|4|5|6|7|8|9|10|11|12|13|14,False,True,AGGREGATE_COVERAGE_RIDGE_V1,MISCOVERAGE_TRIGGERED_RESET_V1,1.0,raven_mcs,False
uair,0.2,16,0,uair|a=0.20|b0,WARMUP,16,0.041349818651046456,,0.0,0.05,0,0,0.0534458509142053,True,False,True,False,True,FALSE_UNSAFE,-0.012096032263158842,0,WARMUP,True,FULL_INTERIOR,82444e4f495344856de94b0d72ab4a46843780c232e2f299b300fcafa8c4b4a1,b87cf615ab34b447e87bf447d79b9e4183a6e16fcef6223c57fad7be4aec6502,f102f07616af4207f141de1c5f8f7921780e5b0def75e17c524586dd06d18eac,f102f07616af4207f141de1c5f8f7921780e5b0def75e17c524586dd06d18eac,6cd0b52dd7ce8f064a636e3bfc8de9b2309a7dfb02abb27056836d0416fd20a6,357158a3c01d61e36098ae03786aeb48ee6065502c78a6578078aa2eb8873772,0|1|2|3|4|5|6|7|8|9|10|11|12|13|14|15,True,True,AGGREGATE_COVERAGE_RIDGE_V1,MISCOVERAGE_TRIGGERED_RESET_V1,1.0,raven_mcs,False
uair,0.2,17,0,uair|a=0.20|b0,WARMUP,17,0.04119113518225933,,0.0,0.05,0,0,0.0467651195499296,False,False,True,False,False,TRUE_UNSAFE,-0.005573984367670273,0,WARMUP,True,FULL_INTERIOR,82444e4f495344856de94b0d72ab4a46843780c232e2f299b300fcafa8c4b4a1,b87cf615ab34b447e87bf447d79b9e4183a6e16fcef6223c57fad7be4aec6502,f102f07616af4207f141de1c5f8f7921780e5b0def75e17c524586dd06d18eac,f102f07616af4207f141de1c5f8f7921780e5b0def75e17c524586dd06d18eac,6cd0b52dd7ce8f064a636e3bfc8de9b2309a7dfb02abb27056836d0416fd20a6,357158a3c01d61e36098ae03786aeb48ee6065502c78a6578078aa2eb8873772,0|1|2|3|4|5|6|7|8|9|10|11|12|13|14|15|16,True,True,AGGREGATE_COVERAGE_RIDGE_V1,MISCOVERAGE_TRIGGERED_RESET_V1,1.0,raven_mcs,False
uair,0.2,18,0,uair|a=0.20|b0,WARMUP,18,0.04125693703291032,,0.0,0.05,0,0,0.040084388185654,False,False,True,False,False,TRUE_UNSAFE,0.001172548847256323,0,CERTIFIED,True,FULL_INTERIOR,82444e4f495344856de94b0d72ab4a46843780c232e2f299b300fcafa8c4b4a1,b87cf615ab34b447e87bf447d79b9e4183a6e16fcef6223c57fad7be4aec6502,f102f07616af4207f141de1c5f8f7921780e5b0def75e17c524586dd06d18eac,f102f07616af4207f141de1c5f8f7921780e5b0def75e17c524586dd06d18eac,6cd0b52dd7ce8f064a636e3bfc8de9b2309a7dfb02abb27056836d0416fd20a6,357158a3c01d61e36098ae03786aeb48ee6065502c78a6578078aa2eb8873772,0|1|2|3|4|5|6|7|8|9|10|11|12|13|14|15|16|17,True,True,AGGREGATE_COVERAGE_RIDGE_V1,MISCOVERAGE_TRIGGERED_RESET_V1,1.0,raven_mcs,False
uair,0.2,19,0,uair|a=0.20|b0,CERTIFIED,19,0.041302432499955744,0.03155458336923306,0.009747849130722686,0.05,0,0,0.0734880450070323,True,False,True,False,True,FALSE_UNSAFE,-0.03218561250707655,0,CERTIFIED,True,FULL_INTERIOR,82444e4f495344856de94b0d72ab4a46843780c232e2f299b300fcafa8c4b4a1,b87cf615ab34b447e87bf447d79b9e4183a6e16fcef6223c57fad7be4aec6502,f102f07616af4207f141de1c5f8f7921780e5b0def75e17c524586dd06d18eac,f102f07616af4207f141de1c5f8f7921780e5b0def75e17c524586dd06d18eac,6cd0b52dd7ce8f064a636e3bfc8de9b2309a7dfb02abb27056836d0416fd20a6,357158a3c01d61e36098ae03786aeb48ee6065502c78a6578078aa2eb8873772,0|1|2|3|4|5|6|7|8|9|10|11|12|13|14|15|16|17|18,False,False,AGGREGATE_COVERAGE_RIDGE_V1,MISCOVERAGE_TRIGGERED_RESET_V1,1.0,raven_mcs,False
uair,0.2,20,0,uair|a=0.20|b0,CERTIFIED,20,0.04161080302478973,0.03155458336923306,0.01005621965555667,0.05,0,0,0.0334036568213783,False,False,True,False,False,TRUE_UNSAFE,0.008207146203411425,0,CERTIFIED,True,FULL_INTERIOR,82444e4f495344856de94b0d72ab4a46843780c232e2f299b300fcafa8c4b4a1,b87cf615ab34b447e87bf447d79b9e4183a6e16fcef6223c57fad7be4aec6502,f102f07616af4207f141de1c5f8f7921780e5b0def75e17c524586dd06d18eac,f102f07616af4207f141de1c5f8f7921780e5b0def75e17c524586dd06d18eac,6cd0b52dd7ce8f064a636e3bfc8de9b2309a7dfb02abb27056836d0416fd20a6,357158a3c01d61e36098ae03786aeb48ee6065502c78a6578078aa2eb8873772,0|1|2|3|4|5|6|7|8|9|10|11|12|13|14|15|16|17|18|19,False,False,AGGREGATE_COVERAGE_RIDGE_V1,MISCOVERAGE_TRIGGERED_RESET_V1,1.0,raven_mcs,False
uair,0.2,21,0,uair|a=0.20|b0,CERTIFIED,21,0.041888123206279146,0.03155458336923306,0.010333539837046088,0.05,0,0,0.050632911392405,True,False,True,False,True,FALSE_UNSAFE,-0.008744788186125854,0,CERTIFIED,True,FULL_INTERIOR,82444e4f495344856de94b0d72ab4a46843780c232e2f299b300fcafa8c4b4a1,b87cf615ab34b447e87bf447d79b9e4183a6e16fcef6223c57fad7be4aec6502,f102f07616af4207f141de1c5f8f7921780e5b0def75e17c524586dd06d18eac,f102f07616af4207f141de1c5f8f7921780e5b0def75e17c524586dd06d18eac,6cd0b52dd7ce8f064a636e3bfc8de9b2309a7dfb02abb27056836d0416fd20a6,357158a3c01d61e36098ae03786aeb48ee6065502c78a6578078aa2eb8873772,0|1|2|3|4|5|6|7|8|9|10|11|12|13|14|15|16|17|18|19|20,True,False,AGGREGATE_COVERAGE_RIDGE_V1,MISCOVERAGE_TRIGGERED_RESET_V1,1.0,raven_mcs,False
uair,0.2,22,0,uair|a=0.20|b0,CERTIFIED,22,0.04218811468709351,0.03155458336923306,0.010633531317860455,0.05,0,0,0.0354430379746835,False,False,True,False,False,TRUE_UNSAFE,0.0067450767124100156,0,CERTIFIED,True,FULL_INTERIOR,82444e4f495344856de94b0d72ab4a46843780c232e2f299b300fcafa8c4b4a1,b87cf615ab34b447e87bf447d79b9e4183a6e16fcef6223c57fad7be4aec6502,f102f07616af4207f141de1c5f8f7921780e5b0def75e17c524586dd06d18eac,f102f07616af4207f141de1c5f8f7921780e5b0def75e17c524586dd06d18eac,6cd0b52dd7ce8f064a636e3bfc8de9b2309a7dfb02abb27056836d0416fd20a6,357158a3c01d61e36098ae03786aeb48ee6065502c78a6578078aa2eb8873772,0|1|2|3|4|5|6|7|8|9|10|11|12|13|14|15|16|17|18|19|20|21,False,False,AGGREGATE_COVERAGE_RIDGE_V1,MISCOVERAGE_TRIGGERED_RESET_V1,1.0,raven_mcs,False
uair,0.2,23,0,uair|a=0.20|b0,CERTIFIED,23,0.04261762181612509,0.03155458336923306,0.011063038446892035,0.05,0,0,0.0354430379746835,False,False,True,False,False,TRUE_UNSAFE,0.007174583841441595,0,CERTIFIED,True,FULL_INTERIOR,82444e4f495344856de94b0d72ab4a46843780c232e2f299b300fcafa8c4b4a1,b87cf615ab34b447e87bf447d79b9e4183a6e16fcef6223c57fad7be4aec6502,f102f07616af4207f141de1c5f8f7921780e5b0def75e17c524586dd06d18eac,f102f07616af4207f141de1c5f8f7921780e5b0def75e17c524586dd06d18eac,6cd0b52dd7ce8f064a636e3bfc8de9b2309a7dfb02abb27056836d0416fd20a6,357158a3c01d61e36098ae03786aeb48ee6065502c78a6578078aa2eb8873772,0|1|2|3|4|5|6|7|8|9|10|11|12|13|14|15|16|17|18|19|20|21|22,False,False,AGGREGATE_COVERAGE_RIDGE_V1,MISCOVERAGE_TRIGGERED_RESET_V1,1.0,raven_mcs,False
uair,0.2,24,0,uair|a=0.20|b0,CERTIFIED,24,0.043024507581559346,0.03155458336923306,0.011469924212326288,0.05,0,0,0.0455696202531645,False,False,True,False,False,TRUE_UNSAFE,-0.0025451126716051556,0,CERTIFIED,True,FULL_INTERIOR,82444e4f495344856de94b0d72ab4a46843780c232e2f299b300fcafa8c4b4a1,b87cf615ab34b447e87bf447d79b9e4183a6e16fcef6223c57fad7be4aec6502,f102f07616af4207f141de1c5f8f7921780e5b0def75e17c524586dd06d18eac,f102f07616af4207f141de1c5f8f7921780e5b0def75e17c524586dd06d18eac,6cd0b52dd7ce8f064a636e3bfc8de9b2309a7dfb02abb27056836d0416fd20a6,357158a3c01d61e36098ae03786aeb48ee6065502c78a6578078aa2eb8873772,0|1|2|3|4|5|6|7|8|9|10|11|12|13|14|15|16|17|18|19|20|21|22|23,True,False,AGGREGATE_COVERAGE_RIDGE_V1,MISCOVERAGE_TRIGGERED_RESET_V1,1.0,raven_mcs,False
uair,0.2,25,0,uair|a=0.20|b0,CERTIFIED,25,0.04350259495850976,0.03155458336923306,0.011948011589276705,0.05,0,0,0.040506329113924,False,False,True,False,False,TRUE_UNSAFE,0.0029962658445857604,0,CERTIFIED,True,FULL_INTERIOR,82444e4f495344856de94b0d72ab4a46843780c232e2f299b300fcafa8c4b4a1,b87cf615ab34b447e87bf447d79b9e4183a6e16fcef6223c57fad7be4aec6502,f102f07616af4207f141de1c5f8f7921780e5b0def75e17c524586dd06d18eac,f102f07616af4207f141de1c5f8f7921780e5b0def75e17c524586dd06d18eac,6cd0b52dd7ce8f064a636e3bfc8de9b2309a7dfb02abb27056836d0416fd20a6,357158a3c01d61e36098ae03786aeb48ee6065502c78a6578078aa2eb8873772,0|1|2|3|4|5|6|7|8|9|10|11|12|13|14|15|16|17|18|19|20|21|22|23|24,True,False,AGGREGATE_COVERAGE_RIDGE_V1,MISCOVERAGE_TRIGGERED_RESET_V1,1.0,raven_mcs,False
uair,0.2,26,0,uair|a=0.20|b0,CERTIFIED,26,0.04392304160294358,0.03155458336923306,0.012368458233710522,0.05,0,0,0.0455696202531645,False,False,True,False,False,TRUE_UNSAFE,-0.0016465786502209215,0,CERTIFIED,True,FULL_INTERIOR,82444e4f495344856de94b0d72ab4a46843780c232e2f299b300fcafa8c4b4a1,b87cf615ab34b447e87bf447d79b9e4183a6e16fcef6223c57fad7be4aec6502,f102f07616af4207f141de1c5f8f7921780e5b0def75e17c524586dd06d18eac,f102f07616af4207f141de1c5f8f7921780e5b0def75e17c524586dd06d18eac,6cd0b52dd7ce8f064a636e3bfc8de9b2309a7dfb02abb27056836d0416fd20a6,357158a3c01d61e36098ae03786aeb48ee6065502c78a6578078aa2eb8873772,0|1|2|3|4|5|6|7|8|9|10|11|12|13|14|15|16|17|18|19|20|21|22|23|24|25,True,False,AGGREGATE_COVERAGE_RIDGE_V1,MISCOVERAGE_TRIGGERED_RESET_V1,1.0,raven_mcs,False
uair,0.2,27,0,uair|a=0.20|b0,CERTIFIED,27,0.04426440507611,0.03155458336923306,0.012709821706876942,0.05,0,0,0.0253164556962025,False,False,True,False,False,TRUE_UNSAFE,0.0189479493799075,0,CERTIFIED,True,FULL_INTERIOR,82444e4f495344856de94b0d72ab4a46843780c232e2f299b300fcafa8c4b4a1,b87cf615ab34b447e87bf447d79b9e4183a6e16fcef6223c57fad7be4aec6502,f102f07616af4207f141de1c5f8f7921780e5b0def75e17c524586dd06d18eac,f102f07616af4207f141de1c5f8f7921780e5b0def75e17c524586dd06d18eac,6cd0b52dd7ce8f064a636e3bfc8de9b2309a7dfb02abb27056836d0416fd20a6,357158a3c01d61e36098ae03786aeb48ee6065502c78a6578078aa2eb8873772,0|1|2|3|4|5|6|7|8|9|10|11|12|13|14|15|16|17|18|19|20|21|22|23|24|25|26,False,False,AGGREGATE_COVERAGE_RIDGE_V1,MISCOVERAGE_TRIGGERED_RESET_V1,1.0,raven_mcs,False
uair,0.2,28,0,uair|a=0.20|b0,CERTIFIED,28,0.04444310078140548,0.03155458336923306,0.012888517412172423,0.05,0,0,0.0189873417721518,False,False,True,False,False,TRUE_UNSAFE,0.025455759009253683,0,CERTIFIED,True,FULL_INTERIOR,82444e4f495344856de94b0d72ab4a46843780c232e2f299b300fcafa8c4b4a1,b87cf615ab34b447e87bf447d79b9e4183a6e16fcef6223c57fad7be4aec6502,f102f07616af4207f141de1c5f8f7921780e5b0def75e17c524586dd06d18eac,f102f07616af4207f141de1c5f8f7921780e5b0def75e17c524586dd06d18eac,6cd0b52dd7ce8f064a636e3bfc8de9b2309a7dfb02abb27056836d0416fd20a6,357158a3c01d61e36098ae03786aeb48ee6065502c78a6578078aa2eb8873772,0|1|2|3|4|5|6|7|8|9|10|11|12|13|14|15|16|17|18|19|20|21|22|23|24|25|26|27,False,False,AGGREGATE_COVERAGE_RIDGE_V1,MISCOVERAGE_TRIGGERED_RESET_V1,1.0,raven_mcs,False
uair,0.2,29,0,uair|a=0.20|b0,CERTIFIED,29,0.044487820816607127,0.03155458336923306,0.012933237447374069,0.05,0,0,0.0632911392405063,True,False,True,False,True,FALSE_UNSAFE,-0.01880331842389918,0,CERTIFIED,True,FULL_INTERIOR,82444e4f495344856de94b0d72ab4a46843780c232e2f299b300fcafa8c4b4a1,b87cf615ab34b447e87bf447d79b9e4183a6e16fcef6223c57fad7be4aec6502,f102f07616af4207f141de1c5f8f7921780e5b0def75e17c524586dd06d18eac,f102f07616af4207f141de1c5f8f7921780e5b0def75e17c524586dd06d18eac,6cd0b52dd7ce8f064a636e3bfc8de9b2309a7dfb02abb27056836d0416fd20a6,357158a3c01d61e36098ae03786aeb48ee6065502c78a6578078aa2eb8873772,0|1|2|3|4|5|6|7|8|9|10|11|12|13|14|15|16|17|18|19|20|21|22|23|24|25|26|27|28,False,False,AGGREGATE_COVERAGE_RIDGE_V1,MISCOVERAGE_TRIGGERED_RESET_V1,1.0,raven_mcs,False
uair,0.2,30,0,uair|a=0.20|b0,CERTIFIED,30,0.04465195944751526,0.03155458336923306,0.013097376078282201,0.05,0,0,0.0632911392405063,True,False,True,False,True,FALSE_UNSAFE,-0.018639179792991047,0,CERTIFIED,True,FULL_INTERIOR,82444e4f495344856de94b0d72ab4a46843780c232e2f299b300fcafa8c4b4a1,b87cf615ab34b447e87bf447d79b9e4183a6e16fcef6223c57fad7be4aec6502,f102f07616af4207f141de1c5f8f7921780e5b0def75e17c524586dd06d18eac,f102f07616af4207f141de1c5f8f7921780e5b0def75e17c524586dd06d18eac,6cd0b52dd7ce8f064a636e3bfc8de9b2309a7dfb02abb27056836d0416fd20a6,357158a3c01d61e36098ae03786aeb48ee6065502c78a6578078aa2eb8873772,0|1|2|3|4|5|6|7|8|9|10|11|12|13|14|15|16|17|18|19|20|21|22|23|24|25|26|27|28|29,False,False,AGGREGATE_COVERAGE_RIDGE_V1,MISCOVERAGE_TRIGGERED_RESET_V1,1.0,raven_mcs,False
uair,0.2,31,0,uair|a=0.20|b0,CERTIFIED,31,0.04472009794639162,0.03155458336923306,0.01316551457715856,0.05,0,0,0.0379746835443037,False,False,True,False,False,TRUE_UNSAFE,0.006745414402087917,0,CERTIFIED,True,FULL_INTERIOR,82444e4f495344856de94b0d72ab4a46843780c232e2f299b300fcafa8c4b4a1,b87cf615ab34b447e87bf447d79b9e4183a6e16fcef6223c57fad7be4aec6502,f102f07616af4207f141de1c5f8f7921780e5b0def75e17c524586dd06d18eac,f102f07616af4207f141de1c5f8f7921780e5b0def75e17c524586dd06d18eac,6cd0b52dd7ce8f064a636e3bfc8de9b2309a7dfb02abb27056836d0416fd20a6,357158a3c01d61e36098ae03786aeb48ee6065502c78a6578078aa2eb8873772,0|1|2|3|4|5|6|7|8|9|10|11|12|13|14|15|16|17|18|19|20|21|22|23|24|25|26|27|28|29|30,False,False,AGGREGATE_COVERAGE_RIDGE_V1,MISCOVERAGE_TRIGGERED_RESET_V1,1.0,raven_mcs,False
uair,0.2,32,0,uair|a=0.20|b0,CERTIFIED,32,0.04442708943209963,0.03155458336923306,0.012872506062866572,0.05,0,0,0.0253164556962025,False,False,True,False,False,TRUE_UNSAFE,0.01911063373589713,0,CERTIFIED,True,FULL_INTERIOR,82444e4f495344856de94b0d72ab4a46843780c232e2f299b300fcafa8c4b4a1,b87cf615ab34b447e87bf447d79b9e4183a6e16fcef6223c57fad7be4aec6502,f102f07616af4207f141de1c5f8f7921780e5b0def75e17c524586dd06d18eac,f102f07616af4207f141de1c5f8f7921780e5b0def75e17c524586dd06d18eac,6cd0b52dd7ce8f064a636e3bfc8de9b2309a7dfb02abb27056836d0416fd20a6,357158a3c01d61e36098ae03786aeb48ee6065502c78a6578078aa2eb8873772,0|1|2|3|4|5|6|7|8|9|10|11|12|13|14|15|16|17|18|19|20|21|22|23|24|25|26|27|28|29|30|31,False,False,AGGREGATE_COVERAGE_RIDGE_V1,MISCOVERAGE_TRIGGERED_RESET_V1,1.0,raven_mcs,False
uair,0.2,33,0,uair|a=0.20|b0,CERTIFIED,33,0.04398563256291576,0.03155458336923306,0.012431049193682701,0.05,0,0,0.0295358649789029,False,False,True,False,False,TRUE_UNSAFE,0.014449767584012858,0,CERTIFIED,True,FULL_INTERIOR,82444e4f495344856de94b0d72ab4a46843780c232e2f299b300fcafa8c4b4a1,b87cf615ab34b447e87bf447d79b9e4183a6e16fcef6223c57fad7be4aec6502,f102f07616af4207f141de1c5f8f7921780e5b0def75e17c524586dd06d18eac,f102f07616af4207f141de1c5f8f7921780e5b0def75e17c524586dd06d18eac,6cd0b52dd7ce8f064a636e3bfc8de9b2309a7dfb02abb27056836d0416fd20a6,357158a3c01d61e36098ae03786aeb48ee6065502c78a6578078aa2eb8873772,0|1|2|3|4|5|6|7|8|9|10|11|12|13|14|15|16|17|18|19|20|21|22|23|24|25|26|27|28|29|30|31|32,False,False,AGGREGATE_COVERAGE_RIDGE_V1,MISCOVERAGE_TRIGGERED_RESET_V1,1.0,raven_mcs,False
uair,0.2,34,0,uair|a=0.20|b0,CERTIFIED,34,0.0435719235459347,0.03155458336923306,0.01201734017670164,0.05,0,0,0.0295358649789029,False,False,True,False,False,TRUE_UNSAFE,0.014036058567031797,0,CERTIFIED,True,FULL_INTERIOR,82444e4f495344856de94b0d72ab4a46843780c232e2f299b300fcafa8c4b4a1,b87cf615ab34b447e87bf447d79b9e4183a6e16fcef6223c57fad7be4aec6502,f102f07616af4207f141de1c5f8f7921780e5b0def75e17c524586dd06d18eac,f102f07616af4207f141de1c5f8f7921780e5b0def75e17c524586dd06d18eac,6cd0b52dd7ce8f064a636e3bfc8de9b2309a7dfb02abb27056836d0416fd20a6,357158a3c01d61e36098ae03786aeb48ee6065502c78a6578078aa2eb8873772,0|1|2|3|4|5|6|7|8|9|10|11|12|13|14|15|16|17|18|19|20|21|22|23|24|25|26|27|28|29|30|31|32|33,False,False,AGGREGATE_COVERAGE_RIDGE_V1,MISCOVERAGE_TRIGGERED_RESET_V1,1.0,raven_mcs,False
uair,0.2,35,0,uair|a=0.20|b0,CERTIFIED,35,0.04314788755802504,0.03155458336923306,0.01159330418879198,0.05,0,0,0.0738396624472573,True,False,True,False,True,FALSE_UNSAFE,-0.030691774889232262,0,CERTIFIED,True,FULL_INTERIOR,82444e4f495344856de94b0d72ab4a46843780c232e2f299b300fcafa8c4b4a1,b87cf615ab34b447e87bf447d79b9e4183a6e16fcef6223c57fad7be4aec6502,f102f07616af4207f141de1c5f8f7921780e5b0def75e17c524586dd06d18eac,f102f07616af4207f141de1c5f8f7921780e5b0def75e17c524586dd06d18eac,6cd0b52dd7ce8f064a636e3bfc8de9b2309a7dfb02abb27056836d0416fd20a6,357158a3c01d61e36098ae03786aeb48ee6065502c78a6578078aa2eb8873772,0|1|2|3|4|5|6|7|8|9|10|11|12|13|14|15|16|17|18|19|20|21|22|23|24|25|26|27|28|29|30|31|32|33|34,False,False,AGGREGATE_COVERAGE_RIDGE_V1,MISCOVERAGE_TRIGGERED_RESET_V1,1.0,raven_mcs,False
uair,0.2,36,0,uair|a=0.20|b0,CERTIFIED,36,0.04286631932514585,0.03155458336923306,0.01131173595591279,0.05,0,0,0.0443037974683544,False,False,True,False,False,TRUE_UNSAFE,-0.001437478143208555,0,CERTIFIED,True,FULL_INTERIOR,82444e4f495344856de94b0d72ab4a46843780c232e2f299b300fcafa8c4b4a1,b87cf615ab34b447e87bf447d79b9e4183a6e16fcef6223c57fad7be4aec6502,f102f07616af4207f141de1c5f8f7921780e5b0def75e17c524586dd06d18eac,f102f07616af4207f141de1c5f8f7921780e5b0def75e17c524586dd06d18eac,6cd0b52dd7ce8f064a636e3bfc8de9b2309a7dfb02abb27056836d0416fd20a6,357158a3c01d61e36098ae03786aeb48ee6065502c78a6578078aa2eb8873772,0|1|2|3|4|5|6|7|8|9|10|11|12|13|14|15|16|17|18|19|20|21|22|23|24|25|26|27|28|29|30|31|32|33|34|35,True,False,AGGREGATE_COVERAGE_RIDGE_V1,MISCOVERAGE_TRIGGERED_RESET_V1,1.0,raven_mcs,False
uair,0.2,37,0,uair|a=0.20|b0,CERTIFIED,37,0.04247669477874445,0.03155458336923306,0.010922111409511395,0.05,0,0,0.0738396624472573,True,False,True,False,True,FALSE_UNSAFE,-0.03136296766851285,0,CERTIFIED,True,FULL_INTERIOR,82444e4f495344856de94b0d72ab4a46843780c232e2f299b300fcafa8c4b4a1,b87cf615ab34b447e87bf447d79b9e4183a6e16fcef6223c57fad7be4aec6502,f102f07616af4207f141de1c5f8f7921780e5b0def75e17c524586dd06d18eac,f102f07616af4207f141de1c5f8f7921780e5b0def75e17c524586dd06d18eac,6cd0b52dd7ce8f064a636e3bfc8de9b2309a7dfb02abb27056836d0416fd20a6,357158a3c01d61e36098ae03786aeb48ee6065502c78a6578078aa2eb8873772,0|1|2|3|4|5|6|7|8|9|10|11|12|13|14|15|16|17|18|19|20|21|22|23|24|25|26|27|28|29|30|31|32|33|34|35|36,False,False,AGGREGATE_COVERAGE_RIDGE_V1,MISCOVERAGE_TRIGGERED_RESET_V1,1.0,raven_mcs,False
uair,0.2,38,0,uair|a=0.20|b0,CERTIFIED,38,0.042079047520506244,0.03155458336923306,0.010524464151273186,0.05,0,0,0.0959915611814345,True,False,True,False,True,FALSE_UNSAFE,-0.05391251366092825,0,CERTIFIED,True,FULL_INTERIOR,82444e4f495344856de94b0d72ab4a46843780c232e2f299b300fcafa8c4b4a1,b87cf615ab34b447e87bf447d79b9e4183a6e16fcef6223c57fad7be4aec6502,f102f07616af4207f141de1c5f8f7921780e5b0def75e17c524586dd06d18eac,f102f07616af4207f141de1c5f8f7921780e5b0def75e17c524586dd06d18eac,6cd0b52dd7ce8f064a636e3bfc8de9b2309a7dfb02abb27056836d0416fd20a6,357158a3c01d61e36098ae03786aeb48ee6065502c78a6578078aa2eb8873772,0|1|2|3|4|5|6|7|8|9|10|11|12|13|14|15|16|17|18|19|20|21|22|23|24|25|26|27|28|29|30|31|32|33|34|35|36|37,False,False,AGGREGATE_COVERAGE_RIDGE_V1,MISCOVERAGE_TRIGGERED_RESET_V1,1.0,raven_mcs,False
uair,0.2,39,0,uair|a=0.20|b0,CERTIFIED,39,0.04193215215290722,0.025455759009253683,0.01647639314365354,0.05,0,0,0.040084388185654,False,False,True,False,False,TRUE_UNSAFE,0.0018477639672532242,0,CERTIFIED,True,FULL_INTERIOR,82444e4f495344856de94b0d72ab4a46843780c232e2f299b300fcafa8c4b4a1,b87cf615ab34b447e87bf447d79b9e4183a6e16fcef6223c57fad7be4aec6502,f102f07616af4207f141de1c5f8f7921780e5b0def75e17c524586dd06d18eac,f102f07616af4207f141de1c5f8f7921780e5b0def75e17c524586dd06d18eac,6cd0b52dd7ce8f064a636e3bfc8de9b2309a7dfb02abb27056836d0416fd20a6,357158a3c01d61e36098ae03786aeb48ee6065502c78a6578078aa2eb8873772,0|1|2|3|4|5|6|7|8|9|10|11|12|13|14|15|16|17|18|19|20|21|22|23|24|25|26|27|28|29|30|31|32|33|34|35|36|37|38,True,False,AGGREGATE_COVERAGE_RIDGE_V1,MISCOVERAGE_TRIGGERED_RESET_V1,1.0,raven_mcs,False
uair,0.2,40,0,uair|a=0.20|b0,CERTIFIED,40,0.041563636160224265,0.025455759009253683,0.016107877150970583,0.05,0,0,0.060126582278481,True,False,True,False,True,FALSE_UNSAFE,-0.018562946118256735,0,CERTIFIED,True,FULL_INTERIOR,82444e4f495344856de94b0d72ab4a46843780c232e2f299b300fcafa8c4b4a1,b87cf615ab34b447e87bf447d79b9e4183a6e16fcef6223c57fad7be4aec6502,f102f07616af4207f141de1c5f8f7921780e5b0def75e17c524586dd06d18eac,f102f07616af4207f141de1c5f8f7921780e5b0def75e17c524586dd06d18eac,6cd0b52dd7ce8f064a636e3bfc8de9b2309a7dfb02abb27056836d0416fd20a6,357158a3c01d61e36098ae03786aeb48ee6065502c78a6578078aa2eb8873772,0|1|2|3|4|5|6|7|8|9|10|11|12|13|14|15|16|17|18|19|20|21|22|23|24|25|26|27|28|29|30|31|32|33|34|35|36|37|38|39,False,False,AGGREGATE_COVERAGE_RIDGE_V1,MISCOVERAGE_TRIGGERED_RESET_V1,1.0,raven_mcs,False
uair,0.2,41,0,uair|a=0.20|b0,CERTIFIED,41,0.04131350850189116,0.025455759009253683,0.015857749492637477,0.05,0,0,0.0534458509142053,True,False,True,False,True,FALSE_UNSAFE,-0.012132342412314139,0,CERTIFIED,True,FULL_INTERIOR,82444e4f495344856de94b0d72ab4a46843780c232e2f299b300fcafa8c4b4a1,b87cf615ab34b447e87bf447d79b9e4183a6e16fcef6223c57fad7be4aec6502,f102f07616af4207f141de1c5f8f7921780e5b0def75e17c524586dd06d18eac,f102f07616af4207f141de1c5f8f7921780e5b0def75e17c524586dd06d18eac,6cd0b52dd7ce8f064a636e3bfc8de9b2309a7dfb02abb27056836d0416fd20a6,357158a3c01d61e36098ae03786aeb48ee6065502c78a6578078aa2eb8873772,0|1|2|3|4|5|6|7|8|9|10|11|12|13|14|15|16|17|18|19|20|21|22|23|24|25|26|27|28|29|30|31|32|33|34|35|36|37|38|39|40,True,False,AGGREGATE_COVERAGE_RIDGE_V1,MISCOVERAGE_TRIGGERED_RESET_V1,1.0,raven_mcs,False
uair,0.2,42,0,uair|a=0.20|b0,CERTIFIED,42,0.04134044012765351,0.025455759009253683,0.01588468111839983,0.05,0,0,0.040084388185654,False,False,True,False,False,TRUE_UNSAFE,0.0012560519419995142,0,CERTIFIED,True,FULL_INTERIOR,82444e4f495344856de94b0d72ab4a46843780c232e2f299b300fcafa8c4b4a1,b87cf615ab34b447e87bf447d79b9e4183a6e16fcef6223c57fad7be4aec6502,f102f07616af4207f141de1c5f8f7921780e5b0def75e17c524586dd06d18eac,f102f07616af4207f141de1c5f8f7921780e5b0def75e17c524586dd06d18eac,6cd0b52dd7ce8f064a636e3bfc8de9b2309a7dfb02abb27056836d0416fd20a6,357158a3c01d61e36098ae03786aeb48ee6065502c78a6578078aa2eb8873772,0|1|2|3|4|5|6|7|8|9|10|11|12|13|14|15|16|17|18|19|20|21|22|23|24|25|26|27|28|29|30|31|32|33|34|35|36|37|38|39|40|41,True,False,AGGREGATE_COVERAGE_RIDGE_V1,MISCOVERAGE_TRIGGERED_RESET_V1,1.0,raven_mcs,False
uair,0.2,43,0,uair|a=0.20|b0,CERTIFIED,43,0.04136617036577821,0.025455759009253683,0.015910411356524524,0.05,0,0,0.0467651195499296,False,False,True,False,False,TRUE_UNSAFE,-0.005398949184151396,0,CERTIFIED,True,FULL_INTERIOR,82444e4f495344856de94b0d72ab4a46843780c232e2f299b300fcafa8c4b4a1,b87cf615ab34b447e87bf447d79b9e4183a6e16fcef6223c57fad7be4aec6502,f102f07616af4207f141de1c5f8f7921780e5b0def75e17c524586dd06d18eac,f102f07616af4207f141de1c5f8f7921780e5b0def75e17c524586dd06d18eac,6cd0b52dd7ce8f064a636e3bfc8de9b2309a7dfb02abb27056836d0416fd20a6,357158a3c01d61e36098ae03786aeb48ee6065502c78a6578078aa2eb8873772,0|1|2|3|4|5|6|7|8|9|10|11|12|13|14|15|16|17|18|19|20|21|22|23|24|25|26|27|28|29|30|31|32|33|34|35|36|37|38|39|40|41|42,True,False,AGGREGATE_COVERAGE_RIDGE_V1,MISCOVERAGE_TRIGGERED_RESET_V1,1.0,raven_mcs,False
uair,0.2,44,0,uair|a=0.20|b0,CERTIFIED,44,0.04153964275973382,0.025455759009253683,0.016083883750480137,0.05,0,0,0.080168776371308,True,False,True,False,True,FALSE_UNSAFE,-0.038629133611574176,0,CERTIFIED,True,FULL_INTERIOR,82444e4f495344856de94b0d72ab4a46843780c232e2f299b300fcafa8c4b4a1,b87cf615ab34b447e87bf447d79b9e4183a6e16fcef6223c57fad7be4aec6502,f102f07616af4207f141de1c5f8f7921780e5b0def75e17c524586dd06d18eac,f102f07616af4207f141de1c5f8f7921780e5b0def75e17c524586dd06d18eac,6cd0b52dd7ce8f064a636e3bfc8de9b2309a7dfb02abb27056836d0416fd20a6,357158a3c01d61e36098ae03786aeb48ee6065502c78a6578078aa2eb8873772,0|1|2|3|4|5|6|7|8|9|10|11|12|13|14|15|16|17|18|19|20|21|22|23|24|25|26|27|28|29|30|31|32|33|34|35|36|37|38|39|40|41|42|43,False,False,AGGREGATE_COVERAGE_RIDGE_V1,MISCOVERAGE_TRIGGERED_RESET_V1,1.0,raven_mcs,False
uair,0.2,45,0,uair|a=0.20|b0,CERTIFIED,45,0.04199547284238641,0.025455759009253683,0.016539713833132727,0.05,0,0,0.030379746835443,False,False,True,False,False,TRUE_UNSAFE,0.011615726006943411,0,CERTIFIED,True,FULL_INTERIOR,82444e4f495344856de94b0d72ab4a46843780c232e2f299b300fcafa8c4b4a1,b87cf615ab34b447e87bf447d79b9e4183a6e16fcef6223c57fad7be4aec6502,f102f07616af4207f141de1c5f8f7921780e5b0def75e17c524586dd06d18eac,f102f07616af4207f141de1c5f8f7921780e5b0def75e17c524586dd06d18eac,6cd0b52dd7ce8f064a636e3bfc8de9b2309a7dfb02abb27056836d0416fd20a6,357158a3c01d61e36098ae03786aeb48ee6065502c78a6578078aa2eb8873772,0|1|2|3|4|5|6|7|8|9|10|11|12|13|14|15|16|17|18|19|20|21|22|23|24|25|26|27|28|29|30|31|32|33|34|35|36|37|38|39|40|41|42|43|44,False,False,AGGREGATE_COVERAGE_RIDGE_V1,MISCOVERAGE_TRIGGERED_RESET_V1,1.0,raven_mcs,False
uair,0.2,46,0,uair|a=0.20|b0,CERTIFIED,46,0.04230005334847554,0.025455759009253683,0.016844294339221855,0.05,0,0,0.040506329113924,False,False,True,False,False,TRUE_UNSAFE,0.0017937242345515345,0,CERTIFIED,True,FULL_INTERIOR,82444e4f495344856de94b0d72ab4a46843780c232e2f299b300fcafa8c4b4a1,b87cf615ab34b447e87bf447d79b9e4183a6e16fcef6223c57fad7be4aec6502,f102f07616af4207f141de1c5f8f7921780e5b0def75e17c524586dd06d18eac,f102f07616af4207f141de1c5f8f7921780e5b0def75e17c524586dd06d18eac,6cd0b52dd7ce8f064a636e3bfc8de9b2309a7dfb02abb27056836d0416fd20a6,357158a3c01d61e36098ae03786aeb48ee6065502c78a6578078aa2eb8873772,0|1|2|3|4|5|6|7|8|9|10|11|12|13|14|15|16|17|18|19|20|21|22|23|24|25|26|27|28|29|30|31|32|33|34|35|36|37|38|39|40|41|42|43|44|45,True,False,AGGREGATE_COVERAGE_RIDGE_V1,MISCOVERAGE_TRIGGERED_RESET_V1,1.0,raven_mcs,False
uair,0.2,47,0,uair|a=0.20|b0,CERTIFIED,47,0.0425797628501207,0.025455759009253683,0.01712400384086702,0.05,0,0,0.030379746835443,False,False,True,False,False,TRUE_UNSAFE,0.012200016014677705,0,CERTIFIED,True,FULL_INTERIOR,82444e4f495344856de94b0d72ab4a46843780c232e2f299b300fcafa8c4b4a1,b87cf615ab34b447e87bf447d79b9e4183a6e16fcef6223c57fad7be4aec6502,f102f07616af4207f141de1c5f8f7921780e5b0def75e17c524586dd06d18eac,f102f07616af4207f141de1c5f8f7921780e5b0def75e17c524586dd06d18eac,6cd0b52dd7ce8f064a636e3bfc8de9b2309a7dfb02abb27056836d0416fd20a6,357158a3c01d61e36098ae03786aeb48ee6065502c78a6578078aa2eb8873772,0|1|2|3|4|5|6|7|8|9|10|11|12|13|14|15|16|17|18|19|20|21|22|23|24|25|26|27|28|29|30|31|32|33|34|35|36|37|38|39|40|41|42|43|44|45|46,False,False,AGGREGATE_COVERAGE_RIDGE_V1,MISCOVERAGE_TRIGGERED_RESET_V1,1.0,raven_mcs,False
uair,0.2,48,0,uair|a=0.20|b0,CERTIFIED,48,0.04302848345126998,0.025455759009253683,0.017572724442016296,0.05,0,0,0.030379746835443,False,False,True,False,False,TRUE_UNSAFE,0.01264873661582698,0,CERTIFIED,True,FULL_INTERIOR,82444e4f495344856de94b0d72ab4a46843780c232e2f299b300fcafa8c4b4a1,b87cf615ab34b447e87bf447d79b9e4183a6e16fcef6223c57fad7be4aec6502,f102f07616af4207f141de1c5f8f7921780e5b0def75e17c524586dd06d18eac,f102f07616af4207f141de1c5f8f7921780e5b0def75e17c524586dd06d18eac,6cd0b52dd7ce8f064a636e3bfc8de9b2309a7dfb02abb27056836d0416fd20a6,357158a3c01d61e36098ae03786aeb48ee6065502c78a6578078aa2eb8873772,0|1|2|3|4|5|6|7|8|9|10|11|12|13|14|15|16|17|18|19|20|21|22|23|24|25|26|27|28|29|30|31|32|33|34|35|36|37|38|39|40|41|42|43|44|45|46|47,False,False,AGGREGATE_COVERAGE_RIDGE_V1,MISCOVERAGE_TRIGGERED_RESET_V1,1.0,raven_mcs,False
uair,0.2,49,0,uair|a=0.20|b0,CERTIFIED,49,0.04342850540265203,0.025455759009253683,0.017972746393398346,0.05,0,0,0.020253164556962,False,False,True,False,False,TRUE_UNSAFE,0.023175340845690028,0,CERTIFIED,True,FULL_INTERIOR,82444e4f495344856de94b0d72ab4a46843780c232e2f299b300fcafa8c4b4a1,b87cf615ab34b447e87bf447d79b9e4183a6e16fcef6223c57fad7be4aec6502,f102f07616af4207f141de1c5f8f7921780e5b0def75e17c524586dd06d18eac,f102f07616af4207f141de1c5f8f7921780e5b0def75e17c524586dd06d18eac,6cd0b52dd7ce8f064a636e3bfc8de9b2309a7dfb02abb27056836d0416fd20a6,357158a3c01d61e36098ae03786aeb48ee6065502c78a6578078aa2eb8873772,0|1|2|3|4|5|6|7|8|9|10|11|12|13|14|15|16|17|18|19|20|21|22|23|24|25|26|27|28|29|30|31|32|33|34|35|36|37|38|39|40|41|42|43|44|45|46|47|48,False,False,AGGREGATE_COVERAGE_RIDGE_V1,MISCOVERAGE_TRIGGERED_RESET_V1,1.0,raven_mcs,False
uair,0.2,50,0,uair|a=0.20|b0,CERTIFIED,50,0.04378665928588666,0.025455759009253683,0.018330900276632978,0.05,0,0,0.040506329113924,False,False,True,False,False,TRUE_UNSAFE,0.0032803301719626574,0,CERTIFIED,True,FULL_INTERIOR,82444e4f495344856de94b0d72ab4a46843780c232e2f299b300fcafa8c4b4a1,b87cf615ab34b447e87bf447d79b9e4183a6e16fcef6223c57fad7be4aec6502,f102f07616af4207f141de1c5f8f7921780e5b0def75e17c524586dd06d18eac,f102f07616af4207f141de1c5f8f7921780e5b0def75e17c524586dd06d18eac,6cd0b52dd7ce8f064a636e3bfc8de9b2309a7dfb02abb27056836d0416fd20a6,357158a3c01d61e36098ae03786aeb48ee6065502c78a6578078aa2eb8873772,0|1|2|3|4|5|6|7|8|9|10|11|12|13|14|15|16|17|18|19|20|21|22|23|24|25|26|27|28|29|30|31|32|33|34|35|36|37|38|39|40|41|42|43|44|45|46|47|48|49,True,False,AGGREGATE_COVERAGE_RIDGE_V1,MISCOVERAGE_TRIGGERED_RESET_V1,1.0,raven_mcs,False
uair,0.2,51,0,uair|a=0.20|b0,CERTIFIED,51,0.005749572961988969,0.025455759009253683,0.0,0.05,0,0,0.0073839662447257,False,False,True,False,False,TRUE_UNSAFE,-0.0016343932827367312,0,CERTIFIED,True,FULL_INTERIOR,82444e4f495344856de94b0d72ab4a46843780c232e2f299b300fcafa8c4b4a1,b87cf615ab34b447e87bf447d79b9e4183a6e16fcef6223c57fad7be4aec6502,f102f07616af4207f141de1c5f8f7921780e5b0def75e17c524586dd06d18eac,f102f07616af4207f141de1c5f8f7921780e5b0def75e17c524586dd06d18eac,6cd0b52dd7ce8f064a636e3bfc8de9b2309a7dfb02abb27056836d0416fd20a6,357158a3c01d61e36098ae03786aeb48ee6065502c78a6578078aa2eb8873772,0|1|2|3|4|5|6|7|8|9|10|11|12|13|14|15|16|17|18|19|20|21|22|23|24|25|26|27|28|29|30|31|32|33|34|35|36|37|38|39|40|41|42|43|44|45|46|47|48|49|50,False,True,AGGREGATE_COVERAGE_RIDGE_V1,MISCOVERAGE_TRIGGERED_RESET_V1,1.0,raven_mcs,False
uair,0.2,52,0,uair|a=0.20|b0,CERTIFIED,52,0.005936613785415632,0.025455759009253683,0.0,0.05,0,0,0.0052742616033755,False,False,True,False,False,TRUE_UNSAFE,0.0006623521820401318,0,CERTIFIED,True,FULL_BOUNDARY,82444e4f495344856de94b0d72ab4a46843780c232e2f299b300fcafa8c4b4a1,b87cf615ab34b447e87bf447d79b9e4183a6e16fcef6223c57fad7be4aec6502,f102f07616af4207f141de1c5f8f7921780e5b0def75e17c524586dd06d18eac,f102f07616af4207f141de1c5f8f7921780e5b0def75e17c524586dd06d18eac,6cd0b52dd7ce8f064a636e3bfc8de9b2309a7dfb02abb27056836d0416fd20a6,357158a3c01d61e36098ae03786aeb48ee6065502c78a6578078aa2eb8873772,0|1|2|3|4|5|6|7|8|9|10|11|12|13|14|15|16|17|18|19|20|21|22|23|24|25|26|27|28|29|30|31|32|33|34|35|36|37|38|39|40|41|42|43|44|45|46|47|48|49|50|51,False,True,AGGREGATE_COVERAGE_RIDGE_V1,MISCOVERAGE_TRIGGERED_RESET_V1,1.0,raven_mcs,False
