dataset,seed,method,window_id,A_D_size,A_0_size,active_set_mismatch,both_empty,service_diff,Delta_beta,Delta_M,Delta_V,realized_C_cov,realized_C_ret,realized_C_ESS,realized_C_clip
sensorscope,30001,raven,0,6,6,0,0,0.297423887587822,0.297423887587822,0.297423887587822,0.0,0.01818181818181818,0.8571428571428571,1.1428571428571428,0.0
sensorscope,30001,raven,1,2,2,0,0,0.10763589317117511,0.10763589317117511,0.10763589317117511,0.0,0.01818181818181818,0.4,1.4,0.0
sensorscope,30001,raven,2,3,3,0,0,0.2618044110583856,0.2618044110583856,0.2618044110583856,0.0,0.01818181818181818,0.5,2.1666666666666665,0.0
sensorscope,30001,raven,3,3,3,0,0,0.1973802860596925,0.1973802860596925,0.1973802860596925,0.0,0.01818181818181818,0.42857142857142855,1.2857142857142858,0.0
sensorscope,30001,raven,4,3,3,0,0,0.21817237734321865,0.21817237734321865,0.21817237734321865,0.0,0.01818181818181818,0.5,1.6666666666666667,0.0
sensorscope,30001,raven,5,2,2,0,0,0.10112116288147442,0.10112116288147442,0.10112116288147442,0.0,0.01818181818181818,0.5,1.0,0.0
sensorscope,30001,raven,6,2,2,0,0,0.1937515127966412,0.1937515127966412,0.1937515127966412,0.0,0.01818181818181818,0.4,1.8,0.0
sensorscope,30001,raven,7,4,4,0,0,0.2388499850364133,0.2388499850364133,0.2388499850364133,0.0,0.01818181818181818,0.5714285714285714,1.5714285714285714,0.0
sensorscope,30001,raven,8,4,4,0,0,0.13848701728396876,0.13848701728396876,0.13848701728396876,0.0,0.01818181818181818,0.5714285714285714,1.8571428571428572,0.0
sensorscope,30001,raven,9,2,2,0,0,0.13570585936933804,0.13570585936933804,0.13570585936933804,0.0,0.01818181818181818,0.3333333333333333,1.3333333333333333,0.0
sensorscope,30001,raven,10,3,3,0,0,0.0773261815291852,0.0773261815291852,0.0773261815291852,0.0,0.01818181818181818,0.5,2.0,0.0
sensorscope,30001,raven,11,2,2,0,0,0.03297331065233591,0.03297331065233591,0.03297331065233591,0.0,0.01818181818181818,0.2857142857142857,2.4285714285714284,0.07142857142857142
sensorscope,30001,raven,12,2,2,0,0,0.04694762969788993,0.04694762969788993,0.04694762969788993,0.0,0.01818181818181818,0.2857142857142857,1.7142857142857142,0.0
sensorscope,30001,raven,13,3,3,0,0,0.06459349657043653,0.06459349657043653,0.06459349657043653,0.0,0.01818181818181818,0.5,1.6666666666666667,0.0
sensorscope,30001,raven,14,4,4,0,0,0.09094885736490964,0.09094885736490964,0.09094885736490964,0.0,0.01818181818181818,0.5,2.125,0.0
sensorscope,30001,raven,15,1,1,0,0,0.0,0.0,0.0,0.0,0.01818181818181818,0.125,1.625,0.0
sensorscope,30001,raven,16,3,3,0,0,0.053083863631229106,0.053083863631229106,0.053083863631229106,0.0,0.01818181818181818,0.375,1.375,0.0
sensorscope,30001,raven,17,4,4,0,0,0.2639677929027683,0.2639677929027683,0.2639677929027683,0.0,0.01818181818181818,0.5,1.625,0.0
sensorscope,30001,raven,18,2,2,0,0,0.11795796258235264,0.11795796258235264,0.11795796258235264,0.0,0.01818181818181818,0.2857142857142857,1.4285714285714286,0.0
sensorscope,30001,raven,19,2,2,0,0,0.11650819628264819,0.11650819628264819,0.11650819628264819,0.0,0.01818181818181818,0.3333333333333333,1.3333333333333333,0.0
sensorscope,30001,raven,20,2,2,0,0,0.01899929490114105,0.01899929490114105,0.01899929490114105,0.0,0.01818181818181818,0.2857142857142857,1.4285714285714286,0.0
sensorscope,30001,raven,21,4,4,0,0,0.25876461884183666,0.25876461884183666,0.25876461884183666,0.0,0.01818181818181818,0.5,1.625,0.0
sensorscope,30001,raven,22,1,1,0,0,0.0,0.0,0.0,0.0,0.01818181818181818,0.16666666666666666,2.0,0.0
sensorscope,30001,raven,23,2,2,0,0,0.08320940334771675,0.08320940334771675,0.08320940334771675,0.0,0.01818181818181818,0.2857142857142857,1.4285714285714286,0.0
sensorscope,30001,raven,24,1,1,0,0,0.0,0.0,0.0,0.0,0.01818181818181818,0.14285714285714285,1.5714285714285714,0.0
sensorscope,30001,raven,25,2,2,0,0,0.020579480244148185,0.020579480244148185,0.020579480244148185,0.0,0.01818181818181818,0.4,2.4,0.0
sensorscope,30001,raven,26,2,2,0,0,0.012250124665616896,0.012250124665616896,0.012250124665616896,0.0,0.01818181818181818,0.3333333333333333,1.3333333333333333,0.0
sensorscope,30001,raven,27,4,4,0,0,0.10002870417332024,0.10002870417332024,0.10002870417332024,0.0,0.01818181818181818,0.6666666666666666,1.8333333333333333,0.0
sensorscope,30001,raven,28,3,3,0,0,0.12904405999331353,0.12904405999331353,0.12904405999331353,0.0,0.01818181818181818,0.5,1.5,0.0
sensorscope,30001,raven,29,2,2,0,0,0.11766826460823615,0.11766826460823615,0.11766826460823615,0.0,0.01818181818181818,0.2857142857142857,1.8571428571428572,0.0
sensorscope,30001,raven,30,2,2,0,0,0.06173474915026114,0.06173474915026114,0.06173474915026114,0.0,0.01818181818181818,0.3333333333333333,2.0,0.0
sensorscope,30001,raven,31,1,1,0,0,0.0,0.0,0.0,0.0,0.01818181818181818,0.2,1.4,0.0
sensorscope,30001,raven,32,3,3,0,0,0.2345571755265541,0.2345571755265541,0.2345571755265541,0.0,0.01818181818181818,0.42857142857142855,1.2857142857142858,0.0
sensorscope,30001,raven,33,4,4,0,0,0.299993596931278,0.2999935969312779,0.299993596931278,0.0,0.01818181818181818,0.5,1.75,0.0
sensorscope,30001,raven,34,4,4,0,0,0.15053400251616653,0.15053400251616653,0.15053400251616653,0.0,0.01818181818181818,0.5714285714285714,1.4285714285714286,0.0
sensorscope,30001,raven,35,1,1,0,0,0.0,0.0,0.0,0.0,0.01818181818181818,0.2,1.2,0.0
sensorscope,30001,raven,36,1,1,0,0,0.0,0.0,0.0,0.0,0.01818181818181818,0.16666666666666666,1.8333333333333333,0.0
sensorscope,30001,raven,37,2,2,0,0,0.17617553880143655,0.17617553880143655,0.17617553880143655,0.0,0.01818181818181818,0.4,1.8,0.0
sensorscope,30001,raven,38,1,1,0,0,0.0,0.0,0.0,0.0,0.01818181818181818,0.16666666666666666,1.3333333333333333,0.0
sensorscope,30001,raven,39,3,3,0,0,0.02282333178863548,0.02282333178863548,0.02282333178863548,0.0,0.01818181818181818,0.5,1.6666666666666667,0.0
sensorscope,30001,raven,40,3,3,0,0,0.14065530727181746,0.14065530727181746,0.14065530727181746,0.0,0.01818181818181818,0.6,1.2,0.0
sensorscope,30001,raven,41,4,4,0,0,0.16631035131350014,0.1663103513135001,0.16631035131350014,0.0,0.01818181818181818,0.5,1.625,0.0
sensorscope,30001,raven,42,3,3,0,0,0.15909961321520466,0.15909961321520466,0.15909961321520466,0.0,0.01818181818181818,0.42857142857142855,1.7142857142857142,0.0
sensorscope,30001,raven,43,0,0,0,1,0.0,,,,0.01818181818181818,0.0,1.6,0.0
sensorscope,30001,raven,44,2,2,0,0,0.05390175280130849,0.05390175280130849,0.05390175280130849,0.0,0.01818181818181818,0.3333333333333333,2.1666666666666665,0.0
sensorscope,30001,raven,45,2,2,0,0,0.01656591460456394,0.01656591460456394,0.01656591460456394,0.0,0.01818181818181818,0.4,1.8,0.0
sensorscope,30001,raven,46,3,3,0,0,0.2585678268174353,0.2585678268174353,0.2585678268174353,0.0,0.01818181818181818,0.375,2.0,0.0
sensorscope,30001,raven,47,2,2,0,0,0.057559243106876046,0.057559243106876046,0.057559243106876046,0.0,0.01818181818181818,0.4,1.8,0.0
sensorscope,30001,raven,48,5,5,0,0,0.37017196237391076,0.3701719623739108,0.37017196237391076,0.0,0.01818181818181818,0.7142857142857143,1.2857142857142858,0.0
sensorscope,30001,raven,49,2,2,0,0,0.1329273152996609,0.1329273152996609,0.1329273152996609,0.0,0.01818181818181818,0.3333333333333333,1.8333333333333333,0.0
sensorscope,30001,raven,50,2,2,0,0,0.18485069322112813,0.18485069322112813,0.18485069322112813,0.0,0.01818181818181818,0.3333333333333333,1.6666666666666667,0.0
sensorscope,30001,raven,51,4,4,0,0,0.17125760550941532,0.17125760550941532,0.17125760550941532,0.0,0.01818181818181818,0.5714285714285714,1.8571428571428572,0.0
sensorscope,30001,raven,52,3,3,0,0,0.1555595707916885,0.1555595707916885,0.1555595707916885,0.0,0.01818181818181818,0.6,1.6,0.0
sensorscope,30001,raven,53,4,4,0,0,0.28586790317764854,0.28586790317764854,0.28586790317764854,0.0,0.01818181818181818,0.8,1.8,0.0
sensorscope,30001,raven,54,2,2,0,0,0.2436231714968271,0.2436231714968271,0.2436231714968271,0.0,0.01818181818181818,0.3333333333333333,1.5,0.0
sensorscope,30001,raven,55,2,2,0,0,0.27004887933195737,0.27004887933195737,0.27004887933195737,0.0,0.01818181818181818,0.2857142857142857,1.4285714285714286,0.0
sensorscope,30001,raven,56,2,2,0,0,0.4676924620518998,0.4676924620518998,0.4676924620518998,0.0,0.01818181818181818,0.25,1.875,0.0
sensorscope,30001,raven,57,3,3,0,0,0.15858943353980043,0.15858943353980043,0.15858943353980043,0.0,0.01818181818181818,0.42857142857142855,1.8571428571428572,0.0
sensorscope,30001,raven,58,4,4,0,0,0.23817279091545102,0.238172790915451,0.23817279091545102,0.0,0.01818181818181818,0.5714285714285714,1.8571428571428572,0.0
sensorscope,30001,raven,59,4,4,0,0,0.2713732405553981,0.2713732405553981,0.2713732405553981,0.0,0.01818181818181818,0.5,1.25,0.0
sensorscope,30001,raven,60,0,0,0,1,0.0,,,,0.01818181818181818,0.0,2.0,0.0
sensorscope,30001,raven,61,3,3,0,0,0.24662754946526863,0.24662754946526863,0.24662754946526863,0.0,0.01818181818181818,1.0,1.6666666666666667,0.0
sensorscope,30001,raven,62,2,2,0,0,0.03398527823857246,0.03398527823857246,0.03398527823857246,0.0,0.01818181818181818,0.2857142857142857,1.5714285714285714,0.0
sensorscope,30001,raven,63,2,2,0,0,0.12754139912757606,0.12754139912757606,0.12754139912757606,0.0,0.01818181818181818,0.25,1.625,0.0
sensorscope,30001,raven,64,1,1,0,0,0.0,0.0,0.0,0.0,0.01818181818181818,0.16666666666666666,1.3333333333333333,0.0
sensorscope,30001,raven,65,2,2,0,0,0.06132066464167901,0.06132066464167901,0.06132066464167901,0.0,0.01818181818181818,0.5,1.0,0.0
sensorscope,30001,raven,66,2,2,0,0,0.0862805722320538,0.0862805722320538,0.0862805722320538,0.0,0.01818181818181818,0.3333333333333333,1.8333333333333333,0.0
sensorscope,30001,raven,67,3,3,0,0,0.23489199739286537,0.23489199739286537,0.23489199739286537,0.0,0.01818181818181818,0.375,1.875,0.0
sensorscope,30001,raven,68,4,4,0,0,0.22524134375731353,0.22524134375731353,0.22524134375731353,0.0,0.01818181818181818,0.6666666666666666,1.6666666666666667,0.0
sensorscope,30001,raven,69,4,4,0,0,0.19024122211685848,0.19024122211685848,0.19024122211685848,0.0,0.01818181818181818,0.5714285714285714,1.7142857142857142,0.0
sensorscope,30001,raven,70,2,2,0,0,0.12246313554704633,0.12246313554704633,0.12246313554704633,0.0,0.01818181818181818,0.3333333333333333,2.3333333333333335,0.0
sensorscope,30001,raven,71,4,4,0,0,0.15089053513099976,0.15089053513099976,0.15089053513099976,0.0,0.01818181818181818,0.5714285714285714,1.8571428571428572,0.0
sensorscope,30001,raven,72,4,4,0,0,0.14538706574292048,0.14538706574292048,0.14538706574292048,0.0,0.01818181818181818,0.5714285714285714,2.2857142857142856,0.0
sensorscope,30001,raven,73,2,2,0,0,0.1355509756943472,0.1355509756943472,0.1355509756943472,0.0,0.01818181818181818,0.2857142857142857,1.4285714285714286,0.0
sensorscope,30001,raven,74,3,3,0,0,0.2669120905873465,0.2669120905873465,0.2669120905873465,0.0,0.01818181818181818,0.375,1.875,0.0
sensorscope,30001,raven,75,3,3,0,0,0.37242171458341333,0.37242171458341333,0.37242171458341333,0.0,0.01818181818181818,0.5,1.3333333333333333,0.0
sensorscope,30001,raven,76,3,3,0,0,0.42488791701761625,0.42488791701761625,0.42488791701761625,0.0,0.01818181818181818,0.42857142857142855,1.5714285714285714,0.0
sensorscope,30001,raven,77,3,3,0,0,0.11783595961030185,0.11783595961030185,0.11783595961030185,0.0,0.01818181818181818,0.5,1.5,0.0
sensorscope,30001,raven,78,1,1,0,0,0.0,0.0,0.0,0.0,0.01818181818181818,0.2,2.0,0.0
sensorscope,30001,raven,79,5,5,0,0,0.09264425603451086,0.09264425603451086,0.09264425603451086,0.0,0.01818181818181818,1.0,1.2,0.0
sensorscope,30001,raven,80,1,1,0,0,0.0,0.0,0.0,0.0,0.01818181818181818,0.16666666666666666,1.5,0.0
sensorscope,30001,raven,81,1,1,0,0,0.0,0.0,0.0,0.0,0.01818181818181818,0.25,1.7499999999999998,0.0
sensorscope,30001,raven,82,1,1,0,0,0.0,0.0,0.0,0.0,0.01818181818181818,0.25,1.25,0.0
sensorscope,30001,raven,83,3,3,0,0,0.13431463568157792,0.13431463568157792,0.13431463568157792,0.0,0.01818181818181818,0.375,1.75,0.0
sensorscope,30001,raven,84,1,1,0,0,0.0,0.0,0.0,0.0,0.01818181818181818,0.25,1.7500000000000002,0.0
sensorscope,30001,raven,85,4,4,0,0,0.12861924262348723,0.12861924262348726,0.12861924262348723,0.0,0.01818181818181818,0.5,1.75,0.0
sensorscope,30001,raven,86,2,2,0,0,2.7755575615628914e-17,2.7755575615628914e-17,2.7755575615628914e-17,0.0,0.01818181818181818,0.3333333333333333,1.6666666666666667,0.0
sensorscope,30001,raven,87,3,3,0,0,0.26719277356728377,0.26719277356728377,0.26719277356728377,0.0,0.01818181818181818,0.6,1.4,0.0
sensorscope,30001,raven,88,4,4,0,0,0.25869618436792546,0.25869618436792546,0.25869618436792546,0.0,0.01818181818181818,0.5714285714285714,1.8571428571428572,0.0
sensorscope,30001,raven,89,2,2,0,0,0.16175506418129712,0.16175506418129712,0.16175506418129712,0.0,0.01818181818181818,0.4,1.8,0.0
sensorscope,30001,raven,90,2,2,0,0,0.10131361214626415,0.10131361214626415,0.10131361214626415,0.0,0.01818181818181818,0.4,1.4,0.0
sensorscope,30001,raven,91,3,3,0,0,0.30890944798348197,0.30890944798348197,0.30890944798348197,0.0,0.01818181818181818,0.42857142857142855,1.8571428571428572,0.0
sensorscope,30001,raven,92,2,2,0,0,0.3141720362493309,0.3141720362493309,0.3141720362493309,0.0,0.01818181818181818,0.2857142857142857,1.2857142857142858,0.0
sensorscope,30001,raven,93,2,2,0,0,0.27826665894444097,0.27826665894444097,0.27826665894444097,0.0,0.01818181818181818,0.3333333333333333,1.5,0.0
sensorscope,30001,raven,94,4,4,0,0,0.21687240526118834,0.21687240526118834,0.21687240526118834,0.0,0.01818181818181818,0.5714285714285714,1.2857142857142858,0.0
sensorscope,30001,raven,95,3,3,0,0,0.3039075122934606,0.3039075122934606,0.3039075122934606,0.0,0.01818181818181818,0.6,1.8,0.0
sensorscope,30001,raven,96,1,1,0,0,0.0,0.0,0.0,0.0,0.01818181818181818,0.16666666666666666,1.6666666666666667,0.0
sensorscope,30001,raven,97,3,3,0,0,0.15884585538598264,0.15884585538598264,0.15884585538598264,0.0,0.01818181818181818,0.5,1.3333333333333333,0.0
sensorscope,30001,raven,98,0,0,0,1,0.0,,,,0.01818181818181818,0.0,1.75,0.0
sensorscope,30001,raven,99,4,4,0,0,0.17931277245913596,0.179312772459136,0.17931277245913596,0.0,0.01818181818181818,0.6666666666666666,1.6666666666666667,0.0
sensorscope,30001,raven_wo_design,0,6,6,0,0,0.297423887587822,0.297423887587822,0.297423887587822,0.0,0.01818181818181818,0.8571428571428571,1.1428571428571428,0.0
sensorscope,30001,raven_wo_design,1,2,2,0,0,0.10763589317117511,0.10763589317117511,0.10763589317117511,0.0,0.01818181818181818,0.4,1.4,0.0
sensorscope,30001,raven_wo_design,2,3,3,0,0,0.2618044110583856,0.2618044110583856,0.2618044110583856,0.0,0.01818181818181818,0.5,2.1666666666666665,0.0
sensorscope,30001,raven_wo_design,3,3,3,0,0,0.1973802860596925,0.1973802860596925,0.1973802860596925,0.0,0.01818181818181818,0.42857142857142855,1.2857142857142858,0.0
sensorscope,30001,raven_wo_design,4,3,3,0,0,0.21817237734321865,0.21817237734321865,0.21817237734321865,0.0,0.01818181818181818,0.5,1.6666666666666667,0.0
sensorscope,30001,raven_wo_design,5,2,2,0,0,0.10112116288147442,0.10112116288147442,0.10112116288147442,0.0,0.01818181818181818,0.5,1.0,0.0
sensorscope,30001,raven_wo_design,6,2,2,0,0,0.1937515127966412,0.1937515127966412,0.1937515127966412,0.0,0.01818181818181818,0.4,1.8,0.0
sensorscope,30001,raven_wo_design,7,4,4,0,0,0.2388499850364133,0.2388499850364133,0.2388499850364133,0.0,0.01818181818181818,0.5714285714285714,1.5714285714285714,0.0
sensorscope,30001,raven_wo_design,8,4,4,0,0,0.13848701728396876,0.13848701728396876,0.13848701728396876,0.0,0.01818181818181818,0.5714285714285714,1.8571428571428572,0.0
sensorscope,30001,raven_wo_design,9,2,2,0,0,0.13570585936933804,0.13570585936933804,0.13570585936933804,0.0,0.01818181818181818,0.3333333333333333,1.3333333333333333,0.0
sensorscope,30001,raven_wo_design,10,3,3,0,0,0.0773261815291852,0.0773261815291852,0.0773261815291852,0.0,0.01818181818181818,0.5,2.0,0.0
sensorscope,30001,raven_wo_design,11,2,2,0,0,0.03297331065233591,0.03297331065233591,0.03297331065233591,0.0,0.01818181818181818,0.2857142857142857,2.4285714285714284,0.07142857142857142
sensorscope,30001,raven_wo_design,12,2,2,0,0,0.04694762969788993,0.04694762969788993,0.04694762969788993,0.0,0.01818181818181818,0.2857142857142857,1.7142857142857142,0.0
sensorscope,30001,raven_wo_design,13,3,3,0,0,0.06459349657043653,0.06459349657043653,0.06459349657043653,0.0,0.01818181818181818,0.5,1.6666666666666667,0.0
sensorscope,30001,raven_wo_design,14,4,4,0,0,0.09094885736490964,0.09094885736490964,0.09094885736490964,0.0,0.01818181818181818,0.5,2.125,0.0
sensorscope,30001,raven_wo_design,15,1,1,0,0,0.0,0.0,0.0,0.0,0.01818181818181818,0.125,1.625,0.0
sensorscope,30001,raven_wo_design,16,3,3,0,0,0.053083863631229106,0.053083863631229106,0.053083863631229106,0.0,0.01818181818181818,0.375,1.375,0.0
sensorscope,30001,raven_wo_design,17,4,4,0,0,0.2639677929027683,0.2639677929027683,0.2639677929027683,0.0,0.01818181818181818,0.5,1.625,0.0
sensorscope,30001,raven_wo_design,18,2,2,0,0,0.11795796258235264,0.11795796258235264,0.11795796258235264,0.0,0.01818181818181818,0.2857142857142857,1.4285714285714286,0.0
sensorscope,30001,raven_wo_design,19,2,2,0,0,0.11650819628264819,0.11650819628264819,0.11650819628264819,0.0,0.01818181818181818,0.3333333333333333,1.3333333333333333,0.0
sensorscope,30001,raven_wo_design,20,2,2,0,0,0.01899929490114105,0.01899929490114105,0.01899929490114105,0.0,0.01818181818181818,0.2857142857142857,1.4285714285714286,0.0
sensorscope,30001,raven_wo_design,21,4,4,0,0,0.25876461884183666,0.25876461884183666,0.25876461884183666,0.0,0.01818181818181818,0.5,1.625,0.0
sensorscope,30001,raven_wo_design,22,1,1,0,0,0.0,0.0,0.0,0.0,0.01818181818181818,0.16666666666666666,2.0,0.0
sensorscope,30001,raven_wo_design,23,2,2,0,0,0.08320940334771675,0.08320940334771675,0.08320940334771675,0.0,0.01818181818181818,0.2857142857142857,1.4285714285714286,0.0
sensorscope,30001,raven_wo_design,24,1,1,0,0,0.0,0.0,0.0,0.0,0.01818181818181818,0.14285714285714285,1.5714285714285714,0.0
sensorscope,30001,raven_wo_design,25,2,2,0,0,0.020579480244148185,0.020579480244148185,0.020579480244148185,0.0,0.01818181818181818,0.4,2.4,0.0
sensorscope,30001,raven_wo_design,26,2,2,0,0,0.012250124665616896,0.012250124665616896,0.012250124665616896,0.0,0.01818181818181818,0.3333333333333333,1.3333333333333333,0.0
sensorscope,30001,raven_wo_design,27,4,4,0,0,0.10002870417332024,0.10002870417332024,0.10002870417332024,0.0,0.01818181818181818,0.6666666666666666,1.8333333333333333,0.0
sensorscope,30001,raven_wo_design,28,3,3,0,0,0.12904405999331353,0.12904405999331353,0.12904405999331353,0.0,0.01818181818181818,0.5,1.5,0.0
sensorscope,30001,raven_wo_design,29,2,2,0,0,0.11766826460823615,0.11766826460823615,0.11766826460823615,0.0,0.01818181818181818,0.2857142857142857,1.8571428571428572,0.0
sensorscope,30001,raven_wo_design,30,2,2,0,0,0.06173474915026114,0.06173474915026114,0.06173474915026114,0.0,0.01818181818181818,0.3333333333333333,2.0,0.0
sensorscope,30001,raven_wo_design,31,1,1,0,0,0.0,0.0,0.0,0.0,0.01818181818181818,0.2,1.4,0.0
sensorscope,30001,raven_wo_design,32,3,3,0,0,0.2345571755265541,0.2345571755265541,0.2345571755265541,0.0,0.01818181818181818,0.42857142857142855,1.2857142857142858,0.0
sensorscope,30001,raven_wo_design,33,4,4,0,0,0.299993596931278,0.2999935969312779,0.299993596931278,0.0,0.01818181818181818,0.5,1.75,0.0
sensorscope,30001,raven_wo_design,34,4,4,0,0,0.15053400251616653,0.15053400251616653,0.15053400251616653,0.0,0.01818181818181818,0.5714285714285714,1.4285714285714286,0.0
sensorscope,30001,raven_wo_design,35,1,1,0,0,0.0,0.0,0.0,0.0,0.01818181818181818,0.2,1.2,0.0
sensorscope,30001,raven_wo_design,36,1,1,0,0,0.0,0.0,0.0,0.0,0.01818181818181818,0.16666666666666666,1.8333333333333333,0.0
sensorscope,30001,raven_wo_design,37,2,2,0,0,0.17617553880143655,0.17617553880143655,0.17617553880143655,0.0,0.01818181818181818,0.4,1.8,0.0
sensorscope,30001,raven_wo_design,38,1,1,0,0,0.0,0.0,0.0,0.0,0.01818181818181818,0.16666666666666666,1.3333333333333333,0.0
sensorscope,30001,raven_wo_design,39,3,3,0,0,0.02282333178863548,0.02282333178863548,0.02282333178863548,0.0,0.01818181818181818,0.5,1.6666666666666667,0.0
sensorscope,30001,raven_wo_design,40,3,3,0,0,0.14065530727181746,0.14065530727181746,0.14065530727181746,0.0,0.01818181818181818,0.6,1.2,0.0
sensorscope,30001,raven_wo_design,41,4,4,0,0,0.16631035131350014,0.1663103513135001,0.16631035131350014,0.0,0.01818181818181818,0.5,1.625,0.0
sensorscope,30001,raven_wo_design,42,3,3,0,0,0.15909961321520466,0.15909961321520466,0.15909961321520466,0.0,0.01818181818181818,0.42857142857142855,1.7142857142857142,0.0
sensorscope,30001,raven_wo_design,43,0,0,0,1,0.0,,,,0.01818181818181818,0.0,1.6,0.0
sensorscope,30001,raven_wo_design,44,2,2,0,0,0.05390175280130849,0.05390175280130849,0.05390175280130849,0.0,0.01818181818181818,0.3333333333333333,2.1666666666666665,0.0
sensorscope,30001,raven_wo_design,45,2,2,0,0,0.01656591460456394,0.01656591460456394,0.01656591460456394,0.0,0.01818181818181818,0.4,1.8,0.0
sensorscope,30001,raven_wo_design,46,3,3,0,0,0.2585678268174353,0.2585678268174353,0.2585678268174353,0.0,0.01818181818181818,0.375,2.0,0.0
sensorscope,30001,raven_wo_design,47,2,2,0,0,0.057559243106876046,0.057559243106876046,0.057559243106876046,0.0,0.01818181818181818,0.4,1.8,0.0
sensorscope,30001,raven_wo_design,48,5,5,0,0,0.37017196237391076,0.3701719623739108,0.37017196237391076,0.0,0.01818181818181818,0.7142857142857143,1.2857142857142858,0.0
sensorscope,30001,raven_wo_design,49,2,2,0,0,0.1329273152996609,0.1329273152996609,0.1329273152996609,0.0,0.01818181818181818,0.3333333333333333,1.8333333333333333,0.0
sensorscope,30001,raven_wo_design,50,2,2,0,0,0.18485069322112813,0.18485069322112813,0.18485069322112813,0.0,0.01818181818181818,0.3333333333333333,1.6666666666666667,0.0
sensorscope,30001,raven_wo_design,51,4,4,0,0,0.17125760550941532,0.17125760550941532,0.17125760550941532,0.0,0.01818181818181818,0.5714285714285714,1.8571428571428572,0.0
sensorscope,30001,raven_wo_design,52,3,3,0,0,0.1555595707916885,0.1555595707916885,0.1555595707916885,0.0,0.01818181818181818,0.6,1.6,0.0
sensorscope,30001,raven_wo_design,53,4,4,0,0,0.28586790317764854,0.28586790317764854,0.28586790317764854,0.0,0.01818181818181818,0.8,1.8,0.0
sensorscope,30001,raven_wo_design,54,2,2,0,0,0.2436231714968271,0.2436231714968271,0.2436231714968271,0.0,0.01818181818181818,0.3333333333333333,1.5,0.0
sensorscope,30001,raven_wo_design,55,2,2,0,0,0.27004887933195737,0.27004887933195737,0.27004887933195737,0.0,0.01818181818181818,0.2857142857142857,1.4285714285714286,0.0
sensorscope,30001,raven_wo_design,56,2,2,0,0,0.4676924620518998,0.4676924620518998,0.4676924620518998,0.0,0.01818181818181818,0.25,1.875,0.0
sensorscope,30001,raven_wo_design,57,3,3,0,0,0.15858943353980043,0.15858943353980043,0.15858943353980043,0.0,0.01818181818181818,0.42857142857142855,1.8571428571428572,0.0
sensorscope,30001,raven_wo_design,58,4,4,0,0,0.23817279091545102,0.238172790915451,0.23817279091545102,0.0,0.01818181818181818,0.5714285714285714,1.8571428571428572,0.0
sensorscope,30001,raven_wo_design,59,4,4,0,0,0.2713732405553981,0.2713732405553981,0.2713732405553981,0.0,0.01818181818181818,0.5,1.25,0.0
sensorscope,30001,raven_wo_design,60,0,0,0,1,0.0,,,,0.01818181818181818,0.0,2.0,0.0
sensorscope,30001,raven_wo_design,61,3,3,0,0,0.24662754946526863,0.24662754946526863,0.24662754946526863,0.0,0.01818181818181818,1.0,1.6666666666666667,0.0
sensorscope,30001,raven_wo_design,62,2,2,0,0,0.03398527823857246,0.03398527823857246,0.03398527823857246,0.0,0.01818181818181818,0.2857142857142857,1.5714285714285714,0.0
sensorscope,30001,raven_wo_design,63,2,2,0,0,0.12754139912757606,0.12754139912757606,0.12754139912757606,0.0,0.01818181818181818,0.25,1.625,0.0
sensorscope,30001,raven_wo_design,64,1,1,0,0,0.0,0.0,0.0,0.0,0.01818181818181818,0.16666666666666666,1.3333333333333333,0.0
sensorscope,30001,raven_wo_design,65,2,2,0,0,0.06132066464167901,0.06132066464167901,0.06132066464167901,0.0,0.01818181818181818,0.5,1.0,0.0
sensorscope,30001,raven_wo_design,66,2,2,0,0,0.0862805722320538,0.0862805722320538,0.0862805722320538,0.0,0.01818181818181818,0.3333333333333333,1.8333333333333333,0.0
sensorscope,30001,raven_wo_design,67,3,3,0,0,0.23489199739286537,0.23489199739286537,0.23489199739286537,0.0,0.01818181818181818,0.375,1.875,0.0
sensorscope,30001,raven_wo_design,68,4,4,0,0,0.22524134375731353,0.22524134375731353,0.22524134375731353,0.0,0.01818181818181818,0.6666666666666666,1.6666666666666667,0.0
sensorscope,30001,raven_wo_design,69,4,4,0,0,0.19024122211685848,0.19024122211685848,0.19024122211685848,0.0,0.01818181818181818,0.5714285714285714,1.7142857142857142,0.0
sensorscope,30001,raven_wo_design,70,2,2,0,0,0.12246313554704633,0.12246313554704633,0.12246313554704633,0.0,0.01818181818181818,0.3333333333333333,2.3333333333333335,0.0
sensorscope,30001,raven_wo_design,71,4,4,0,0,0.15089053513099976,0.15089053513099976,0.15089053513099976,0.0,0.01818181818181818,0.5714285714285714,1.8571428571428572,0.0
sensorscope,30001,raven_wo_design,72,4,4,0,0,0.14538706574292048,0.14538706574292048,0.14538706574292048,0.0,0.01818181818181818,0.5714285714285714,2.2857142857142856,0.0
sensorscope,30001,raven_wo_design,73,2,2,0,0,0.1355509756943472,0.1355509756943472,0.1355509756943472,0.0,0.01818181818181818,0.2857142857142857,1.4285714285714286,0.0
sensorscope,30001,raven_wo_design,74,3,3,0,0,0.2669120905873465,0.2669120905873465,0.2669120905873465,0.0,0.01818181818181818,0.375,1.875,0.0
sensorscope,30001,raven_wo_design,75,3,3,0,0,0.37242171458341333,0.37242171458341333,0.37242171458341333,0.0,0.01818181818181818,0.5,1.3333333333333333,0.0
sensorscope,30001,raven_wo_design,76,3,3,0,0,0.42488791701761625,0.42488791701761625,0.42488791701761625,0.0,0.01818181818181818,0.42857142857142855,1.5714285714285714,0.0
sensorscope,30001,raven_wo_design,77,3,3,0,0,0.11783595961030185,0.11783595961030185,0.11783595961030185,0.0,0.01818181818181818,0.5,1.5,0.0
sensorscope,30001,raven_wo_design,78,1,1,0,0,0.0,0.0,0.0,0.0,0.01818181818181818,0.2,2.0,0.0
sensorscope,30001,raven_wo_design,79,5,5,0,0,0.09264425603451086,0.09264425603451086,0.09264425603451086,0.0,0.01818181818181818,1.0,1.2,0.0
sensorscope,30001,raven_wo_design,80,1,1,0,0,0.0,0.0,0.0,0.0,0.01818181818181818,0.16666666666666666,1.5,0.0
sensorscope,30001,raven_wo_design,81,1,1,0,0,0.0,0.0,0.0,0.0,0.01818181818181818,0.25,1.7499999999999998,0.0
sensorscope,30001,raven_wo_design,82,1,1,0,0,0.0,0.0,0.0,0.0,0.01818181818181818,0.25,1.25,0.0
sensorscope,30001,raven_wo_design,83,3,3,0,0,0.13431463568157792,0.13431463568157792,0.13431463568157792,0.0,0.01818181818181818,0.375,1.75,0.0
sensorscope,30001,raven_wo_design,84,1,1,0,0,0.0,0.0,0.0,0.0,0.01818181818181818,0.25,1.7500000000000002,0.0
sensorscope,30001,raven_wo_design,85,4,4,0,0,0.12861924262348723,0.12861924262348726,0.12861924262348723,0.0,0.01818181818181818,0.5,1.75,0.0
sensorscope,30001,raven_wo_design,86,2,2,0,0,2.7755575615628914e-17,2.7755575615628914e-17,2.7755575615628914e-17,0.0,0.01818181818181818,0.3333333333333333,1.6666666666666667,0.0
sensorscope,30001,raven_wo_design,87,3,3,0,0,0.26719277356728377,0.26719277356728377,0.26719277356728377,0.0,0.01818181818181818,0.6,1.4,0.0
sensorscope,30001,raven_wo_design,88,4,4,0,0,0.25869618436792546,0.25869618436792546,0.25869618436792546,0.0,0.01818181818181818,0.5714285714285714,1.8571428571428572,0.0
sensorscope,30001,raven_wo_design,89,2,2,0,0,0.16175506418129712,0.16175506418129712,0.16175506418129712,0.0,0.01818181818181818,0.4,1.8,0.0
sensorscope,30001,raven_wo_design,90,2,2,0,0,0.10131361214626415,0.10131361214626415,0.10131361214626415,0.0,0.01818181818181818,0.4,1.4,0.0
sensorscope,30001,raven_wo_design,91,3,3,0,0,0.30890944798348197,0.30890944798348197,0.30890944798348197,0.0,0.01818181818181818,0.42857142857142855,1.8571428571428572,0.0
sensorscope,30001,raven_wo_design,92,2,2,0,0,0.3141720362493309,0.3141720362493309,0.3141720362493309,0.0,0.01818181818181818,0.2857142857142857,1.2857142857142858,0.0
sensorscope,30001,raven_wo_design,93,2,2,0,0,0.27826665894444097,0.27826665894444097,0.27826665894444097,0.0,0.01818181818181818,0.3333333333333333,1.5,0.0
sensorscope,30001,raven_wo_design,94,4,4,0,0,0.21687240526118834,0.21687240526118834,0.21687240526118834,0.0,0.01818181818181818,0.5714285714285714,1.2857142857142858,0.0
sensorscope,30001,raven_wo_design,95,3,3,0,0,0.3039075122934606,0.3039075122934606,0.3039075122934606,0.0,0.01818181818181818,0.6,1.8,0.0
sensorscope,30001,raven_wo_design,96,1,1,0,0,0.0,0.0,0.0,0.0,0.01818181818181818,0.16666666666666666,1.6666666666666667,0.0
sensorscope,30001,raven_wo_design,97,3,3,0,0,0.15884585538598264,0.15884585538598264,0.15884585538598264,0.0,0.01818181818181818,0.5,1.3333333333333333,0.0
sensorscope,30001,raven_wo_design,98,0,0,0,1,0.0,,,,0.01818181818181818,0.0,1.75,0.0
sensorscope,30001,raven_wo_design,99,4,4,0,0,0.17931277245913596,0.179312772459136,0.17931277245913596,0.0,0.01818181818181818,0.6666666666666666,1.6666666666666667,0.0
sensorscope,30001,raven_sag,0,6,6,0,0,0.297423887587822,0.297423887587822,0.297423887587822,0.0,0.01818181818181818,0.8571428571428571,1.1428571428571428,0.0
sensorscope,30001,raven_sag,1,2,2,0,0,0.10763589317117511,0.10763589317117511,0.10763589317117511,0.0,0.01818181818181818,0.4,1.4,0.0
sensorscope,30001,raven_sag,2,3,3,0,0,0.2618044110583856,0.2618044110583856,0.2618044110583856,0.0,0.01818181818181818,0.5,2.1666666666666665,0.0
sensorscope,30001,raven_sag,3,3,3,0,0,0.1973802860596925,0.1973802860596925,0.1973802860596925,0.0,0.01818181818181818,0.42857142857142855,1.2857142857142858,0.0
sensorscope,30001,raven_sag,4,3,3,0,0,0.21817237734321865,0.21817237734321865,0.21817237734321865,0.0,0.01818181818181818,0.5,1.6666666666666667,0.0
sensorscope,30001,raven_sag,5,2,2,0,0,0.10112116288147442,0.10112116288147442,0.10112116288147442,0.0,0.01818181818181818,0.5,1.0,0.0
sensorscope,30001,raven_sag,6,2,2,0,0,0.1937515127966412,0.1937515127966412,0.1937515127966412,0.0,0.01818181818181818,0.4,1.8,0.0
sensorscope,30001,raven_sag,7,4,4,0,0,0.2388499850364133,0.2388499850364133,0.2388499850364133,0.0,0.01818181818181818,0.5714285714285714,1.5714285714285714,0.0
sensorscope,30001,raven_sag,8,4,4,0,0,0.13848701728396876,0.13848701728396876,0.13848701728396876,0.0,0.01818181818181818,0.5714285714285714,1.8571428571428572,0.0
sensorscope,30001,raven_sag,9,2,2,0,0,0.13570585936933804,0.13570585936933804,0.13570585936933804,0.0,0.01818181818181818,0.3333333333333333,1.3333333333333333,0.0
sensorscope,30001,raven_sag,10,3,3,0,0,0.0773261815291852,0.0773261815291852,0.0773261815291852,0.0,0.01818181818181818,0.5,2.0,0.0
sensorscope,30001,raven_sag,11,2,2,0,0,0.03297331065233591,0.03297331065233591,0.03297331065233591,0.0,0.01818181818181818,0.2857142857142857,2.4285714285714284,0.07142857142857142
sensorscope,30001,raven_sag,12,2,2,0,0,0.04694762969788993,0.04694762969788993,0.04694762969788993,0.0,0.01818181818181818,0.2857142857142857,1.7142857142857142,0.0
sensorscope,30001,raven_sag,13,3,3,0,0,0.06459349657043653,0.06459349657043653,0.06459349657043653,0.0,0.01818181818181818,0.5,1.6666666666666667,0.0
sensorscope,30001,raven_sag,14,4,4,0,0,0.09094885736490964,0.09094885736490964,0.09094885736490964,0.0,0.01818181818181818,0.5,2.125,0.0
sensorscope,30001,raven_sag,15,1,1,0,0,0.0,0.0,0.0,0.0,0.01818181818181818,0.125,1.625,0.0
sensorscope,30001,raven_sag,16,3,3,0,0,0.053083863631229106,0.053083863631229106,0.053083863631229106,0.0,0.01818181818181818,0.375,1.375,0.0
sensorscope,30001,raven_sag,17,4,4,0,0,0.2639677929027683,0.2639677929027683,0.2639677929027683,0.0,0.01818181818181818,0.5,1.625,0.0
sensorscope,30001,raven_sag,18,2,2,0,0,0.11795796258235264,0.11795796258235264,0.11795796258235264,0.0,0.01818181818181818,0.2857142857142857,1.4285714285714286,0.0
sensorscope,30001,raven_sag,19,2,2,0,0,0.11650819628264819,0.11650819628264819,0.11650819628264819,0.0,0.01818181818181818,0.3333333333333333,1.3333333333333333,0.0
sensorscope,30001,raven_sag,20,2,2,0,0,0.01899929490114105,0.01899929490114105,0.01899929490114105,0.0,0.01818181818181818,0.2857142857142857,1.4285714285714286,0.0
sensorscope,30001,raven_sag,21,4,4,0,0,0.25876461884183666,0.25876461884183666,0.25876461884183666,0.0,0.01818181818181818,0.5,1.625,0.0
sensorscope,30001,raven_sag,22,1,1,0,0,0.0,0.0,0.0,0.0,0.01818181818181818,0.16666666666666666,2.0,0.0
sensorscope,30001,raven_sag,23,2,2,0,0,0.08320940334771675,0.08320940334771675,0.08320940334771675,0.0,0.01818181818181818,0.2857142857142857,1.4285714285714286,0.0
sensorscope,30001,raven_sag,24,1,1,0,0,0.0,0.0,0.0,0.0,0.01818181818181818,0.14285714285714285,1.5714285714285714,0.0
sensorscope,30001,raven_sag,25,2,2,0,0,0.020579480244148185,0.020579480244148185,0.020579480244148185,0.0,0.01818181818181818,0.4,2.4,0.0
sensorscope,30001,raven_sag,26,2,2,0,0,0.012250124665616896,0.012250124665616896,0.012250124665616896,0.0,0.01818181818181818,0.3333333333333333,1.3333333333333333,0.0
sensorscope,30001,raven_sag,27,4,4,0,0,0.10002870417332024,0.10002870417332024,0.10002870417332024,0.0,0.01818181818181818,0.6666666666666666,1.8333333333333333,0.0
sensorscope,30001,raven_sag,28,3,3,0,0,0.12904405999331353,0.12904405999331353,0.12904405999331353,0.0,0.01818181818181818,0.5,1.5,0.0
sensorscope,30001,raven_sag,29,2,2,0,0,0.11766826460823615,0.11766826460823615,0.11766826460823615,0.0,0.01818181818181818,0.2857142857142857,1.8571428571428572,0.0
sensorscope,30001,raven_sag,30,2,2,0,0,0.06173474915026114,0.06173474915026114,0.06173474915026114,0.0,0.01818181818181818,0.3333333333333333,2.0,0.0
sensorscope,30001,raven_sag,31,1,1,0,0,0.0,0.0,0.0,0.0,0.01818181818181818,0.2,1.4,0.0
sensorscope,30001,raven_sag,32,3,3,0,0,0.2345571755265541,0.2345571755265541,0.2345571755265541,0.0,0.01818181818181818,0.42857142857142855,1.2857142857142858,0.0
sensorscope,30001,raven_sag,33,4,4,0,0,0.299993596931278,0.2999935969312779,0.299993596931278,0.0,0.01818181818181818,0.5,1.75,0.0
sensorscope,30001,raven_sag,34,4,4,0,0,0.15053400251616653,0.15053400251616653,0.15053400251616653,0.0,0.01818181818181818,0.5714285714285714,1.4285714285714286,0.0
sensorscope,30001,raven_sag,35,1,1,0,0,0.0,0.0,0.0,0.0,0.01818181818181818,0.2,1.2,0.0
sensorscope,30001,raven_sag,36,1,1,0,0,0.0,0.0,0.0,0.0,0.01818181818181818,0.16666666666666666,1.8333333333333333,0.0
sensorscope,30001,raven_sag,37,2,2,0,0,0.17617553880143655,0.17617553880143655,0.17617553880143655,0.0,0.01818181818181818,0.4,1.8,0.0
sensorscope,30001,raven_sag,38,1,1,0,0,0.0,0.0,0.0,0.0,0.01818181818181818,0.16666666666666666,1.3333333333333333,0.0
sensorscope,30001,raven_sag,39,3,3,0,0,0.02282333178863548,0.02282333178863548,0.02282333178863548,0.0,0.01818181818181818,0.5,1.6666666666666667,0.0
sensorscope,30001,raven_sag,40,3,3,0,0,0.14065530727181746,0.14065530727181746,0.14065530727181746,0.0,0.01818181818181818,0.6,1.2,0.0
sensorscope,30001,raven_sag,41,4,4,0,0,0.16631035131350014,0.1663103513135001,0.16631035131350014,0.0,0.01818181818181818,0.5,1.625,0.0
sensorscope,30001,raven_sag,42,3,3,0,0,0.15909961321520466,0.15909961321520466,0.15909961321520466,0.0,0.01818181818181818,0.42857142857142855,1.7142857142857142,0.0
sensorscope,30001,raven_sag,43,0,0,0,1,0.0,,,,0.01818181818181818,0.0,1.6,0.0
sensorscope,30001,raven_sag,44,2,2,0,0,0.05390175280130849,0.05390175280130849,0.05390175280130849,0.0,0.01818181818181818,0.3333333333333333,2.1666666666666665,0.0
sensorscope,30001,raven_sag,45,2,2,0,0,0.01656591460456394,0.01656591460456394,0.01656591460456394,0.0,0.01818181818181818,0.4,1.8,0.0
sensorscope,30001,raven_sag,46,3,3,0,0,0.2585678268174353,0.2585678268174353,0.2585678268174353,0.0,0.01818181818181818,0.375,2.0,0.0
sensorscope,30001,raven_sag,47,2,2,0,0,0.057559243106876046,0.057559243106876046,0.057559243106876046,0.0,0.01818181818181818,0.4,1.8,0.0
sensorscope,30001,raven_sag,48,5,5,0,0,0.37017196237391076,0.3701719623739108,0.37017196237391076,0.0,0.01818181818181818,0.7142857142857143,1.2857142857142858,0.0
sensorscope,30001,raven_sag,49,2,2,0,0,0.1329273152996609,0.1329273152996609,0.1329273152996609,0.0,0.01818181818181818,0.3333333333333333,1.8333333333333333,0.0
sensorscope,30001,raven_sag,50,2,2,0,0,0.18485069322112813,0.18485069322112813,0.18485069322112813,0.0,0.01818181818181818,0.3333333333333333,1.6666666666666667,0.0
sensorscope,30001,raven_sag,51,4,4,0,0,0.17125760550941532,0.17125760550941532,0.17125760550941532,0.0,0.01818181818181818,0.5714285714285714,1.8571428571428572,0.0
sensorscope,30001,raven_sag,52,3,3,0,0,0.1555595707916885,0.1555595707916885,0.1555595707916885,0.0,0.01818181818181818,0.6,1.6,0.0
sensorscope,30001,raven_sag,53,4,4,0,0,0.28586790317764854,0.28586790317764854,0.28586790317764854,0.0,0.01818181818181818,0.8,1.8,0.0
sensorscope,30001,raven_sag,54,2,2,0,0,0.2436231714968271,0.2436231714968271,0.2436231714968271,0.0,0.01818181818181818,0.3333333333333333,1.5,0.0
sensorscope,30001,raven_sag,55,2,2,0,0,0.27004887933195737,0.27004887933195737,0.27004887933195737,0.0,0.01818181818181818,0.2857142857142857,1.4285714285714286,0.0
sensorscope,30001,raven_sag,56,2,2,0,0,0.4676924620518998,0.4676924620518998,0.4676924620518998,0.0,0.01818181818181818,0.25,1.875,0.0
sensorscope,30001,raven_sag,57,3,3,0,0,0.15858943353980043,0.15858943353980043,0.15858943353980043,0.0,0.01818181818181818,0.42857142857142855,1.8571428571428572,0.0
sensorscope,30001,raven_sag,58,4,4,0,0,0.23817279091545102,0.238172790915451,0.23817279091545102,0.0,0.01818181818181818,0.5714285714285714,1.8571428571428572,0.0
sensorscope,30001,raven_sag,59,4,4,0,0,0.2713732405553981,0.2713732405553981,0.2713732405553981,0.0,0.01818181818181818,0.5,1.25,0.0
sensorscope,30001,raven_sag,60,0,0,0,1,0.0,,,,0.01818181818181818,0.0,2.0,0.0
sensorscope,30001,raven_sag,61,3,3,0,0,0.24662754946526863,0.24662754946526863,0.24662754946526863,0.0,0.01818181818181818,1.0,1.6666666666666667,0.0
sensorscope,30001,raven_sag,62,2,2,0,0,0.03398527823857246,0.03398527823857246,0.03398527823857246,0.0,0.01818181818181818,0.2857142857142857,1.5714285714285714,0.0
sensorscope,30001,raven_sag,63,2,2,0,0,0.12754139912757606,0.12754139912757606,0.12754139912757606,0.0,0.01818181818181818,0.25,1.625,0.0
sensorscope,30001,raven_sag,64,1,1,0,0,0.0,0.0,0.0,0.0,0.01818181818181818,0.16666666666666666,1.3333333333333333,0.0
sensorscope,30001,raven_sag,65,2,2,0,0,0.06132066464167901,0.06132066464167901,0.06132066464167901,0.0,0.01818181818181818,0.5,1.0,0.0
sensorscope,30001,raven_sag,66,2,2,0,0,0.0862805722320538,0.0862805722320538,0.0862805722320538,0.0,0.01818181818181818,0.3333333333333333,1.8333333333333333,0.0
sensorscope,30001,raven_sag,67,3,3,0,0,0.23489199739286537,0.23489199739286537,0.23489199739286537,0.0,0.01818181818181818,0.375,1.875,0.0
sensorscope,30001,raven_sag,68,4,4,0,0,0.22524134375731353,0.22524134375731353,0.22524134375731353,0.0,0.01818181818181818,0.6666666666666666,1.6666666666666667,0.0
sensorscope,30001,raven_sag,69,4,4,0,0,0.19024122211685848,0.19024122211685848,0.19024122211685848,0.0,0.01818181818181818,0.5714285714285714,1.7142857142857142,0.0
sensorscope,30001,raven_sag,70,2,2,0,0,0.12246313554704633,0.12246313554704633,0.12246313554704633,0.0,0.01818181818181818,0.3333333333333333,2.3333333333333335,0.0
sensorscope,30001,raven_sag,71,4,4,0,0,0.15089053513099976,0.15089053513099976,0.15089053513099976,0.0,0.01818181818181818,0.5714285714285714,1.8571428571428572,0.0
sensorscope,30001,raven_sag,72,4,4,0,0,0.14538706574292048,0.14538706574292048,0.14538706574292048,0.0,0.01818181818181818,0.5714285714285714,2.2857142857142856,0.0
sensorscope,30001,raven_sag,73,2,2,0,0,0.1355509756943472,0.1355509756943472,0.1355509756943472,0.0,0.01818181818181818,0.2857142857142857,1.4285714285714286,0.0
sensorscope,30001,raven_sag,74,3,3,0,0,0.2669120905873465,0.2669120905873465,0.2669120905873465,0.0,0.01818181818181818,0.375,1.875,0.0
sensorscope,30001,raven_sag,75,3,3,0,0,0.37242171458341333,0.37242171458341333,0.37242171458341333,0.0,0.01818181818181818,0.5,1.3333333333333333,0.0
sensorscope,30001,raven_sag,76,3,3,0,0,0.42488791701761625,0.42488791701761625,0.42488791701761625,0.0,0.01818181818181818,0.42857142857142855,1.5714285714285714,0.0
sensorscope,30001,raven_sag,77,3,3,0,0,0.11783595961030185,0.11783595961030185,0.11783595961030185,0.0,0.01818181818181818,0.5,1.5,0.0
sensorscope,30001,raven_sag,78,1,1,0,0,0.0,0.0,0.0,0.0,0.01818181818181818,0.2,2.0,0.0
sensorscope,30001,raven_sag,79,5,5,0,0,0.09264425603451086,0.09264425603451086,0.09264425603451086,0.0,0.01818181818181818,1.0,1.2,0.0
sensorscope,30001,raven_sag,80,1,1,0,0,0.0,0.0,0.0,0.0,0.01818181818181818,0.16666666666666666,1.5,0.0
sensorscope,30001,raven_sag,81,1,1,0,0,0.0,0.0,0.0,0.0,0.01818181818181818,0.25,1.7499999999999998,0.0
sensorscope,30001,raven_sag,82,1,1,0,0,0.0,0.0,0.0,0.0,0.01818181818181818,0.25,1.25,0.0
sensorscope,30001,raven_sag,83,3,3,0,0,0.13431463568157792,0.13431463568157792,0.13431463568157792,0.0,0.01818181818181818,0.375,1.75,0.0
sensorscope,30001,raven_sag,84,1,1,0,0,0.0,0.0,0.0,0.0,0.01818181818181818,0.25,1.7500000000000002,0.0
sensorscope,30001,raven_sag,85,4,4,0,0,0.12861924262348723,0.12861924262348726,0.12861924262348723,0.0,0.01818181818181818,0.5,1.75,0.0
sensorscope,30001,raven_sag,86,2,2,0,0,2.7755575615628914e-17,2.7755575615628914e-17,2.7755575615628914e-17,0.0,0.01818181818181818,0.3333333333333333,1.6666666666666667,0.0
sensorscope,30001,raven_sag,87,3,3,0,0,0.26719277356728377,0.26719277356728377,0.26719277356728377,0.0,0.01818181818181818,0.6,1.4,0.0
sensorscope,30001,raven_sag,88,4,4,0,0,0.25869618436792546,0.25869618436792546,0.25869618436792546,0.0,0.01818181818181818,0.5714285714285714,1.8571428571428572,0.0
sensorscope,30001,raven_sag,89,2,2,0,0,0.16175506418129712,0.16175506418129712,0.16175506418129712,0.0,0.01818181818181818,0.4,1.8,0.0
sensorscope,30001,raven_sag,90,2,2,0,0,0.10131361214626415,0.10131361214626415,0.10131361214626415,0.0,0.01818181818181818,0.4,1.4,0.0
sensorscope,30001,raven_sag,91,3,3,0,0,0.30890944798348197,0.30890944798348197,0.30890944798348197,0.0,0.01818181818181818,0.42857142857142855,1.8571428571428572,0.0
sensorscope,30001,raven_sag,92,2,2,0,0,0.3141720362493309,0.3141720362493309,0.3141720362493309,0.0,0.01818181818181818,0.2857142857142857,1.2857142857142858,0.0
sensorscope,30001,raven_sag,93,2,2,0,0,0.27826665894444097,0.27826665894444097,0.27826665894444097,0.0,0.01818181818181818,0.3333333333333333,1.5,0.0
sensorscope,30001,raven_sag,94,4,4,0,0,0.21687240526118834,0.21687240526118834,0.21687240526118834,0.0,0.01818181818181818,0.5714285714285714,1.2857142857142858,0.0
sensorscope,30001,raven_sag,95,3,3,0,0,0.3039075122934606,0.3039075122934606,0.3039075122934606,0.0,0.01818181818181818,0.6,1.8,0.0
sensorscope,30001,raven_sag,96,1,1,0,0,0.0,0.0,0.0,0.0,0.01818181818181818,0.16666666666666666,1.6666666666666667,0.0
sensorscope,30001,raven_sag,97,3,3,0,0,0.15884585538598264,0.15884585538598264,0.15884585538598264,0.0,0.01818181818181818,0.5,1.3333333333333333,0.0
sensorscope,30001,raven_sag,98,0,0,0,1,0.0,,,,0.01818181818181818,0.0,1.75,0.0
sensorscope,30001,raven_sag,99,4,4,0,0,0.17931277245913596,0.179312772459136,0.17931277245913596,0.0,0.01818181818181818,0.6666666666666666,1.6666666666666667,0.0
sensorscope,30002,raven,0,6,6,0,0,0.2145875117574769,0.21458751175747687,0.2145875117574769,0.0,0.01818181818181818,0.8571428571428571,2.5714285714285716,0.0
sensorscope,30002,raven,1,2,2,0,0,0.25014771467200164,0.25014771467200164,0.25014771467200164,0.0,0.01818181818181818,0.2857142857142857,1.7142857142857142,0.0
sensorscope,30002,raven,2,3,3,0,0,0.1502587985564588,0.1502587985564588,0.1502587985564588,0.0,0.01818181818181818,0.5,1.6666666666666667,0.0
sensorscope,30002,raven,3,3,3,0,0,0.24348341391994194,0.24348341391994194,0.24348341391994194,0.0,0.01818181818181818,0.6,1.4,0.0
sensorscope,30002,raven,4,4,4,0,0,0.11120623513252235,0.11120623513252234,0.11120623513252235,0.0,0.01818181818181818,0.5714285714285714,1.7142857142857142,0.0
sensorscope,30002,raven,5,2,2,0,0,0.10848932476421391,0.10848932476421391,0.10848932476421391,0.0,0.01818181818181818,0.4,1.4,0.0
sensorscope,30002,raven,6,3,3,0,0,0.17486660713852692,0.17486660713852692,0.17486660713852692,0.0,0.01818181818181818,0.6,2.0,0.0
sensorscope,30002,raven,7,2,2,0,0,0.09972524225283763,0.09972524225283763,0.09972524225283763,0.0,0.01818181818181818,0.3333333333333333,1.1666666666666667,0.0
sensorscope,30002,raven,8,3,3,0,0,0.17755348380555658,0.17755348380555658,0.17755348380555658,0.0,0.01818181818181818,0.375,1.25,0.0
sensorscope,30002,raven,9,4,4,0,0,0.27832047361161355,0.27832047361161355,0.27832047361161355,0.0,0.01818181818181818,0.5,1.875,0.0
sensorscope,30002,raven,10,4,4,0,0,0.4580019728874188,0.4580019728874188,0.4580019728874188,0.0,0.01818181818181818,0.5,1.25,0.0
sensorscope,30002,raven,11,2,2,0,0,0.20593024329725693,0.20593024329725693,0.20593024329725693,0.0,0.01818181818181818,0.4,1.4,0.0
sensorscope,30002,raven,12,3,3,0,0,0.2673970572731377,0.2673970572731377,0.2673970572731377,0.0,0.01818181818181818,0.75,1.0,0.0
sensorscope,30002,raven,13,5,5,0,0,0.17896030452587003,0.17896030452587003,0.17896030452587003,0.0,0.01818181818181818,0.625,2.125,0.0
sensorscope,30002,raven,14,4,4,0,0,0.3672719519708299,0.3672719519708299,0.3672719519708299,0.0,0.01818181818181818,0.5714285714285714,1.5714285714285714,0.0
sensorscope,30002,raven,15,2,2,0,0,0.2446047004275028,0.2446047004275028,0.2446047004275028,0.0,0.01818181818181818,0.25,1.25,0.0
sensorscope,30002,raven,16,5,5,0,0,0.13382567325734182,0.13382567325734182,0.13382567325734182,0.0,0.01818181818181818,0.625,2.0,0.0
sensorscope,30002,raven,17,2,2,0,0,0.17494676321328742,0.17494676321328742,0.17494676321328742,0.0,0.01818181818181818,0.4,1.6,0.0
sensorscope,30002,raven,18,1,1,0,0,0.0,0.0,0.0,0.0,0.01818181818181818,0.25,2.0,0.0
sensorscope,30002,raven,19,1,1,0,0,0.0,0.0,0.0,0.0,0.01818181818181818,0.2,1.8,0.0
sensorscope,30002,raven,20,2,2,0,0,0.262744547365755,0.262744547365755,0.262744547365755,0.0,0.01818181818181818,0.3333333333333333,2.0,0.0
sensorscope,30002,raven,21,3,3,0,0,0.17388719420175064,0.17388719420175064,0.17388719420175064,0.0,0.01818181818181818,0.5,2.1666666666666665,0.0
sensorscope,30002,raven,22,3,3,0,0,0.08537081992416334,0.08537081992416334,0.08537081992416334,0.0,0.01818181818181818,0.375,1.5,0.0
sensorscope,30002,raven,23,2,2,0,0,0.09624886052003154,0.09624886052003154,0.09624886052003154,0.0,0.01818181818181818,0.25,2.125,0.0
sensorscope,30002,raven,24,2,2,0,0,0.045542127209572236,0.045542127209572236,0.045542127209572236,0.0,0.01818181818181818,0.3333333333333333,1.8333333333333333,0.0
sensorscope,30002,raven,25,2,2,0,0,0.23370181528519218,0.23370181528519218,0.23370181528519218,0.0,0.01818181818181818,0.2857142857142857,1.4285714285714286,0.0
sensorscope,30002,raven,26,1,1,0,0,0.0,0.0,0.0,0.0,0.01818181818181818,0.2,1.4,0.0
sensorscope,30002,raven,27,2,2,0,0,0.43583226249322266,0.43583226249322266,0.43583226249322266,0.0,0.01818181818181818,0.2857142857142857,1.7142857142857142,0.0
sensorscope,30002,raven,28,1,1,0,0,0.0,0.0,0.0,0.0,0.01818181818181818,0.2,1.4,0.0
sensorscope,30002,raven,29,2,2,0,0,0.04622531589561904,0.04622531589561904,0.04622531589561904,0.0,0.01818181818181818,0.4,1.2,0.0
sensorscope,30002,raven,30,2,2,0,0,0.08389615868990907,0.08389615868990907,0.08389615868990907,0.0,0.01818181818181818,0.25,1.25,0.0
sensorscope,30002,raven,31,4,4,0,0,0.16892273370181993,0.16892273370181993,0.16892273370181993,0.0,0.01818181818181818,0.6666666666666666,1.8333333333333333,0.0
sensorscope,30002,raven,32,3,3,0,0,0.15195902105262474,0.15195902105262474,0.15195902105262474,0.0,0.01818181818181818,0.42857142857142855,1.8571428571428572,0.0
sensorscope,30002,raven,33,3,3,0,0,0.1794140293845896,0.1794140293845896,0.1794140293845896,0.0,0.01818181818181818,0.42857142857142855,1.2857142857142858,0.0
sensorscope,30002,raven,34,1,1,0,0,0.0,0.0,0.0,0.0,0.01818181818181818,0.25,1.5,0.0
sensorscope,30002,raven,35,3,3,0,0,0.15906441671479224,0.15906441671479224,0.15906441671479224,0.0,0.01818181818181818,0.42857142857142855,1.5714285714285714,0.0
sensorscope,30002,raven,36,3,3,0,0,0.10472074188703875,0.10472074188703875,0.10472074188703875,0.0,0.01818181818181818,0.42857142857142855,1.8571428571428572,0.0
sensorscope,30002,raven,37,1,1,0,0,0.0,0.0,0.0,0.0,0.01818181818181818,0.2,1.6,0.0
sensorscope,30002,raven,38,5,5,0,0,0.1663093735831792,0.1663093735831792,0.1663093735831792,0.0,0.01818181818181818,0.8333333333333334,1.8333333333333333,0.0
sensorscope,30002,raven,39,3,3,0,0,0.12784017746768067,0.12784017746768067,0.12784017746768067,0.0,0.01818181818181818,0.375,1.625,0.0
sensorscope,30002,raven,40,1,1,0,0,0.0,0.0,0.0,0.0,0.01818181818181818,0.14285714285714285,1.8571428571428572,0.0
sensorscope,30002,raven,41,1,1,0,0,0.0,0.0,0.0,0.0,0.01818181818181818,0.16666666666666666,1.6666666666666667,0.0
sensorscope,30002,raven,42,3,3,0,0,0.36554816329782386,0.36554816329782386,0.36554816329782386,0.0,0.01818181818181818,0.42857142857142855,1.2857142857142858,0.0
sensorscope,30002,raven,43,2,2,0,0,0.16632196729156862,0.16632196729156862,0.16632196729156862,0.0,0.01818181818181818,0.2857142857142857,1.2857142857142858,0.0
sensorscope,30002,raven,44,2,2,0,0,0.04879623895351162,0.04879623895351162,0.04879623895351162,0.0,0.01818181818181818,0.25,1.625,0.0
sensorscope,30002,raven,45,4,4,0,0,0.1896644573379221,0.1896644573379221,0.1896644573379221,0.0,0.01818181818181818,0.5,1.375,0.0
sensorscope,30002,raven,46,1,1,0,0,0.0,0.0,0.0,0.0,0.01818181818181818,0.14285714285714285,1.8571428571428572,0.0
sensorscope,30002,raven,47,1,1,0,0,0.0,0.0,0.0,0.0,0.01818181818181818,0.16666666666666666,1.5,0.0
sensorscope,30002,raven,48,3,3,0,0,0.08306610049612516,0.08306610049612516,0.08306610049612516,0.0,0.01818181818181818,0.375,1.625,0.0
sensorscope,30002,raven,49,2,2,0,0,0.05236475204188025,0.05236475204188025,0.05236475204188025,0.0,0.01818181818181818,0.3333333333333333,1.8333333333333333,0.0
sensorscope,30002,raven,50,2,2,0,0,0.020596804957742576,0.020596804957742576,0.020596804957742576,0.0,0.01818181818181818,0.5,1.25,0.0
sensorscope,30002,raven,51,2,2,0,0,0.20195557356020954,0.20195557356020954,0.20195557356020954,0.0,0.01818181818181818,0.3333333333333333,1.1666666666666667,0.0
sensorscope,30002,raven,52,0,0,0,1,0.0,,,,0.01818181818181818,0.0,1.7142857142857142,0.0
sensorscope,30002,raven,53,5,5,0,0,0.2508270900083608,0.2508270900083608,0.2508270900083608,0.0,0.01818181818181818,0.8333333333333334,1.3333333333333333,0.0
sensorscope,30002,raven,54,2,2,0,0,0.18569155672074866,0.18569155672074866,0.18569155672074866,0.0,0.01818181818181818,0.3333333333333333,1.0,0.0
sensorscope,30002,raven,55,0,0,0,1,0.0,,,,0.01818181818181818,0.0,2.0,0.0
sensorscope,30002,raven,56,3,3,0,0,0.24596824442545723,0.24596824442545723,0.24596824442545723,0.0,0.01818181818181818,0.5,1.6666666666666667,0.0
sensorscope,30002,raven,57,2,2,0,0,0.13391452347128427,0.13391452347128427,0.13391452347128427,0.0,0.01818181818181818,0.2857142857142857,1.8571428571428572,0.0
sensorscope,30002,raven,58,3,3,0,0,0.18979849621094091,0.18979849621094091,0.18979849621094091,0.0,0.01818181818181818,0.42857142857142855,1.7142857142857142,0.0
sensorscope,30002,raven,59,2,2,0,0,0.31879153674330296,0.31879153674330296,0.31879153674330296,0.0,0.01818181818181818,0.2857142857142857,2.142857142857143,0.0
sensorscope,30002,raven,60,3,3,0,0,0.1256647681883128,0.1256647681883128,0.1256647681883128,0.0,0.01818181818181818,0.375,2.25,0.0
sensorscope,30002,raven,61,3,3,0,0,0.37550811324539546,0.37550811324539546,0.37550811324539546,0.0,0.01818181818181818,0.5,1.6666666666666667,0.0
sensorscope,30002,raven,62,3,3,0,0,0.03388356883727813,0.03388356883727813,0.03388356883727813,0.0,0.01818181818181818,0.5,2.0,0.0
sensorscope,30002,raven,63,3,3,0,0,0.1758342846369215,0.1758342846369215,0.1758342846369215,0.0,0.01818181818181818,0.5,1.5,0.0
sensorscope,30002,raven,64,4,4,0,0,0.07811631311576542,0.07811631311576542,0.07811631311576542,0.0,0.01818181818181818,0.5,1.5,0.0
sensorscope,30002,raven,65,2,2,0,0,0.265828637386141,0.265828637386141,0.265828637386141,0.0,0.01818181818181818,0.2857142857142857,1.5714285714285714,0.0
sensorscope,30002,raven,66,3,3,0,0,0.26165341392122143,0.26165341392122143,0.26165341392122143,0.0,0.01818181818181818,0.42857142857142855,1.5714285714285714,0.0
sensorscope,30002,raven,67,1,1,0,0,0.0,0.0,0.0,0.0,0.01818181818181818,0.14285714285714285,1.8571428571428572,0.0
sensorscope,30002,raven,68,2,2,0,0,0.12454996396983423,0.12454996396983423,0.12454996396983423,0.0,0.01818181818181818,0.3333333333333333,1.5,0.0
sensorscope,30002,raven,69,1,1,0,0,0.0,0.0,0.0,0.0,0.01818181818181818,0.14285714285714285,1.4285714285714286,0.0
sensorscope,30002,raven,70,2,2,0,0,0.09408932407667522,0.09408932407667522,0.09408932407667522,0.0,0.01818181818181818,0.25,1.375,0.0
sensorscope,30002,raven,71,2,2,0,0,0.31041399984602164,0.31041399984602164,0.31041399984602164,0.0,0.01818181818181818,0.3333333333333333,1.1666666666666667,0.0
sensorscope,30002,raven,72,3,3,0,0,0.3692198749178518,0.36921987491785185,0.3692198749178518,0.0,0.01818181818181818,0.375,1.75,0.0
sensorscope,30002,raven,73,2,2,0,0,0.1269361996189899,0.1269361996189899,0.1269361996189899,0.0,0.01818181818181818,0.2857142857142857,1.7142857142857142,0.0
sensorscope,30002,raven,74,2,2,0,0,0.2679428651053972,0.2679428651053972,0.2679428651053972,0.0,0.01818181818181818,0.2857142857142857,1.4285714285714286,0.0
sensorscope,30002,raven,75,3,3,0,0,0.15315501086018807,0.15315501086018807,0.15315501086018807,0.0,0.01818181818181818,0.375,1.5,0.0
sensorscope,30002,raven,76,4,4,0,0,0.12682642476376665,0.12682642476376665,0.12682642476376665,0.0,0.01818181818181818,0.8,1.6,0.0
sensorscope,30002,raven,77,2,2,0,0,0.1346531462267243,0.1346531462267243,0.1346531462267243,0.0,0.01818181818181818,0.4,1.2,0.0
sensorscope,30002,raven,78,3,3,0,0,0.13184085319206088,0.13184085319206088,0.13184085319206088,0.0,0.01818181818181818,0.5,1.8333333333333333,0.0
sensorscope,30002,raven,79,1,1,0,0,0.0,0.0,0.0,0.0,0.01818181818181818,0.25,2.0,0.0
sensorscope,30002,raven,80,3,3,0,0,0.32978696221410897,0.32978696221410897,0.32978696221410897,0.0,0.01818181818181818,0.42857142857142855,1.2857142857142858,0.0
sensorscope,30002,raven,81,2,2,0,0,0.025820179890679335,0.025820179890679335,0.025820179890679335,0.0,0.01818181818181818,0.2857142857142857,1.8571428571428572,0.0
sensorscope,30002,raven,82,3,3,0,0,0.10598282693185815,0.10598282693185815,0.10598282693185815,0.0,0.01818181818181818,0.75,3.0000000000000004,0.0
sensorscope,30002,raven,83,4,4,0,0,0.1772627694177361,0.1772627694177361,0.1772627694177361,0.0,0.01818181818181818,0.6666666666666666,1.6666666666666667,0.0
sensorscope,30002,raven,84,5,5,0,0,0.22936910799971721,0.22936910799971721,0.22936910799971721,0.0,0.01818181818181818,0.8333333333333334,1.8333333333333333,0.0
sensorscope,30002,raven,85,6,6,0,0,0.24483126962937113,0.24483126962937113,0.24483126962937113,0.0,0.01818181818181818,0.75,1.875,0.0
sensorscope,30002,raven,86,5,5,0,0,0.28319329480624855,0.28319329480624855,0.28319329480624855,0.0,0.01818181818181818,0.8333333333333334,1.8333333333333333,0.0
sensorscope,30002,raven,87,2,2,0,0,0.11099102462543105,0.11099102462543105,0.11099102462543105,0.0,0.01818181818181818,0.4,1.2,0.0
sensorscope,30002,raven,88,1,1,0,0,0.0,0.0,0.0,0.0,0.01818181818181818,0.16666666666666666,1.6666666666666667,0.0
sensorscope,30002,raven,89,3,3,0,0,0.3556859015243726,0.3556859015243726,0.3556859015243726,0.0,0.01818181818181818,0.42857142857142855,1.7142857142857142,0.0
sensorscope,30002,raven,90,3,3,0,0,0.1028752324819252,0.1028752324819252,0.1028752324819252,0.0,0.01818181818181818,0.6,1.4,0.0
sensorscope,30002,raven,91,2,2,0,0,0.08872610553166235,0.08872610553166235,0.08872610553166235,0.0,0.01818181818181818,0.4,1.6,0.0
sensorscope,30002,raven,92,2,2,0,0,0.04171706080834456,0.04171706080834456,0.04171706080834456,0.0,0.01818181818181818,0.4,1.0,0.0
sensorscope,30002,raven,93,4,4,0,0,0.3666910426537175,0.36669104265371744,0.3666910426537175,0.0,0.01818181818181818,0.6666666666666666,1.6666666666666667,0.0
sensorscope,30002,raven,94,1,1,0,0,0.0,0.0,0.0,0.0,0.01818181818181818,0.14285714285714285,1.4285714285714286,0.0
sensorscope,30002,raven,95,1,1,0,0,0.0,0.0,0.0,0.0,0.01818181818181818,0.14285714285714285,1.8571428571428572,0.0
sensorscope,30002,raven,96,4,4,0,0,0.09420315437425598,0.09420315437425598,0.09420315437425598,0.0,0.01818181818181818,0.5,1.625,0.0
sensorscope,30002,raven,97,4,4,0,0,0.20178640682418328,0.20178640682418325,0.20178640682418328,0.0,0.01818181818181818,0.5714285714285714,1.5714285714285714,0.0
sensorscope,30002,raven,98,2,2,0,0,0.2099279368226616,0.2099279368226616,0.2099279368226616,0.0,0.01818181818181818,0.2857142857142857,1.7142857142857142,0.0
sensorscope,30002,raven,99,5,5,0,0,0.25663915390120023,0.25663915390120023,0.25663915390120023,0.0,0.01818181818181818,0.7142857142857143,2.0,0.0
sensorscope,30002,raven_wo_design,0,6,6,0,0,0.2145875117574769,0.21458751175747687,0.2145875117574769,0.0,0.01818181818181818,0.8571428571428571,2.5714285714285716,0.0
sensorscope,30002,raven_wo_design,1,2,2,0,0,0.25014771467200164,0.25014771467200164,0.25014771467200164,0.0,0.01818181818181818,0.2857142857142857,1.7142857142857142,0.0
sensorscope,30002,raven_wo_design,2,3,3,0,0,0.1502587985564588,0.1502587985564588,0.1502587985564588,0.0,0.01818181818181818,0.5,1.6666666666666667,0.0
sensorscope,30002,raven_wo_design,3,3,3,0,0,0.24348341391994194,0.24348341391994194,0.24348341391994194,0.0,0.01818181818181818,0.6,1.4,0.0
sensorscope,30002,raven_wo_design,4,4,4,0,0,0.11120623513252235,0.11120623513252234,0.11120623513252235,0.0,0.01818181818181818,0.5714285714285714,1.7142857142857142,0.0
sensorscope,30002,raven_wo_design,5,2,2,0,0,0.10848932476421391,0.10848932476421391,0.10848932476421391,0.0,0.01818181818181818,0.4,1.4,0.0
sensorscope,30002,raven_wo_design,6,3,3,0,0,0.17486660713852692,0.17486660713852692,0.17486660713852692,0.0,0.01818181818181818,0.6,2.0,0.0
sensorscope,30002,raven_wo_design,7,2,2,0,0,0.09972524225283763,0.09972524225283763,0.09972524225283763,0.0,0.01818181818181818,0.3333333333333333,1.1666666666666667,0.0
sensorscope,30002,raven_wo_design,8,3,3,0,0,0.17755348380555658,0.17755348380555658,0.17755348380555658,0.0,0.01818181818181818,0.375,1.25,0.0
sensorscope,30002,raven_wo_design,9,4,4,0,0,0.27832047361161355,0.27832047361161355,0.27832047361161355,0.0,0.01818181818181818,0.5,1.875,0.0
sensorscope,30002,raven_wo_design,10,4,4,0,0,0.4580019728874188,0.4580019728874188,0.4580019728874188,0.0,0.01818181818181818,0.5,1.25,0.0
sensorscope,30002,raven_wo_design,11,2,2,0,0,0.20593024329725693,0.20593024329725693,0.20593024329725693,0.0,0.01818181818181818,0.4,1.4,0.0
sensorscope,30002,raven_wo_design,12,3,3,0,0,0.2673970572731377,0.2673970572731377,0.2673970572731377,0.0,0.01818181818181818,0.75,1.0,0.0
sensorscope,30002,raven_wo_design,13,5,5,0,0,0.17896030452587003,0.17896030452587003,0.17896030452587003,0.0,0.01818181818181818,0.625,2.125,0.0
sensorscope,30002,raven_wo_design,14,4,4,0,0,0.3672719519708299,0.3672719519708299,0.3672719519708299,0.0,0.01818181818181818,0.5714285714285714,1.5714285714285714,0.0
sensorscope,30002,raven_wo_design,15,2,2,0,0,0.2446047004275028,0.2446047004275028,0.2446047004275028,0.0,0.01818181818181818,0.25,1.25,0.0
sensorscope,30002,raven_wo_design,16,5,5,0,0,0.13382567325734182,0.13382567325734182,0.13382567325734182,0.0,0.01818181818181818,0.625,2.0,0.0
sensorscope,30002,raven_wo_design,17,2,2,0,0,0.17494676321328742,0.17494676321328742,0.17494676321328742,0.0,0.01818181818181818,0.4,1.6,0.0
sensorscope,30002,raven_wo_design,18,1,1,0,0,0.0,0.0,0.0,0.0,0.01818181818181818,0.25,2.0,0.0
sensorscope,30002,raven_wo_design,19,1,1,0,0,0.0,0.0,0.0,0.0,0.01818181818181818,0.2,1.8,0.0
sensorscope,30002,raven_wo_design,20,2,2,0,0,0.262744547365755,0.262744547365755,0.262744547365755,0.0,0.01818181818181818,0.3333333333333333,2.0,0.0
sensorscope,30002,raven_wo_design,21,3,3,0,0,0.17388719420175064,0.17388719420175064,0.17388719420175064,0.0,0.01818181818181818,0.5,2.1666666666666665,0.0
sensorscope,30002,raven_wo_design,22,3,3,0,0,0.08537081992416334,0.08537081992416334,0.08537081992416334,0.0,0.01818181818181818,0.375,1.5,0.0
sensorscope,30002,raven_wo_design,23,2,2,0,0,0.09624886052003154,0.09624886052003154,0.09624886052003154,0.0,0.01818181818181818,0.25,2.125,0.0
sensorscope,30002,raven_wo_design,24,2,2,0,0,0.045542127209572236,0.045542127209572236,0.045542127209572236,0.0,0.01818181818181818,0.3333333333333333,1.8333333333333333,0.0
sensorscope,30002,raven_wo_design,25,2,2,0,0,0.23370181528519218,0.23370181528519218,0.23370181528519218,0.0,0.01818181818181818,0.2857142857142857,1.4285714285714286,0.0
sensorscope,30002,raven_wo_design,26,1,1,0,0,0.0,0.0,0.0,0.0,0.01818181818181818,0.2,1.4,0.0
sensorscope,30002,raven_wo_design,27,2,2,0,0,0.43583226249322266,0.43583226249322266,0.43583226249322266,0.0,0.01818181818181818,0.2857142857142857,1.7142857142857142,0.0
sensorscope,30002,raven_wo_design,28,1,1,0,0,0.0,0.0,0.0,0.0,0.01818181818181818,0.2,1.4,0.0
sensorscope,30002,raven_wo_design,29,2,2,0,0,0.04622531589561904,0.04622531589561904,0.04622531589561904,0.0,0.01818181818181818,0.4,1.2,0.0
sensorscope,30002,raven_wo_design,30,2,2,0,0,0.08389615868990907,0.08389615868990907,0.08389615868990907,0.0,0.01818181818181818,0.25,1.25,0.0
sensorscope,30002,raven_wo_design,31,4,4,0,0,0.16892273370181993,0.16892273370181993,0.16892273370181993,0.0,0.01818181818181818,0.6666666666666666,1.8333333333333333,0.0
sensorscope,30002,raven_wo_design,32,3,3,0,0,0.15195902105262474,0.15195902105262474,0.15195902105262474,0.0,0.01818181818181818,0.42857142857142855,1.8571428571428572,0.0
sensorscope,30002,raven_wo_design,33,3,3,0,0,0.1794140293845896,0.1794140293845896,0.1794140293845896,0.0,0.01818181818181818,0.42857142857142855,1.2857142857142858,0.0
sensorscope,30002,raven_wo_design,34,1,1,0,0,0.0,0.0,0.0,0.0,0.01818181818181818,0.25,1.5,0.0
sensorscope,30002,raven_wo_design,35,3,3,0,0,0.15906441671479224,0.15906441671479224,0.15906441671479224,0.0,0.01818181818181818,0.42857142857142855,1.5714285714285714,0.0
sensorscope,30002,raven_wo_design,36,3,3,0,0,0.10472074188703875,0.10472074188703875,0.10472074188703875,0.0,0.01818181818181818,0.42857142857142855,1.8571428571428572,0.0
sensorscope,30002,raven_wo_design,37,1,1,0,0,0.0,0.0,0.0,0.0,0.01818181818181818,0.2,1.6,0.0
sensorscope,30002,raven_wo_design,38,5,5,0,0,0.1663093735831792,0.1663093735831792,0.1663093735831792,0.0,0.01818181818181818,0.8333333333333334,1.8333333333333333,0.0
sensorscope,30002,raven_wo_design,39,3,3,0,0,0.12784017746768067,0.12784017746768067,0.12784017746768067,0.0,0.01818181818181818,0.375,1.625,0.0
sensorscope,30002,raven_wo_design,40,1,1,0,0,0.0,0.0,0.0,0.0,0.01818181818181818,0.14285714285714285,1.8571428571428572,0.0
sensorscope,30002,raven_wo_design,41,1,1,0,0,0.0,0.0,0.0,0.0,0.01818181818181818,0.16666666666666666,1.6666666666666667,0.0
sensorscope,30002,raven_wo_design,42,3,3,0,0,0.36554816329782386,0.36554816329782386,0.36554816329782386,0.0,0.01818181818181818,0.42857142857142855,1.2857142857142858,0.0
sensorscope,30002,raven_wo_design,43,2,2,0,0,0.16632196729156862,0.16632196729156862,0.16632196729156862,0.0,0.01818181818181818,0.2857142857142857,1.2857142857142858,0.0
sensorscope,30002,raven_wo_design,44,2,2,0,0,0.04879623895351162,0.04879623895351162,0.04879623895351162,0.0,0.01818181818181818,0.25,1.625,0.0
sensorscope,30002,raven_wo_design,45,4,4,0,0,0.1896644573379221,0.1896644573379221,0.1896644573379221,0.0,0.01818181818181818,0.5,1.375,0.0
sensorscope,30002,raven_wo_design,46,1,1,0,0,0.0,0.0,0.0,0.0,0.01818181818181818,0.14285714285714285,1.8571428571428572,0.0
sensorscope,30002,raven_wo_design,47,1,1,0,0,0.0,0.0,0.0,0.0,0.01818181818181818,0.16666666666666666,1.5,0.0
sensorscope,30002,raven_wo_design,48,3,3,0,0,0.08306610049612516,0.08306610049612516,0.08306610049612516,0.0,0.01818181818181818,0.375,1.625,0.0
sensorscope,30002,raven_wo_design,49,2,2,0,0,0.05236475204188025,0.05236475204188025,0.05236475204188025,0.0,0.01818181818181818,0.3333333333333333,1.8333333333333333,0.0
sensorscope,30002,raven_wo_design,50,2,2,0,0,0.020596804957742576,0.020596804957742576,0.020596804957742576,0.0,0.01818181818181818,0.5,1.25,0.0
sensorscope,30002,raven_wo_design,51,2,2,0,0,0.20195557356020954,0.20195557356020954,0.20195557356020954,0.0,0.01818181818181818,0.3333333333333333,1.1666666666666667,0.0
sensorscope,30002,raven_wo_design,52,0,0,0,1,0.0,,,,0.01818181818181818,0.0,1.7142857142857142,0.0
sensorscope,30002,raven_wo_design,53,5,5,0,0,0.2508270900083608,0.2508270900083608,0.2508270900083608,0.0,0.01818181818181818,0.8333333333333334,1.3333333333333333,0.0
sensorscope,30002,raven_wo_design,54,2,2,0,0,0.18569155672074866,0.18569155672074866,0.18569155672074866,0.0,0.01818181818181818,0.3333333333333333,1.0,0.0
sensorscope,30002,raven_wo_design,55,0,0,0,1,0.0,,,,0.01818181818181818,0.0,2.0,0.0
sensorscope,30002,raven_wo_design,56,3,3,0,0,0.24596824442545723,0.24596824442545723,0.24596824442545723,0.0,0.01818181818181818,0.5,1.6666666666666667,0.0
sensorscope,30002,raven_wo_design,57,2,2,0,0,0.13391452347128427,0.13391452347128427,0.13391452347128427,0.0,0.01818181818181818,0.2857142857142857,1.8571428571428572,0.0
sensorscope,30002,raven_wo_design,58,3,3,0,0,0.18979849621094091,0.18979849621094091,0.18979849621094091,0.0,0.01818181818181818,0.42857142857142855,1.7142857142857142,0.0
sensorscope,30002,raven_wo_design,59,2,2,0,0,0.31879153674330296,0.31879153674330296,0.31879153674330296,0.0,0.01818181818181818,0.2857142857142857,2.142857142857143,0.0
sensorscope,30002,raven_wo_design,60,3,3,0,0,0.1256647681883128,0.1256647681883128,0.1256647681883128,0.0,0.01818181818181818,0.375,2.25,0.0
sensorscope,30002,raven_wo_design,61,3,3,0,0,0.37550811324539546,0.37550811324539546,0.37550811324539546,0.0,0.01818181818181818,0.5,1.6666666666666667,0.0
sensorscope,30002,raven_wo_design,62,3,3,0,0,0.03388356883727813,0.03388356883727813,0.03388356883727813,0.0,0.01818181818181818,0.5,2.0,0.0
sensorscope,30002,raven_wo_design,63,3,3,0,0,0.1758342846369215,0.1758342846369215,0.1758342846369215,0.0,0.01818181818181818,0.5,1.5,0.0
sensorscope,30002,raven_wo_design,64,4,4,0,0,0.07811631311576542,0.07811631311576542,0.07811631311576542,0.0,0.01818181818181818,0.5,1.5,0.0
sensorscope,30002,raven_wo_design,65,2,2,0,0,0.265828637386141,0.265828637386141,0.265828637386141,0.0,0.01818181818181818,0.2857142857142857,1.5714285714285714,0.0
sensorscope,30002,raven_wo_design,66,3,3,0,0,0.26165341392122143,0.26165341392122143,0.26165341392122143,0.0,0.01818181818181818,0.42857142857142855,1.5714285714285714,0.0
sensorscope,30002,raven_wo_design,67,1,1,0,0,0.0,0.0,0.0,0.0,0.01818181818181818,0.14285714285714285,1.8571428571428572,0.0
sensorscope,30002,raven_wo_design,68,2,2,0,0,0.12454996396983423,0.12454996396983423,0.12454996396983423,0.0,0.01818181818181818,0.3333333333333333,1.5,0.0
sensorscope,30002,raven_wo_design,69,1,1,0,0,0.0,0.0,0.0,0.0,0.01818181818181818,0.14285714285714285,1.4285714285714286,0.0
sensorscope,30002,raven_wo_design,70,2,2,0,0,0.09408932407667522,0.09408932407667522,0.09408932407667522,0.0,0.01818181818181818,0.25,1.375,0.0
sensorscope,30002,raven_wo_design,71,2,2,0,0,0.31041399984602164,0.31041399984602164,0.31041399984602164,0.0,0.01818181818181818,0.3333333333333333,1.1666666666666667,0.0
sensorscope,30002,raven_wo_design,72,3,3,0,0,0.3692198749178518,0.36921987491785185,0.3692198749178518,0.0,0.01818181818181818,0.375,1.75,0.0
sensorscope,30002,raven_wo_design,73,2,2,0,0,0.1269361996189899,0.1269361996189899,0.1269361996189899,0.0,0.01818181818181818,0.2857142857142857,1.7142857142857142,0.0
sensorscope,30002,raven_wo_design,74,2,2,0,0,0.2679428651053972,0.2679428651053972,0.2679428651053972,0.0,0.01818181818181818,0.2857142857142857,1.4285714285714286,0.0
sensorscope,30002,raven_wo_design,75,3,3,0,0,0.15315501086018807,0.15315501086018807,0.15315501086018807,0.0,0.01818181818181818,0.375,1.5,0.0
sensorscope,30002,raven_wo_design,76,4,4,0,0,0.12682642476376665,0.12682642476376665,0.12682642476376665,0.0,0.01818181818181818,0.8,1.6,0.0
sensorscope,30002,raven_wo_design,77,2,2,0,0,0.1346531462267243,0.1346531462267243,0.1346531462267243,0.0,0.01818181818181818,0.4,1.2,0.0
sensorscope,30002,raven_wo_design,78,3,3,0,0,0.13184085319206088,0.13184085319206088,0.13184085319206088,0.0,0.01818181818181818,0.5,1.8333333333333333,0.0
sensorscope,30002,raven_wo_design,79,1,1,0,0,0.0,0.0,0.0,0.0,0.01818181818181818,0.25,2.0,0.0
sensorscope,30002,raven_wo_design,80,3,3,0,0,0.32978696221410897,0.32978696221410897,0.32978696221410897,0.0,0.01818181818181818,0.42857142857142855,1.2857142857142858,0.0
sensorscope,30002,raven_wo_design,81,2,2,0,0,0.025820179890679335,0.025820179890679335,0.025820179890679335,0.0,0.01818181818181818,0.2857142857142857,1.8571428571428572,0.0
sensorscope,30002,raven_wo_design,82,3,3,0,0,0.10598282693185815,0.10598282693185815,0.10598282693185815,0.0,0.01818181818181818,0.75,3.0000000000000004,0.0
sensorscope,30002,raven_wo_design,83,4,4,0,0,0.1772627694177361,0.1772627694177361,0.1772627694177361,0.0,0.01818181818181818,0.6666666666666666,1.6666666666666667,0.0
sensorscope,30002,raven_wo_design,84,5,5,0,0,0.22936910799971721,0.22936910799971721,0.22936910799971721,0.0,0.01818181818181818,0.8333333333333334,1.8333333333333333,0.0
sensorscope,30002,raven_wo_design,85,6,6,0,0,0.24483126962937113,0.24483126962937113,0.24483126962937113,0.0,0.01818181818181818,0.75,1.875,0.0
sensorscope,30002,raven_wo_design,86,5,5,0,0,0.28319329480624855,0.28319329480624855,0.28319329480624855,0.0,0.01818181818181818,0.8333333333333334,1.8333333333333333,0.0
sensorscope,30002,raven_wo_design,87,2,2,0,0,0.11099102462543105,0.11099102462543105,0.11099102462543105,0.0,0.01818181818181818,0.4,1.2,0.0
sensorscope,30002,raven_wo_design,88,1,1,0,0,0.0,0.0,0.0,0.0,0.01818181818181818,0.16666666666666666,1.6666666666666667,0.0
sensorscope,30002,raven_wo_design,89,3,3,0,0,0.3556859015243726,0.3556859015243726,0.3556859015243726,0.0,0.01818181818181818,0.42857142857142855,1.7142857142857142,0.0
sensorscope,30002,raven_wo_design,90,3,3,0,0,0.1028752324819252,0.1028752324819252,0.1028752324819252,0.0,0.01818181818181818,0.6,1.4,0.0
sensorscope,30002,raven_wo_design,91,2,2,0,0,0.08872610553166235,0.08872610553166235,0.08872610553166235,0.0,0.01818181818181818,0.4,1.6,0.0
sensorscope,30002,raven_wo_design,92,2,2,0,0,0.04171706080834456,0.04171706080834456,0.04171706080834456,0.0,0.01818181818181818,0.4,1.0,0.0
sensorscope,30002,raven_wo_design,93,4,4,0,0,0.3666910426537175,0.36669104265371744,0.3666910426537175,0.0,0.01818181818181818,0.6666666666666666,1.6666666666666667,0.0
sensorscope,30002,raven_wo_design,94,1,1,0,0,0.0,0.0,0.0,0.0,0.01818181818181818,0.14285714285714285,1.4285714285714286,0.0
sensorscope,30002,raven_wo_design,95,1,1,0,0,0.0,0.0,0.0,0.0,0.01818181818181818,0.14285714285714285,1.8571428571428572,0.0
sensorscope,30002,raven_wo_design,96,4,4,0,0,0.09420315437425598,0.09420315437425598,0.09420315437425598,0.0,0.01818181818181818,0.5,1.625,0.0
sensorscope,30002,raven_wo_design,97,4,4,0,0,0.20178640682418328,0.20178640682418325,0.20178640682418328,0.0,0.01818181818181818,0.5714285714285714,1.5714285714285714,0.0
sensorscope,30002,raven_wo_design,98,2,2,0,0,0.2099279368226616,0.2099279368226616,0.2099279368226616,0.0,0.01818181818181818,0.2857142857142857,1.7142857142857142,0.0
sensorscope,30002,raven_wo_design,99,5,5,0,0,0.25663915390120023,0.25663915390120023,0.25663915390120023,0.0,0.01818181818181818,0.7142857142857143,2.0,0.0
sensorscope,30002,raven_sag,0,6,6,0,0,0.2145875117574769,0.21458751175747687,0.2145875117574769,0.0,0.01818181818181818,0.8571428571428571,2.5714285714285716,0.0
sensorscope,30002,raven_sag,1,2,2,0,0,0.25014771467200164,0.25014771467200164,0.25014771467200164,0.0,0.01818181818181818,0.2857142857142857,1.7142857142857142,0.0
sensorscope,30002,raven_sag,2,3,3,0,0,0.1502587985564588,0.1502587985564588,0.1502587985564588,0.0,0.01818181818181818,0.5,1.6666666666666667,0.0
sensorscope,30002,raven_sag,3,3,3,0,0,0.24348341391994194,0.24348341391994194,0.24348341391994194,0.0,0.01818181818181818,0.6,1.4,0.0
sensorscope,30002,raven_sag,4,4,4,0,0,0.11120623513252235,0.11120623513252234,0.11120623513252235,0.0,0.01818181818181818,0.5714285714285714,1.7142857142857142,0.0
sensorscope,30002,raven_sag,5,2,2,0,0,0.10848932476421391,0.10848932476421391,0.10848932476421391,0.0,0.01818181818181818,0.4,1.4,0.0
sensorscope,30002,raven_sag,6,3,3,0,0,0.17486660713852692,0.17486660713852692,0.17486660713852692,0.0,0.01818181818181818,0.6,2.0,0.0
sensorscope,30002,raven_sag,7,2,2,0,0,0.09972524225283763,0.09972524225283763,0.09972524225283763,0.0,0.01818181818181818,0.3333333333333333,1.1666666666666667,0.0
sensorscope,30002,raven_sag,8,3,3,0,0,0.17755348380555658,0.17755348380555658,0.17755348380555658,0.0,0.01818181818181818,0.375,1.25,0.0
sensorscope,30002,raven_sag,9,4,4,0,0,0.27832047361161355,0.27832047361161355,0.27832047361161355,0.0,0.01818181818181818,0.5,1.875,0.0
sensorscope,30002,raven_sag,10,4,4,0,0,0.4580019728874188,0.4580019728874188,0.4580019728874188,0.0,0.01818181818181818,0.5,1.25,0.0
sensorscope,30002,raven_sag,11,2,2,0,0,0.20593024329725693,0.20593024329725693,0.20593024329725693,0.0,0.01818181818181818,0.4,1.4,0.0
sensorscope,30002,raven_sag,12,3,3,0,0,0.2673970572731377,0.2673970572731377,0.2673970572731377,0.0,0.01818181818181818,0.75,1.0,0.0
sensorscope,30002,raven_sag,13,5,5,0,0,0.17896030452587003,0.17896030452587003,0.17896030452587003,0.0,0.01818181818181818,0.625,2.125,0.0
sensorscope,30002,raven_sag,14,4,4,0,0,0.3672719519708299,0.3672719519708299,0.3672719519708299,0.0,0.01818181818181818,0.5714285714285714,1.5714285714285714,0.0
sensorscope,30002,raven_sag,15,2,2,0,0,0.2446047004275028,0.2446047004275028,0.2446047004275028,0.0,0.01818181818181818,0.25,1.25,0.0
sensorscope,30002,raven_sag,16,5,5,0,0,0.13382567325734182,0.13382567325734182,0.13382567325734182,0.0,0.01818181818181818,0.625,2.0,0.0
sensorscope,30002,raven_sag,17,2,2,0,0,0.17494676321328742,0.17494676321328742,0.17494676321328742,0.0,0.01818181818181818,0.4,1.6,0.0
sensorscope,30002,raven_sag,18,1,1,0,0,0.0,0.0,0.0,0.0,0.01818181818181818,0.25,2.0,0.0
sensorscope,30002,raven_sag,19,1,1,0,0,0.0,0.0,0.0,0.0,0.01818181818181818,0.2,1.8,0.0
sensorscope,30002,raven_sag,20,2,2,0,0,0.262744547365755,0.262744547365755,0.262744547365755,0.0,0.01818181818181818,0.3333333333333333,2.0,0.0
sensorscope,30002,raven_sag,21,3,3,0,0,0.17388719420175064,0.17388719420175064,0.17388719420175064,0.0,0.01818181818181818,0.5,2.1666666666666665,0.0
sensorscope,30002,raven_sag,22,3,3,0,0,0.08537081992416334,0.08537081992416334,0.08537081992416334,0.0,0.01818181818181818,0.375,1.5,0.0
sensorscope,30002,raven_sag,23,2,2,0,0,0.09624886052003154,0.09624886052003154,0.09624886052003154,0.0,0.01818181818181818,0.25,2.125,0.0
sensorscope,30002,raven_sag,24,2,2,0,0,0.045542127209572236,0.045542127209572236,0.045542127209572236,0.0,0.01818181818181818,0.3333333333333333,1.8333333333333333,0.0
sensorscope,30002,raven_sag,25,2,2,0,0,0.23370181528519218,0.23370181528519218,0.23370181528519218,0.0,0.01818181818181818,0.2857142857142857,1.4285714285714286,0.0
sensorscope,30002,raven_sag,26,1,1,0,0,0.0,0.0,0.0,0.0,0.01818181818181818,0.2,1.4,0.0
sensorscope,30002,raven_sag,27,2,2,0,0,0.43583226249322266,0.43583226249322266,0.43583226249322266,0.0,0.01818181818181818,0.2857142857142857,1.7142857142857142,0.0
sensorscope,30002,raven_sag,28,1,1,0,0,0.0,0.0,0.0,0.0,0.01818181818181818,0.2,1.4,0.0
sensorscope,30002,raven_sag,29,2,2,0,0,0.04622531589561904,0.04622531589561904,0.04622531589561904,0.0,0.01818181818181818,0.4,1.2,0.0
sensorscope,30002,raven_sag,30,2,2,0,0,0.08389615868990907,0.08389615868990907,0.08389615868990907,0.0,0.01818181818181818,0.25,1.25,0.0
sensorscope,30002,raven_sag,31,4,4,0,0,0.16892273370181993,0.16892273370181993,0.16892273370181993,0.0,0.01818181818181818,0.6666666666666666,1.8333333333333333,0.0
sensorscope,30002,raven_sag,32,3,3,0,0,0.15195902105262474,0.15195902105262474,0.15195902105262474,0.0,0.01818181818181818,0.42857142857142855,1.8571428571428572,0.0
sensorscope,30002,raven_sag,33,3,3,0,0,0.1794140293845896,0.1794140293845896,0.1794140293845896,0.0,0.01818181818181818,0.42857142857142855,1.2857142857142858,0.0
sensorscope,30002,raven_sag,34,1,1,0,0,0.0,0.0,0.0,0.0,0.01818181818181818,0.25,1.5,0.0
sensorscope,30002,raven_sag,35,3,3,0,0,0.15906441671479224,0.15906441671479224,0.15906441671479224,0.0,0.01818181818181818,0.42857142857142855,1.5714285714285714,0.0
sensorscope,30002,raven_sag,36,3,3,0,0,0.10472074188703875,0.10472074188703875,0.10472074188703875,0.0,0.01818181818181818,0.42857142857142855,1.8571428571428572,0.0
sensorscope,30002,raven_sag,37,1,1,0,0,0.0,0.0,0.0,0.0,0.01818181818181818,0.2,1.6,0.0
sensorscope,30002,raven_sag,38,5,5,0,0,0.1663093735831792,0.1663093735831792,0.1663093735831792,0.0,0.01818181818181818,0.8333333333333334,1.8333333333333333,0.0
sensorscope,30002,raven_sag,39,3,3,0,0,0.12784017746768067,0.12784017746768067,0.12784017746768067,0.0,0.01818181818181818,0.375,1.625,0.0
sensorscope,30002,raven_sag,40,1,1,0,0,0.0,0.0,0.0,0.0,0.01818181818181818,0.14285714285714285,1.8571428571428572,0.0
sensorscope,30002,raven_sag,41,1,1,0,0,0.0,0.0,0.0,0.0,0.01818181818181818,0.16666666666666666,1.6666666666666667,0.0
sensorscope,30002,raven_sag,42,3,3,0,0,0.36554816329782386,0.36554816329782386,0.36554816329782386,0.0,0.01818181818181818,0.42857142857142855,1.2857142857142858,0.0
sensorscope,30002,raven_sag,43,2,2,0,0,0.16632196729156862,0.16632196729156862,0.16632196729156862,0.0,0.01818181818181818,0.2857142857142857,1.2857142857142858,0.0
sensorscope,30002,raven_sag,44,2,2,0,0,0.04879623895351162,0.04879623895351162,0.04879623895351162,0.0,0.01818181818181818,0.25,1.625,0.0
sensorscope,30002,raven_sag,45,4,4,0,0,0.1896644573379221,0.1896644573379221,0.1896644573379221,0.0,0.01818181818181818,0.5,1.375,0.0
sensorscope,30002,raven_sag,46,1,1,0,0,0.0,0.0,0.0,0.0,0.01818181818181818,0.14285714285714285,1.8571428571428572,0.0
sensorscope,30002,raven_sag,47,1,1,0,0,0.0,0.0,0.0,0.0,0.01818181818181818,0.16666666666666666,1.5,0.0
sensorscope,30002,raven_sag,48,3,3,0,0,0.08306610049612516,0.08306610049612516,0.08306610049612516,0.0,0.01818181818181818,0.375,1.625,0.0
sensorscope,30002,raven_sag,49,2,2,0,0,0.05236475204188025,0.05236475204188025,0.05236475204188025,0.0,0.01818181818181818,0.3333333333333333,1.8333333333333333,0.0
sensorscope,30002,raven_sag,50,2,2,0,0,0.020596804957742576,0.020596804957742576,0.020596804957742576,0.0,0.01818181818181818,0.5,1.25,0.0
sensorscope,30002,raven_sag,51,2,2,0,0,0.20195557356020954,0.20195557356020954,0.20195557356020954,0.0,0.01818181818181818,0.3333333333333333,1.1666666666666667,0.0
sensorscope,30002,raven_sag,52,0,0,0,1,0.0,,,,0.01818181818181818,0.0,1.7142857142857142,0.0
sensorscope,30002,raven_sag,53,5,5,0,0,0.2508270900083608,0.2508270900083608,0.2508270900083608,0.0,0.01818181818181818,0.8333333333333334,1.3333333333333333,0.0
sensorscope,30002,raven_sag,54,2,2,0,0,0.18569155672074866,0.18569155672074866,0.18569155672074866,0.0,0.01818181818181818,0.3333333333333333,1.0,0.0
sensorscope,30002,raven_sag,55,0,0,0,1,0.0,,,,0.01818181818181818,0.0,2.0,0.0
sensorscope,30002,raven_sag,56,3,3,0,0,0.24596824442545723,0.24596824442545723,0.24596824442545723,0.0,0.01818181818181818,0.5,1.6666666666666667,0.0
sensorscope,30002,raven_sag,57,2,2,0,0,0.13391452347128427,0.13391452347128427,0.13391452347128427,0.0,0.01818181818181818,0.2857142857142857,1.8571428571428572,0.0
sensorscope,30002,raven_sag,58,3,3,0,0,0.18979849621094091,0.18979849621094091,0.18979849621094091,0.0,0.01818181818181818,0.42857142857142855,1.7142857142857142,0.0
sensorscope,30002,raven_sag,59,2,2,0,0,0.31879153674330296,0.31879153674330296,0.31879153674330296,0.0,0.01818181818181818,0.2857142857142857,2.142857142857143,0.0
sensorscope,30002,raven_sag,60,3,3,0,0,0.1256647681883128,0.1256647681883128,0.1256647681883128,0.0,0.01818181818181818,0.375,2.25,0.0
sensorscope,30002,raven_sag,61,3,3,0,0,0.37550811324539546,0.37550811324539546,0.37550811324539546,0.0,0.01818181818181818,0.5,1.6666666666666667,0.0
sensorscope,30002,raven_sag,62,3,3,0,0,0.03388356883727813,0.03388356883727813,0.03388356883727813,0.0,0.01818181818181818,0.5,2.0,0.0
sensorscope,30002,raven_sag,63,3,3,0,0,0.1758342846369215,0.1758342846369215,0.1758342846369215,0.0,0.01818181818181818,0.5,1.5,0.0
sensorscope,30002,raven_sag,64,4,4,0,0,0.07811631311576542,0.07811631311576542,0.07811631311576542,0.0,0.01818181818181818,0.5,1.5,0.0
sensorscope,30002,raven_sag,65,2,2,0,0,0.265828637386141,0.265828637386141,0.265828637386141,0.0,0.01818181818181818,0.2857142857142857,1.5714285714285714,0.0
sensorscope,30002,raven_sag,66,3,3,0,0,0.26165341392122143,0.26165341392122143,0.26165341392122143,0.0,0.01818181818181818,0.42857142857142855,1.5714285714285714,0.0
sensorscope,30002,raven_sag,67,1,1,0,0,0.0,0.0,0.0,0.0,0.01818181818181818,0.14285714285714285,1.8571428571428572,0.0
sensorscope,30002,raven_sag,68,2,2,0,0,0.12454996396983423,0.12454996396983423,0.12454996396983423,0.0,0.01818181818181818,0.3333333333333333,1.5,0.0
sensorscope,30002,raven_sag,69,1,1,0,0,0.0,0.0,0.0,0.0,0.01818181818181818,0.14285714285714285,1.4285714285714286,0.0
sensorscope,30002,raven_sag,70,2,2,0,0,0.09408932407667522,0.09408932407667522,0.09408932407667522,0.0,0.01818181818181818,0.25,1.375,0.0
sensorscope,30002,raven_sag,71,2,2,0,0,0.31041399984602164,0.31041399984602164,0.31041399984602164,0.0,0.01818181818181818,0.3333333333333333,1.1666666666666667,0.0
sensorscope,30002,raven_sag,72,3,3,0,0,0.3692198749178518,0.36921987491785185,0.3692198749178518,0.0,0.01818181818181818,0.375,1.75,0.0
sensorscope,30002,raven_sag,73,2,2,0,0,0.1269361996189899,0.1269361996189899,0.1269361996189899,0.0,0.01818181818181818,0.2857142857142857,1.7142857142857142,0.0
sensorscope,30002,raven_sag,74,2,2,0,0,0.2679428651053972,0.2679428651053972,0.2679428651053972,0.0,0.01818181818181818,0.2857142857142857,1.4285714285714286,0.0
sensorscope,30002,raven_sag,75,3,3,0,0,0.15315501086018807,0.15315501086018807,0.15315501086018807,0.0,0.01818181818181818,0.375,1.5,0.0
sensorscope,30002,raven_sag,76,4,4,0,0,0.12682642476376665,0.12682642476376665,0.12682642476376665,0.0,0.01818181818181818,0.8,1.6,0.0
sensorscope,30002,raven_sag,77,2,2,0,0,0.1346531462267243,0.1346531462267243,0.1346531462267243,0.0,0.01818181818181818,0.4,1.2,0.0
sensorscope,30002,raven_sag,78,3,3,0,0,0.13184085319206088,0.13184085319206088,0.13184085319206088,0.0,0.01818181818181818,0.5,1.8333333333333333,0.0
sensorscope,30002,raven_sag,79,1,1,0,0,0.0,0.0,0.0,0.0,0.01818181818181818,0.25,2.0,0.0
sensorscope,30002,raven_sag,80,3,3,0,0,0.32978696221410897,0.32978696221410897,0.32978696221410897,0.0,0.01818181818181818,0.42857142857142855,1.2857142857142858,0.0
sensorscope,30002,raven_sag,81,2,2,0,0,0.025820179890679335,0.025820179890679335,0.025820179890679335,0.0,0.01818181818181818,0.2857142857142857,1.8571428571428572,0.0
sensorscope,30002,raven_sag,82,3,3,0,0,0.10598282693185815,0.10598282693185815,0.10598282693185815,0.0,0.01818181818181818,0.75,3.0000000000000004,0.0
sensorscope,30002,raven_sag,83,4,4,0,0,0.1772627694177361,0.1772627694177361,0.1772627694177361,0.0,0.01818181818181818,0.6666666666666666,1.6666666666666667,0.0
sensorscope,30002,raven_sag,84,5,5,0,0,0.22936910799971721,0.22936910799971721,0.22936910799971721,0.0,0.01818181818181818,0.8333333333333334,1.8333333333333333,0.0
sensorscope,30002,raven_sag,85,6,6,0,0,0.24483126962937113,0.24483126962937113,0.24483126962937113,0.0,0.01818181818181818,0.75,1.875,0.0
sensorscope,30002,raven_sag,86,5,5,0,0,0.28319329480624855,0.28319329480624855,0.28319329480624855,0.0,0.01818181818181818,0.8333333333333334,1.8333333333333333,0.0
sensorscope,30002,raven_sag,87,2,2,0,0,0.11099102462543105,0.11099102462543105,0.11099102462543105,0.0,0.01818181818181818,0.4,1.2,0.0
sensorscope,30002,raven_sag,88,1,1,0,0,0.0,0.0,0.0,0.0,0.01818181818181818,0.16666666666666666,1.6666666666666667,0.0
sensorscope,30002,raven_sag,89,3,3,0,0,0.3556859015243726,0.3556859015243726,0.3556859015243726,0.0,0.01818181818181818,0.42857142857142855,1.7142857142857142,0.0
sensorscope,30002,raven_sag,90,3,3,0,0,0.1028752324819252,0.1028752324819252,0.1028752324819252,0.0,0.01818181818181818,0.6,1.4,0.0
sensorscope,30002,raven_sag,91,2,2,0,0,0.08872610553166235,0.08872610553166235,0.08872610553166235,0.0,0.01818181818181818,0.4,1.6,0.0
sensorscope,30002,raven_sag,92,2,2,0,0,0.04171706080834456,0.04171706080834456,0.04171706080834456,0.0,0.01818181818181818,0.4,1.0,0.0
sensorscope,30002,raven_sag,93,4,4,0,0,0.3666910426537175,0.36669104265371744,0.3666910426537175,0.0,0.01818181818181818,0.6666666666666666,1.6666666666666667,0.0
sensorscope,30002,raven_sag,94,1,1,0,0,0.0,0.0,0.0,0.0,0.01818181818181818,0.14285714285714285,1.4285714285714286,0.0
sensorscope,30002,raven_sag,95,1,1,0,0,0.0,0.0,0.0,0.0,0.01818181818181818,0.14285714285714285,1.8571428571428572,0.0
sensorscope,30002,raven_sag,96,4,4,0,0,0.09420315437425598,0.09420315437425598,0.09420315437425598,0.0,0.01818181818181818,0.5,1.625,0.0
sensorscope,30002,raven_sag,97,4,4,0,0,0.20178640682418328,0.20178640682418325,0.20178640682418328,0.0,0.01818181818181818,0.5714285714285714,1.5714285714285714,0.0
sensorscope,30002,raven_sag,98,2,2,0,0,0.2099279368226616,0.2099279368226616,0.2099279368226616,0.0,0.01818181818181818,0.2857142857142857,1.7142857142857142,0.0
sensorscope,30002,raven_sag,99,5,5,0,0,0.25663915390120023,0.25663915390120023,0.25663915390120023,0.0,0.01818181818181818,0.7142857142857143,2.0,0.0
sensorscope,30003,raven,0,3,3,0,0,0.26666666666666666,0.26666666666666666,0.26666666666666666,0.0,0.01818181818181818,0.5,1.6666666666666667,0.0
sensorscope,30003,raven,1,4,4,0,0,0.33906818782763504,0.33906818782763504,0.33906818782763504,0.0,0.01818181818181818,0.6666666666666666,1.8333333333333333,0.0
sensorscope,30003,raven,2,1,1,0,0,0.0,0.0,0.0,0.0,0.01818181818181818,0.2,1.2,0.0
sensorscope,30003,raven,3,3,3,0,0,0.15112118785304227,0.15112118785304227,0.15112118785304227,0.0,0.01818181818181818,0.5,1.5,0.0
sensorscope,30003,raven,4,3,3,0,0,0.21316281864094355,0.21316281864094355,0.21316281864094355,0.0,0.01818181818181818,0.5,1.1666666666666667,0.0
sensorscope,30003,raven,5,3,3,0,0,0.03135579587637362,0.03135579587637362,0.03135579587637362,0.0,0.01818181818181818,0.5,1.5,0.0
sensorscope,30003,raven,6,2,2,0,0,0.21424220859727142,0.21424220859727142,0.21424220859727142,0.0,0.01818181818181818,0.3333333333333333,1.1666666666666667,0.0
sensorscope,30003,raven,7,4,4,0,0,0.2716089528778125,0.2716089528778125,0.2716089528778125,0.0,0.01818181818181818,0.5,1.625,0.0
sensorscope,30003,raven,8,1,1,0,0,0.0,0.0,0.0,0.0,0.01818181818181818,0.16666666666666666,1.5,0.0
sensorscope,30003,raven,9,4,4,0,0,0.2403672855214371,0.24036728552143716,0.2403672855214371,0.0,0.01818181818181818,0.6666666666666666,1.5,0.0
sensorscope,30003,raven,10,1,1,0,0,0.0,0.0,0.0,0.0,0.01818181818181818,0.2,2.0,0.0
sensorscope,30003,raven,11,2,2,0,0,0.05947823954012535,0.05947823954012535,0.05947823954012535,0.0,0.01818181818181818,0.2857142857142857,2.0,0.0
sensorscope,30003,raven,12,2,2,0,0,0.16521402135403937,0.16521402135403937,0.16521402135403937,0.0,0.01818181818181818,0.4,2.4,0.0
sensorscope,30003,raven,13,4,4,0,0,0.1528472370498814,0.1528472370498814,0.1528472370498814,0.0,0.01818181818181818,0.5,2.125,0.0
sensorscope,30003,raven,14,0,0,0,1,0.0,,,,0.01818181818181818,0.0,1.75,0.0
sensorscope,30003,raven,15,1,1,0,0,0.0,0.0,0.0,0.0,0.01818181818181818,0.125,1.875,0.0
sensorscope,30003,raven,16,1,1,0,0,0.0,0.0,0.0,0.0,0.01818181818181818,0.25,2.25,0.0
sensorscope,30003,raven,17,1,1,0,0,0.0,0.0,0.0,0.0,0.01818181818181818,0.14285714285714285,1.7142857142857142,0.0
sensorscope,30003,raven,18,3,3,0,0,0.28144856588214984,0.28144856588214984,0.28144856588214984,0.0,0.01818181818181818,0.5,1.3333333333333333,0.0
sensorscope,30003,raven,19,3,3,0,0,0.3868097898004956,0.3868097898004955,0.3868097898004956,0.0,0.01818181818181818,0.5,1.3333333333333333,0.0
sensorscope,30003,raven,20,3,3,0,0,0.3461093591175466,0.34610935911754653,0.3461093591175466,0.0,0.01818181818181818,0.5,1.5,0.0
sensorscope,30003,raven,21,4,4,0,0,0.30720867941517255,0.30720867941517255,0.30720867941517255,0.0,0.01818181818181818,0.5714285714285714,1.5714285714285714,0.0
sensorscope,30003,raven,22,5,5,0,0,0.09837587236386332,0.09837587236386332,0.09837587236386332,0.0,0.01818181818181818,0.7142857142857143,1.2857142857142858,0.0
sensorscope,30003,raven,23,4,4,0,0,0.23899984134780117,0.2389998413478012,0.23899984134780117,0.0,0.01818181818181818,0.6666666666666666,2.0,0.0
sensorscope,30003,raven,24,3,3,0,0,0.31884710392161364,0.31884710392161364,0.31884710392161364,0.0,0.01818181818181818,0.6,1.8,0.0
sensorscope,30003,raven,25,5,5,0,0,0.2610066123652328,0.2610066123652328,0.2610066123652328,0.0,0.01818181818181818,0.625,1.625,0.0
sensorscope,30003,raven,26,2,2,0,0,0.04897600178265968,0.04897600178265968,0.04897600178265968,0.0,0.01818181818181818,0.4,2.0,0.0
sensorscope,30003,raven,27,2,2,0,0,0.0651663307753289,0.0651663307753289,0.0651663307753289,0.0,0.01818181818181818,0.5,1.75,0.0
sensorscope,30003,raven,28,3,3,0,0,0.30232944914497284,0.3023294491449728,0.30232944914497284,0.0,0.01818181818181818,0.42857142857142855,1.4285714285714286,0.0
sensorscope,30003,raven,29,4,4,0,0,0.17067565399007129,0.17067565399007129,0.17067565399007129,0.0,0.01818181818181818,0.8,1.6,0.0
sensorscope,30003,raven,30,2,2,0,0,0.310632877252941,0.310632877252941,0.310632877252941,0.0,0.01818181818181818,0.4,1.4,0.0
sensorscope,30003,raven,31,6,6,0,0,0.27549929817896657,0.27549929817896657,0.27549929817896657,0.0,0.01818181818181818,0.75,1.625,0.0
sensorscope,30003,raven,32,1,1,0,0,0.0,0.0,0.0,0.0,0.01818181818181818,0.3333333333333333,2.6666666666666665,0.0
sensorscope,30003,raven,33,2,2,0,0,0.07527680584826531,0.07527680584826531,0.07527680584826531,0.0,0.01818181818181818,0.4,1.4,0.0
sensorscope,30003,raven,34,1,1,0,0,0.0,0.0,0.0,0.0,0.01818181818181818,0.16666666666666666,1.5,0.0
sensorscope,30003,raven,35,5,5,0,0,0.30724765224347705,0.30724765224347705,0.30724765224347705,0.0,0.01818181818181818,0.7142857142857143,1.8571428571428572,0.0
sensorscope,30003,raven,36,5,5,0,0,0.18886159186930612,0.18886159186930612,0.18886159186930612,0.0,0.01818181818181818,0.8333333333333334,1.5,0.0
sensorscope,30003,raven,37,3,3,0,0,0.10750962685147925,0.10750962685147925,0.10750962685147925,0.0,0.01818181818181818,0.5,1.5,0.0
sensorscope,30003,raven,38,3,3,0,0,0.04641844312677618,0.04641844312677618,0.04641844312677618,0.0,0.01818181818181818,0.42857142857142855,1.5714285714285714,0.0
sensorscope,30003,raven,39,3,3,0,0,0.26959482420180636,0.26959482420180636,0.26959482420180636,0.0,0.01818181818181818,0.42857142857142855,2.0,0.0
sensorscope,30003,raven,40,2,2,0,0,0.0294337844760897,0.0294337844760897,0.0294337844760897,0.0,0.01818181818181818,0.2857142857142857,1.5714285714285714,0.0
sensorscope,30003,raven,41,0,0,0,1,0.0,,,,0.01818181818181818,0.0,1.2857142857142858,0.0
sensorscope,30003,raven,42,5,5,0,0,0.3693933497237625,0.3693933497237625,0.3693933497237625,0.0,0.01818181818181818,0.625,1.5,0.0
sensorscope,30003,raven,43,4,4,0,0,0.21233122956877834,0.21233122956877834,0.21233122956877834,0.0,0.01818181818181818,0.6666666666666666,1.6666666666666667,0.0
sensorscope,30003,raven,44,3,3,0,0,0.14554822969202405,0.14554822969202405,0.14554822969202405,0.0,0.01818181818181818,0.5,1.8333333333333333,0.0
sensorscope,30003,raven,45,0,0,0,1,0.0,,,,0.01818181818181818,0.0,1.4285714285714286,0.0
sensorscope,30003,raven,46,2,2,0,0,0.1432027173523326,0.1432027173523326,0.1432027173523326,0.0,0.01818181818181818,0.5,1.5,0.0
sensorscope,30003,raven,47,2,2,0,0,0.19313079495359511,0.19313079495359511,0.19313079495359511,0.0,0.01818181818181818,0.4,2.2,0.0
sensorscope,30003,raven,48,3,3,0,0,0.23204131141032677,0.23204131141032677,0.23204131141032677,0.0,0.01818181818181818,0.75,1.75,0.0
sensorscope,30003,raven,49,2,2,0,0,0.14231532672930974,0.14231532672930974,0.14231532672930974,0.0,0.01818181818181818,0.2857142857142857,1.5714285714285714,0.0
sensorscope,30003,raven,50,3,3,0,0,0.20308548996557185,0.20308548996557185,0.20308548996557185,0.0,0.01818181818181818,0.42857142857142855,1.8571428571428572,0.0
sensorscope,30003,raven,51,6,6,0,0,0.3352569344712253,0.3352569344712253,0.3352569344712253,0.0,0.01818181818181818,0.75,1.875,0.0
sensorscope,30003,raven,52,3,3,0,0,0.21374626243838898,0.21374626243838898,0.21374626243838898,0.0,0.01818181818181818,0.42857142857142855,1.7142857142857142,0.0
sensorscope,30003,raven,53,0,0,0,1,0.0,,,,0.01818181818181818,0.0,2.0,0.0
sensorscope,30003,raven,54,0,0,0,1,0.0,,,,0.01818181818181818,0.0,1.3333333333333333,0.0
sensorscope,30003,raven,55,2,2,0,0,0.15905854397870858,0.15905854397870858,0.15905854397870858,0.0,0.01818181818181818,0.6666666666666666,1.6666666666666667,0.0
sensorscope,30003,raven,56,3,3,0,0,0.06757660162958587,0.06757660162958587,0.06757660162958587,0.0,0.01818181818181818,0.42857142857142855,1.4285714285714286,0.0
sensorscope,30003,raven,57,2,2,0,0,0.029205187317625822,0.029205187317625822,0.029205187317625822,0.0,0.01818181818181818,0.3333333333333333,1.3333333333333333,0.0
sensorscope,30003,raven,58,3,3,0,0,0.05121357564686613,0.05121357564686613,0.05121357564686613,0.0,0.01818181818181818,0.5,1.8333333333333333,0.0
sensorscope,30003,raven,59,5,5,0,0,0.2984737176490136,0.29847371764901365,0.2984737176490136,0.0,0.01818181818181818,0.7142857142857143,2.0,0.0
sensorscope,30003,raven,60,4,4,0,0,0.3810805832672047,0.3810805832672047,0.3810805832672047,0.0,0.01818181818181818,0.5714285714285714,2.0,0.0
sensorscope,30003,raven,61,3,3,0,0,0.09415046223224496,0.09415046223224496,0.09415046223224496,0.0,0.01818181818181818,0.5,1.8333333333333333,0.0
sensorscope,30003,raven,62,3,3,0,0,0.35279413167368034,0.35279413167368034,0.35279413167368034,0.0,0.01818181818181818,0.5,1.5,0.0
sensorscope,30003,raven,63,3,3,0,0,0.1903955310505113,0.1903955310505113,0.1903955310505113,0.0,0.01818181818181818,0.5,1.5,0.0
sensorscope,30003,raven,64,1,1,0,0,0.0,0.0,0.0,0.0,0.01818181818181818,0.14285714285714285,1.0,0.0
sensorscope,30003,raven,65,1,1,0,0,0.0,0.0,0.0,0.0,0.01818181818181818,0.25,2.25,0.0
sensorscope,30003,raven,66,5,5,0,0,0.29025080833686523,0.29025080833686523,0.29025080833686523,0.0,0.01818181818181818,0.7142857142857143,1.7142857142857142,0.0
sensorscope,30003,raven,67,3,3,0,0,0.21935067169777814,0.21935067169777814,0.21935067169777814,0.0,0.01818181818181818,0.42857142857142855,1.4285714285714286,0.0
sensorscope,30003,raven,68,4,4,0,0,0.13451230102411144,0.13451230102411144,0.13451230102411144,0.0,0.01818181818181818,0.8,1.6,0.0
sensorscope,30003,raven,69,3,3,0,0,0.21435787473210505,0.21435787473210505,0.21435787473210505,0.0,0.01818181818181818,0.75,1.5,0.0
sensorscope,30003,raven,70,3,3,0,0,0.23968288628047613,0.23968288628047615,0.23968288628047613,0.0,0.01818181818181818,0.5,2.1666666666666665,0.0
sensorscope,30003,raven,71,4,4,0,0,0.32734872585233427,0.32734872585233427,0.32734872585233427,0.0,0.01818181818181818,0.6666666666666666,1.8333333333333333,0.0
sensorscope,30003,raven,72,5,5,0,0,0.34110261073440773,0.3411026107344077,0.34110261073440773,0.0,0.01818181818181818,0.7142857142857143,1.5714285714285714,0.0
sensorscope,30003,raven,73,2,2,0,0,0.11436175678063926,0.11436175678063926,0.11436175678063926,0.0,0.01818181818181818,0.2857142857142857,2.0,0.0
sensorscope,30003,raven,74,4,4,0,0,0.22315745467221493,0.22315745467221493,0.22315745467221493,0.0,0.01818181818181818,0.6666666666666666,2.0,0.0
sensorscope,30003,raven,75,1,1,0,0,0.0,0.0,0.0,0.0,0.01818181818181818,0.16666666666666666,2.1666666666666665,0.0
sensorscope,30003,raven,76,1,1,0,0,0.0,0.0,0.0,0.0,0.01818181818181818,0.5,2.0,0.0
sensorscope,30003,raven,77,2,2,0,0,0.2569836191718668,0.2569836191718668,0.2569836191718668,0.0,0.01818181818181818,0.5,1.5,0.0
sensorscope,30003,raven,78,2,2,0,0,0.07965518170101824,0.07965518170101824,0.07965518170101824,0.0,0.01818181818181818,0.3333333333333333,1.6666666666666667,0.0
sensorscope,30003,raven,79,0,0,0,1,0.0,,,,0.01818181818181818,0.0,1.5,0.0
sensorscope,30003,raven,80,4,4,0,0,0.09555811119901357,0.09555811119901357,0.09555811119901357,0.0,0.01818181818181818,0.8,1.8,0.0
sensorscope,30003,raven,81,2,2,0,0,5.551115123125783e-17,5.551115123125783e-17,5.551115123125783e-17,0.0,0.01818181818181818,0.4,1.8,0.0
sensorscope,30003,raven,82,4,4,0,0,0.1098131055730433,0.1098131055730433,0.1098131055730433,0.0,0.01818181818181818,0.6666666666666666,1.6666666666666667,0.0
sensorscope,30003,raven,83,3,3,0,0,0.060191038647776,0.060191038647776,0.060191038647776,0.0,0.01818181818181818,0.75,1.25,0.0
sensorscope,30003,raven,84,0,0,0,1,0.0,,,,0.01818181818181818,0.0,1.6,0.0
sensorscope,30003,raven,85,3,3,0,0,0.15209789806514326,0.15209789806514326,0.15209789806514326,0.0,0.01818181818181818,0.5,1.1666666666666667,0.0
sensorscope,30003,raven,86,2,2,0,0,0.08329676506749753,0.08329676506749753,0.08329676506749753,0.0,0.01818181818181818,0.5,1.0,0.0
sensorscope,30003,raven,87,1,1,0,0,0.0,0.0,0.0,0.0,0.01818181818181818,0.125,2.0,0.0
sensorscope,30003,raven,88,2,2,0,0,5.551115123125783e-17,5.551115123125783e-17,5.551115123125783e-17,0.0,0.01818181818181818,0.25,1.625,0.0
sensorscope,30003,raven,89,4,4,0,0,0.0761452887681063,0.0761452887681063,0.0761452887681063,0.0,0.01818181818181818,0.8,2.2,0.0
sensorscope,30003,raven,90,3,3,0,0,0.1020528556778777,0.1020528556778777,0.1020528556778777,0.0,0.01818181818181818,0.42857142857142855,1.2857142857142858,0.0
sensorscope,30003,raven,91,3,3,0,0,0.13579981785680761,0.13579981785680761,0.13579981785680761,0.0,0.01818181818181818,0.5,2.0,0.0
sensorscope,30003,raven,92,3,3,0,0,0.28819570491160595,0.28819570491160595,0.28819570491160595,0.0,0.01818181818181818,0.42857142857142855,1.4285714285714286,0.0
sensorscope,30003,raven,93,2,2,0,0,0.18938023547966218,0.18938023547966218,0.18938023547966218,0.0,0.01818181818181818,0.2857142857142857,1.1428571428571428,0.0
sensorscope,30003,raven,94,0,0,0,1,0.0,,,,0.01818181818181818,0.0,1.8333333333333333,0.0
sensorscope,30003,raven,95,2,2,0,0,0.02362450145802686,0.02362450145802686,0.02362450145802686,0.0,0.01818181818181818,0.4,1.8,0.0
sensorscope,30003,raven,96,4,4,0,0,0.2587556114792901,0.2587556114792901,0.2587556114792901,0.0,0.01818181818181818,0.6666666666666666,2.3333333333333335,0.0
sensorscope,30003,raven,97,5,5,0,0,0.2742737024201873,0.2742737024201873,0.2742737024201873,0.0,0.01818181818181818,0.8333333333333334,1.8333333333333333,0.0
sensorscope,30003,raven,98,2,2,0,0,0.3246593185061517,0.3246593185061517,0.3246593185061517,0.0,0.01818181818181818,0.3333333333333333,1.1666666666666667,0.0
sensorscope,30003,raven,99,2,2,0,0,0.18166979936295044,0.18166979936295044,0.18166979936295044,0.0,0.01818181818181818,0.25,1.5,0.0
sensorscope,30003,raven_wo_design,0,3,3,0,0,0.26666666666666666,0.26666666666666666,0.26666666666666666,0.0,0.01818181818181818,0.5,1.6666666666666667,0.0
sensorscope,30003,raven_wo_design,1,4,4,0,0,0.33906818782763504,0.33906818782763504,0.33906818782763504,0.0,0.01818181818181818,0.6666666666666666,1.8333333333333333,0.0
sensorscope,30003,raven_wo_design,2,1,1,0,0,0.0,0.0,0.0,0.0,0.01818181818181818,0.2,1.2,0.0
sensorscope,30003,raven_wo_design,3,3,3,0,0,0.15112118785304227,0.15112118785304227,0.15112118785304227,0.0,0.01818181818181818,0.5,1.5,0.0
sensorscope,30003,raven_wo_design,4,3,3,0,0,0.21316281864094355,0.21316281864094355,0.21316281864094355,0.0,0.01818181818181818,0.5,1.1666666666666667,0.0
sensorscope,30003,raven_wo_design,5,3,3,0,0,0.03135579587637362,0.03135579587637362,0.03135579587637362,0.0,0.01818181818181818,0.5,1.5,0.0
sensorscope,30003,raven_wo_design,6,2,2,0,0,0.21424220859727142,0.21424220859727142,0.21424220859727142,0.0,0.01818181818181818,0.3333333333333333,1.1666666666666667,0.0
sensorscope,30003,raven_wo_design,7,4,4,0,0,0.2716089528778125,0.2716089528778125,0.2716089528778125,0.0,0.01818181818181818,0.5,1.625,0.0
sensorscope,30003,raven_wo_design,8,1,1,0,0,0.0,0.0,0.0,0.0,0.01818181818181818,0.16666666666666666,1.5,0.0
sensorscope,30003,raven_wo_design,9,4,4,0,0,0.2403672855214371,0.24036728552143716,0.2403672855214371,0.0,0.01818181818181818,0.6666666666666666,1.5,0.0
sensorscope,30003,raven_wo_design,10,1,1,0,0,0.0,0.0,0.0,0.0,0.01818181818181818,0.2,2.0,0.0
sensorscope,30003,raven_wo_design,11,2,2,0,0,0.05947823954012535,0.05947823954012535,0.05947823954012535,0.0,0.01818181818181818,0.2857142857142857,2.0,0.0
sensorscope,30003,raven_wo_design,12,2,2,0,0,0.16521402135403937,0.16521402135403937,0.16521402135403937,0.0,0.01818181818181818,0.4,2.4,0.0
sensorscope,30003,raven_wo_design,13,4,4,0,0,0.1528472370498814,0.1528472370498814,0.1528472370498814,0.0,0.01818181818181818,0.5,2.125,0.0
sensorscope,30003,raven_wo_design,14,0,0,0,1,0.0,,,,0.01818181818181818,0.0,1.75,0.0
sensorscope,30003,raven_wo_design,15,1,1,0,0,0.0,0.0,0.0,0.0,0.01818181818181818,0.125,1.875,0.0
sensorscope,30003,raven_wo_design,16,1,1,0,0,0.0,0.0,0.0,0.0,0.01818181818181818,0.25,2.25,0.0
sensorscope,30003,raven_wo_design,17,1,1,0,0,0.0,0.0,0.0,0.0,0.01818181818181818,0.14285714285714285,1.7142857142857142,0.0
sensorscope,30003,raven_wo_design,18,3,3,0,0,0.28144856588214984,0.28144856588214984,0.28144856588214984,0.0,0.01818181818181818,0.5,1.3333333333333333,0.0
sensorscope,30003,raven_wo_design,19,3,3,0,0,0.3868097898004956,0.3868097898004955,0.3868097898004956,0.0,0.01818181818181818,0.5,1.3333333333333333,0.0
sensorscope,30003,raven_wo_design,20,3,3,0,0,0.3461093591175466,0.34610935911754653,0.3461093591175466,0.0,0.01818181818181818,0.5,1.5,0.0
sensorscope,30003,raven_wo_design,21,4,4,0,0,0.30720867941517255,0.30720867941517255,0.30720867941517255,0.0,0.01818181818181818,0.5714285714285714,1.5714285714285714,0.0
sensorscope,30003,raven_wo_design,22,5,5,0,0,0.09837587236386332,0.09837587236386332,0.09837587236386332,0.0,0.01818181818181818,0.7142857142857143,1.2857142857142858,0.0
sensorscope,30003,raven_wo_design,23,4,4,0,0,0.23899984134780117,0.2389998413478012,0.23899984134780117,0.0,0.01818181818181818,0.6666666666666666,2.0,0.0
sensorscope,30003,raven_wo_design,24,3,3,0,0,0.31884710392161364,0.31884710392161364,0.31884710392161364,0.0,0.01818181818181818,0.6,1.8,0.0
sensorscope,30003,raven_wo_design,25,5,5,0,0,0.2610066123652328,0.2610066123652328,0.2610066123652328,0.0,0.01818181818181818,0.625,1.625,0.0
sensorscope,30003,raven_wo_design,26,2,2,0,0,0.04897600178265968,0.04897600178265968,0.04897600178265968,0.0,0.01818181818181818,0.4,2.0,0.0
sensorscope,30003,raven_wo_design,27,2,2,0,0,0.0651663307753289,0.0651663307753289,0.0651663307753289,0.0,0.01818181818181818,0.5,1.75,0.0
sensorscope,30003,raven_wo_design,28,3,3,0,0,0.30232944914497284,0.3023294491449728,0.30232944914497284,0.0,0.01818181818181818,0.42857142857142855,1.4285714285714286,0.0
sensorscope,30003,raven_wo_design,29,4,4,0,0,0.17067565399007129,0.17067565399007129,0.17067565399007129,0.0,0.01818181818181818,0.8,1.6,0.0
sensorscope,30003,raven_wo_design,30,2,2,0,0,0.310632877252941,0.310632877252941,0.310632877252941,0.0,0.01818181818181818,0.4,1.4,0.0
sensorscope,30003,raven_wo_design,31,6,6,0,0,0.27549929817896657,0.27549929817896657,0.27549929817896657,0.0,0.01818181818181818,0.75,1.625,0.0
sensorscope,30003,raven_wo_design,32,1,1,0,0,0.0,0.0,0.0,0.0,0.01818181818181818,0.3333333333333333,2.6666666666666665,0.0
sensorscope,30003,raven_wo_design,33,2,2,0,0,0.07527680584826531,0.07527680584826531,0.07527680584826531,0.0,0.01818181818181818,0.4,1.4,0.0
sensorscope,30003,raven_wo_design,34,1,1,0,0,0.0,0.0,0.0,0.0,0.01818181818181818,0.16666666666666666,1.5,0.0
sensorscope,30003,raven_wo_design,35,5,5,0,0,0.30724765224347705,0.30724765224347705,0.30724765224347705,0.0,0.01818181818181818,0.7142857142857143,1.8571428571428572,0.0
sensorscope,30003,raven_wo_design,36,5,5,0,0,0.18886159186930612,0.18886159186930612,0.18886159186930612,0.0,0.01818181818181818,0.8333333333333334,1.5,0.0
sensorscope,30003,raven_wo_design,37,3,3,0,0,0.10750962685147925,0.10750962685147925,0.10750962685147925,0.0,0.01818181818181818,0.5,1.5,0.0
sensorscope,30003,raven_wo_design,38,3,3,0,0,0.04641844312677618,0.04641844312677618,0.04641844312677618,0.0,0.01818181818181818,0.42857142857142855,1.5714285714285714,0.0
sensorscope,30003,raven_wo_design,39,3,3,0,0,0.26959482420180636,0.26959482420180636,0.26959482420180636,0.0,0.01818181818181818,0.42857142857142855,2.0,0.0
sensorscope,30003,raven_wo_design,40,2,2,0,0,0.0294337844760897,0.0294337844760897,0.0294337844760897,0.0,0.01818181818181818,0.2857142857142857,1.5714285714285714,0.0
sensorscope,30003,raven_wo_design,41,0,0,0,1,0.0,,,,0.01818181818181818,0.0,1.2857142857142858,0.0
sensorscope,30003,raven_wo_design,42,5,5,0,0,0.3693933497237625,0.3693933497237625,0.3693933497237625,0.0,0.01818181818181818,0.625,1.5,0.0
sensorscope,30003,raven_wo_design,43,4,4,0,0,0.21233122956877834,0.21233122956877834,0.21233122956877834,0.0,0.01818181818181818,0.6666666666666666,1.6666666666666667,0.0
sensorscope,30003,raven_wo_design,44,3,3,0,0,0.14554822969202405,0.14554822969202405,0.14554822969202405,0.0,0.01818181818181818,0.5,1.8333333333333333,0.0
sensorscope,30003,raven_wo_design,45,0,0,0,1,0.0,,,,0.01818181818181818,0.0,1.4285714285714286,0.0
sensorscope,30003,raven_wo_design,46,2,2,0,0,0.1432027173523326,0.1432027173523326,0.1432027173523326,0.0,0.01818181818181818,0.5,1.5,0.0
sensorscope,30003,raven_wo_design,47,2,2,0,0,0.19313079495359511,0.19313079495359511,0.19313079495359511,0.0,0.01818181818181818,0.4,2.2,0.0
sensorscope,30003,raven_wo_design,48,3,3,0,0,0.23204131141032677,0.23204131141032677,0.23204131141032677,0.0,0.01818181818181818,0.75,1.75,0.0
sensorscope,30003,raven_wo_design,49,2,2,0,0,0.14231532672930974,0.14231532672930974,0.14231532672930974,0.0,0.01818181818181818,0.2857142857142857,1.5714285714285714,0.0
sensorscope,30003,raven_wo_design,50,3,3,0,0,0.20308548996557185,0.20308548996557185,0.20308548996557185,0.0,0.01818181818181818,0.42857142857142855,1.8571428571428572,0.0
sensorscope,30003,raven_wo_design,51,6,6,0,0,0.3352569344712253,0.3352569344712253,0.3352569344712253,0.0,0.01818181818181818,0.75,1.875,0.0
sensorscope,30003,raven_wo_design,52,3,3,0,0,0.21374626243838898,0.21374626243838898,0.21374626243838898,0.0,0.01818181818181818,0.42857142857142855,1.7142857142857142,0.0
sensorscope,30003,raven_wo_design,53,0,0,0,1,0.0,,,,0.01818181818181818,0.0,2.0,0.0
sensorscope,30003,raven_wo_design,54,0,0,0,1,0.0,,,,0.01818181818181818,0.0,1.3333333333333333,0.0
sensorscope,30003,raven_wo_design,55,2,2,0,0,0.15905854397870858,0.15905854397870858,0.15905854397870858,0.0,0.01818181818181818,0.6666666666666666,1.6666666666666667,0.0
sensorscope,30003,raven_wo_design,56,3,3,0,0,0.06757660162958587,0.06757660162958587,0.06757660162958587,0.0,0.01818181818181818,0.42857142857142855,1.4285714285714286,0.0
sensorscope,30003,raven_wo_design,57,2,2,0,0,0.029205187317625822,0.029205187317625822,0.029205187317625822,0.0,0.01818181818181818,0.3333333333333333,1.3333333333333333,0.0
sensorscope,30003,raven_wo_design,58,3,3,0,0,0.05121357564686613,0.05121357564686613,0.05121357564686613,0.0,0.01818181818181818,0.5,1.8333333333333333,0.0
sensorscope,30003,raven_wo_design,59,5,5,0,0,0.2984737176490136,0.29847371764901365,0.2984737176490136,0.0,0.01818181818181818,0.7142857142857143,2.0,0.0
sensorscope,30003,raven_wo_design,60,4,4,0,0,0.3810805832672047,0.3810805832672047,0.3810805832672047,0.0,0.01818181818181818,0.5714285714285714,2.0,0.0
sensorscope,30003,raven_wo_design,61,3,3,0,0,0.09415046223224496,0.09415046223224496,0.09415046223224496,0.0,0.01818181818181818,0.5,1.8333333333333333,0.0
sensorscope,30003,raven_wo_design,62,3,3,0,0,0.35279413167368034,0.35279413167368034,0.35279413167368034,0.0,0.01818181818181818,0.5,1.5,0.0
sensorscope,30003,raven_wo_design,63,3,3,0,0,0.1903955310505113,0.1903955310505113,0.1903955310505113,0.0,0.01818181818181818,0.5,1.5,0.0
sensorscope,30003,raven_wo_design,64,1,1,0,0,0.0,0.0,0.0,0.0,0.01818181818181818,0.14285714285714285,1.0,0.0
sensorscope,30003,raven_wo_design,65,1,1,0,0,0.0,0.0,0.0,0.0,0.01818181818181818,0.25,2.25,0.0
sensorscope,30003,raven_wo_design,66,5,5,0,0,0.29025080833686523,0.29025080833686523,0.29025080833686523,0.0,0.01818181818181818,0.7142857142857143,1.7142857142857142,0.0
sensorscope,30003,raven_wo_design,67,3,3,0,0,0.21935067169777814,0.21935067169777814,0.21935067169777814,0.0,0.01818181818181818,0.42857142857142855,1.4285714285714286,0.0
sensorscope,30003,raven_wo_design,68,4,4,0,0,0.13451230102411144,0.13451230102411144,0.13451230102411144,0.0,0.01818181818181818,0.8,1.6,0.0
sensorscope,30003,raven_wo_design,69,3,3,0,0,0.21435787473210505,0.21435787473210505,0.21435787473210505,0.0,0.01818181818181818,0.75,1.5,0.0
sensorscope,30003,raven_wo_design,70,3,3,0,0,0.23968288628047613,0.23968288628047615,0.23968288628047613,0.0,0.01818181818181818,0.5,2.1666666666666665,0.0
sensorscope,30003,raven_wo_design,71,4,4,0,0,0.32734872585233427,0.32734872585233427,0.32734872585233427,0.0,0.01818181818181818,0.6666666666666666,1.8333333333333333,0.0
sensorscope,30003,raven_wo_design,72,5,5,0,0,0.34110261073440773,0.3411026107344077,0.34110261073440773,0.0,0.01818181818181818,0.7142857142857143,1.5714285714285714,0.0
sensorscope,30003,raven_wo_design,73,2,2,0,0,0.11436175678063926,0.11436175678063926,0.11436175678063926,0.0,0.01818181818181818,0.2857142857142857,2.0,0.0
sensorscope,30003,raven_wo_design,74,4,4,0,0,0.22315745467221493,0.22315745467221493,0.22315745467221493,0.0,0.01818181818181818,0.6666666666666666,2.0,0.0
sensorscope,30003,raven_wo_design,75,1,1,0,0,0.0,0.0,0.0,0.0,0.01818181818181818,0.16666666666666666,2.1666666666666665,0.0
sensorscope,30003,raven_wo_design,76,1,1,0,0,0.0,0.0,0.0,0.0,0.01818181818181818,0.5,2.0,0.0
sensorscope,30003,raven_wo_design,77,2,2,0,0,0.2569836191718668,0.2569836191718668,0.2569836191718668,0.0,0.01818181818181818,0.5,1.5,0.0
sensorscope,30003,raven_wo_design,78,2,2,0,0,0.07965518170101824,0.07965518170101824,0.07965518170101824,0.0,0.01818181818181818,0.3333333333333333,1.6666666666666667,0.0
sensorscope,30003,raven_wo_design,79,0,0,0,1,0.0,,,,0.01818181818181818,0.0,1.5,0.0
sensorscope,30003,raven_wo_design,80,4,4,0,0,0.09555811119901357,0.09555811119901357,0.09555811119901357,0.0,0.01818181818181818,0.8,1.8,0.0
sensorscope,30003,raven_wo_design,81,2,2,0,0,5.551115123125783e-17,5.551115123125783e-17,5.551115123125783e-17,0.0,0.01818181818181818,0.4,1.8,0.0
sensorscope,30003,raven_wo_design,82,4,4,0,0,0.1098131055730433,0.1098131055730433,0.1098131055730433,0.0,0.01818181818181818,0.6666666666666666,1.6666666666666667,0.0
sensorscope,30003,raven_wo_design,83,3,3,0,0,0.060191038647776,0.060191038647776,0.060191038647776,0.0,0.01818181818181818,0.75,1.25,0.0
sensorscope,30003,raven_wo_design,84,0,0,0,1,0.0,,,,0.01818181818181818,0.0,1.6,0.0
sensorscope,30003,raven_wo_design,85,3,3,0,0,0.15209789806514326,0.15209789806514326,0.15209789806514326,0.0,0.01818181818181818,0.5,1.1666666666666667,0.0
sensorscope,30003,raven_wo_design,86,2,2,0,0,0.08329676506749753,0.08329676506749753,0.08329676506749753,0.0,0.01818181818181818,0.5,1.0,0.0
sensorscope,30003,raven_wo_design,87,1,1,0,0,0.0,0.0,0.0,0.0,0.01818181818181818,0.125,2.0,0.0
sensorscope,30003,raven_wo_design,88,2,2,0,0,5.551115123125783e-17,5.551115123125783e-17,5.551115123125783e-17,0.0,0.01818181818181818,0.25,1.625,0.0
sensorscope,30003,raven_wo_design,89,4,4,0,0,0.0761452887681063,0.0761452887681063,0.0761452887681063,0.0,0.01818181818181818,0.8,2.2,0.0
sensorscope,30003,raven_wo_design,90,3,3,0,0,0.1020528556778777,0.1020528556778777,0.1020528556778777,0.0,0.01818181818181818,0.42857142857142855,1.2857142857142858,0.0
sensorscope,30003,raven_wo_design,91,3,3,0,0,0.13579981785680761,0.13579981785680761,0.13579981785680761,0.0,0.01818181818181818,0.5,2.0,0.0
sensorscope,30003,raven_wo_design,92,3,3,0,0,0.28819570491160595,0.28819570491160595,0.28819570491160595,0.0,0.01818181818181818,0.42857142857142855,1.4285714285714286,0.0
sensorscope,30003,raven_wo_design,93,2,2,0,0,0.18938023547966218,0.18938023547966218,0.18938023547966218,0.0,0.01818181818181818,0.2857142857142857,1.1428571428571428,0.0
sensorscope,30003,raven_wo_design,94,0,0,0,1,0.0,,,,0.01818181818181818,0.0,1.8333333333333333,0.0
sensorscope,30003,raven_wo_design,95,2,2,0,0,0.02362450145802686,0.02362450145802686,0.02362450145802686,0.0,0.01818181818181818,0.4,1.8,0.0
sensorscope,30003,raven_wo_design,96,4,4,0,0,0.2587556114792901,0.2587556114792901,0.2587556114792901,0.0,0.01818181818181818,0.6666666666666666,2.3333333333333335,0.0
sensorscope,30003,raven_wo_design,97,5,5,0,0,0.2742737024201873,0.2742737024201873,0.2742737024201873,0.0,0.01818181818181818,0.8333333333333334,1.8333333333333333,0.0
sensorscope,30003,raven_wo_design,98,2,2,0,0,0.3246593185061517,0.3246593185061517,0.3246593185061517,0.0,0.01818181818181818,0.3333333333333333,1.1666666666666667,0.0
sensorscope,30003,raven_wo_design,99,2,2,0,0,0.18166979936295044,0.18166979936295044,0.18166979936295044,0.0,0.01818181818181818,0.25,1.5,0.0
sensorscope,30003,raven_sag,0,3,3,0,0,0.26666666666666666,0.26666666666666666,0.26666666666666666,0.0,0.01818181818181818,0.5,1.6666666666666667,0.0
sensorscope,30003,raven_sag,1,4,4,0,0,0.33906818782763504,0.33906818782763504,0.33906818782763504,0.0,0.01818181818181818,0.6666666666666666,1.8333333333333333,0.0
sensorscope,30003,raven_sag,2,1,1,0,0,0.0,0.0,0.0,0.0,0.01818181818181818,0.2,1.2,0.0
sensorscope,30003,raven_sag,3,3,3,0,0,0.15112118785304227,0.15112118785304227,0.15112118785304227,0.0,0.01818181818181818,0.5,1.5,0.0
sensorscope,30003,raven_sag,4,3,3,0,0,0.21316281864094355,0.21316281864094355,0.21316281864094355,0.0,0.01818181818181818,0.5,1.1666666666666667,0.0
sensorscope,30003,raven_sag,5,3,3,0,0,0.03135579587637362,0.03135579587637362,0.03135579587637362,0.0,0.01818181818181818,0.5,1.5,0.0
sensorscope,30003,raven_sag,6,2,2,0,0,0.21424220859727142,0.21424220859727142,0.21424220859727142,0.0,0.01818181818181818,0.3333333333333333,1.1666666666666667,0.0
sensorscope,30003,raven_sag,7,4,4,0,0,0.2716089528778125,0.2716089528778125,0.2716089528778125,0.0,0.01818181818181818,0.5,1.625,0.0
sensorscope,30003,raven_sag,8,1,1,0,0,0.0,0.0,0.0,0.0,0.01818181818181818,0.16666666666666666,1.5,0.0
sensorscope,30003,raven_sag,9,4,4,0,0,0.2403672855214371,0.24036728552143716,0.2403672855214371,0.0,0.01818181818181818,0.6666666666666666,1.5,0.0
sensorscope,30003,raven_sag,10,1,1,0,0,0.0,0.0,0.0,0.0,0.01818181818181818,0.2,2.0,0.0
sensorscope,30003,raven_sag,11,2,2,0,0,0.05947823954012535,0.05947823954012535,0.05947823954012535,0.0,0.01818181818181818,0.2857142857142857,2.0,0.0
sensorscope,30003,raven_sag,12,2,2,0,0,0.16521402135403937,0.16521402135403937,0.16521402135403937,0.0,0.01818181818181818,0.4,2.4,0.0
sensorscope,30003,raven_sag,13,4,4,0,0,0.1528472370498814,0.1528472370498814,0.1528472370498814,0.0,0.01818181818181818,0.5,2.125,0.0
sensorscope,30003,raven_sag,14,0,0,0,1,0.0,,,,0.01818181818181818,0.0,1.75,0.0
sensorscope,30003,raven_sag,15,1,1,0,0,0.0,0.0,0.0,0.0,0.01818181818181818,0.125,1.875,0.0
sensorscope,30003,raven_sag,16,1,1,0,0,0.0,0.0,0.0,0.0,0.01818181818181818,0.25,2.25,0.0
sensorscope,30003,raven_sag,17,1,1,0,0,0.0,0.0,0.0,0.0,0.01818181818181818,0.14285714285714285,1.7142857142857142,0.0
sensorscope,30003,raven_sag,18,3,3,0,0,0.28144856588214984,0.28144856588214984,0.28144856588214984,0.0,0.01818181818181818,0.5,1.3333333333333333,0.0
sensorscope,30003,raven_sag,19,3,3,0,0,0.3868097898004956,0.3868097898004955,0.3868097898004956,0.0,0.01818181818181818,0.5,1.3333333333333333,0.0
sensorscope,30003,raven_sag,20,3,3,0,0,0.3461093591175466,0.34610935911754653,0.3461093591175466,0.0,0.01818181818181818,0.5,1.5,0.0
sensorscope,30003,raven_sag,21,4,4,0,0,0.30720867941517255,0.30720867941517255,0.30720867941517255,0.0,0.01818181818181818,0.5714285714285714,1.5714285714285714,0.0
sensorscope,30003,raven_sag,22,5,5,0,0,0.09837587236386332,0.09837587236386332,0.09837587236386332,0.0,0.01818181818181818,0.7142857142857143,1.2857142857142858,0.0
sensorscope,30003,raven_sag,23,4,4,0,0,0.23899984134780117,0.2389998413478012,0.23899984134780117,0.0,0.01818181818181818,0.6666666666666666,2.0,0.0
sensorscope,30003,raven_sag,24,3,3,0,0,0.31884710392161364,0.31884710392161364,0.31884710392161364,0.0,0.01818181818181818,0.6,1.8,0.0
sensorscope,30003,raven_sag,25,5,5,0,0,0.2610066123652328,0.2610066123652328,0.2610066123652328,0.0,0.01818181818181818,0.625,1.625,0.0
sensorscope,30003,raven_sag,26,2,2,0,0,0.04897600178265968,0.04897600178265968,0.04897600178265968,0.0,0.01818181818181818,0.4,2.0,0.0
sensorscope,30003,raven_sag,27,2,2,0,0,0.0651663307753289,0.0651663307753289,0.0651663307753289,0.0,0.01818181818181818,0.5,1.75,0.0
sensorscope,30003,raven_sag,28,3,3,0,0,0.30232944914497284,0.3023294491449728,0.30232944914497284,0.0,0.01818181818181818,0.42857142857142855,1.4285714285714286,0.0
sensorscope,30003,raven_sag,29,4,4,0,0,0.17067565399007129,0.17067565399007129,0.17067565399007129,0.0,0.01818181818181818,0.8,1.6,0.0
sensorscope,30003,raven_sag,30,2,2,0,0,0.310632877252941,0.310632877252941,0.310632877252941,0.0,0.01818181818181818,0.4,1.4,0.0
sensorscope,30003,raven_sag,31,6,6,0,0,0.27549929817896657,0.27549929817896657,0.27549929817896657,0.0,0.01818181818181818,0.75,1.625,0.0
sensorscope,30003,raven_sag,32,1,1,0,0,0.0,0.0,0.0,0.0,0.01818181818181818,0.3333333333333333,2.6666666666666665,0.0
sensorscope,30003,raven_sag,33,2,2,0,0,0.07527680584826531,0.07527680584826531,0.07527680584826531,0.0,0.01818181818181818,0.4,1.4,0.0
sensorscope,30003,raven_sag,34,1,1,0,0,0.0,0.0,0.0,0.0,0.01818181818181818,0.16666666666666666,1.5,0.0
sensorscope,30003,raven_sag,35,5,5,0,0,0.30724765224347705,0.30724765224347705,0.30724765224347705,0.0,0.01818181818181818,0.7142857142857143,1.8571428571428572,0.0
sensorscope,30003,raven_sag,36,5,5,0,0,0.18886159186930612,0.18886159186930612,0.18886159186930612,0.0,0.01818181818181818,0.8333333333333334,1.5,0.0
sensorscope,30003,raven_sag,37,3,3,0,0,0.10750962685147925,0.10750962685147925,0.10750962685147925,0.0,0.01818181818181818,0.5,1.5,0.0
sensorscope,30003,raven_sag,38,3,3,0,0,0.04641844312677618,0.04641844312677618,0.04641844312677618,0.0,0.01818181818181818,0.42857142857142855,1.5714285714285714,0.0
sensorscope,30003,raven_sag,39,3,3,0,0,0.26959482420180636,0.26959482420180636,0.26959482420180636,0.0,0.01818181818181818,0.42857142857142855,2.0,0.0
sensorscope,30003,raven_sag,40,2,2,0,0,0.0294337844760897,0.0294337844760897,0.0294337844760897,0.0,0.01818181818181818,0.2857142857142857,1.5714285714285714,0.0
sensorscope,30003,raven_sag,41,0,0,0,1,0.0,,,,0.01818181818181818,0.0,1.2857142857142858,0.0
sensorscope,30003,raven_sag,42,5,5,0,0,0.3693933497237625,0.3693933497237625,0.3693933497237625,0.0,0.01818181818181818,0.625,1.5,0.0
sensorscope,30003,raven_sag,43,4,4,0,0,0.21233122956877834,0.21233122956877834,0.21233122956877834,0.0,0.01818181818181818,0.6666666666666666,1.6666666666666667,0.0
sensorscope,30003,raven_sag,44,3,3,0,0,0.14554822969202405,0.14554822969202405,0.14554822969202405,0.0,0.01818181818181818,0.5,1.8333333333333333,0.0
sensorscope,30003,raven_sag,45,0,0,0,1,0.0,,,,0.01818181818181818,0.0,1.4285714285714286,0.0
sensorscope,30003,raven_sag,46,2,2,0,0,0.1432027173523326,0.1432027173523326,0.1432027173523326,0.0,0.01818181818181818,0.5,1.5,0.0
sensorscope,30003,raven_sag,47,2,2,0,0,0.19313079495359511,0.19313079495359511,0.19313079495359511,0.0,0.01818181818181818,0.4,2.2,0.0
sensorscope,30003,raven_sag,48,3,3,0,0,0.23204131141032677,0.23204131141032677,0.23204131141032677,0.0,0.01818181818181818,0.75,1.75,0.0
sensorscope,30003,raven_sag,49,2,2,0,0,0.14231532672930974,0.14231532672930974,0.14231532672930974,0.0,0.01818181818181818,0.2857142857142857,1.5714285714285714,0.0
sensorscope,30003,raven_sag,50,3,3,0,0,0.20308548996557185,0.20308548996557185,0.20308548996557185,0.0,0.01818181818181818,0.42857142857142855,1.8571428571428572,0.0
sensorscope,30003,raven_sag,51,6,6,0,0,0.3352569344712253,0.3352569344712253,0.3352569344712253,0.0,0.01818181818181818,0.75,1.875,0.0
sensorscope,30003,raven_sag,52,3,3,0,0,0.21374626243838898,0.21374626243838898,0.21374626243838898,0.0,0.01818181818181818,0.42857142857142855,1.7142857142857142,0.0
sensorscope,30003,raven_sag,53,0,0,0,1,0.0,,,,0.01818181818181818,0.0,2.0,0.0
sensorscope,30003,raven_sag,54,0,0,0,1,0.0,,,,0.01818181818181818,0.0,1.3333333333333333,0.0
sensorscope,30003,raven_sag,55,2,2,0,0,0.15905854397870858,0.15905854397870858,0.15905854397870858,0.0,0.01818181818181818,0.6666666666666666,1.6666666666666667,0.0
sensorscope,30003,raven_sag,56,3,3,0,0,0.06757660162958587,0.06757660162958587,0.06757660162958587,0.0,0.01818181818181818,0.42857142857142855,1.4285714285714286,0.0
sensorscope,30003,raven_sag,57,2,2,0,0,0.029205187317625822,0.029205187317625822,0.029205187317625822,0.0,0.01818181818181818,0.3333333333333333,1.3333333333333333,0.0
sensorscope,30003,raven_sag,58,3,3,0,0,0.05121357564686613,0.05121357564686613,0.05121357564686613,0.0,0.01818181818181818,0.5,1.8333333333333333,0.0
sensorscope,30003,raven_sag,59,5,5,0,0,0.2984737176490136,0.29847371764901365,0.2984737176490136,0.0,0.01818181818181818,0.7142857142857143,2.0,0.0
sensorscope,30003,raven_sag,60,4,4,0,0,0.3810805832672047,0.3810805832672047,0.3810805832672047,0.0,0.01818181818181818,0.5714285714285714,2.0,0.0
sensorscope,30003,raven_sag,61,3,3,0,0,0.09415046223224496,0.09415046223224496,0.09415046223224496,0.0,0.01818181818181818,0.5,1.8333333333333333,0.0
sensorscope,30003,raven_sag,62,3,3,0,0,0.35279413167368034,0.35279413167368034,0.35279413167368034,0.0,0.01818181818181818,0.5,1.5,0.0
sensorscope,30003,raven_sag,63,3,3,0,0,0.1903955310505113,0.1903955310505113,0.1903955310505113,0.0,0.01818181818181818,0.5,1.5,0.0
sensorscope,30003,raven_sag,64,1,1,0,0,0.0,0.0,0.0,0.0,0.01818181818181818,0.14285714285714285,1.0,0.0
sensorscope,30003,raven_sag,65,1,1,0,0,0.0,0.0,0.0,0.0,0.01818181818181818,0.25,2.25,0.0
sensorscope,30003,raven_sag,66,5,5,0,0,0.29025080833686523,0.29025080833686523,0.29025080833686523,0.0,0.01818181818181818,0.7142857142857143,1.7142857142857142,0.0
sensorscope,30003,raven_sag,67,3,3,0,0,0.21935067169777814,0.21935067169777814,0.21935067169777814,0.0,0.01818181818181818,0.42857142857142855,1.4285714285714286,0.0
sensorscope,30003,raven_sag,68,4,4,0,0,0.13451230102411144,0.13451230102411144,0.13451230102411144,0.0,0.01818181818181818,0.8,1.6,0.0
sensorscope,30003,raven_sag,69,3,3,0,0,0.21435787473210505,0.21435787473210505,0.21435787473210505,0.0,0.01818181818181818,0.75,1.5,0.0
sensorscope,30003,raven_sag,70,3,3,0,0,0.23968288628047613,0.23968288628047615,0.23968288628047613,0.0,0.01818181818181818,0.5,2.1666666666666665,0.0
sensorscope,30003,raven_sag,71,4,4,0,0,0.32734872585233427,0.32734872585233427,0.32734872585233427,0.0,0.01818181818181818,0.6666666666666666,1.8333333333333333,0.0
sensorscope,30003,raven_sag,72,5,5,0,0,0.34110261073440773,0.3411026107344077,0.34110261073440773,0.0,0.01818181818181818,0.7142857142857143,1.5714285714285714,0.0
sensorscope,30003,raven_sag,73,2,2,0,0,0.11436175678063926,0.11436175678063926,0.11436175678063926,0.0,0.01818181818181818,0.2857142857142857,2.0,0.0
sensorscope,30003,raven_sag,74,4,4,0,0,0.22315745467221493,0.22315745467221493,0.22315745467221493,0.0,0.01818181818181818,0.6666666666666666,2.0,0.0
sensorscope,30003,raven_sag,75,1,1,0,0,0.0,0.0,0.0,0.0,0.01818181818181818,0.16666666666666666,2.1666666666666665,0.0
sensorscope,30003,raven_sag,76,1,1,0,0,0.0,0.0,0.0,0.0,0.01818181818181818,0.5,2.0,0.0
sensorscope,30003,raven_sag,77,2,2,0,0,0.2569836191718668,0.2569836191718668,0.2569836191718668,0.0,0.01818181818181818,0.5,1.5,0.0
sensorscope,30003,raven_sag,78,2,2,0,0,0.07965518170101824,0.07965518170101824,0.07965518170101824,0.0,0.01818181818181818,0.3333333333333333,1.6666666666666667,0.0
sensorscope,30003,raven_sag,79,0,0,0,1,0.0,,,,0.01818181818181818,0.0,1.5,0.0
sensorscope,30003,raven_sag,80,4,4,0,0,0.09555811119901357,0.09555811119901357,0.09555811119901357,0.0,0.01818181818181818,0.8,1.8,0.0
sensorscope,30003,raven_sag,81,2,2,0,0,5.551115123125783e-17,5.551115123125783e-17,5.551115123125783e-17,0.0,0.01818181818181818,0.4,1.8,0.0
sensorscope,30003,raven_sag,82,4,4,0,0,0.1098131055730433,0.1098131055730433,0.1098131055730433,0.0,0.01818181818181818,0.6666666666666666,1.6666666666666667,0.0
sensorscope,30003,raven_sag,83,3,3,0,0,0.060191038647776,0.060191038647776,0.060191038647776,0.0,0.01818181818181818,0.75,1.25,0.0
sensorscope,30003,raven_sag,84,0,0,0,1,0.0,,,,0.01818181818181818,0.0,1.6,0.0
sensorscope,30003,raven_sag,85,3,3,0,0,0.15209789806514326,0.15209789806514326,0.15209789806514326,0.0,0.01818181818181818,0.5,1.1666666666666667,0.0
sensorscope,30003,raven_sag,86,2,2,0,0,0.08329676506749753,0.08329676506749753,0.08329676506749753,0.0,0.01818181818181818,0.5,1.0,0.0
sensorscope,30003,raven_sag,87,1,1,0,0,0.0,0.0,0.0,0.0,0.01818181818181818,0.125,2.0,0.0
sensorscope,30003,raven_sag,88,2,2,0,0,5.551115123125783e-17,5.551115123125783e-17,5.551115123125783e-17,0.0,0.01818181818181818,0.25,1.625,0.0
sensorscope,30003,raven_sag,89,4,4,0,0,0.0761452887681063,0.0761452887681063,0.0761452887681063,0.0,0.01818181818181818,0.8,2.2,0.0
sensorscope,30003,raven_sag,90,3,3,0,0,0.1020528556778777,0.1020528556778777,0.1020528556778777,0.0,0.01818181818181818,0.42857142857142855,1.2857142857142858,0.0
sensorscope,30003,raven_sag,91,3,3,0,0,0.13579981785680761,0.13579981785680761,0.13579981785680761,0.0,0.01818181818181818,0.5,2.0,0.0
sensorscope,30003,raven_sag,92,3,3,0,0,0.28819570491160595,0.28819570491160595,0.28819570491160595,0.0,0.01818181818181818,0.42857142857142855,1.4285714285714286,0.0
sensorscope,30003,raven_sag,93,2,2,0,0,0.18938023547966218,0.18938023547966218,0.18938023547966218,0.0,0.01818181818181818,0.2857142857142857,1.1428571428571428,0.0
sensorscope,30003,raven_sag,94,0,0,0,1,0.0,,,,0.01818181818181818,0.0,1.8333333333333333,0.0
sensorscope,30003,raven_sag,95,2,2,0,0,0.02362450145802686,0.02362450145802686,0.02362450145802686,0.0,0.01818181818181818,0.4,1.8,0.0
sensorscope,30003,raven_sag,96,4,4,0,0,0.2587556114792901,0.2587556114792901,0.2587556114792901,0.0,0.01818181818181818,0.6666666666666666,2.3333333333333335,0.0
sensorscope,30003,raven_sag,97,5,5,0,0,0.2742737024201873,0.2742737024201873,0.2742737024201873,0.0,0.01818181818181818,0.8333333333333334,1.8333333333333333,0.0
sensorscope,30003,raven_sag,98,2,2,0,0,0.3246593185061517,0.3246593185061517,0.3246593185061517,0.0,0.01818181818181818,0.3333333333333333,1.1666666666666667,0.0
sensorscope,30003,raven_sag,99,2,2,0,0,0.18166979936295044,0.18166979936295044,0.18166979936295044,0.0,0.01818181818181818,0.25,1.5,0.0
uair,30001,raven,0,5,6,1,0,,,,,0.032407407407407406,0.8571428571428571,1.0,0.0
uair,30001,raven,1,2,3,1,0,,,,,0.032407407407407406,0.6,1.1,0.0
uair,30001,raven,2,2,3,1,0,,,,,0.023148148148148147,0.5,1.8333333333333333,0.0
uair,30001,raven,3,3,4,1,0,,,,,0.027777777777777776,0.5,1.1875,0.0
uair,30001,raven,4,1,2,1,0,,,,,0.027777777777777776,0.2857142857142857,1.6428571428571428,0.0
uair,30001,raven,5,1,2,1,0,,,,,0.027777777777777776,0.6666666666666666,0.8333333333333334,0.0
uair,30001,raven,6,0,1,1,0,,,,,0.027777777777777776,0.2,1.6,0.0
uair,30001,raven,7,2,2,0,0,0.40786256257945686,0.40786256257945686,0.40786256257945686,0.0,0.037037037037037035,0.5,1.75,0.0
uair,30001,raven,8,3,4,1,0,,,,,0.027777777777777776,0.5714285714285714,1.3571428571428572,0.07142857142857142
uair,30001,raven,9,3,3,0,0,0.022895453113945745,0.022895453113945745,0.022895453113945745,0.0,0.027777777777777776,0.5,1.5833333333333333,0.08333333333333333
uair,30001,raven,10,2,3,1,0,,,,,0.032407407407407406,0.42857142857142855,2.0714285714285716,0.0
uair,30001,raven,11,4,4,0,0,0.3010995779928906,0.3010995779928906,0.3010995779928906,0.0,0.023148148148148147,0.5,1.375,0.0
uair,30001,raven,12,3,4,1,0,,,,,0.027777777777777776,0.8,1.5,0.0
uair,30001,raven,13,1,3,1,0,,,,,0.023148148148148147,0.5,1.3333333333333333,0.0
uair,30001,raven,14,0,1,1,0,,,,,0.027777777777777776,0.25,1.25,0.0
uair,30001,raven,15,4,4,0,0,0.08361513669215682,0.08361513669215682,0.08361513669215682,0.0,0.037037037037037035,0.5714285714285714,1.4285714285714286,0.0
uair,30001,raven,16,2,2,0,0,8.326672684688674e-17,8.326672684688674e-17,8.326672684688674e-17,0.0,0.023148148148148147,0.25,1.375,0.0
uair,30001,raven,17,2,3,1,0,,,,,0.023148148148148147,0.42857142857142855,1.3571428571428572,0.0
uair,30001,raven,18,2,3,1,0,,,,,0.027777777777777776,0.5,1.8333333333333333,0.0
uair,30001,raven,19,2,4,1,0,,,,,0.023148148148148147,0.8,1.1,0.0
uair,30001,raven,20,1,3,1,0,,,,,0.027777777777777776,0.5,1.3333333333333333,0.08333333333333333
uair,30001,raven,21,4,4,0,0,0.3326770755450589,0.3326770755450589,0.3326770755450589,0.0,0.037037037037037035,0.6666666666666666,1.6666666666666667,0.08333333333333333
uair,30001,raven,22,0,0,0,1,0.0,,,,0.027777777777777776,0.0,1.5,0.0
uair,30001,raven,23,1,1,0,0,0.0,0.0,0.0,0.0,0.032407407407407406,0.14285714285714285,1.2857142857142858,0.0
uair,30001,raven,24,0,2,1,0,,,,,0.018518518518518517,0.2857142857142857,1.1428571428571428,0.0
uair,30001,raven,25,1,3,1,0,,,,,0.023148148148148147,0.5,1.1666666666666667,0.08333333333333333
uair,30001,raven,26,4,4,0,0,0.05552675798913233,0.05552675798913233,0.05552675798913233,0.0,0.037037037037037035,0.5714285714285714,1.5714285714285714,0.0
uair,30001,raven,27,0,0,0,1,0.0,,,,0.027777777777777776,0.0,2.0,0.0
uair,30001,raven,28,4,4,0,0,0.3400383441607993,0.34003834416079937,0.3400383441607993,0.0,0.032407407407407406,0.6666666666666666,1.3333333333333333,0.0
uair,30001,raven,29,4,5,1,0,,,,,0.027777777777777776,0.7142857142857143,1.7857142857142858,0.0
uair,30001,raven,30,1,1,0,0,0.0,0.0,0.0,0.0,0.023148148148148147,0.16666666666666666,1.4166666666666667,0.0
uair,30001,raven,31,2,2,0,0,0.05247286860586903,0.05247286860586903,0.05247286860586903,0.0,0.023148148148148147,0.6666666666666666,1.1666666666666667,0.0
uair,30001,raven,32,2,3,1,0,,,,,0.032407407407407406,0.42857142857142855,1.1428571428571428,0.0
uair,30001,raven,33,2,4,1,0,,,,,0.023148148148148147,0.5,1.3125,0.0625
uair,30001,raven,34,4,4,0,0,0.2901866922361453,0.2901866922361453,0.2901866922361453,0.0,0.027777777777777776,0.5714285714285714,1.2857142857142858,0.07142857142857142
uair,30001,raven,35,0,1,1,0,,,,,0.004629629629629629,0.2,0.6,0.0
uair,30001,raven,36,0,2,1,0,,,,,0.023148148148148147,0.3333333333333333,1.5833333333333333,0.0
uair,30001,raven,37,1,1,0,0,0.0,0.0,0.0,0.0,0.032407407407407406,0.2,1.6,0.0
uair,30001,raven,38,0,0,0,1,0.0,,,,0.023148148148148147,0.0,1.0,0.0
uair,30001,raven,39,4,4,0,0,0.24728143801118432,0.24728143801118432,0.24728143801118432,0.0,0.032407407407407406,0.5,1.5,0.0
uair,30001,raven,40,1,1,0,0,0.0,0.0,0.0,0.0,0.023148148148148147,0.2,1.1,0.0
uair,30001,raven,41,0,1,1,0,,,,,0.023148148148148147,0.16666666666666666,1.0833333333333333,0.0
uair,30001,raven,42,0,1,1,0,,,,,0.023148148148148147,0.16666666666666666,1.0,0.0
uair,30001,raven,43,1,1,0,0,0.0,0.0,0.0,0.0,0.027777777777777776,0.16666666666666666,1.3333333333333333,0.0
uair,30001,raven,44,4,5,1,0,,,,,0.032407407407407406,0.625,2.125,0.0
uair,30001,raven,45,2,2,0,0,5.551115123125783e-17,5.551115123125783e-17,5.551115123125783e-17,0.0,0.023148148148148147,0.3333333333333333,1.0833333333333333,0.0
uair,30001,raven,46,2,4,1,0,,,,,0.023148148148148147,0.5,1.1875,0.0
uair,30001,raven,47,1,2,1,0,,,,,0.018518518518518517,0.4,1.2,0.0
uair,30001,raven,48,3,3,0,0,0.0551979507460619,0.0551979507460619,0.0551979507460619,0.0,0.037037037037037035,0.5,1.6666666666666667,0.0
uair,30001,raven,49,3,3,0,0,0.3865603625492133,0.3865603625492133,0.3865603625492133,0.0,0.023148148148148147,0.5,1.1666666666666667,0.0
uair,30001,raven,50,2,2,0,0,0.05186812876749938,0.05186812876749938,0.05186812876749938,0.0,0.032407407407407406,0.3333333333333333,1.8333333333333333,0.0
uair,30001,raven,51,2,3,1,0,,,,,0.018518518518518517,0.42857142857142855,1.6428571428571428,0.0
uair,30001,raven,52,1,3,1,0,,,,,0.027777777777777776,0.5,1.1666666666666667,0.0
uair,30001,raven,53,1,2,1,0,,,,,0.032407407407407406,0.3333333333333333,1.1666666666666667,0.0
uair,30001,raven,54,3,4,1,0,,,,,0.023148148148148147,0.5,1.75,0.0
uair,30001,raven,55,3,4,1,0,,,,,0.027777777777777776,0.5714285714285714,1.0714285714285714,0.0
uair,30001,raven,56,2,3,1,0,,,,,0.032407407407407406,0.42857142857142855,1.5714285714285714,0.0
uair,30001,raven,57,3,4,1,0,,,,,0.027777777777777776,0.5714285714285714,1.5714285714285714,0.0
uair,30001,raven,58,1,2,1,0,,,,,0.023148148148148147,0.4,1.7,0.0
uair,30001,raven,59,3,3,0,0,0.29329644211214234,0.29329644211214234,0.29329644211214234,0.0,0.027777777777777776,0.375,1.625,0.0
uair,30001,raven,60,2,2,0,0,0.3060423578482911,0.3060423578482911,0.3060423578482911,0.0,0.023148148148148147,0.3333333333333333,0.9166666666666666,0.0
uair,30001,raven,61,4,5,1,0,,,,,0.027777777777777776,0.7142857142857143,1.6428571428571428,0.0
uair,30001,raven,62,0,0,0,1,0.0,,,,0.027777777777777776,0.0,1.3571428571428572,0.0
uair,30001,raven,63,4,4,0,0,0.16640753857529542,0.16640753857529544,0.16640753857529542,0.0,0.032407407407407406,0.5,1.9375,0.0
uair,30001,raven,64,2,4,1,0,,,,,0.023148148148148147,0.5714285714285714,1.5714285714285714,0.0
uair,30001,raven,65,0,0,0,1,0.0,,,,0.023148148148148147,0.0,1.7,0.0
uair,30001,raven,66,3,4,1,0,,,,,0.032407407407407406,0.6666666666666666,1.25,0.0
uair,30001,raven,67,0,0,0,1,0.0,,,,0.023148148148148147,0.0,1.5,0.0
uair,30001,raven,68,0,2,1,0,,,,,0.018518518518518517,0.5,0.625,0.0
uair,30001,raven,69,1,1,0,0,0.0,0.0,0.0,0.0,0.027777777777777776,0.16666666666666666,1.5833333333333333,0.0
uair,30001,raven,70,3,3,0,0,0.27819614362193656,0.27819614362193656,0.27819614362193656,0.0,0.027777777777777776,0.42857142857142855,1.5714285714285714,0.0
uair,30001,raven,71,2,2,0,0,0.05468877385022214,0.05468877385022214,0.05468877385022214,0.0,0.032407407407407406,0.2857142857142857,2.142857142857143,0.0
uair,30001,raven,72,1,3,1,0,,,,,0.018518518518518517,0.375,1.1875,0.0
uair,30001,raven,73,2,3,1,0,,,,,0.027777777777777776,0.375,1.625,0.0
uair,30001,raven,74,3,4,1,0,,,,,0.027777777777777776,0.5714285714285714,1.5714285714285714,0.0
uair,30001,raven,75,4,4,0,0,0.23470448662922477,0.23470448662922477,0.23470448662922477,0.0,0.027777777777777776,0.6666666666666666,1.5833333333333333,0.0
uair,30001,raven,76,1,1,0,0,0.0,0.0,0.0,0.0,0.023148148148148147,0.14285714285714285,1.1428571428571428,0.0
uair,30001,raven,77,1,1,0,0,0.0,0.0,0.0,0.0,0.037037037037037035,0.25,1.0,0.0
uair,30001,raven,78,1,1,0,0,0.0,0.0,0.0,0.0,0.027777777777777776,0.2,1.6,0.0
uair,30001,raven,79,2,2,0,0,0.19649765816348835,0.19649765816348835,0.19649765816348835,0.0,0.023148148148148147,0.5,1.125,0.0
uair,30001,raven_wo_design,0,5,6,1,0,,,,,0.032407407407407406,0.8571428571428571,1.0,0.0
uair,30001,raven_wo_design,1,2,3,1,0,,,,,0.032407407407407406,0.6,1.1,0.0
uair,30001,raven_wo_design,2,2,3,1,0,,,,,0.023148148148148147,0.5,1.8333333333333333,0.0
uair,30001,raven_wo_design,3,3,4,1,0,,,,,0.027777777777777776,0.5,1.1875,0.0
uair,30001,raven_wo_design,4,1,2,1,0,,,,,0.027777777777777776,0.2857142857142857,1.6428571428571428,0.0
uair,30001,raven_wo_design,5,1,2,1,0,,,,,0.027777777777777776,0.6666666666666666,0.8333333333333334,0.0
uair,30001,raven_wo_design,6,0,1,1,0,,,,,0.027777777777777776,0.2,1.6,0.0
uair,30001,raven_wo_design,7,2,2,0,0,0.40786256257945686,0.40786256257945686,0.40786256257945686,0.0,0.037037037037037035,0.5,1.75,0.0
uair,30001,raven_wo_design,8,3,4,1,0,,,,,0.027777777777777776,0.5714285714285714,1.3571428571428572,0.07142857142857142
uair,30001,raven_wo_design,9,3,3,0,0,0.022895453113945745,0.022895453113945745,0.022895453113945745,0.0,0.027777777777777776,0.5,1.5833333333333333,0.08333333333333333
uair,30001,raven_wo_design,10,2,3,1,0,,,,,0.032407407407407406,0.42857142857142855,2.0714285714285716,0.0
uair,30001,raven_wo_design,11,4,4,0,0,0.3010995779928906,0.3010995779928906,0.3010995779928906,0.0,0.023148148148148147,0.5,1.375,0.0
uair,30001,raven_wo_design,12,3,4,1,0,,,,,0.027777777777777776,0.8,1.5,0.0
uair,30001,raven_wo_design,13,1,3,1,0,,,,,0.023148148148148147,0.5,1.3333333333333333,0.0
uair,30001,raven_wo_design,14,0,1,1,0,,,,,0.027777777777777776,0.25,1.25,0.0
uair,30001,raven_wo_design,15,4,4,0,0,0.08361513669215682,0.08361513669215682,0.08361513669215682,0.0,0.037037037037037035,0.5714285714285714,1.4285714285714286,0.0
uair,30001,raven_wo_design,16,2,2,0,0,8.326672684688674e-17,8.326672684688674e-17,8.326672684688674e-17,0.0,0.023148148148148147,0.25,1.375,0.0
uair,30001,raven_wo_design,17,2,3,1,0,,,,,0.023148148148148147,0.42857142857142855,1.3571428571428572,0.0
uair,30001,raven_wo_design,18,2,3,1,0,,,,,0.027777777777777776,0.5,1.8333333333333333,0.0
uair,30001,raven_wo_design,19,2,4,1,0,,,,,0.023148148148148147,0.8,1.1,0.0
uair,30001,raven_wo_design,20,1,3,1,0,,,,,0.027777777777777776,0.5,1.3333333333333333,0.08333333333333333
uair,30001,raven_wo_design,21,4,4,0,0,0.3326770755450589,0.3326770755450589,0.3326770755450589,0.0,0.037037037037037035,0.6666666666666666,1.6666666666666667,0.08333333333333333
uair,30001,raven_wo_design,22,0,0,0,1,0.0,,,,0.027777777777777776,0.0,1.5,0.0
uair,30001,raven_wo_design,23,1,1,0,0,0.0,0.0,0.0,0.0,0.032407407407407406,0.14285714285714285,1.2857142857142858,0.0
uair,30001,raven_wo_design,24,0,2,1,0,,,,,0.018518518518518517,0.2857142857142857,1.1428571428571428,0.0
uair,30001,raven_wo_design,25,1,3,1,0,,,,,0.023148148148148147,0.5,1.1666666666666667,0.08333333333333333
uair,30001,raven_wo_design,26,4,4,0,0,0.05552675798913233,0.05552675798913233,0.05552675798913233,0.0,0.037037037037037035,0.5714285714285714,1.5714285714285714,0.0
uair,30001,raven_wo_design,27,0,0,0,1,0.0,,,,0.027777777777777776,0.0,2.0,0.0
uair,30001,raven_wo_design,28,4,4,0,0,0.3400383441607993,0.34003834416079937,0.3400383441607993,0.0,0.032407407407407406,0.6666666666666666,1.3333333333333333,0.0
uair,30001,raven_wo_design,29,4,5,1,0,,,,,0.027777777777777776,0.7142857142857143,1.7857142857142858,0.0
uair,30001,raven_wo_design,30,1,1,0,0,0.0,0.0,0.0,0.0,0.023148148148148147,0.16666666666666666,1.4166666666666667,0.0
uair,30001,raven_wo_design,31,2,2,0,0,0.05247286860586903,0.05247286860586903,0.05247286860586903,0.0,0.023148148148148147,0.6666666666666666,1.1666666666666667,0.0
uair,30001,raven_wo_design,32,2,3,1,0,,,,,0.032407407407407406,0.42857142857142855,1.1428571428571428,0.0
uair,30001,raven_wo_design,33,2,4,1,0,,,,,0.023148148148148147,0.5,1.3125,0.0625
uair,30001,raven_wo_design,34,4,4,0,0,0.2901866922361453,0.2901866922361453,0.2901866922361453,0.0,0.027777777777777776,0.5714285714285714,1.2857142857142858,0.07142857142857142
uair,30001,raven_wo_design,35,0,1,1,0,,,,,0.004629629629629629,0.2,0.6,0.0
uair,30001,raven_wo_design,36,0,2,1,0,,,,,0.023148148148148147,0.3333333333333333,1.5833333333333333,0.0
uair,30001,raven_wo_design,37,1,1,0,0,0.0,0.0,0.0,0.0,0.032407407407407406,0.2,1.6,0.0
uair,30001,raven_wo_design,38,0,0,0,1,0.0,,,,0.023148148148148147,0.0,1.0,0.0
uair,30001,raven_wo_design,39,4,4,0,0,0.24728143801118432,0.24728143801118432,0.24728143801118432,0.0,0.032407407407407406,0.5,1.5,0.0
uair,30001,raven_wo_design,40,1,1,0,0,0.0,0.0,0.0,0.0,0.023148148148148147,0.2,1.1,0.0
uair,30001,raven_wo_design,41,0,1,1,0,,,,,0.023148148148148147,0.16666666666666666,1.0833333333333333,0.0
uair,30001,raven_wo_design,42,0,1,1,0,,,,,0.023148148148148147,0.16666666666666666,1.0,0.0
uair,30001,raven_wo_design,43,1,1,0,0,0.0,0.0,0.0,0.0,0.027777777777777776,0.16666666666666666,1.3333333333333333,0.0
uair,30001,raven_wo_design,44,4,5,1,0,,,,,0.032407407407407406,0.625,2.125,0.0
uair,30001,raven_wo_design,45,2,2,0,0,5.551115123125783e-17,5.551115123125783e-17,5.551115123125783e-17,0.0,0.023148148148148147,0.3333333333333333,1.0833333333333333,0.0
uair,30001,raven_wo_design,46,2,4,1,0,,,,,0.023148148148148147,0.5,1.1875,0.0
uair,30001,raven_wo_design,47,1,2,1,0,,,,,0.018518518518518517,0.4,1.2,0.0
uair,30001,raven_wo_design,48,3,3,0,0,0.0551979507460619,0.0551979507460619,0.0551979507460619,0.0,0.037037037037037035,0.5,1.6666666666666667,0.0
uair,30001,raven_wo_design,49,3,3,0,0,0.3865603625492133,0.3865603625492133,0.3865603625492133,0.0,0.023148148148148147,0.5,1.1666666666666667,0.0
uair,30001,raven_wo_design,50,2,2,0,0,0.05186812876749938,0.05186812876749938,0.05186812876749938,0.0,0.032407407407407406,0.3333333333333333,1.8333333333333333,0.0
uair,30001,raven_wo_design,51,2,3,1,0,,,,,0.018518518518518517,0.42857142857142855,1.6428571428571428,0.0
uair,30001,raven_wo_design,52,1,3,1,0,,,,,0.027777777777777776,0.5,1.1666666666666667,0.0
uair,30001,raven_wo_design,53,1,2,1,0,,,,,0.032407407407407406,0.3333333333333333,1.1666666666666667,0.0
uair,30001,raven_wo_design,54,3,4,1,0,,,,,0.023148148148148147,0.5,1.75,0.0
uair,30001,raven_wo_design,55,3,4,1,0,,,,,0.027777777777777776,0.5714285714285714,1.0714285714285714,0.0
uair,30001,raven_wo_design,56,2,3,1,0,,,,,0.032407407407407406,0.42857142857142855,1.5714285714285714,0.0
uair,30001,raven_wo_design,57,3,4,1,0,,,,,0.027777777777777776,0.5714285714285714,1.5714285714285714,0.0
uair,30001,raven_wo_design,58,1,2,1,0,,,,,0.023148148148148147,0.4,1.7,0.0
uair,30001,raven_wo_design,59,3,3,0,0,0.29329644211214234,0.29329644211214234,0.29329644211214234,0.0,0.027777777777777776,0.375,1.625,0.0
uair,30001,raven_wo_design,60,2,2,0,0,0.3060423578482911,0.3060423578482911,0.3060423578482911,0.0,0.023148148148148147,0.3333333333333333,0.9166666666666666,0.0
uair,30001,raven_wo_design,61,4,5,1,0,,,,,0.027777777777777776,0.7142857142857143,1.6428571428571428,0.0
uair,30001,raven_wo_design,62,0,0,0,1,0.0,,,,0.027777777777777776,0.0,1.3571428571428572,0.0
uair,30001,raven_wo_design,63,4,4,0,0,0.16640753857529542,0.16640753857529544,0.16640753857529542,0.0,0.032407407407407406,0.5,1.9375,0.0
uair,30001,raven_wo_design,64,2,4,1,0,,,,,0.023148148148148147,0.5714285714285714,1.5714285714285714,0.0
uair,30001,raven_wo_design,65,0,0,0,1,0.0,,,,0.023148148148148147,0.0,1.7,0.0
uair,30001,raven_wo_design,66,3,4,1,0,,,,,0.032407407407407406,0.6666666666666666,1.25,0.0
uair,30001,raven_wo_design,67,0,0,0,1,0.0,,,,0.023148148148148147,0.0,1.5,0.0
uair,30001,raven_wo_design,68,0,2,1,0,,,,,0.018518518518518517,0.5,0.625,0.0
uair,30001,raven_wo_design,69,1,1,0,0,0.0,0.0,0.0,0.0,0.027777777777777776,0.16666666666666666,1.5833333333333333,0.0
uair,30001,raven_wo_design,70,3,3,0,0,0.27819614362193656,0.27819614362193656,0.27819614362193656,0.0,0.027777777777777776,0.42857142857142855,1.5714285714285714,0.0
uair,30001,raven_wo_design,71,2,2,0,0,0.05468877385022214,0.05468877385022214,0.05468877385022214,0.0,0.032407407407407406,0.2857142857142857,2.142857142857143,0.0
uair,30001,raven_wo_design,72,1,3,1,0,,,,,0.018518518518518517,0.375,1.1875,0.0
uair,30001,raven_wo_design,73,2,3,1,0,,,,,0.027777777777777776,0.375,1.625,0.0
uair,30001,raven_wo_design,74,3,4,1,0,,,,,0.027777777777777776,0.5714285714285714,1.5714285714285714,0.0
uair,30001,raven_wo_design,75,4,4,0,0,0.23470448662922477,0.23470448662922477,0.23470448662922477,0.0,0.027777777777777776,0.6666666666666666,1.5833333333333333,0.0
uair,30001,raven_wo_design,76,1,1,0,0,0.0,0.0,0.0,0.0,0.023148148148148147,0.14285714285714285,1.1428571428571428,0.0
uair,30001,raven_wo_design,77,1,1,0,0,0.0,0.0,0.0,0.0,0.037037037037037035,0.25,1.0,0.0
uair,30001,raven_wo_design,78,1,1,0,0,0.0,0.0,0.0,0.0,0.027777777777777776,0.2,1.6,0.0
uair,30001,raven_wo_design,79,2,2,0,0,0.19649765816348835,0.19649765816348835,0.19649765816348835,0.0,0.023148148148148147,0.5,1.125,0.0
uair,30001,raven_sag,0,5,6,1,0,,,,,0.032407407407407406,0.8571428571428571,1.0,0.0
uair,30001,raven_sag,1,2,3,1,0,,,,,0.032407407407407406,0.6,1.1,0.0
uair,30001,raven_sag,2,2,3,1,0,,,,,0.023148148148148147,0.5,1.8333333333333333,0.0
uair,30001,raven_sag,3,3,4,1,0,,,,,0.027777777777777776,0.5,1.1875,0.0
uair,30001,raven_sag,4,1,2,1,0,,,,,0.027777777777777776,0.2857142857142857,1.6428571428571428,0.0
uair,30001,raven_sag,5,1,2,1,0,,,,,0.027777777777777776,0.6666666666666666,0.8333333333333334,0.0
uair,30001,raven_sag,6,0,1,1,0,,,,,0.027777777777777776,0.2,1.6,0.0
uair,30001,raven_sag,7,2,2,0,0,0.40786256257945686,0.40786256257945686,0.40786256257945686,0.0,0.037037037037037035,0.5,1.75,0.0
uair,30001,raven_sag,8,3,4,1,0,,,,,0.027777777777777776,0.5714285714285714,1.3571428571428572,0.07142857142857142
uair,30001,raven_sag,9,3,3,0,0,0.022895453113945745,0.022895453113945745,0.022895453113945745,0.0,0.027777777777777776,0.5,1.5833333333333333,0.08333333333333333
uair,30001,raven_sag,10,2,3,1,0,,,,,0.032407407407407406,0.42857142857142855,2.0714285714285716,0.0
uair,30001,raven_sag,11,4,4,0,0,0.3010995779928906,0.3010995779928906,0.3010995779928906,0.0,0.023148148148148147,0.5,1.375,0.0
uair,30001,raven_sag,12,3,4,1,0,,,,,0.027777777777777776,0.8,1.5,0.0
uair,30001,raven_sag,13,1,3,1,0,,,,,0.023148148148148147,0.5,1.3333333333333333,0.0
uair,30001,raven_sag,14,0,1,1,0,,,,,0.027777777777777776,0.25,1.25,0.0
uair,30001,raven_sag,15,4,4,0,0,0.08361513669215682,0.08361513669215682,0.08361513669215682,0.0,0.037037037037037035,0.5714285714285714,1.4285714285714286,0.0
uair,30001,raven_sag,16,2,2,0,0,8.326672684688674e-17,8.326672684688674e-17,8.326672684688674e-17,0.0,0.023148148148148147,0.25,1.375,0.0
uair,30001,raven_sag,17,2,3,1,0,,,,,0.023148148148148147,0.42857142857142855,1.3571428571428572,0.0
uair,30001,raven_sag,18,2,3,1,0,,,,,0.027777777777777776,0.5,1.8333333333333333,0.0
uair,30001,raven_sag,19,2,4,1,0,,,,,0.023148148148148147,0.8,1.1,0.0
uair,30001,raven_sag,20,1,3,1,0,,,,,0.027777777777777776,0.5,1.3333333333333333,0.08333333333333333
uair,30001,raven_sag,21,4,4,0,0,0.3326770755450589,0.3326770755450589,0.3326770755450589,0.0,0.037037037037037035,0.6666666666666666,1.6666666666666667,0.08333333333333333
uair,30001,raven_sag,22,0,0,0,1,0.0,,,,0.027777777777777776,0.0,1.5,0.0
uair,30001,raven_sag,23,1,1,0,0,0.0,0.0,0.0,0.0,0.032407407407407406,0.14285714285714285,1.2857142857142858,0.0
uair,30001,raven_sag,24,0,2,1,0,,,,,0.018518518518518517,0.2857142857142857,1.1428571428571428,0.0
uair,30001,raven_sag,25,1,3,1,0,,,,,0.023148148148148147,0.5,1.1666666666666667,0.08333333333333333
uair,30001,raven_sag,26,4,4,0,0,0.05552675798913233,0.05552675798913233,0.05552675798913233,0.0,0.037037037037037035,0.5714285714285714,1.5714285714285714,0.0
uair,30001,raven_sag,27,0,0,0,1,0.0,,,,0.027777777777777776,0.0,2.0,0.0
uair,30001,raven_sag,28,4,4,0,0,0.3400383441607993,0.34003834416079937,0.3400383441607993,0.0,0.032407407407407406,0.6666666666666666,1.3333333333333333,0.0
uair,30001,raven_sag,29,4,5,1,0,,,,,0.027777777777777776,0.7142857142857143,1.7857142857142858,0.0
uair,30001,raven_sag,30,1,1,0,0,0.0,0.0,0.0,0.0,0.023148148148148147,0.16666666666666666,1.4166666666666667,0.0
uair,30001,raven_sag,31,2,2,0,0,0.05247286860586903,0.05247286860586903,0.05247286860586903,0.0,0.023148148148148147,0.6666666666666666,1.1666666666666667,0.0
uair,30001,raven_sag,32,2,3,1,0,,,,,0.032407407407407406,0.42857142857142855,1.1428571428571428,0.0
uair,30001,raven_sag,33,2,4,1,0,,,,,0.023148148148148147,0.5,1.3125,0.0625
uair,30001,raven_sag,34,4,4,0,0,0.2901866922361453,0.2901866922361453,0.2901866922361453,0.0,0.027777777777777776,0.5714285714285714,1.2857142857142858,0.07142857142857142
uair,30001,raven_sag,35,0,1,1,0,,,,,0.004629629629629629,0.2,0.6,0.0
uair,30001,raven_sag,36,0,2,1,0,,,,,0.023148148148148147,0.3333333333333333,1.5833333333333333,0.0
uair,30001,raven_sag,37,1,1,0,0,0.0,0.0,0.0,0.0,0.032407407407407406,0.2,1.6,0.0
uair,30001,raven_sag,38,0,0,0,1,0.0,,,,0.023148148148148147,0.0,1.0,0.0
uair,30001,raven_sag,39,4,4,0,0,0.24728143801118432,0.24728143801118432,0.24728143801118432,0.0,0.032407407407407406,0.5,1.5,0.0
uair,30001,raven_sag,40,1,1,0,0,0.0,0.0,0.0,0.0,0.023148148148148147,0.2,1.1,0.0
uair,30001,raven_sag,41,0,1,1,0,,,,,0.023148148148148147,0.16666666666666666,1.0833333333333333,0.0
uair,30001,raven_sag,42,0,1,1,0,,,,,0.023148148148148147,0.16666666666666666,1.0,0.0
uair,30001,raven_sag,43,1,1,0,0,0.0,0.0,0.0,0.0,0.027777777777777776,0.16666666666666666,1.3333333333333333,0.0
uair,30001,raven_sag,44,4,5,1,0,,,,,0.032407407407407406,0.625,2.125,0.0
uair,30001,raven_sag,45,2,2,0,0,5.551115123125783e-17,5.551115123125783e-17,5.551115123125783e-17,0.0,0.023148148148148147,0.3333333333333333,1.0833333333333333,0.0
uair,30001,raven_sag,46,2,4,1,0,,,,,0.023148148148148147,0.5,1.1875,0.0
uair,30001,raven_sag,47,1,2,1,0,,,,,0.018518518518518517,0.4,1.2,0.0
uair,30001,raven_sag,48,3,3,0,0,0.0551979507460619,0.0551979507460619,0.0551979507460619,0.0,0.037037037037037035,0.5,1.6666666666666667,0.0
uair,30001,raven_sag,49,3,3,0,0,0.3865603625492133,0.3865603625492133,0.3865603625492133,0.0,0.023148148148148147,0.5,1.1666666666666667,0.0
uair,30001,raven_sag,50,2,2,0,0,0.05186812876749938,0.05186812876749938,0.05186812876749938,0.0,0.032407407407407406,0.3333333333333333,1.8333333333333333,0.0
uair,30001,raven_sag,51,2,3,1,0,,,,,0.018518518518518517,0.42857142857142855,1.6428571428571428,0.0
uair,30001,raven_sag,52,1,3,1,0,,,,,0.027777777777777776,0.5,1.1666666666666667,0.0
uair,30001,raven_sag,53,1,2,1,0,,,,,0.032407407407407406,0.3333333333333333,1.1666666666666667,0.0
uair,30001,raven_sag,54,3,4,1,0,,,,,0.023148148148148147,0.5,1.75,0.0
uair,30001,raven_sag,55,3,4,1,0,,,,,0.027777777777777776,0.5714285714285714,1.0714285714285714,0.0
uair,30001,raven_sag,56,2,3,1,0,,,,,0.032407407407407406,0.42857142857142855,1.5714285714285714,0.0
uair,30001,raven_sag,57,3,4,1,0,,,,,0.027777777777777776,0.5714285714285714,1.5714285714285714,0.0
uair,30001,raven_sag,58,1,2,1,0,,,,,0.023148148148148147,0.4,1.7,0.0
uair,30001,raven_sag,59,3,3,0,0,0.29329644211214234,0.29329644211214234,0.29329644211214234,0.0,0.027777777777777776,0.375,1.625,0.0
uair,30001,raven_sag,60,2,2,0,0,0.3060423578482911,0.3060423578482911,0.3060423578482911,0.0,0.023148148148148147,0.3333333333333333,0.9166666666666666,0.0
uair,30001,raven_sag,61,4,5,1,0,,,,,0.027777777777777776,0.7142857142857143,1.6428571428571428,0.0
uair,30001,raven_sag,62,0,0,0,1,0.0,,,,0.027777777777777776,0.0,1.3571428571428572,0.0
uair,30001,raven_sag,63,4,4,0,0,0.16640753857529542,0.16640753857529544,0.16640753857529542,0.0,0.032407407407407406,0.5,1.9375,0.0
uair,30001,raven_sag,64,2,4,1,0,,,,,0.023148148148148147,0.5714285714285714,1.5714285714285714,0.0
uair,30001,raven_sag,65,0,0,0,1,0.0,,,,0.023148148148148147,0.0,1.7,0.0
uair,30001,raven_sag,66,3,4,1,0,,,,,0.032407407407407406,0.6666666666666666,1.25,0.0
uair,30001,raven_sag,67,0,0,0,1,0.0,,,,0.023148148148148147,0.0,1.5,0.0
uair,30001,raven_sag,68,0,2,1,0,,,,,0.018518518518518517,0.5,0.625,0.0
uair,30001,raven_sag,69,1,1,0,0,0.0,0.0,0.0,0.0,0.027777777777777776,0.16666666666666666,1.5833333333333333,0.0
uair,30001,raven_sag,70,3,3,0,0,0.27819614362193656,0.27819614362193656,0.27819614362193656,0.0,0.027777777777777776,0.42857142857142855,1.5714285714285714,0.0
uair,30001,raven_sag,71,2,2,0,0,0.05468877385022214,0.05468877385022214,0.05468877385022214,0.0,0.032407407407407406,0.2857142857142857,2.142857142857143,0.0
uair,30001,raven_sag,72,1,3,1,0,,,,,0.018518518518518517,0.375,1.1875,0.0
uair,30001,raven_sag,73,2,3,1,0,,,,,0.027777777777777776,0.375,1.625,0.0
uair,30001,raven_sag,74,3,4,1,0,,,,,0.027777777777777776,0.5714285714285714,1.5714285714285714,0.0
uair,30001,raven_sag,75,4,4,0,0,0.23470448662922477,0.23470448662922477,0.23470448662922477,0.0,0.027777777777777776,0.6666666666666666,1.5833333333333333,0.0
uair,30001,raven_sag,76,1,1,0,0,0.0,0.0,0.0,0.0,0.023148148148148147,0.14285714285714285,1.1428571428571428,0.0
uair,30001,raven_sag,77,1,1,0,0,0.0,0.0,0.0,0.0,0.037037037037037035,0.25,1.0,0.0
uair,30001,raven_sag,78,1,1,0,0,0.0,0.0,0.0,0.0,0.027777777777777776,0.2,1.6,0.0
uair,30001,raven_sag,79,2,2,0,0,0.19649765816348835,0.19649765816348835,0.19649765816348835,0.0,0.023148148148148147,0.5,1.125,0.0
uair,30002,raven,0,2,3,1,0,,,,,0.018518518518518517,0.42857142857142855,1.5714285714285714,0.0
uair,30002,raven,1,3,3,0,0,0.046709889714841524,0.046709889714841524,0.046709889714841524,0.0,0.032407407407407406,0.5,1.25,0.0
uair,30002,raven,2,4,4,0,0,0.28720218311244183,0.28720218311244183,0.28720218311244183,0.0,0.037037037037037035,0.5714285714285714,1.8571428571428572,0.0
uair,30002,raven,3,2,3,1,0,,,,,0.032407407407407406,0.6,1.3,0.0
uair,30002,raven,4,3,4,1,0,,,,,0.027777777777777776,0.5714285714285714,1.5,0.0
uair,30002,raven,5,3,3,0,0,0.04189587670284382,0.04189587670284382,0.04189587670284382,0.0,0.023148148148148147,0.6,1.3,0.0
uair,30002,raven,6,2,3,1,0,,,,,0.023148148148148147,0.6,1.3,0.0
uair,30002,raven,7,1,3,1,0,,,,,0.023148148148148147,0.5,1.3333333333333333,0.0
uair,30002,raven,8,2,2,0,0,0.14860587569242284,0.14860587569242284,0.14860587569242284,0.0,0.027777777777777776,0.3333333333333333,1.4166666666666667,0.0
uair,30002,raven,9,3,3,0,0,0.4049964481647364,0.40499644816473634,0.4049964481647364,0.0,0.032407407407407406,0.5,1.5833333333333333,0.0
uair,30002,raven,10,1,1,0,0,0.0,0.0,0.0,0.0,0.023148148148148147,0.16666666666666666,1.0,0.0
uair,30002,raven,11,1,2,1,0,,,,,0.027777777777777776,0.4,1.4000000000000001,0.0
uair,30002,raven,12,3,5,1,0,,,,,0.018518518518518517,0.625,1.3125,0.0
uair,30002,raven,13,4,4,0,0,0.05469777017813668,0.05469777017813668,0.05469777017813668,0.0,0.037037037037037035,0.6666666666666666,2.0,0.0
uair,30002,raven,14,2,4,1,0,,,,,0.018518518518518517,0.5,1.4375,0.0
uair,30002,raven,15,1,2,1,0,,,,,0.023148148148148147,0.3333333333333333,1.0833333333333333,0.0
uair,30002,raven,16,3,3,0,0,0.2596400657233007,0.2596400657233007,0.2596400657233007,0.0,0.023148148148148147,0.42857142857142855,1.4285714285714286,0.0
uair,30002,raven,17,1,1,0,0,0.0,0.0,0.0,0.0,0.037037037037037035,0.3333333333333333,2.3333333333333335,0.0
uair,30002,raven,18,1,1,0,0,0.0,0.0,0.0,0.0,0.027777777777777776,0.16666666666666666,1.75,0.0
uair,30002,raven,19,0,0,0,1,0.0,,,,0.018518518518518517,0.0,1.625,0.0
uair,30002,raven,20,1,3,1,0,,,,,0.027777777777777776,0.75,1.125,0.125
uair,30002,raven,21,1,2,1,0,,,,,0.023148148148148147,0.2857142857142857,0.9285714285714286,0.0
uair,30002,raven,22,2,3,1,0,,,,,0.023148148148148147,0.6,1.5,0.0
uair,30002,raven,23,1,1,0,0,0.0,0.0,0.0,0.0,0.032407407407407406,0.2,1.6,0.0
uair,30002,raven,24,1,1,0,0,0.0,0.0,0.0,0.0,0.032407407407407406,0.16666666666666666,1.5833333333333333,0.0
uair,30002,raven,25,1,3,1,0,,,,,0.027777777777777776,0.6,1.2,0.0
uair,30002,raven,26,0,0,0,1,0.0,,,,0.037037037037037035,0.0,1.5,0.0
uair,30002,raven,27,2,4,1,0,,,,,0.018518518518518517,0.5,1.3125,0.0
uair,30002,raven,28,3,3,0,0,0.3686943810701597,0.3686943810701598,0.3686943810701597,0.0,0.032407407407407406,0.42857142857142855,1.4285714285714286,0.0
uair,30002,raven,29,0,2,1,0,,,,,0.018518518518518517,0.3333333333333333,1.1666666666666667,0.0
uair,30002,raven,30,1,2,1,0,,,,,0.027777777777777776,0.3333333333333333,2.25,0.0
uair,30002,raven,31,4,5,1,0,,,,,0.032407407407407406,0.8333333333333334,1.5833333333333333,0.08333333333333333
uair,30002,raven,32,0,0,0,1,0.0,,,,0.037037037037037035,0.0,1.6666666666666667,0.08333333333333333
uair,30002,raven,33,1,1,0,0,0.0,0.0,0.0,0.0,0.032407407407407406,0.14285714285714285,1.3571428571428572,0.07142857142857142
uair,30002,raven,34,2,3,1,0,,,,,0.027777777777777776,0.5,1.1666666666666667,0.0
uair,30002,raven,35,1,3,1,0,,,,,0.018518518518518517,0.42857142857142855,0.9285714285714286,0.0
uair,30002,raven,36,2,3,1,0,,,,,0.027777777777777776,0.375,1.4375,0.0
uair,30002,raven,37,3,3,0,0,0.30791024784005927,0.30791024784005927,0.30791024784005927,0.0,0.027777777777777776,0.6,1.4,0.0
uair,30002,raven,38,2,2,0,0,0.38826686344013106,0.38826686344013106,0.38826686344013106,0.0,0.032407407407407406,0.4,1.8,0.1
uair,30002,raven,39,1,1,0,0,0.0,0.0,0.0,0.0,0.032407407407407406,0.16666666666666666,1.5833333333333333,0.0
uair,30002,raven,40,0,1,1,0,,,,,0.018518518518518517,0.14285714285714285,1.0714285714285714,0.0
uair,30002,raven,41,1,1,0,0,0.0,0.0,0.0,0.0,0.023148148148148147,0.14285714285714285,1.4285714285714286,0.0
uair,30002,raven,42,1,2,1,0,,,,,0.027777777777777776,0.4,1.5,0.0
uair,30002,raven,43,3,3,0,0,0.35752010895972774,0.35752010895972774,0.35752010895972774,0.0,0.027777777777777776,0.42857142857142855,1.4285714285714286,0.0
uair,30002,raven,44,2,2,0,0,0.3114816389519396,0.3114816389519396,0.3114816389519396,0.0,0.023148148148148147,0.4,1.1,0.0
uair,30002,raven,45,2,2,0,0,0.39554161727359627,0.39554161727359627,0.39554161727359627,0.0,0.032407407407407406,0.25,1.375,0.0
uair,30002,raven,46,2,4,1,0,,,,,0.023148148148148147,0.5714285714285714,1.2142857142857142,0.0
uair,30002,raven,47,1,1,0,0,0.0,0.0,0.0,0.0,0.032407407407407406,0.2,2.0,0.1
uair,30002,raven,48,2,4,1,0,,,,,0.027777777777777776,0.5714285714285714,1.7142857142857142,0.0
uair,30002,raven,49,1,1,0,0,0.0,0.0,0.0,0.0,0.027777777777777776,0.16666666666666666,1.75,0.0
uair,30002,raven,50,1,1,0,0,0.0,0.0,0.0,0.0,0.032407407407407406,0.16666666666666666,1.6666666666666667,0.0
uair,30002,raven,51,0,2,1,0,,,,,0.023148148148148147,0.25,1.3125,0.0
uair,30002,raven,52,1,1,0,0,0.0,0.0,0.0,0.0,0.027777777777777776,0.14285714285714285,1.2857142857142858,0.0
uair,30002,raven,53,4,5,1,0,,,,,0.032407407407407406,0.7142857142857143,1.3571428571428572,0.0
uair,30002,raven,54,3,3,0,0,0.23609652660443411,0.2360965266044341,0.23609652660443411,0.0,0.032407407407407406,0.5,1.25,0.0
uair,30002,raven,55,0,0,0,1,0.0,,,,0.013888888888888888,0.0,1.375,0.0
uair,30002,raven,56,3,4,1,0,,,,,0.032407407407407406,0.5,1.4375,0.0
uair,30002,raven,57,1,2,1,0,,,,,0.023148148148148147,0.4,1.7,0.0
uair,30002,raven,58,3,3,0,0,0.052877806358322704,0.052877806358322704,0.052877806358322704,0.0,0.027777777777777776,0.375,1.25,0.0
uair,30002,raven,59,1,2,1,0,,,,,0.018518518518518517,0.2857142857142857,1.3571428571428572,0.0
uair,30002,raven,60,2,3,1,0,,,,,0.027777777777777776,0.375,1.8125,0.0
uair,30002,raven,61,2,4,1,0,,,,,0.018518518518518517,0.6666666666666666,1.25,0.0
uair,30002,raven,62,2,2,0,0,0.03362529891408597,0.03362529891408597,0.03362529891408597,0.0,0.027777777777777776,0.25,1.5,0.0
uair,30002,raven,63,3,3,0,0,0.20822197028209669,0.2082219702820967,0.20822197028209669,0.0,0.027777777777777776,0.5,1.5,0.0
uair,30002,raven,64,2,3,1,0,,,,,0.027777777777777776,0.375,1.1875,0.0625
uair,30002,raven,65,2,3,1,0,,,,,0.032407407407407406,0.5,1.25,0.0
uair,30002,raven,66,4,5,1,0,,,,,0.032407407407407406,0.7142857142857143,1.8571428571428572,0.0
uair,30002,raven,67,1,1,0,0,0.0,0.0,0.0,0.0,0.032407407407407406,0.16666666666666666,1.5833333333333333,0.0
uair,30002,raven,68,0,1,1,0,,,,,0.027777777777777776,0.14285714285714285,1.2142857142857142,0.07142857142857142
uair,30002,raven,69,3,5,1,0,,,,,0.023148148148148147,0.8333333333333334,1.4166666666666667,0.0
uair,30002,raven,70,3,5,1,0,,,,,0.023148148148148147,0.7142857142857143,1.5,0.0
uair,30002,raven,71,2,3,1,0,,,,,0.032407407407407406,0.5,1.5,0.0
uair,30002,raven,72,3,3,0,0,0.29441666039201,0.29441666039201,0.29441666039201,0.0,0.037037037037037035,0.6,2.0,0.0
uair,30002,raven,73,1,1,0,0,0.0,0.0,0.0,0.0,0.023148148148148147,0.2,1.4,0.0
uair,30002,raven,74,1,1,0,0,0.0,0.0,0.0,0.0,0.032407407407407406,0.16666666666666666,1.4166666666666667,0.0
uair,30002,raven,75,2,2,0,0,0.31953530826729004,0.31953530826729004,0.31953530826729004,0.0,0.018518518518518517,0.25,1.0625,0.0
uair,30002,raven,76,1,3,1,0,,,,,0.023148148148148147,0.5,1.1666666666666667,0.0
uair,30002,raven,77,2,2,0,0,0.05329219960242826,0.05329219960242826,0.05329219960242826,0.0,0.027777777777777776,0.4,1.4,0.0
uair,30002,raven,78,3,3,0,0,0.05144771739992665,0.05144771739992665,0.05144771739992665,0.0,0.027777777777777776,0.5,1.75,0.0
uair,30002,raven,79,1,1,0,0,0.0,0.0,0.0,0.0,0.023148148148148147,0.14285714285714285,1.4285714285714286,0.0
uair,30002,raven_wo_design,0,2,3,1,0,,,,,0.018518518518518517,0.42857142857142855,1.5714285714285714,0.0
uair,30002,raven_wo_design,1,3,3,0,0,0.046709889714841524,0.046709889714841524,0.046709889714841524,0.0,0.032407407407407406,0.5,1.25,0.0
uair,30002,raven_wo_design,2,4,4,0,0,0.28720218311244183,0.28720218311244183,0.28720218311244183,0.0,0.037037037037037035,0.5714285714285714,1.8571428571428572,0.0
uair,30002,raven_wo_design,3,2,3,1,0,,,,,0.032407407407407406,0.6,1.3,0.0
uair,30002,raven_wo_design,4,3,4,1,0,,,,,0.027777777777777776,0.5714285714285714,1.5,0.0
uair,30002,raven_wo_design,5,3,3,0,0,0.04189587670284382,0.04189587670284382,0.04189587670284382,0.0,0.023148148148148147,0.6,1.3,0.0
uair,30002,raven_wo_design,6,2,3,1,0,,,,,0.023148148148148147,0.6,1.3,0.0
uair,30002,raven_wo_design,7,1,3,1,0,,,,,0.023148148148148147,0.5,1.3333333333333333,0.0
uair,30002,raven_wo_design,8,2,2,0,0,0.14860587569242284,0.14860587569242284,0.14860587569242284,0.0,0.027777777777777776,0.3333333333333333,1.4166666666666667,0.0
uair,30002,raven_wo_design,9,3,3,0,0,0.4049964481647364,0.40499644816473634,0.4049964481647364,0.0,0.032407407407407406,0.5,1.5833333333333333,0.0
uair,30002,raven_wo_design,10,1,1,0,0,0.0,0.0,0.0,0.0,0.023148148148148147,0.16666666666666666,1.0,0.0
uair,30002,raven_wo_design,11,1,2,1,0,,,,,0.027777777777777776,0.4,1.4000000000000001,0.0
uair,30002,raven_wo_design,12,3,5,1,0,,,,,0.018518518518518517,0.625,1.3125,0.0
uair,30002,raven_wo_design,13,4,4,0,0,0.05469777017813668,0.05469777017813668,0.05469777017813668,0.0,0.037037037037037035,0.6666666666666666,2.0,0.0
uair,30002,raven_wo_design,14,2,4,1,0,,,,,0.018518518518518517,0.5,1.4375,0.0
uair,30002,raven_wo_design,15,1,2,1,0,,,,,0.023148148148148147,0.3333333333333333,1.0833333333333333,0.0
uair,30002,raven_wo_design,16,3,3,0,0,0.2596400657233007,0.2596400657233007,0.2596400657233007,0.0,0.023148148148148147,0.42857142857142855,1.4285714285714286,0.0
uair,30002,raven_wo_design,17,1,1,0,0,0.0,0.0,0.0,0.0,0.037037037037037035,0.3333333333333333,2.3333333333333335,0.0
uair,30002,raven_wo_design,18,1,1,0,0,0.0,0.0,0.0,0.0,0.027777777777777776,0.16666666666666666,1.75,0.0
uair,30002,raven_wo_design,19,0,0,0,1,0.0,,,,0.018518518518518517,0.0,1.625,0.0
uair,30002,raven_wo_design,20,1,3,1,0,,,,,0.027777777777777776,0.75,1.125,0.125
uair,30002,raven_wo_design,21,1,2,1,0,,,,,0.023148148148148147,0.2857142857142857,0.9285714285714286,0.0
uair,30002,raven_wo_design,22,2,3,1,0,,,,,0.023148148148148147,0.6,1.5,0.0
uair,30002,raven_wo_design,23,1,1,0,0,0.0,0.0,0.0,0.0,0.032407407407407406,0.2,1.6,0.0
uair,30002,raven_wo_design,24,1,1,0,0,0.0,0.0,0.0,0.0,0.032407407407407406,0.16666666666666666,1.5833333333333333,0.0
uair,30002,raven_wo_design,25,1,3,1,0,,,,,0.027777777777777776,0.6,1.2,0.0
uair,30002,raven_wo_design,26,0,0,0,1,0.0,,,,0.037037037037037035,0.0,1.5,0.0
uair,30002,raven_wo_design,27,2,4,1,0,,,,,0.018518518518518517,0.5,1.3125,0.0
uair,30002,raven_wo_design,28,3,3,0,0,0.3686943810701597,0.3686943810701598,0.3686943810701597,0.0,0.032407407407407406,0.42857142857142855,1.4285714285714286,0.0
uair,30002,raven_wo_design,29,0,2,1,0,,,,,0.018518518518518517,0.3333333333333333,1.1666666666666667,0.0
uair,30002,raven_wo_design,30,1,2,1,0,,,,,0.027777777777777776,0.3333333333333333,2.25,0.0
uair,30002,raven_wo_design,31,4,5,1,0,,,,,0.032407407407407406,0.8333333333333334,1.5833333333333333,0.08333333333333333
uair,30002,raven_wo_design,32,0,0,0,1,0.0,,,,0.037037037037037035,0.0,1.6666666666666667,0.08333333333333333
uair,30002,raven_wo_design,33,1,1,0,0,0.0,0.0,0.0,0.0,0.032407407407407406,0.14285714285714285,1.3571428571428572,0.07142857142857142
uair,30002,raven_wo_design,34,2,3,1,0,,,,,0.027777777777777776,0.5,1.1666666666666667,0.0
uair,30002,raven_wo_design,35,1,3,1,0,,,,,0.018518518518518517,0.42857142857142855,0.9285714285714286,0.0
uair,30002,raven_wo_design,36,2,3,1,0,,,,,0.027777777777777776,0.375,1.4375,0.0
uair,30002,raven_wo_design,37,3,3,0,0,0.30791024784005927,0.30791024784005927,0.30791024784005927,0.0,0.027777777777777776,0.6,1.4,0.0
uair,30002,raven_wo_design,38,2,2,0,0,0.38826686344013106,0.38826686344013106,0.38826686344013106,0.0,0.032407407407407406,0.4,1.8,0.1
uair,30002,raven_wo_design,39,1,1,0,0,0.0,0.0,0.0,0.0,0.032407407407407406,0.16666666666666666,1.5833333333333333,0.0
uair,30002,raven_wo_design,40,0,1,1,0,,,,,0.018518518518518517,0.14285714285714285,1.0714285714285714,0.0
uair,30002,raven_wo_design,41,1,1,0,0,0.0,0.0,0.0,0.0,0.023148148148148147,0.14285714285714285,1.4285714285714286,0.0
uair,30002,raven_wo_design,42,1,2,1,0,,,,,0.027777777777777776,0.4,1.5,0.0
uair,30002,raven_wo_design,43,3,3,0,0,0.35752010895972774,0.35752010895972774,0.35752010895972774,0.0,0.027777777777777776,0.42857142857142855,1.4285714285714286,0.0
uair,30002,raven_wo_design,44,2,2,0,0,0.3114816389519396,0.3114816389519396,0.3114816389519396,0.0,0.023148148148148147,0.4,1.1,0.0
uair,30002,raven_wo_design,45,2,2,0,0,0.39554161727359627,0.39554161727359627,0.39554161727359627,0.0,0.032407407407407406,0.25,1.375,0.0
uair,30002,raven_wo_design,46,2,4,1,0,,,,,0.023148148148148147,0.5714285714285714,1.2142857142857142,0.0
uair,30002,raven_wo_design,47,1,1,0,0,0.0,0.0,0.0,0.0,0.032407407407407406,0.2,2.0,0.1
uair,30002,raven_wo_design,48,2,4,1,0,,,,,0.027777777777777776,0.5714285714285714,1.7142857142857142,0.0
uair,30002,raven_wo_design,49,1,1,0,0,0.0,0.0,0.0,0.0,0.027777777777777776,0.16666666666666666,1.75,0.0
uair,30002,raven_wo_design,50,1,1,0,0,0.0,0.0,0.0,0.0,0.032407407407407406,0.16666666666666666,1.6666666666666667,0.0
uair,30002,raven_wo_design,51,0,2,1,0,,,,,0.023148148148148147,0.25,1.3125,0.0
uair,30002,raven_wo_design,52,1,1,0,0,0.0,0.0,0.0,0.0,0.027777777777777776,0.14285714285714285,1.2857142857142858,0.0
uair,30002,raven_wo_design,53,4,5,1,0,,,,,0.032407407407407406,0.7142857142857143,1.3571428571428572,0.0
uair,30002,raven_wo_design,54,3,3,0,0,0.23609652660443411,0.2360965266044341,0.23609652660443411,0.0,0.032407407407407406,0.5,1.25,0.0
uair,30002,raven_wo_design,55,0,0,0,1,0.0,,,,0.013888888888888888,0.0,1.375,0.0
uair,30002,raven_wo_design,56,3,4,1,0,,,,,0.032407407407407406,0.5,1.4375,0.0
uair,30002,raven_wo_design,57,1,2,1,0,,,,,0.023148148148148147,0.4,1.7,0.0
uair,30002,raven_wo_design,58,3,3,0,0,0.052877806358322704,0.052877806358322704,0.052877806358322704,0.0,0.027777777777777776,0.375,1.25,0.0
uair,30002,raven_wo_design,59,1,2,1,0,,,,,0.018518518518518517,0.2857142857142857,1.3571428571428572,0.0
uair,30002,raven_wo_design,60,2,3,1,0,,,,,0.027777777777777776,0.375,1.8125,0.0
uair,30002,raven_wo_design,61,2,4,1,0,,,,,0.018518518518518517,0.6666666666666666,1.25,0.0
uair,30002,raven_wo_design,62,2,2,0,0,0.03362529891408597,0.03362529891408597,0.03362529891408597,0.0,0.027777777777777776,0.25,1.5,0.0
uair,30002,raven_wo_design,63,3,3,0,0,0.20822197028209669,0.2082219702820967,0.20822197028209669,0.0,0.027777777777777776,0.5,1.5,0.0
uair,30002,raven_wo_design,64,2,3,1,0,,,,,0.027777777777777776,0.375,1.1875,0.0625
uair,30002,raven_wo_design,65,2,3,1,0,,,,,0.032407407407407406,0.5,1.25,0.0
uair,30002,raven_wo_design,66,4,5,1,0,,,,,0.032407407407407406,0.7142857142857143,1.8571428571428572,0.0
uair,30002,raven_wo_design,67,1,1,0,0,0.0,0.0,0.0,0.0,0.032407407407407406,0.16666666666666666,1.5833333333333333,0.0
uair,30002,raven_wo_design,68,0,1,1,0,,,,,0.027777777777777776,0.14285714285714285,1.2142857142857142,0.07142857142857142
uair,30002,raven_wo_design,69,3,5,1,0,,,,,0.023148148148148147,0.8333333333333334,1.4166666666666667,0.0
uair,30002,raven_wo_design,70,3,5,1,0,,,,,0.023148148148148147,0.7142857142857143,1.5,0.0
uair,30002,raven_wo_design,71,2,3,1,0,,,,,0.032407407407407406,0.5,1.5,0.0
uair,30002,raven_wo_design,72,3,3,0,0,0.29441666039201,0.29441666039201,0.29441666039201,0.0,0.037037037037037035,0.6,2.0,0.0
uair,30002,raven_wo_design,73,1,1,0,0,0.0,0.0,0.0,0.0,0.023148148148148147,0.2,1.4,0.0
uair,30002,raven_wo_design,74,1,1,0,0,0.0,0.0,0.0,0.0,0.032407407407407406,0.16666666666666666,1.4166666666666667,0.0
uair,30002,raven_wo_design,75,2,2,0,0,0.31953530826729004,0.31953530826729004,0.31953530826729004,0.0,0.018518518518518517,0.25,1.0625,0.0
uair,30002,raven_wo_design,76,1,3,1,0,,,,,0.023148148148148147,0.5,1.1666666666666667,0.0
uair,30002,raven_wo_design,77,2,2,0,0,0.05329219960242826,0.05329219960242826,0.05329219960242826,0.0,0.027777777777777776,0.4,1.4,0.0
uair,30002,raven_wo_design,78,3,3,0,0,0.05144771739992665,0.05144771739992665,0.05144771739992665,0.0,0.027777777777777776,0.5,1.75,0.0
uair,30002,raven_wo_design,79,1,1,0,0,0.0,0.0,0.0,0.0,0.023148148148148147,0.14285714285714285,1.4285714285714286,0.0
uair,30002,raven_sag,0,2,3,1,0,,,,,0.018518518518518517,0.42857142857142855,1.5714285714285714,0.0
uair,30002,raven_sag,1,3,3,0,0,0.046709889714841524,0.046709889714841524,0.046709889714841524,0.0,0.032407407407407406,0.5,1.25,0.0
uair,30002,raven_sag,2,4,4,0,0,0.28720218311244183,0.28720218311244183,0.28720218311244183,0.0,0.037037037037037035,0.5714285714285714,1.8571428571428572,0.0
uair,30002,raven_sag,3,2,3,1,0,,,,,0.032407407407407406,0.6,1.3,0.0
uair,30002,raven_sag,4,3,4,1,0,,,,,0.027777777777777776,0.5714285714285714,1.5,0.0
uair,30002,raven_sag,5,3,3,0,0,0.04189587670284382,0.04189587670284382,0.04189587670284382,0.0,0.023148148148148147,0.6,1.3,0.0
uair,30002,raven_sag,6,2,3,1,0,,,,,0.023148148148148147,0.6,1.3,0.0
uair,30002,raven_sag,7,1,3,1,0,,,,,0.023148148148148147,0.5,1.3333333333333333,0.0
uair,30002,raven_sag,8,2,2,0,0,0.14860587569242284,0.14860587569242284,0.14860587569242284,0.0,0.027777777777777776,0.3333333333333333,1.4166666666666667,0.0
uair,30002,raven_sag,9,3,3,0,0,0.4049964481647364,0.40499644816473634,0.4049964481647364,0.0,0.032407407407407406,0.5,1.5833333333333333,0.0
uair,30002,raven_sag,10,1,1,0,0,0.0,0.0,0.0,0.0,0.023148148148148147,0.16666666666666666,1.0,0.0
uair,30002,raven_sag,11,1,2,1,0,,,,,0.027777777777777776,0.4,1.4000000000000001,0.0
uair,30002,raven_sag,12,3,5,1,0,,,,,0.018518518518518517,0.625,1.3125,0.0
uair,30002,raven_sag,13,4,4,0,0,0.05469777017813668,0.05469777017813668,0.05469777017813668,0.0,0.037037037037037035,0.6666666666666666,2.0,0.0
uair,30002,raven_sag,14,2,4,1,0,,,,,0.018518518518518517,0.5,1.4375,0.0
uair,30002,raven_sag,15,1,2,1,0,,,,,0.023148148148148147,0.3333333333333333,1.0833333333333333,0.0
uair,30002,raven_sag,16,3,3,0,0,0.2596400657233007,0.2596400657233007,0.2596400657233007,0.0,0.023148148148148147,0.42857142857142855,1.4285714285714286,0.0
uair,30002,raven_sag,17,1,1,0,0,0.0,0.0,0.0,0.0,0.037037037037037035,0.3333333333333333,2.3333333333333335,0.0
uair,30002,raven_sag,18,1,1,0,0,0.0,0.0,0.0,0.0,0.027777777777777776,0.16666666666666666,1.75,0.0
uair,30002,raven_sag,19,0,0,0,1,0.0,,,,0.018518518518518517,0.0,1.625,0.0
uair,30002,raven_sag,20,1,3,1,0,,,,,0.027777777777777776,0.75,1.125,0.125
uair,30002,raven_sag,21,1,2,1,0,,,,,0.023148148148148147,0.2857142857142857,0.9285714285714286,0.0
uair,30002,raven_sag,22,2,3,1,0,,,,,0.023148148148148147,0.6,1.5,0.0
uair,30002,raven_sag,23,1,1,0,0,0.0,0.0,0.0,0.0,0.032407407407407406,0.2,1.6,0.0
uair,30002,raven_sag,24,1,1,0,0,0.0,0.0,0.0,0.0,0.032407407407407406,0.16666666666666666,1.5833333333333333,0.0
uair,30002,raven_sag,25,1,3,1,0,,,,,0.027777777777777776,0.6,1.2,0.0
uair,30002,raven_sag,26,0,0,0,1,0.0,,,,0.037037037037037035,0.0,1.5,0.0
uair,30002,raven_sag,27,2,4,1,0,,,,,0.018518518518518517,0.5,1.3125,0.0
uair,30002,raven_sag,28,3,3,0,0,0.3686943810701597,0.3686943810701598,0.3686943810701597,0.0,0.032407407407407406,0.42857142857142855,1.4285714285714286,0.0
uair,30002,raven_sag,29,0,2,1,0,,,,,0.018518518518518517,0.3333333333333333,1.1666666666666667,0.0
uair,30002,raven_sag,30,1,2,1,0,,,,,0.027777777777777776,0.3333333333333333,2.25,0.0
uair,30002,raven_sag,31,4,5,1,0,,,,,0.032407407407407406,0.8333333333333334,1.5833333333333333,0.08333333333333333
uair,30002,raven_sag,32,0,0,0,1,0.0,,,,0.037037037037037035,0.0,1.6666666666666667,0.08333333333333333
uair,30002,raven_sag,33,1,1,0,0,0.0,0.0,0.0,0.0,0.032407407407407406,0.14285714285714285,1.3571428571428572,0.07142857142857142
uair,30002,raven_sag,34,2,3,1,0,,,,,0.027777777777777776,0.5,1.1666666666666667,0.0
uair,30002,raven_sag,35,1,3,1,0,,,,,0.018518518518518517,0.42857142857142855,0.9285714285714286,0.0
uair,30002,raven_sag,36,2,3,1,0,,,,,0.027777777777777776,0.375,1.4375,0.0
uair,30002,raven_sag,37,3,3,0,0,0.30791024784005927,0.30791024784005927,0.30791024784005927,0.0,0.027777777777777776,0.6,1.4,0.0
uair,30002,raven_sag,38,2,2,0,0,0.38826686344013106,0.38826686344013106,0.38826686344013106,0.0,0.032407407407407406,0.4,1.8,0.1
uair,30002,raven_sag,39,1,1,0,0,0.0,0.0,0.0,0.0,0.032407407407407406,0.16666666666666666,1.5833333333333333,0.0
uair,30002,raven_sag,40,0,1,1,0,,,,,0.018518518518518517,0.14285714285714285,1.0714285714285714,0.0
uair,30002,raven_sag,41,1,1,0,0,0.0,0.0,0.0,0.0,0.023148148148148147,0.14285714285714285,1.4285714285714286,0.0
uair,30002,raven_sag,42,1,2,1,0,,,,,0.027777777777777776,0.4,1.5,0.0
uair,30002,raven_sag,43,3,3,0,0,0.35752010895972774,0.35752010895972774,0.35752010895972774,0.0,0.027777777777777776,0.42857142857142855,1.4285714285714286,0.0
uair,30002,raven_sag,44,2,2,0,0,0.3114816389519396,0.3114816389519396,0.3114816389519396,0.0,0.023148148148148147,0.4,1.1,0.0
uair,30002,raven_sag,45,2,2,0,0,0.39554161727359627,0.39554161727359627,0.39554161727359627,0.0,0.032407407407407406,0.25,1.375,0.0
uair,30002,raven_sag,46,2,4,1,0,,,,,0.023148148148148147,0.5714285714285714,1.2142857142857142,0.0
uair,30002,raven_sag,47,1,1,0,0,0.0,0.0,0.0,0.0,0.032407407407407406,0.2,2.0,0.1
uair,30002,raven_sag,48,2,4,1,0,,,,,0.027777777777777776,0.5714285714285714,1.7142857142857142,0.0
uair,30002,raven_sag,49,1,1,0,0,0.0,0.0,0.0,0.0,0.027777777777777776,0.16666666666666666,1.75,0.0
uair,30002,raven_sag,50,1,1,0,0,0.0,0.0,0.0,0.0,0.032407407407407406,0.16666666666666666,1.6666666666666667,0.0
uair,30002,raven_sag,51,0,2,1,0,,,,,0.023148148148148147,0.25,1.3125,0.0
uair,30002,raven_sag,52,1,1,0,0,0.0,0.0,0.0,0.0,0.027777777777777776,0.14285714285714285,1.2857142857142858,0.0
uair,30002,raven_sag,53,4,5,1,0,,,,,0.032407407407407406,0.7142857142857143,1.3571428571428572,0.0
uair,30002,raven_sag,54,3,3,0,0,0.23609652660443411,0.2360965266044341,0.23609652660443411,0.0,0.032407407407407406,0.5,1.25,0.0
uair,30002,raven_sag,55,0,0,0,1,0.0,,,,0.013888888888888888,0.0,1.375,0.0
uair,30002,raven_sag,56,3,4,1,0,,,,,0.032407407407407406,0.5,1.4375,0.0
uair,30002,raven_sag,57,1,2,1,0,,,,,0.023148148148148147,0.4,1.7,0.0
uair,30002,raven_sag,58,3,3,0,0,0.052877806358322704,0.052877806358322704,0.052877806358322704,0.0,0.027777777777777776,0.375,1.25,0.0
uair,30002,raven_sag,59,1,2,1,0,,,,,0.018518518518518517,0.2857142857142857,1.3571428571428572,0.0
uair,30002,raven_sag,60,2,3,1,0,,,,,0.027777777777777776,0.375,1.8125,0.0
uair,30002,raven_sag,61,2,4,1,0,,,,,0.018518518518518517,0.6666666666666666,1.25,0.0
uair,30002,raven_sag,62,2,2,0,0,0.03362529891408597,0.03362529891408597,0.03362529891408597,0.0,0.027777777777777776,0.25,1.5,0.0
uair,30002,raven_sag,63,3,3,0,0,0.20822197028209669,0.2082219702820967,0.20822197028209669,0.0,0.027777777777777776,0.5,1.5,0.0
uair,30002,raven_sag,64,2,3,1,0,,,,,0.027777777777777776,0.375,1.1875,0.0625
uair,30002,raven_sag,65,2,3,1,0,,,,,0.032407407407407406,0.5,1.25,0.0
uair,30002,raven_sag,66,4,5,1,0,,,,,0.032407407407407406,0.7142857142857143,1.8571428571428572,0.0
uair,30002,raven_sag,67,1,1,0,0,0.0,0.0,0.0,0.0,0.032407407407407406,0.16666666666666666,1.5833333333333333,0.0
uair,30002,raven_sag,68,0,1,1,0,,,,,0.027777777777777776,0.14285714285714285,1.2142857142857142,0.07142857142857142
uair,30002,raven_sag,69,3,5,1,0,,,,,0.023148148148148147,0.8333333333333334,1.4166666666666667,0.0
uair,30002,raven_sag,70,3,5,1,0,,,,,0.023148148148148147,0.7142857142857143,1.5,0.0
uair,30002,raven_sag,71,2,3,1,0,,,,,0.032407407407407406,0.5,1.5,0.0
uair,30002,raven_sag,72,3,3,0,0,0.29441666039201,0.29441666039201,0.29441666039201,0.0,0.037037037037037035,0.6,2.0,0.0
uair,30002,raven_sag,73,1,1,0,0,0.0,0.0,0.0,0.0,0.023148148148148147,0.2,1.4,0.0
uair,30002,raven_sag,74,1,1,0,0,0.0,0.0,0.0,0.0,0.032407407407407406,0.16666666666666666,1.4166666666666667,0.0
uair,30002,raven_sag,75,2,2,0,0,0.31953530826729004,0.31953530826729004,0.31953530826729004,0.0,0.018518518518518517,0.25,1.0625,0.0
uair,30002,raven_sag,76,1,3,1,0,,,,,0.023148148148148147,0.5,1.1666666666666667,0.0
uair,30002,raven_sag,77,2,2,0,0,0.05329219960242826,0.05329219960242826,0.05329219960242826,0.0,0.027777777777777776,0.4,1.4,0.0
uair,30002,raven_sag,78,3,3,0,0,0.05144771739992665,0.05144771739992665,0.05144771739992665,0.0,0.027777777777777776,0.5,1.75,0.0
uair,30002,raven_sag,79,1,1,0,0,0.0,0.0,0.0,0.0,0.023148148148148147,0.14285714285714285,1.4285714285714286,0.0
uair,30003,raven,0,1,1,0,0,0.0,0.0,0.0,0.0,0.027777777777777776,0.14285714285714285,1.1428571428571428,0.07142857142857142
uair,30003,raven,1,2,2,0,0,0.27934037364825637,0.27934037364825637,0.27934037364825637,0.0,0.037037037037037035,0.2857142857142857,2.142857142857143,0.0
uair,30003,raven,2,3,3,0,0,0.22397761778279007,0.22397761778279007,0.22397761778279007,0.0,0.027777777777777776,0.5,1.4166666666666667,0.0
uair,30003,raven,3,3,3,0,0,0.411135085492083,0.411135085492083,0.411135085492083,0.0,0.027777777777777776,0.5,1.25,0.0
uair,30003,raven,4,5,5,0,0,0.18665417954128694,0.18665417954128694,0.18665417954128694,0.0,0.037037037037037035,0.8333333333333334,1.6666666666666667,0.0
uair,30003,raven,5,2,2,0,0,0.05440310285921826,0.05440310285921826,0.05440310285921826,0.0,0.037037037037037035,0.2857142857142857,1.8571428571428572,0.0
uair,30003,raven,6,2,4,1,0,,,,,0.027777777777777776,0.5714285714285714,1.6428571428571428,0.0
uair,30003,raven,7,1,2,1,0,,,,,0.032407407407407406,0.4,2.3,0.0
uair,30003,raven,8,1,2,1,0,,,,,0.032407407407407406,0.3333333333333333,0.9166666666666666,0.0
uair,30003,raven,9,3,3,0,0,0.38696857443314836,0.38696857443314836,0.38696857443314836,0.0,0.027777777777777776,0.42857142857142855,1.0,0.0
uair,30003,raven,10,5,7,1,0,,,,,0.027777777777777776,0.875,1.4375,0.0
uair,30003,raven,11,1,1,0,0,0.0,0.0,0.0,0.0,0.027777777777777776,0.16666666666666666,1.8333333333333333,0.0
uair,30003,raven,12,2,2,0,0,0.0,0.0,0.0,0.0,0.032407407407407406,0.3333333333333333,1.75,0.0
uair,30003,raven,13,3,4,1,0,,,,,0.018518518518518517,0.5,1.5,0.0
uair,30003,raven,14,1,1,0,0,0.0,0.0,0.0,0.0,0.027777777777777776,0.2,1.6,0.0
uair,30003,raven,15,0,0,0,1,0.0,,,,0.023148148148148147,0.0,1.1666666666666667,0.0
uair,30003,raven,16,1,4,1,0,,,,,0.023148148148148147,0.5714285714285714,1.5714285714285714,0.0
uair,30003,raven,17,3,4,1,0,,,,,0.027777777777777776,0.8,1.6,0.0
uair,30003,raven,18,1,1,0,0,0.0,0.0,0.0,0.0,0.027777777777777776,0.14285714285714285,1.3571428571428572,0.0
uair,30003,raven,19,2,4,1,0,,,,,0.023148148148148147,0.6666666666666666,1.6666666666666667,0.0
uair,30003,raven,20,2,3,1,0,,,,,0.018518518518518517,0.5,0.8333333333333334,0.0
uair,30003,raven,21,4,4,0,0,0.11120171059010435,0.11120171059010435,0.11120171059010435,0.0,0.037037037037037035,0.5714285714285714,1.7142857142857142,0.0
uair,30003,raven,22,4,4,0,0,0.05389095091361251,0.05389095091361251,0.05389095091361251,0.0,0.037037037037037035,0.5714285714285714,1.2857142857142858,0.0
uair,30003,raven,23,2,4,1,0,,,,,0.027777777777777776,0.5714285714285714,1.7857142857142858,0.0
uair,30003,raven,24,2,3,1,0,,,,,0.032407407407407406,0.6,1.3,0.0
uair,30003,raven,25,2,4,1,0,,,,,0.023148148148148147,0.5,1.6875,0.0
uair,30003,raven,26,1,2,1,0,,,,,0.023148148148148147,0.3333333333333333,1.0,0.0
uair,30003,raven,27,3,4,1,0,,,,,0.032407407407407406,0.6666666666666666,1.4166666666666667,0.0
uair,30003,raven,28,3,4,1,0,,,,,0.032407407407407406,0.8,1.0,0.0
uair,30003,raven,29,1,1,0,0,0.0,0.0,0.0,0.0,0.027777777777777776,0.3333333333333333,2.0,0.0
uair,30003,raven,30,1,2,1,0,,,,,0.027777777777777776,0.3333333333333333,1.5,0.0
uair,30003,raven,31,1,2,1,0,,,,,0.027777777777777776,0.3333333333333333,1.25,0.0
uair,30003,raven,32,0,1,1,0,,,,,0.018518518518518517,0.25,1.7499999999999998,0.0
uair,30003,raven,33,2,2,0,0,0.04503150508069545,0.04503150508069545,0.04503150508069545,0.0,0.023148148148148147,0.3333333333333333,1.1666666666666667,0.0
uair,30003,raven,34,2,2,0,0,0.05505965877832569,0.05505965877832569,0.05505965877832569,0.0,0.032407407407407406,0.3333333333333333,1.4166666666666667,0.0
uair,30003,raven,35,4,4,0,0,0.04697524299920843,0.04697524299920843,0.04697524299920843,0.0,0.032407407407407406,0.5714285714285714,1.6428571428571428,0.0
uair,30003,raven,36,4,4,0,0,0.10615399113493125,0.10615399113493125,0.10615399113493125,0.0,0.037037037037037035,0.5,1.875,0.0
uair,30003,raven,37,1,2,1,0,,,,,0.027777777777777776,0.3333333333333333,0.9166666666666666,0.0
uair,30003,raven,38,0,1,1,0,,,,,0.018518518518518517,0.2,0.9,0.0
uair,30003,raven,39,3,3,0,0,0.23438142756055697,0.23438142756055697,0.23438142756055697,0.0,0.032407407407407406,0.42857142857142855,1.4285714285714286,0.0
uair,30003,raven,40,1,2,1,0,,,,,0.027777777777777776,0.2857142857142857,1.2142857142857142,0.0
uair,30003,raven,41,2,3,1,0,,,,,0.018518518518518517,0.42857142857142855,0.9285714285714286,0.0
uair,30003,raven,42,3,3,0,0,0.23378010687588824,0.23378010687588824,0.23378010687588824,0.0,0.032407407407407406,0.375,1.4375,0.0
uair,30003,raven,43,1,1,0,0,0.0,0.0,0.0,0.0,0.027777777777777776,0.16666666666666666,1.5,0.0
uair,30003,raven,44,2,2,0,0,0.290646382343981,0.290646382343981,0.290646382343981,0.0,0.032407407407407406,0.4,1.0,0.0
uair,30003,raven,45,0,1,1,0,,,,,0.027777777777777776,0.16666666666666666,1.1666666666666667,0.0
uair,30003,raven,46,2,2,0,0,0.15164127494964813,0.15164127494964813,0.15164127494964813,0.0,0.032407407407407406,0.5,1.375,0.0
uair,30003,raven,47,0,1,1,0,,,,,0.023148148148148147,0.2,1.8,0.0
uair,30003,raven,48,3,3,0,0,0.19066560419361464,0.19066560419361464,0.19066560419361464,0.0,0.023148148148148147,0.75,1.625,0.0
uair,30003,raven,49,2,3,1,0,,,,,0.018518518518518517,0.42857142857142855,1.3571428571428572,0.0
uair,30003,raven,50,2,3,1,0,,,,,0.027777777777777776,0.42857142857142855,1.7142857142857142,0.0
uair,30003,raven,51,4,6,1,0,,,,,0.027777777777777776,0.75,1.5625,0.0
uair,30003,raven,52,1,2,1,0,,,,,0.018518518518518517,0.2857142857142857,1.2142857142857142,0.0
uair,30003,raven,53,2,3,1,0,,,,,0.023148148148148147,0.6,1.5,0.0
uair,30003,raven,54,2,4,1,0,,,,,0.023148148148148147,0.8,1.2,0.0
uair,30003,raven,55,3,3,0,0,0.36922597790502226,0.36922597790502226,0.36922597790502226,0.0,0.032407407407407406,0.375,1.5625,0.0
uair,30003,raven,56,2,2,0,0,0.33621635493881286,0.33621635493881286,0.33621635493881286,0.0,0.027777777777777776,0.3333333333333333,1.0833333333333333,0.0
uair,30003,raven,57,4,4,0,0,0.05129521775745524,0.05129521775745524,0.05129521775745524,0.0,0.037037037037037035,0.5,1.625,0.0
uair,30003,raven,58,3,4,1,0,,,,,0.023148148148148147,0.8,1.2,0.0
uair,30003,raven,59,0,0,0,1,0.0,,,,0.027777777777777776,0.0,1.0,0.0
uair,30003,raven,60,3,5,1,0,,,,,0.018518518518518517,0.7142857142857143,1.3571428571428572,0.0
uair,30003,raven,61,0,1,1,0,,,,,0.032407407407407406,0.2,1.4,0.0
uair,30003,raven,62,2,3,1,0,,,,,0.027777777777777776,0.6,1.1,0.0
uair,30003,raven,63,2,2,0,0,0.30925180198027113,0.30925180198027113,0.30925180198027113,0.0,0.032407407407407406,0.4,1.2,0.0
uair,30003,raven,64,1,1,0,0,0.0,0.0,0.0,0.0,0.023148148148148147,0.2,1.0,0.0
uair,30003,raven,65,1,2,1,0,,,,,0.032407407407407406,0.2857142857142857,1.7857142857142858,0.0
uair,30003,raven,66,3,4,1,0,,,,,0.032407407407407406,0.5714285714285714,1.2142857142857142,0.0
uair,30003,raven,67,1,4,1,0,,,,,0.013888888888888888,0.5,1.0,0.0625
uair,30003,raven,68,1,3,1,0,,,,,0.018518518518518517,0.42857142857142855,1.0,0.0
uair,30003,raven,69,3,3,0,0,0.13688533017102936,0.13688533017102936,0.13688533017102936,0.0,0.032407407407407406,0.75,1.5,0.0
uair,30003,raven,70,2,3,1,0,,,,,0.032407407407407406,0.5,2.0,0.0
uair,30003,raven,71,3,3,0,0,0.0323132846789522,0.0323132846789522,0.0323132846789522,0.0,0.032407407407407406,0.375,1.5625,0.0
uair,30003,raven,72,1,3,1,0,,,,,0.027777777777777776,0.42857142857142855,1.7142857142857142,0.0
uair,30003,raven,73,0,0,0,1,0.0,,,,0.027777777777777776,0.0,1.4285714285714286,0.0
uair,30003,raven,74,1,1,0,0,0.0,0.0,0.0,0.0,0.032407407407407406,0.3333333333333333,2.0,0.0
uair,30003,raven,75,0,0,0,1,0.0,,,,0.027777777777777776,0.0,1.7,0.0
uair,30003,raven,76,3,3,0,0,0.37244540373579693,0.37244540373579693,0.37244540373579693,0.0,0.027777777777777776,0.6,0.9,0.0
uair,30003,raven,77,1,2,1,0,,,,,0.023148148148148147,0.2857142857142857,1.2857142857142858,0.0
uair,30003,raven,78,1,2,1,0,,,,,0.013888888888888888,0.25,0.875,0.0
uair,30003,raven,79,3,3,0,0,0.342639431961264,0.342639431961264,0.342639431961264,0.0,0.032407407407407406,0.5,1.8333333333333333,0.0
uair,30003,raven_wo_design,0,1,1,0,0,0.0,0.0,0.0,0.0,0.027777777777777776,0.14285714285714285,1.1428571428571428,0.07142857142857142
uair,30003,raven_wo_design,1,2,2,0,0,0.27934037364825637,0.27934037364825637,0.27934037364825637,0.0,0.037037037037037035,0.2857142857142857,2.142857142857143,0.0
uair,30003,raven_wo_design,2,3,3,0,0,0.22397761778279007,0.22397761778279007,0.22397761778279007,0.0,0.027777777777777776,0.5,1.4166666666666667,0.0
uair,30003,raven_wo_design,3,3,3,0,0,0.411135085492083,0.411135085492083,0.411135085492083,0.0,0.027777777777777776,0.5,1.25,0.0
uair,30003,raven_wo_design,4,5,5,0,0,0.18665417954128694,0.18665417954128694,0.18665417954128694,0.0,0.037037037037037035,0.8333333333333334,1.6666666666666667,0.0
uair,30003,raven_wo_design,5,2,2,0,0,0.05440310285921826,0.05440310285921826,0.05440310285921826,0.0,0.037037037037037035,0.2857142857142857,1.8571428571428572,0.0
uair,30003,raven_wo_design,6,2,4,1,0,,,,,0.027777777777777776,0.5714285714285714,1.6428571428571428,0.0
uair,30003,raven_wo_design,7,1,2,1,0,,,,,0.032407407407407406,0.4,2.3,0.0
uair,30003,raven_wo_design,8,1,2,1,0,,,,,0.032407407407407406,0.3333333333333333,0.9166666666666666,0.0
uair,30003,raven_wo_design,9,3,3,0,0,0.38696857443314836,0.38696857443314836,0.38696857443314836,0.0,0.027777777777777776,0.42857142857142855,1.0,0.0
uair,30003,raven_wo_design,10,5,7,1,0,,,,,0.027777777777777776,0.875,1.4375,0.0
uair,30003,raven_wo_design,11,1,1,0,0,0.0,0.0,0.0,0.0,0.027777777777777776,0.16666666666666666,1.8333333333333333,0.0
uair,30003,raven_wo_design,12,2,2,0,0,0.0,0.0,0.0,0.0,0.032407407407407406,0.3333333333333333,1.75,0.0
uair,30003,raven_wo_design,13,3,4,1,0,,,,,0.018518518518518517,0.5,1.5,0.0
uair,30003,raven_wo_design,14,1,1,0,0,0.0,0.0,0.0,0.0,0.027777777777777776,0.2,1.6,0.0
uair,30003,raven_wo_design,15,0,0,0,1,0.0,,,,0.023148148148148147,0.0,1.1666666666666667,0.0
uair,30003,raven_wo_design,16,1,4,1,0,,,,,0.023148148148148147,0.5714285714285714,1.5714285714285714,0.0
uair,30003,raven_wo_design,17,3,4,1,0,,,,,0.027777777777777776,0.8,1.6,0.0
uair,30003,raven_wo_design,18,1,1,0,0,0.0,0.0,0.0,0.0,0.027777777777777776,0.14285714285714285,1.3571428571428572,0.0
uair,30003,raven_wo_design,19,2,4,1,0,,,,,0.023148148148148147,0.6666666666666666,1.6666666666666667,0.0
uair,30003,raven_wo_design,20,2,3,1,0,,,,,0.018518518518518517,0.5,0.8333333333333334,0.0
uair,30003,raven_wo_design,21,4,4,0,0,0.11120171059010435,0.11120171059010435,0.11120171059010435,0.0,0.037037037037037035,0.5714285714285714,1.7142857142857142,0.0
uair,30003,raven_wo_design,22,4,4,0,0,0.05389095091361251,0.05389095091361251,0.05389095091361251,0.0,0.037037037037037035,0.5714285714285714,1.2857142857142858,0.0
uair,30003,raven_wo_design,23,2,4,1,0,,,,,0.027777777777777776,0.5714285714285714,1.7857142857142858,0.0
uair,30003,raven_wo_design,24,2,3,1,0,,,,,0.032407407407407406,0.6,1.3,0.0
uair,30003,raven_wo_design,25,2,4,1,0,,,,,0.023148148148148147,0.5,1.6875,0.0
uair,30003,raven_wo_design,26,1,2,1,0,,,,,0.023148148148148147,0.3333333333333333,1.0,0.0
uair,30003,raven_wo_design,27,3,4,1,0,,,,,0.032407407407407406,0.6666666666666666,1.4166666666666667,0.0
uair,30003,raven_wo_design,28,3,4,1,0,,,,,0.032407407407407406,0.8,1.0,0.0
uair,30003,raven_wo_design,29,1,1,0,0,0.0,0.0,0.0,0.0,0.027777777777777776,0.3333333333333333,2.0,0.0
uair,30003,raven_wo_design,30,1,2,1,0,,,,,0.027777777777777776,0.3333333333333333,1.5,0.0
uair,30003,raven_wo_design,31,1,2,1,0,,,,,0.027777777777777776,0.3333333333333333,1.25,0.0
uair,30003,raven_wo_design,32,0,1,1,0,,,,,0.018518518518518517,0.25,1.7499999999999998,0.0
uair,30003,raven_wo_design,33,2,2,0,0,0.04503150508069545,0.04503150508069545,0.04503150508069545,0.0,0.023148148148148147,0.3333333333333333,1.1666666666666667,0.0
uair,30003,raven_wo_design,34,2,2,0,0,0.05505965877832569,0.05505965877832569,0.05505965877832569,0.0,0.032407407407407406,0.3333333333333333,1.4166666666666667,0.0
uair,30003,raven_wo_design,35,4,4,0,0,0.04697524299920843,0.04697524299920843,0.04697524299920843,0.0,0.032407407407407406,0.5714285714285714,1.6428571428571428,0.0
uair,30003,raven_wo_design,36,4,4,0,0,0.10615399113493125,0.10615399113493125,0.10615399113493125,0.0,0.037037037037037035,0.5,1.875,0.0
uair,30003,raven_wo_design,37,1,2,1,0,,,,,0.027777777777777776,0.3333333333333333,0.9166666666666666,0.0
uair,30003,raven_wo_design,38,0,1,1,0,,,,,0.018518518518518517,0.2,0.9,0.0
uair,30003,raven_wo_design,39,3,3,0,0,0.23438142756055697,0.23438142756055697,0.23438142756055697,0.0,0.032407407407407406,0.42857142857142855,1.4285714285714286,0.0
uair,30003,raven_wo_design,40,1,2,1,0,,,,,0.027777777777777776,0.2857142857142857,1.2142857142857142,0.0
uair,30003,raven_wo_design,41,2,3,1,0,,,,,0.018518518518518517,0.42857142857142855,0.9285714285714286,0.0
uair,30003,raven_wo_design,42,3,3,0,0,0.23378010687588824,0.23378010687588824,0.23378010687588824,0.0,0.032407407407407406,0.375,1.4375,0.0
uair,30003,raven_wo_design,43,1,1,0,0,0.0,0.0,0.0,0.0,0.027777777777777776,0.16666666666666666,1.5,0.0
uair,30003,raven_wo_design,44,2,2,0,0,0.290646382343981,0.290646382343981,0.290646382343981,0.0,0.032407407407407406,0.4,1.0,0.0
uair,30003,raven_wo_design,45,0,1,1,0,,,,,0.027777777777777776,0.16666666666666666,1.1666666666666667,0.0
uair,30003,raven_wo_design,46,2,2,0,0,0.15164127494964813,0.15164127494964813,0.15164127494964813,0.0,0.032407407407407406,0.5,1.375,0.0
uair,30003,raven_wo_design,47,0,1,1,0,,,,,0.023148148148148147,0.2,1.8,0.0
uair,30003,raven_wo_design,48,3,3,0,0,0.19066560419361464,0.19066560419361464,0.19066560419361464,0.0,0.023148148148148147,0.75,1.625,0.0
uair,30003,raven_wo_design,49,2,3,1,0,,,,,0.018518518518518517,0.42857142857142855,1.3571428571428572,0.0
uair,30003,raven_wo_design,50,2,3,1,0,,,,,0.027777777777777776,0.42857142857142855,1.7142857142857142,0.0
uair,30003,raven_wo_design,51,4,6,1,0,,,,,0.027777777777777776,0.75,1.5625,0.0
uair,30003,raven_wo_design,52,1,2,1,0,,,,,0.018518518518518517,0.2857142857142857,1.2142857142857142,0.0
uair,30003,raven_wo_design,53,2,3,1,0,,,,,0.023148148148148147,0.6,1.5,0.0
uair,30003,raven_wo_design,54,2,4,1,0,,,,,0.023148148148148147,0.8,1.2,0.0
uair,30003,raven_wo_design,55,3,3,0,0,0.36922597790502226,0.36922597790502226,0.36922597790502226,0.0,0.032407407407407406,0.375,1.5625,0.0
uair,30003,raven_wo_design,56,2,2,0,0,0.33621635493881286,0.33621635493881286,0.33621635493881286,0.0,0.027777777777777776,0.3333333333333333,1.0833333333333333,0.0
uair,30003,raven_wo_design,57,4,4,0,0,0.05129521775745524,0.05129521775745524,0.05129521775745524,0.0,0.037037037037037035,0.5,1.625,0.0
uair,30003,raven_wo_design,58,3,4,1,0,,,,,0.023148148148148147,0.8,1.2,0.0
uair,30003,raven_wo_design,59,0,0,0,1,0.0,,,,0.027777777777777776,0.0,1.0,0.0
uair,30003,raven_wo_design,60,3,5,1,0,,,,,0.018518518518518517,0.7142857142857143,1.3571428571428572,0.0
uair,30003,raven_wo_design,61,0,1,1,0,,,,,0.032407407407407406,0.2,1.4,0.0
uair,30003,raven_wo_design,62,2,3,1,0,,,,,0.027777777777777776,0.6,1.1,0.0
uair,30003,raven_wo_design,63,2,2,0,0,0.30925180198027113,0.30925180198027113,0.30925180198027113,0.0,0.032407407407407406,0.4,1.2,0.0
uair,30003,raven_wo_design,64,1,1,0,0,0.0,0.0,0.0,0.0,0.023148148148148147,0.2,1.0,0.0
uair,30003,raven_wo_design,65,1,2,1,0,,,,,0.032407407407407406,0.2857142857142857,1.7857142857142858,0.0
uair,30003,raven_wo_design,66,3,4,1,0,,,,,0.032407407407407406,0.5714285714285714,1.2142857142857142,0.0
uair,30003,raven_wo_design,67,1,4,1,0,,,,,0.013888888888888888,0.5,1.0,0.0625
uair,30003,raven_wo_design,68,1,3,1,0,,,,,0.018518518518518517,0.42857142857142855,1.0,0.0
uair,30003,raven_wo_design,69,3,3,0,0,0.13688533017102936,0.13688533017102936,0.13688533017102936,0.0,0.032407407407407406,0.75,1.5,0.0
uair,30003,raven_wo_design,70,2,3,1,0,,,,,0.032407407407407406,0.5,2.0,0.0
uair,30003,raven_wo_design,71,3,3,0,0,0.0323132846789522,0.0323132846789522,0.0323132846789522,0.0,0.032407407407407406,0.375,1.5625,0.0
uair,30003,raven_wo_design,72,1,3,1,0,,,,,0.027777777777777776,0.42857142857142855,1.7142857142857142,0.0
uair,30003,raven_wo_design,73,0,0,0,1,0.0,,,,0.027777777777777776,0.0,1.4285714285714286,0.0
uair,30003,raven_wo_design,74,1,1,0,0,0.0,0.0,0.0,0.0,0.032407407407407406,0.3333333333333333,2.0,0.0
uair,30003,raven_wo_design,75,0,0,0,1,0.0,,,,0.027777777777777776,0.0,1.7,0.0
uair,30003,raven_wo_design,76,3,3,0,0,0.37244540373579693,0.37244540373579693,0.37244540373579693,0.0,0.027777777777777776,0.6,0.9,0.0
uair,30003,raven_wo_design,77,1,2,1,0,,,,,0.023148148148148147,0.2857142857142857,1.2857142857142858,0.0
uair,30003,raven_wo_design,78,1,2,1,0,,,,,0.013888888888888888,0.25,0.875,0.0
uair,30003,raven_wo_design,79,3,3,0,0,0.342639431961264,0.342639431961264,0.342639431961264,0.0,0.032407407407407406,0.5,1.8333333333333333,0.0
uair,30003,raven_sag,0,1,1,0,0,0.0,0.0,0.0,0.0,0.027777777777777776,0.14285714285714285,1.1428571428571428,0.07142857142857142
uair,30003,raven_sag,1,2,2,0,0,0.27934037364825637,0.27934037364825637,0.27934037364825637,0.0,0.037037037037037035,0.2857142857142857,2.142857142857143,0.0
uair,30003,raven_sag,2,3,3,0,0,0.22397761778279007,0.22397761778279007,0.22397761778279007,0.0,0.027777777777777776,0.5,1.4166666666666667,0.0
uair,30003,raven_sag,3,3,3,0,0,0.411135085492083,0.411135085492083,0.411135085492083,0.0,0.027777777777777776,0.5,1.25,0.0
uair,30003,raven_sag,4,5,5,0,0,0.18665417954128694,0.18665417954128694,0.18665417954128694,0.0,0.037037037037037035,0.8333333333333334,1.6666666666666667,0.0
uair,30003,raven_sag,5,2,2,0,0,0.05440310285921826,0.05440310285921826,0.05440310285921826,0.0,0.037037037037037035,0.2857142857142857,1.8571428571428572,0.0
uair,30003,raven_sag,6,2,4,1,0,,,,,0.027777777777777776,0.5714285714285714,1.6428571428571428,0.0
uair,30003,raven_sag,7,1,2,1,0,,,,,0.032407407407407406,0.4,2.3,0.0
uair,30003,raven_sag,8,1,2,1,0,,,,,0.032407407407407406,0.3333333333333333,0.9166666666666666,0.0
uair,30003,raven_sag,9,3,3,0,0,0.38696857443314836,0.38696857443314836,0.38696857443314836,0.0,0.027777777777777776,0.42857142857142855,1.0,0.0
uair,30003,raven_sag,10,5,7,1,0,,,,,0.027777777777777776,0.875,1.4375,0.0
uair,30003,raven_sag,11,1,1,0,0,0.0,0.0,0.0,0.0,0.027777777777777776,0.16666666666666666,1.8333333333333333,0.0
uair,30003,raven_sag,12,2,2,0,0,0.0,0.0,0.0,0.0,0.032407407407407406,0.3333333333333333,1.75,0.0
uair,30003,raven_sag,13,3,4,1,0,,,,,0.018518518518518517,0.5,1.5,0.0
uair,30003,raven_sag,14,1,1,0,0,0.0,0.0,0.0,0.0,0.027777777777777776,0.2,1.6,0.0
uair,30003,raven_sag,15,0,0,0,1,0.0,,,,0.023148148148148147,0.0,1.1666666666666667,0.0
uair,30003,raven_sag,16,1,4,1,0,,,,,0.023148148148148147,0.5714285714285714,1.5714285714285714,0.0
uair,30003,raven_sag,17,3,4,1,0,,,,,0.027777777777777776,0.8,1.6,0.0
uair,30003,raven_sag,18,1,1,0,0,0.0,0.0,0.0,0.0,0.027777777777777776,0.14285714285714285,1.3571428571428572,0.0
uair,30003,raven_sag,19,2,4,1,0,,,,,0.023148148148148147,0.6666666666666666,1.6666666666666667,0.0
uair,30003,raven_sag,20,2,3,1,0,,,,,0.018518518518518517,0.5,0.8333333333333334,0.0
uair,30003,raven_sag,21,4,4,0,0,0.11120171059010435,0.11120171059010435,0.11120171059010435,0.0,0.037037037037037035,0.5714285714285714,1.7142857142857142,0.0
uair,30003,raven_sag,22,4,4,0,0,0.05389095091361251,0.05389095091361251,0.05389095091361251,0.0,0.037037037037037035,0.5714285714285714,1.2857142857142858,0.0
uair,30003,raven_sag,23,2,4,1,0,,,,,0.027777777777777776,0.5714285714285714,1.7857142857142858,0.0
uair,30003,raven_sag,24,2,3,1,0,,,,,0.032407407407407406,0.6,1.3,0.0
uair,30003,raven_sag,25,2,4,1,0,,,,,0.023148148148148147,0.5,1.6875,0.0
uair,30003,raven_sag,26,1,2,1,0,,,,,0.023148148148148147,0.3333333333333333,1.0,0.0
uair,30003,raven_sag,27,3,4,1,0,,,,,0.032407407407407406,0.6666666666666666,1.4166666666666667,0.0
uair,30003,raven_sag,28,3,4,1,0,,,,,0.032407407407407406,0.8,1.0,0.0
uair,30003,raven_sag,29,1,1,0,0,0.0,0.0,0.0,0.0,0.027777777777777776,0.3333333333333333,2.0,0.0
uair,30003,raven_sag,30,1,2,1,0,,,,,0.027777777777777776,0.3333333333333333,1.5,0.0
uair,30003,raven_sag,31,1,2,1,0,,,,,0.027777777777777776,0.3333333333333333,1.25,0.0
uair,30003,raven_sag,32,0,1,1,0,,,,,0.018518518518518517,0.25,1.7499999999999998,0.0
uair,30003,raven_sag,33,2,2,0,0,0.04503150508069545,0.04503150508069545,0.04503150508069545,0.0,0.023148148148148147,0.3333333333333333,1.1666666666666667,0.0
uair,30003,raven_sag,34,2,2,0,0,0.05505965877832569,0.05505965877832569,0.05505965877832569,0.0,0.032407407407407406,0.3333333333333333,1.4166666666666667,0.0
uair,30003,raven_sag,35,4,4,0,0,0.04697524299920843,0.04697524299920843,0.04697524299920843,0.0,0.032407407407407406,0.5714285714285714,1.6428571428571428,0.0
uair,30003,raven_sag,36,4,4,0,0,0.10615399113493125,0.10615399113493125,0.10615399113493125,0.0,0.037037037037037035,0.5,1.875,0.0
uair,30003,raven_sag,37,1,2,1,0,,,,,0.027777777777777776,0.3333333333333333,0.9166666666666666,0.0
uair,30003,raven_sag,38,0,1,1,0,,,,,0.018518518518518517,0.2,0.9,0.0
uair,30003,raven_sag,39,3,3,0,0,0.23438142756055697,0.23438142756055697,0.23438142756055697,0.0,0.032407407407407406,0.42857142857142855,1.4285714285714286,0.0
uair,30003,raven_sag,40,1,2,1,0,,,,,0.027777777777777776,0.2857142857142857,1.2142857142857142,0.0
uair,30003,raven_sag,41,2,3,1,0,,,,,0.018518518518518517,0.42857142857142855,0.9285714285714286,0.0
uair,30003,raven_sag,42,3,3,0,0,0.23378010687588824,0.23378010687588824,0.23378010687588824,0.0,0.032407407407407406,0.375,1.4375,0.0
uair,30003,raven_sag,43,1,1,0,0,0.0,0.0,0.0,0.0,0.027777777777777776,0.16666666666666666,1.5,0.0
uair,30003,raven_sag,44,2,2,0,0,0.290646382343981,0.290646382343981,0.290646382343981,0.0,0.032407407407407406,0.4,1.0,0.0
uair,30003,raven_sag,45,0,1,1,0,,,,,0.027777777777777776,0.16666666666666666,1.1666666666666667,0.0
uair,30003,raven_sag,46,2,2,0,0,0.15164127494964813,0.15164127494964813,0.15164127494964813,0.0,0.032407407407407406,0.5,1.375,0.0
uair,30003,raven_sag,47,0,1,1,0,,,,,0.023148148148148147,0.2,1.8,0.0
uair,30003,raven_sag,48,3,3,0,0,0.19066560419361464,0.19066560419361464,0.19066560419361464,0.0,0.023148148148148147,0.75,1.625,0.0
uair,30003,raven_sag,49,2,3,1,0,,,,,0.018518518518518517,0.42857142857142855,1.3571428571428572,0.0
uair,30003,raven_sag,50,2,3,1,0,,,,,0.027777777777777776,0.42857142857142855,1.7142857142857142,0.0
uair,30003,raven_sag,51,4,6,1,0,,,,,0.027777777777777776,0.75,1.5625,0.0
uair,30003,raven_sag,52,1,2,1,0,,,,,0.018518518518518517,0.2857142857142857,1.2142857142857142,0.0
uair,30003,raven_sag,53,2,3,1,0,,,,,0.023148148148148147,0.6,1.5,0.0
uair,30003,raven_sag,54,2,4,1,0,,,,,0.023148148148148147,0.8,1.2,0.0
uair,30003,raven_sag,55,3,3,0,0,0.36922597790502226,0.36922597790502226,0.36922597790502226,0.0,0.032407407407407406,0.375,1.5625,0.0
uair,30003,raven_sag,56,2,2,0,0,0.33621635493881286,0.33621635493881286,0.33621635493881286,0.0,0.027777777777777776,0.3333333333333333,1.0833333333333333,0.0
uair,30003,raven_sag,57,4,4,0,0,0.05129521775745524,0.05129521775745524,0.05129521775745524,0.0,0.037037037037037035,0.5,1.625,0.0
uair,30003,raven_sag,58,3,4,1,0,,,,,0.023148148148148147,0.8,1.2,0.0
uair,30003,raven_sag,59,0,0,0,1,0.0,,,,0.027777777777777776,0.0,1.0,0.0
uair,30003,raven_sag,60,3,5,1,0,,,,,0.018518518518518517,0.7142857142857143,1.3571428571428572,0.0
uair,30003,raven_sag,61,0,1,1,0,,,,,0.032407407407407406,0.2,1.4,0.0
uair,30003,raven_sag,62,2,3,1,0,,,,,0.027777777777777776,0.6,1.1,0.0
uair,30003,raven_sag,63,2,2,0,0,0.30925180198027113,0.30925180198027113,0.30925180198027113,0.0,0.032407407407407406,0.4,1.2,0.0
uair,30003,raven_sag,64,1,1,0,0,0.0,0.0,0.0,0.0,0.023148148148148147,0.2,1.0,0.0
uair,30003,raven_sag,65,1,2,1,0,,,,,0.032407407407407406,0.2857142857142857,1.7857142857142858,0.0
uair,30003,raven_sag,66,3,4,1,0,,,,,0.032407407407407406,0.5714285714285714,1.2142857142857142,0.0
uair,30003,raven_sag,67,1,4,1,0,,,,,0.013888888888888888,0.5,1.0,0.0625
uair,30003,raven_sag,68,1,3,1,0,,,,,0.018518518518518517,0.42857142857142855,1.0,0.0
uair,30003,raven_sag,69,3,3,0,0,0.13688533017102936,0.13688533017102936,0.13688533017102936,0.0,0.032407407407407406,0.75,1.5,0.0
uair,30003,raven_sag,70,2,3,1,0,,,,,0.032407407407407406,0.5,2.0,0.0
uair,30003,raven_sag,71,3,3,0,0,0.0323132846789522,0.0323132846789522,0.0323132846789522,0.0,0.032407407407407406,0.375,1.5625,0.0
uair,30003,raven_sag,72,1,3,1,0,,,,,0.027777777777777776,0.42857142857142855,1.7142857142857142,0.0
uair,30003,raven_sag,73,0,0,0,1,0.0,,,,0.027777777777777776,0.0,1.4285714285714286,0.0
uair,30003,raven_sag,74,1,1,0,0,0.0,0.0,0.0,0.0,0.032407407407407406,0.3333333333333333,2.0,0.0
uair,30003,raven_sag,75,0,0,0,1,0.0,,,,0.027777777777777776,0.0,1.7,0.0
uair,30003,raven_sag,76,3,3,0,0,0.37244540373579693,0.37244540373579693,0.37244540373579693,0.0,0.027777777777777776,0.6,0.9,0.0
uair,30003,raven_sag,77,1,2,1,0,,,,,0.023148148148148147,0.2857142857142857,1.2857142857142858,0.0
uair,30003,raven_sag,78,1,2,1,0,,,,,0.013888888888888888,0.25,0.875,0.0
uair,30003,raven_sag,79,3,3,0,0,0.342639431961264,0.342639431961264,0.342639431961264,0.0,0.032407407407407406,0.5,1.8333333333333333,0.0
