dataset,seed,method,window_id,A_r,B_r,U_r,m_by_client
sensorscope,30001,raven,0,"[""client-000"", ""client-001"", ""client-004"", ""client-005"", ""client-006"", ""client-007""]","[""client-000"", ""client-001"", ""client-003"", ""client-004"", ""client-005"", ""client-006"", ""client-007""]","[""client-000"", ""client-001"", ""client-004"", ""client-005"", ""client-006"", ""client-007""]","{""client-000"": 3.9840148547928433, ""client-001"": 6.519297035115562, ""client-003"": 4.346198023410374, ""client-004"": 3.6218316861753124, ""client-005"": 1.448732674470125, ""client-006"": 5.070564360645436, ""client-007"": 1.448732674470125}"
sensorscope,30001,raven,1,"[""client-004"", ""client-007""]","[""client-000"", ""client-001"", ""client-003"", ""client-004"", ""client-007""]","[""client-004"", ""client-007""]","{""client-000"": 3.591351325462765, ""client-001"": 10.32195501342783, ""client-003"": 3.4406516711426103, ""client-004"": 3.264864841329787, ""client-007"": 2.2937677807617405}"
sensorscope,30001,raven,2,"[""client-000"", ""client-006"", ""client-007""]","[""client-000"", ""client-002"", ""client-004"", ""client-005"", ""client-006"", ""client-007""]","[""client-000"", ""client-006"", ""client-007""]","{""client-000"": 14.805516594439258, ""client-002"": 7.402758297219629, ""client-004"": 6.729780270199663, ""client-005"": 1.6755520850629484, ""client-006"": 3.909621531813545, ""client-007"": 4.468138893501195}"
sensorscope,30001,raven,3,"[""client-000"", ""client-003"", ""client-006""]","[""client-000"", ""client-001"", ""client-002"", ""client-003"", ""client-005"", ""client-006"", ""client-007""]","[""client-000"", ""client-003"", ""client-006""]","{""client-000"": 2.5300813002235256, ""client-001"": 5.2899033723133275, ""client-002"": 14.729916533062786, ""client-003"": 10.676579309835066, ""client-005"": 7.141777713000141, ""client-006"": 4.114369289577032, ""client-007"": 5.356333284750105}"
sensorscope,30001,raven,4,"[""client-000"", ""client-001"", ""client-005""]","[""client-000"", ""client-001"", ""client-003"", ""client-004"", ""client-005"", ""client-007""]","[""client-000"", ""client-001"", ""client-005""]","{""client-000"": 6.764134980155081, ""client-001"": 2.4061842108967646, ""client-003"": 4.9193708946582415, ""client-004"": 4.099475745548535, ""client-005"": 0.4099475745548535, ""client-007"": 1.639790298219414}"
sensorscope,30001,raven,5,"[""client-003"", ""client-004""]","[""client-000"", ""client-003"", ""client-004"", ""client-007""]","[""client-003"", ""client-004""]","{""client-000"": 2.885115821691129, ""client-003"": 1.573699539104252, ""client-004"": 1.9478024323427594, ""client-007"": 0.7791209729371038}"
sensorscope,30001,raven,6,"[""client-002"", ""client-004""]","[""client-000"", ""client-002"", ""client-004"", ""client-006"", ""client-007""]","[""client-002"", ""client-004""]","{""client-000"": 2.2228748825763844, ""client-002"": 8.891499530305538, ""client-004"": 5.782439710833177, ""client-006"": 4.243670230373097, ""client-007"": 1.6166362782373709}"
sensorscope,30001,raven,7,"[""client-000"", ""client-002"", ""client-003"", ""client-004""]","[""client-000"", ""client-001"", ""client-002"", ""client-003"", ""client-004"", ""client-006"", ""client-007""]","[""client-000"", ""client-002"", ""client-003"", ""client-004""]","{""client-000"": 3.273579523794741, ""client-001"": 10.713532986964609, ""client-002"": 6.547159047589482, ""client-003"": 1.785588831160768, ""client-004"": 2.975981385267947, ""client-006"": 4.1663739393751245, ""client-007"": 6.454289317999754}"
sensorscope,30001,raven,8,"[""client-001"", ""client-002"", ""client-003"", ""client-006""]","[""client-001"", ""client-002"", ""client-003"", ""client-004"", ""client-005"", ""client-006"", ""client-007""]","[""client-001"", ""client-002"", ""client-003"", ""client-006""]","{""client-001"": 15.162382135723503, ""client-002"": 18.531800388106504, ""client-003"": 3.3694182523830007, ""client-004"": 1.9279331509555717, ""client-005"": 0.7711732603822288, ""client-006"": 2.6991064113378, ""client-007"": 6.046755421187352}"
sensorscope,30001,raven,9,"[""client-002"", ""client-004""]","[""client-001"", ""client-002"", ""client-003"", ""client-004"", ""client-005"", ""client-007""]","[""client-002"", ""client-004""]","{""client-001"": 19.935299002724747, ""client-002"": 6.14775646732978, ""client-003"": 3.195821027087118, ""client-004"": 0.9314782526257244, ""client-005"": 4.4300664450499445, ""client-007"": 5.6206116871247325}"
sensorscope,30001,raven,10,"[""client-000"", ""client-006"", ""client-007""]","[""client-000"", ""client-001"", ""client-002"", ""client-003"", ""client-006"", ""client-007""]","[""client-000"", ""client-006"", ""client-007""]","{""client-000"": 4.132242580855193, ""client-001"": 37.58221076922224, ""client-002"": 2.0661212904275965, ""client-003"": 3.380925747972431, ""client-006"": 11.076912711608779, ""client-007"": 0.7513168328827625}"
sensorscope,30001,raven,11,"[""client-006"", ""client-007""]","[""client-000"", ""client-002"", ""client-003"", ""client-004"", ""client-005"", ""client-006"", ""client-007""]","[""client-006"", ""client-007""]","{""client-000"": 20.0, ""client-002"": 16.859355786654618, ""client-003"": 1.5326687078776926, ""client-004"": 5.6333796547413275, ""client-005"": 1.5022345745976875, ""client-006"": 5.364340477571923, ""client-007"": 6.00893829839075}"
sensorscope,30001,raven,12,"[""client-001"", ""client-002""]","[""client-000"", ""client-001"", ""client-002"", ""client-003"", ""client-005"", ""client-006"", ""client-007""]","[""client-001"", ""client-002""]","{""client-000"": 8.101375551023505, ""client-001"": 4.3823146248817, ""client-002"": 8.101375551023505, ""client-003"": 2.2094660593700466, ""client-005"": 2.2094660593700475, ""client-006"": 5.155420805196775, ""client-007"": 0.7364886864566824}"
sensorscope,30001,raven,13,"[""client-003"", ""client-006"", ""client-007""]","[""client-001"", ""client-003"", ""client-004"", ""client-005"", ""client-006"", ""client-007""]","[""client-003"", ""client-006"", ""client-007""]","{""client-001"": 8.611336390037264, ""client-003"": 2.163854672582921, ""client-004"": 0.9016061135762172, ""client-005"": 0.9568151544485851, ""client-006"": 10.04655912171014, ""client-007"": 1.4425697817219476}"
sensorscope,30001,raven,14,"[""client-000"", ""client-003"", ""client-004"", ""client-006""]","[""client-000"", ""client-001"", ""client-002"", ""client-003"", ""client-004"", ""client-005"", ""client-006"", ""client-007""]","[""client-000"", ""client-003"", ""client-004"", ""client-006""]","{""client-000"": 2.0032528834039, ""client-001"": 9.834150518528237, ""client-002"": 7.950963260945592, ""client-003"": 8.673778102849736, ""client-004"": 1.8211389849126365, ""client-005"": 6.16743737793984, ""client-006"": 3.373135928886008, ""client-007"": 13.128109114281251}"
sensorscope,30001,raven,15,"[""client-007""]","[""client-000"", ""client-001"", ""client-002"", ""client-003"", ""client-004"", ""client-005"", ""client-006"", ""client-007""]","[""client-007""]","{""client-000"": 3.9024270397565406, ""client-001"": 4.125097723018054, ""client-002"": 5.041786105910954, ""client-003"": 1.3750325743393512, ""client-004"": 7.095321890466438, ""client-005"": 0.3547660945233219, ""client-006"": 1.2416813308316264, ""client-007"": 3.6667535315716036}"
sensorscope,30001,raven,16,"[""client-003"", ""client-005"", ""client-007""]","[""client-000"", ""client-001"", ""client-002"", ""client-003"", ""client-004"", ""client-005"", ""client-006"", ""client-007""]","[""client-003"", ""client-005"", ""client-007""]","{""client-000"": 22.66574251407924, ""client-001"": 3.1921523116024546, ""client-002"": 1.9507597459792778, ""client-003"": 1.3517836456523424, ""client-004"": 4.505945485507809, ""client-005"": 2.7713000368030003, ""client-006"": 1.5770809199277327, ""client-007"": 2.8374687214244045}"
sensorscope,30001,raven,17,"[""client-000"", ""client-001"", ""client-003"", ""client-005""]","[""client-000"", ""client-001"", ""client-002"", ""client-003"", ""client-004"", ""client-005"", ""client-006"", ""client-007""]","[""client-000"", ""client-001"", ""client-003"", ""client-005""]","{""client-000"": 11.766793026505002, ""client-001"": 3.2091253708650007, ""client-002"": 3.922264342168334, ""client-003"": 1.0697084569550002, ""client-004"": 2.233482822301744, ""client-005"": 2.647069129870515, ""client-006"": 1.2479931997808333, ""client-007"": 2.8525558852133344}"
sensorscope,30001,raven,18,"[""client-000"", ""client-001""]","[""client-000"", ""client-001"", ""client-003"", ""client-004"", ""client-005"", ""client-006"", ""client-007""]","[""client-000"", ""client-001""]","{""client-000"": 4.873572690415517, ""client-001"": 6.414996986799781, ""client-003"": 2.658312376590282, ""client-004"": 1.7819436074443837, ""client-005"": 0.44305206276504705, ""client-006"": 3.101364439355329, ""client-007"": 1.7722082510601882}"
sensorscope,30001,raven,19,"[""client-004"", ""client-007""]","[""client-000"", ""client-002"", ""client-003"", ""client-004"", ""client-005"", ""client-007""]","[""client-004"", ""client-007""]","{""client-000"": 2.4447026648052206, ""client-002"": 2.4447026648052206, ""client-003"": 7.929876873560314, ""client-004"": 2.2224569680047463, ""client-005"": 0.7140817771497305, ""client-007"": 2.856327108598922}"
sensorscope,30001,raven,20,"[""client-001"", ""client-002""]","[""client-000"", ""client-001"", ""client-002"", ""client-004"", ""client-005"", ""client-006"", ""client-007""]","[""client-001"", ""client-002""]","{""client-000"": 3.9622578322142927, ""client-001"": 1.62092365863312, ""client-002"": 7.439328894497127, ""client-004"": 2.2543420892415535, ""client-005"": 0.3602052574740267, ""client-006"": 1.260718401159093, ""client-007"": 3.6069473427864858}"
sensorscope,30001,raven,21,"[""client-000"", ""client-005"", ""client-006"", ""client-007""]","[""client-000"", ""client-001"", ""client-002"", ""client-003"", ""client-004"", ""client-005"", ""client-006"", ""client-007""]","[""client-000"", ""client-005"", ""client-006"", ""client-007""]","{""client-000"": 4.992560419461375, ""client-001"": 4.084822161377489, ""client-002"": 4.992560419461375, ""client-003"": 6.532173964750674, ""client-004"": 3.628985535972597, ""client-005"": 2.177391321583558, ""client-006"": 1.588541951646801, ""client-007"": 1.4515942143890388}"
sensorscope,30001,raven,22,"[""client-004""]","[""client-001"", ""client-003"", ""client-004"", ""client-005"", ""client-006"", ""client-007""]","[""client-004""]","{""client-001"": 24.227345707703634, ""client-003"": 2.167434933399488, ""client-004"": 2.7092936667493603, ""client-005"": 1.8046201583429844, ""client-006"": 5.0573481779321385, ""client-007"": 0.7224783111331629}"
sensorscope,30001,raven,23,"[""client-003"", ""client-007""]","[""client-001"", ""client-002"", ""client-003"", ""client-004"", ""client-005"", ""client-006"", ""client-007""]","[""client-003"", ""client-007""]","{""client-001"": 4.0502332997949875, ""client-002"": 11.060005099896767, ""client-003"": 1.3500777665983292, ""client-004"": 2.2501296109972158, ""client-005"": 0.36079333776899053, ""client-006"": 1.2627766821914665, ""client-007"": 2.700155533196659}"
sensorscope,30001,raven,24,"[""client-007""]","[""client-000"", ""client-001"", ""client-002"", ""client-004"", ""client-005"", ""client-006"", ""client-007""]","[""client-007""]","{""client-000"": 7.954401263405171, ""client-001"": 3.2540732441202977, ""client-002"": 14.616237797248596, ""client-004"": 3.615636937911442, ""client-005"": 0.9038437521465433, ""client-006"": 3.7964187848070132, ""client-007"": 0.7231273875822885}"
sensorscope,30001,raven,25,"[""client-002"", ""client-003""]","[""client-000"", ""client-002"", ""client-003"", ""client-004"", ""client-007""]","[""client-002"", ""client-003""]","{""client-000"": 14.538859502798703, ""client-002"": 5.966522663336704, ""client-003"": 6.508933814549132, ""client-004"": 2.7120557560621386, ""client-007"": 1.8051699081457773}"
sensorscope,30001,raven,26,"[""client-000"", ""client-004""]","[""client-000"", ""client-001"", ""client-002"", ""client-003"", ""client-004"", ""client-005""]","[""client-000"", ""client-004""]","{""client-000"": 3.964282460789014, ""client-001"": 1.621751915777324, ""client-002"": 2.474700305367369, ""client-003"": 4.324671775406197, ""client-004"": 13.419581251744226, ""client-005"": 0.8998910201335889}"
sensorscope,30001,raven,27,"[""client-002"", ""client-003"", ""client-004"", ""client-006""]","[""client-000"", ""client-002"", ""client-003"", ""client-004"", ""client-005"", ""client-006""]","[""client-002"", ""client-003"", ""client-004"", ""client-006""]","{""client-000"": 29.36071028832056, ""client-002"": 1.988325031276657, ""client-003"": 1.3572839769814005, ""client-004"": 4.524279923271336, ""client-005"": 0.9048559846542672, ""client-006"": 7.5917864830563255}"
sensorscope,30001,raven,28,"[""client-005"", ""client-006"", ""client-007""]","[""client-000"", ""client-003"", ""client-004"", ""client-005"", ""client-006"", ""client-007""]","[""client-005"", ""client-006"", ""client-007""]","{""client-000"": 3.978992416309693, ""client-003"": 7.925711968716041, ""client-004"": 1.128329655092108, ""client-005"": 0.7234531666017624, ""client-006"": 3.159323034257902, ""client-007"": 1.8053274481473731}"
sensorscope,30001,raven,29,"[""client-000"", ""client-001""]","[""client-000"", ""client-001"", ""client-003"", ""client-004"", ""client-005"", ""client-006"", ""client-007""]","[""client-000"", ""client-001""]","{""client-000"": 4.998239171061772, ""client-001"": 8.178936825373809, ""client-003"": 12.254712179496245, ""client-004"": 1.8122377538944088, ""client-005"": 0.9087707583748678, ""client-006"": 18.84286197745736, ""client-007"": 10.767349701404209}"
sensorscope,30001,raven,30,"[""client-004"", ""client-006""]","[""client-000"", ""client-002"", ""client-004"", ""client-005"", ""client-006"", ""client-007""]","[""client-004"", ""client-006""]","{""client-000"": 9.85164765590448, ""client-002"": 7.388735741928361, ""client-004"": 1.7989427743716084, ""client-005"": 1.7912086647099057, ""client-006"": 9.403845489727004, ""client-007"": 1.4391542194972868}"
sensorscope,30001,raven,31,"[""client-002""]","[""client-000"", ""client-001"", ""client-002"", ""client-005"", ""client-006""]","[""client-002""]","{""client-000"": 3.967096757570217, ""client-001"": 9.737419314035987, ""client-002"": 13.782271286804681, ""client-005"": 0.8873719821423837, ""client-006"": 2.524516118453774}"
sensorscope,30001,raven,32,"[""client-000"", ""client-002"", ""client-003""]","[""client-000"", ""client-001"", ""client-002"", ""client-003"", ""client-005"", ""client-006"", ""client-007""]","[""client-000"", ""client-002"", ""client-003""]","{""client-000"": 9.832253087212653, ""client-001"": 4.022285353859722, ""client-002"": 2.001502564298874, ""client-003"": 2.183457342871499, ""client-005"": 0.893841189746605, ""client-006"": 8.786437554937205, ""client-007"": 5.020821459964118}"
sensorscope,30001,raven,33,"[""client-002"", ""client-003"", ""client-004"", ""client-006""]","[""client-000"", ""client-001"", ""client-002"", ""client-003"", ""client-004"", ""client-005"", ""client-006"", ""client-007""]","[""client-002"", ""client-003"", ""client-004"", ""client-006""]","{""client-000"": 7.410247156022146, ""client-001"": 4.041952994193898, ""client-002"": 13.947859663568604, ""client-003"": 2.694635329462599, ""client-004"": 6.736588323656497, ""client-005"": 0.898211776487533, ""client-006"": 2.5542479892654497, ""client-007"": 0.898211776487533}"
sensorscope,30001,raven,34,"[""client-000"", ""client-001"", ""client-004"", ""client-006""]","[""client-000"", ""client-001"", ""client-002"", ""client-004"", ""client-005"", ""client-006"", ""client-007""]","[""client-000"", ""client-001"", ""client-004"", ""client-006""]","{""client-000"": 9.764591795731716, ""client-001"": 1.628497748171988, ""client-002"": 2.441147948932929, ""client-004"": 2.219225408120845, ""client-005"": 0.887690163248338, ""client-006"": 6.213831142738365, ""client-007"": 4.972351307105525}"
sensorscope,30001,raven,35,"[""client-007""]","[""client-001"", ""client-002"", ""client-005"", ""client-006"", ""client-007""]","[""client-007""]","{""client-001"": 1.62762789432178, ""client-002"": 2.442233670450338, ""client-005"": 0.36169508762706226, ""client-006"": 9.083393955955724, ""client-007"": 2.893560701016498}"
sensorscope,30001,raven,36,"[""client-000""]","[""client-000"", ""client-001"", ""client-003"", ""client-005"", ""client-006"", ""client-007""]","[""client-000""]","{""client-000"": 2.0072420649353253, ""client-001"": 3.284577924439623, ""client-003"": 8.758874465172328, ""client-005"": 0.7299062054310275, ""client-006"": 8.897070050341549, ""client-007"": 5.393560884577224}"
sensorscope,30001,raven,37,"[""client-001"", ""client-005""]","[""client-001"", ""client-002"", ""client-004"", ""client-005"", ""client-006""]","[""client-001"", ""client-005""]","{""client-001"": 3.2925069643254807, ""client-002"": 4.024175178620032, ""client-004"": 1.1262545463673117, ""client-005"": 0.9010036370938496, ""client-006"": 7.682516250092787}"
sensorscope,30001,raven,38,"[""client-007""]","[""client-002"", ""client-003"", ""client-004"", ""client-005"", ""client-006"", ""client-007""]","[""client-007""]","{""client-002"": 2.0225765926484436, ""client-003"": 2.7113069415460203, ""client-004"": 12.695588333053465, ""client-005"": 0.9037689805153402, ""client-006"": 8.886911833137423, ""client-007"": 0.735482397326707}"
sensorscope,30001,raven,39,"[""client-000"", ""client-002"", ""client-004""]","[""client-000"", ""client-002"", ""client-003"", ""client-004"", ""client-005"", ""client-007""]","[""client-000"", ""client-002"", ""client-004""]","{""client-000"": 4.987249642432644, ""client-002"": 4.069448179193395, ""client-003"": 2.219699006832761, ""client-004"": 3.699498344721268, ""client-005"": 0.9067726622604809, ""client-007"": 5.057615985938551}"
sensorscope,30001,raven,40,"[""client-000"", ""client-001"", ""client-004""]","[""client-000"", ""client-001"", ""client-002"", ""client-003"", ""client-004""]","[""client-000"", ""client-001"", ""client-004""]","{""client-000"": 4.087700685140788, ""client-001"": 4.086105921491463, ""client-002"": 10.872386227846864, ""client-003"": 1.1148274595838514, ""client-004"": 4.54011769054607}"
sensorscope,30001,raven,41,"[""client-002"", ""client-005"", ""client-006"", ""client-007""]","[""client-000"", ""client-001"", ""client-002"", ""client-003"", ""client-004"", ""client-005"", ""client-006"", ""client-007""]","[""client-002"", ""client-005"", ""client-006"", ""client-007""]","{""client-000"": 15.102431802033298, ""client-001"": 2.059422518459086, ""client-002"": 2.5170719670055495, ""client-003"": 7.569340755788448, ""client-004"": 3.7495519299119664, ""client-005"": 0.7499103859823933, ""client-006"": 5.249372701876752, ""client-007"": 3.661195588371709}"
sensorscope,30001,raven,42,"[""client-000"", ""client-001"", ""client-002""]","[""client-000"", ""client-001"", ""client-002"", ""client-003"", ""client-004"", ""client-005"", ""client-006""]","[""client-000"", ""client-001"", ""client-002""]","{""client-000"": 10.044445800267988, ""client-001"": 2.0545457318729974, ""client-002"": 6.178298645780997, ""client-003"": 2.739394309163997, ""client-004"": 2.2828285909699972, ""client-005"": 2.511145934589874, ""client-006"": 3.195960027357996}"
sensorscope,30001,raven,43,[],"[""client-000"", ""client-001"", ""client-003"", ""client-005"", ""client-007""]",[],"{""client-000"": 9.974871719035246, ""client-001"": 22.37491461102973, ""client-003"": 7.4583048703432455, ""client-005"": 1.4895295801539603, ""client-007"": 3.9320625233903916}"
sensorscope,30001,raven,44,"[""client-003"", ""client-004""]","[""client-000"", ""client-001"", ""client-002"", ""client-003"", ""client-004"", ""client-006""]","[""client-003"", ""client-004""]","{""client-000"": 27.3109313151863, ""client-001"": 3.362483580298563, ""client-002"": 14.993217842573598, ""client-003"": 10.904158430962617, ""client-004"": 0.934023216749601, ""client-006"": 1.590189771182048}"
sensorscope,30001,raven,45,"[""client-002"", ""client-004""]","[""client-002"", ""client-003"", ""client-004"", ""client-005"", ""client-006""]","[""client-002"", ""client-004""]","{""client-002"": 2.048814908013376, ""client-003"": 2.2350708087418654, ""client-004"": 6.758473484960053, ""client-005"": 0.7450236029139552, ""client-006"": 2.6075826101988424}"
sensorscope,30001,raven,46,"[""client-001"", ""client-002"", ""client-005""]","[""client-000"", ""client-001"", ""client-002"", ""client-003"", ""client-004"", ""client-005"", ""client-006"", ""client-007""]","[""client-001"", ""client-002"", ""client-005""]","{""client-000"": 2.069498981867165, ""client-001"": 3.3864528794189974, ""client-002"": 16.55599185493732, ""client-003"": 2.717331675488142, ""client-004"": 3.3966645943601774, ""client-005"": 0.3762725421576664, ""client-006"": 2.6339077951036645, ""client-007"": 3.0101803372613314}"
sensorscope,30001,raven,47,"[""client-002"", ""client-006""]","[""client-001"", ""client-002"", ""client-005"", ""client-006"", ""client-007""]","[""client-002"", ""client-006""]","{""client-001"": 8.102632300337195, ""client-002"": 4.951608627983841, ""client-005"": 0.37569953117774774, ""client-006"": 3.1510236723533533, ""client-007"": 4.508394374132973}"
sensorscope,30001,raven,48,"[""client-000"", ""client-001"", ""client-002"", ""client-006"", ""client-007""]","[""client-000"", ""client-001"", ""client-002"", ""client-003"", ""client-005"", ""client-006"", ""client-007""]","[""client-000"", ""client-001"", ""client-002"", ""client-006"", ""client-007""]","{""client-000"": 4.143480377232044, ""client-001"": 1.6950601543222, ""client-002"": 26.22844656826912, ""client-003"": 7.153212700437035, ""client-005"": 0.7533600685876445, ""client-006"": 1.5814222268699976, ""client-007"": 0.7533600685876445}"
sensorscope,30001,raven,49,"[""client-004"", ""client-005""]","[""client-000"", ""client-003"", ""client-004"", ""client-005"", ""client-006"", ""client-007""]","[""client-004"", ""client-005""]","{""client-000"": 2.0728751404713646, ""client-003"": 2.2613183350596704, ""client-004"": 7.537727783532236, ""client-005"": 0.7537727783532236, ""client-006"": 3.1611350543796184, ""client-007"": 1.8063628882169251}"
sensorscope,30001,raven,50,"[""client-001"", ""client-006""]","[""client-001"", ""client-002"", ""client-003"", ""client-004"", ""client-006"", ""client-007""]","[""client-001"", ""client-006""]","{""client-001"": 6.785933295252383, ""client-002"": 26.322660587771757, ""client-003"": 14.357814866057325, ""client-004"": 1.88498147090344, ""client-006"": 2.6389740592648154, ""client-007"": 3.858754470470843}"
sensorscope,30001,raven,51,"[""client-001"", ""client-002"", ""client-004"", ""client-007""]","[""client-000"", ""client-001"", ""client-002"", ""client-004"", ""client-005"", ""client-006"", ""client-007""]","[""client-001"", ""client-002"", ""client-004"", ""client-007""]","{""client-000"": 19.86070490439673, ""client-001"": 6.776697391710962, ""client-002"": 4.9651762260991825, ""client-004"": 0.941207971070967, ""client-005"": 0.45137965691810755, ""client-006"": 8.966620120437117, ""client-007"": 3.6110372553448604}"
sensorscope,30001,raven,52,"[""client-001"", ""client-005"", ""client-007""]","[""client-001"", ""client-002"", ""client-003"", ""client-005"", ""client-007""]","[""client-001"", ""client-005"", ""client-007""]","{""client-001"": 3.3840064039861786, ""client-002"": 8.272015654188436, ""client-003"": 7.626676711456818, ""client-005"": 5.084451140971211, ""client-007"": 3.59568908941549}"
sensorscope,30001,raven,53,"[""client-002"", ""client-003"", ""client-006"", ""client-007""]","[""client-000"", ""client-002"", ""client-003"", ""client-006"", ""client-007""]","[""client-002"", ""client-003"", ""client-006"", ""client-007""]","{""client-000"": 2.0741903928430325, ""client-002"": 12.445142357058195, ""client-003"": 4.059680043565569, ""client-006"": 1.5787644613866103, ""client-007"": 1.5085021038858422}"
sensorscope,30001,raven,54,"[""client-000"", ""client-005""]","[""client-000"", ""client-002"", ""client-003"", ""client-004"", ""client-005"", ""client-007""]","[""client-000"", ""client-005""]","{""client-000"": 2.4873782533155695, ""client-002"": 14.09665771064, ""client-003"": 2.265966314171526, ""client-004"": 4.5225059151192175, ""client-005"": 1.5106442094476842, ""client-007"": 5.126057349323638}"
sensorscope,30001,raven,55,"[""client-004"", ""client-005""]","[""client-000"", ""client-001"", ""client-002"", ""client-004"", ""client-005"", ""client-006"", ""client-007""]","[""client-004"", ""client-005""]","{""client-000"": 4.163460341044157, ""client-001"": 2.04142556423381, ""client-002"": 26.271432710138487, ""client-004"": 4.536501253852912, ""client-005"": 0.4536501253852912, ""client-006"": 9.007084350410516, ""client-007"": 1.513985578561512}"
sensorscope,30001,raven,56,"[""client-001"", ""client-005""]","[""client-000"", ""client-001"", ""client-002"", ""client-003"", ""client-004"", ""client-005"", ""client-006"", ""client-007""]","[""client-001"", ""client-005""]","{""client-000"": 8.32071711034473, ""client-001"": 8.675734203793864, ""client-002"": 4.160358555172365, ""client-003"": 11.567645605058487, ""client-004"": 6.798463530005971, ""client-005"": 2.7193854120023886, ""client-006"": 8.348160425725506, ""client-007"": 1.512857656426315}"
sensorscope,30001,raven,57,"[""client-000"", ""client-002"", ""client-004""]","[""client-000"", ""client-002"", ""client-003"", ""client-004"", ""client-005"", ""client-006"", ""client-007""]","[""client-000"", ""client-002"", ""client-004""]","{""client-000"": 7.41731180588602, ""client-002"": 4.944874537257347, ""client-003"": 1.3486021465247309, ""client-004"": 1.8805196993011122, ""client-005"": 0.44953404884157705, ""client-006"": 4.720107512836558, ""client-007"": 2.697204293049462}"
sensorscope,30001,raven,58,"[""client-000"", ""client-003"", ""client-004"", ""client-005""]","[""client-000"", ""client-001"", ""client-003"", ""client-004"", ""client-005"", ""client-006"", ""client-007""]","[""client-000"", ""client-003"", ""client-004"", ""client-005""]","{""client-000"": 9.86265278293906, ""client-001"": 8.06944318604105, ""client-003"": 14.036742305217777, ""client-004"": 4.483023992245028, ""client-005"": 1.7932095968980113, ""client-006"": 5.256512127655038, ""client-007"": 4.678914101739258}"
sensorscope,30001,raven,59,"[""client-001"", ""client-004"", ""client-005"", ""client-007""]","[""client-000"", ""client-001"", ""client-002"", ""client-003"", ""client-004"", ""client-005"", ""client-006"", ""client-007""]","[""client-001"", ""client-004"", ""client-005"", ""client-007""]","{""client-000"": 2.0582921719291085, ""client-001"": 6.736228926313446, ""client-002"": 4.116584343858217, ""client-003"": 2.245409642104482, ""client-004"": 2.2239569748107515, ""client-005"": 0.748469880701494, ""client-006"": 3.1135397647350516, ""client-007"": 4.591162479926552}"
sensorscope,30001,raven,60,[],"[""client-001"", ""client-002"", ""client-003"", ""client-004"", ""client-005""]",[],"{""client-001"": 4.005767760590001, ""client-002"": 19.583753496217785, ""client-003"": 1.3352559201966672, ""client-004"": 2.225426533661112, ""client-005"": 2.282279286641241}"
sensorscope,30001,raven,61,"[""client-000"", ""client-002"", ""client-007""]","[""client-000"", ""client-002"", ""client-007""]","[""client-000"", ""client-002"", ""client-007""]","{""client-000"": 2.063621343528925, ""client-002"": 2.063621343528925, ""client-007"": 2.6661616762687848}"
sensorscope,30001,raven,62,"[""client-001"", ""client-006""]","[""client-000"", ""client-001"", ""client-002"", ""client-003"", ""client-004"", ""client-006"", ""client-007""]","[""client-001"", ""client-006""]","{""client-000"": 9.878730033504928, ""client-001"": 3.411228821902518, ""client-002"": 2.0846398356070943, ""client-003"": 2.6941991000467986, ""client-004"": 9.423439863674098, ""client-006"": 24.118459180438734, ""client-007"": 1.7961327333645327}"
sensorscope,30001,raven,63,"[""client-000"", ""client-004""]","[""client-000"", ""client-001"", ""client-002"", ""client-003"", ""client-004"", ""client-005"", ""client-006"", ""client-007""]","[""client-000"", ""client-004""]","{""client-000"": 9.850175839679952, ""client-001"": 20.432253681111586, ""client-002"": 30.878611708042957, ""client-003"": 6.810751227037197, ""client-004"": 1.8964239272222618, ""client-005"": 2.2702504090123985, ""client-006"": 1.5670734290399924, ""client-007"": 3.5818821235199834}"
sensorscope,30001,raven,64,"[""client-002""]","[""client-000"", ""client-002"", ""client-003"", ""client-005"", ""client-006"", ""client-007""]","[""client-002""]","{""client-000"": 12.142927483881413, ""client-002"": 4.1751248377304755, ""client-003"": 4.554681641160519, ""client-005"": 0.7591136068600866, ""client-006"": 1.5552291065405024, ""client-007"": 4.415609994138696}"
sensorscope,30001,raven,65,"[""client-001"", ""client-007""]","[""client-000"", ""client-001"", ""client-002"", ""client-007""]","[""client-001"", ""client-007""]","{""client-000"": 4.202214125134729, ""client-001"": 4.0107453345174, ""client-002"": 4.902022075521265, ""client-007"": 4.388447261765251}"
sensorscope,30001,raven,66,"[""client-002"", ""client-006""]","[""client-000"", ""client-002"", ""client-003"", ""client-005"", ""client-006"", ""client-007""]","[""client-002"", ""client-006""]","{""client-000"": 2.1219733823500526, ""client-002"": 8.48789352940021, ""client-003"": 1.3479010655933945, ""client-005"": 1.3479010655933945, ""client-006"": 2.700693395718248, ""client-007"": 4.62976010694557}"
sensorscope,30001,raven,67,"[""client-002"", ""client-005"", ""client-007""]","[""client-000"", ""client-001"", ""client-002"", ""client-003"", ""client-004"", ""client-005"", ""client-006"", ""client-007""]","[""client-002"", ""client-005"", ""client-007""]","{""client-000"": 4.954389239282764, ""client-001"": 10.464315784889312, ""client-002"": 2.477194619641382, ""client-003"": 4.650807015506361, ""client-004"": 2.251995108764893, ""client-005"": 0.7751345025843936, ""client-006"": 23.054682524544013, ""client-007"": 1.8015960870119143}"
sensorscope,30001,raven,68,"[""client-000"", ""client-002"", ""client-003"", ""client-006""]","[""client-000"", ""client-001"", ""client-002"", ""client-003"", ""client-005"", ""client-006""]","[""client-000"", ""client-002"", ""client-003"", ""client-006""]","{""client-000"": 4.242919123257498, ""client-001"": 6.942958565330452, ""client-002"": 9.843776296195262, ""client-003"": 2.3143195217768175, ""client-005"": 0.8948887541995694, ""client-006"": 4.698165959547738}"
sensorscope,30001,raven,69,"[""client-000"", ""client-002"", ""client-006"", ""client-007""]","[""client-000"", ""client-001"", ""client-002"", ""client-003"", ""client-004"", ""client-006"", ""client-007""]","[""client-000"", ""client-002"", ""client-006"", ""client-007""]","{""client-000"": 7.3764419875075244, ""client-001"": 8.215920828789274, ""client-002"": 4.249406504118271, ""client-003"": 2.317858093155421, ""client-004"": 5.394772539419084, ""client-006"": 9.388198893191392, ""client-007"": 1.7882283606078848}"
sensorscope,30001,raven,70,"[""client-001"", ""client-002""]","[""client-000"", ""client-001"", ""client-002"", ""client-004"", ""client-005"", ""client-007""]","[""client-001"", ""client-002""]","{""client-000"": 9.821488146838357, ""client-001"": 8.035763029231383, ""client-002"": 4.25290436366608, ""client-004"": 1.9331383471209458, ""client-005"": 2.319766016545135, ""client-007"": 4.286696576060898}"
sensorscope,30001,raven,71,"[""client-000"", ""client-003"", ""client-005"", ""client-007""]","[""client-000"", ""client-002"", ""client-003"", ""client-004"", ""client-005"", ""client-006"", ""client-007""]","[""client-000"", ""client-003"", ""client-005"", ""client-007""]","{""client-000"": 2.4434256624326913, ""client-002"": 9.773702649730765, ""client-003"": 2.307661382986048, ""client-004"": 3.8461023049767467, ""client-005"": 1.538440921990699, ""client-006"": 7.473549356136023, ""client-007"": 2.3076613829860486}"
sensorscope,30001,raven,72,"[""client-004"", ""client-005"", ""client-006"", ""client-007""]","[""client-000"", ""client-001"", ""client-002"", ""client-004"", ""client-005"", ""client-006"", ""client-007""]","[""client-004"", ""client-005"", ""client-006"", ""client-007""]","{""client-000"": 14.641873308084914, ""client-001"": 7.986476349864499, ""client-002"": 8.435937678700101, ""client-004"": 2.2184656527401385, ""client-005"": 0.766903425336373, ""client-006"": 3.1058519138361937, ""client-007"": 0.8873862610960556}"
sensorscope,30001,raven,73,"[""client-001"", ""client-004""]","[""client-000"", ""client-001"", ""client-002"", ""client-004"", ""client-005"", ""client-006"", ""client-007""]","[""client-001"", ""client-004""]","{""client-000"": 4.181724956977119, ""client-001"": 3.4214113284358243, ""client-002"": 9.916588880278772, ""client-004"": 4.406008098798779, ""client-005"": 0.8812016197597559, ""client-006"": 2.6610976998945297, ""client-007"": 1.520627257082589}"
sensorscope,30001,raven,74,"[""client-000"", ""client-005"", ""client-007""]","[""client-000"", ""client-001"", ""client-002"", ""client-003"", ""client-004"", ""client-005"", ""client-006"", ""client-007""]","[""client-000"", ""client-005"", ""client-007""]","{""client-000"": 6.256989539883271, ""client-001"": 10.863179275362217, ""client-002"": 2.0856631799610903, ""client-003"": 3.9677357383799055, ""client-004"": 2.204297632433281, ""client-005"": 0.8817190529733124, ""client-006"": 15.076645447830828, ""client-007"": 0.7584229745313057}"
sensorscope,30001,raven,75,"[""client-000"", ""client-001"", ""client-005""]","[""client-000"", ""client-001"", ""client-002"", ""client-003"", ""client-005"", ""client-006""]","[""client-000"", ""client-001"", ""client-005""]","{""client-000"": 9.645104936461584, ""client-001"": 1.9728623733671422, ""client-002"": 4.822552468230792, ""client-003"": 2.2627970280040843, ""client-005"": 0.4384138607482539, ""client-006"": 2.6399298660047648}"
sensorscope,30001,raven,76,"[""client-002"", ""client-005"", ""client-006""]","[""client-000"", ""client-002"", ""client-003"", ""client-004"", ""client-005"", ""client-006"", ""client-007""]","[""client-002"", ""client-005"", ""client-006""]","{""client-000"": 4.833364895616468, ""client-002"": 8.307929367550908, ""client-003"": 2.2657989184229748, ""client-004"": 1.8881657653524793, ""client-005"": 0.8787936173848124, ""client-006"": 1.3217160357467352, ""client-007"": 1.5105326122819835}"
sensorscope,30001,raven,77,"[""client-000"", ""client-001"", ""client-007""]","[""client-000"", ""client-001"", ""client-002"", ""client-004"", ""client-006"", ""client-007""]","[""client-000"", ""client-001"", ""client-007""]","{""client-000"": 12.47631431920459, ""client-001"": 3.402631177964888, ""client-002"": 19.91386950245531, ""client-004"": 5.3937416413356, ""client-006"": 3.08082380896866, ""client-007"": 1.5122805235399503}"
sensorscope,30001,raven,78,"[""client-001""]","[""client-001"", ""client-002"", ""client-004"", ""client-006"", ""client-007""]","[""client-001""]","{""client-001"": 5.1130493233297125, ""client-002"": 12.49856501258374, ""client-004"": 4.524222090356792, ""client-006"": 12.667821852999014, ""client-007"": 3.6193776722854327}"
sensorscope,30001,raven,79,"[""client-001"", ""client-002"", ""client-004"", ""client-006"", ""client-007""]","[""client-001"", ""client-002"", ""client-004"", ""client-006"", ""client-007""]","[""client-001"", ""client-002"", ""client-004"", ""client-006"", ""client-007""]","{""client-001"": 3.9700864787766803, ""client-002"": 4.852327918504831, ""client-004"": 1.8938978061556702, ""client-006"": 2.6514569286179377, ""client-007"": 3.630495339601762}"
sensorscope,30001,raven,80,"[""client-004""]","[""client-001"", ""client-002"", ""client-003"", ""client-004"", ""client-005"", ""client-007""]","[""client-004""]","{""client-001"": 3.9887104976519585, ""client-002"": 4.875090608241282, ""client-003"": 4.565586744992284, ""client-004"": 6.080345250604612, ""client-005"": 0.7609311241653807, ""client-007"": 3.545520442357297}"
sensorscope,30001,raven,81,"[""client-004""]","[""client-001"", ""client-003"", ""client-004"", ""client-007""]","[""client-004""]","{""client-001"": 9.81208261909965, ""client-003"": 1.3329948054411938, ""client-004"": 3.8144152980102275, ""client-007"": 2.6659896108823875}"
sensorscope,30001,raven,82,"[""client-003""]","[""client-002"", ""client-003"", ""client-005"", ""client-006""]","[""client-003""]","{""client-002"": 4.205562666334951, ""client-003"": 2.6773631954583696, ""client-005"": 0.8924543984861233, ""client-006"": 3.1235903947014307}"
sensorscope,30001,raven,83,"[""client-000"", ""client-001"", ""client-006""]","[""client-000"", ""client-001"", ""client-002"", ""client-003"", ""client-004"", ""client-005"", ""client-006"", ""client-007""]","[""client-000"", ""client-001"", ""client-006""]","{""client-000"": 4.9341716693005, ""client-001"": 8.074099095219001, ""client-002"": 8.432778363386035, ""client-003"": 2.2998486445598276, ""client-004"": 1.9165405371331898, ""client-005"": 0.44856106084550007, ""client-006"": 3.1399274259184997, ""client-007"": 4.599697289119655}"
sensorscope,30001,raven,84,"[""client-000""]","[""client-000"", ""client-001"", ""client-003"", ""client-005""]","[""client-000""]","{""client-000"": 9.858160366923963, ""client-001"": 10.32809858536569, ""client-003"": 1.3442945954896315, ""client-005"": 0.44809819849654386}"
sensorscope,30001,raven,85,"[""client-000"", ""client-002"", ""client-003"", ""client-006""]","[""client-000"", ""client-001"", ""client-002"", ""client-003"", ""client-004"", ""client-005"", ""client-006"", ""client-007""]","[""client-000"", ""client-002"", ""client-003"", ""client-006""]","{""client-000"": 14.81847514579318, ""client-001"": 6.879459895837191, ""client-002"": 9.878983430528786, ""client-003"": 2.6942682083260325, ""client-004"": 1.1226117534691802, ""client-005"": 1.7961788055506884, ""client-006"": 1.337672757523898, ""client-007"": 3.057537731483196}"
sensorscope,30001,raven,86,"[""client-005"", ""client-007""]","[""client-000"", ""client-001"", ""client-004"", ""client-005"", ""client-006"", ""client-007""]","[""client-005"", ""client-007""]","{""client-000"": 2.4647768755918618, ""client-001"": 2.0166356254842506, ""client-004"": 3.3610593758070846, ""client-005"": 1.5238251945830892, ""client-006"": 3.1369887507532783, ""client-007"": 1.7925650004304452}"
sensorscope,30001,raven,87,"[""client-003"", ""client-005"", ""client-007""]","[""client-003"", ""client-004"", ""client-005"", ""client-006"", ""client-007""]","[""client-003"", ""client-005"", ""client-007""]","{""client-003"": 2.284201858843235, ""client-004"": 4.484837449378746, ""client-005"": 0.8969674898757494, ""client-006"": 1.569693107282561, ""client-007"": 1.5228012392288235}"
sensorscope,30001,raven,88,"[""client-001"", ""client-002"", ""client-003"", ""client-004""]","[""client-000"", ""client-001"", ""client-002"", ""client-003"", ""client-004"", ""client-005"", ""client-006""]","[""client-001"", ""client-002"", ""client-003"", ""client-004""]","{""client-000"": 9.897549954815585, ""client-001"": 4.048997708788193, ""client-002"": 9.897549954815585, ""client-003"": 5.398663611717592, ""client-004"": 3.374164757323495, ""client-005"": 0.76090105750449, ""client-006"": 6.298440880337189}"
sensorscope,30001,raven,89,"[""client-003"", ""client-004""]","[""client-000"", ""client-002"", ""client-003"", ""client-004"", ""client-007""]","[""client-003"", ""client-004""]","{""client-000"": 9.865920026700225, ""client-002"": 4.170183617418098, ""client-003"": 2.2746456095007805, ""client-004"": 2.242254551522779, ""client-007"": 1.5164304063338538}"
sensorscope,30001,raven,90,"[""client-000"", ""client-002""]","[""client-000"", ""client-002"", ""client-004"", ""client-006"", ""client-007""]","[""client-000"", ""client-002""]","{""client-000"": 2.089289972558388, ""client-002"": 8.357159890233552, ""client-004"": 11.456452959027738, ""client-006"": 3.146086131919888, ""client-007"": 4.582581183611095}"
sensorscope,30001,raven,91,"[""client-001"", ""client-003"", ""client-004""]","[""client-000"", ""client-001"", ""client-002"", ""client-003"", ""client-004"", ""client-005"", ""client-007""]","[""client-001"", ""client-003"", ""client-004""]","{""client-000"": 8.395680491046726, ""client-001"": 11.30354672675735, ""client-002"": 9.913864561096288, ""client-003"": 2.7037812439353512, ""client-004"": 5.724327607531859, ""client-005"": 1.5264873620084958, ""client-007"": 7.535697817838234}"
sensorscope,30001,raven,92,"[""client-004"", ""client-005""]","[""client-000"", ""client-001"", ""client-002"", ""client-003"", ""client-004"", ""client-005"", ""client-007""]","[""client-004"", ""client-005""]","{""client-000"": 2.099033900364588, ""client-001"": 8.446237825746685, ""client-002"": 4.198067800729176, ""client-003"": 2.2898551640340963, ""client-004"": 2.2493400985791014, ""client-005"": 0.3816425273390161, ""client-007"": 1.5265701093560644}"
sensorscope,30001,raven,93,"[""client-000"", ""client-006""]","[""client-000"", ""client-001"", ""client-002"", ""client-004"", ""client-006"", ""client-007""]","[""client-000"", ""client-006""]","{""client-000"": 4.954480810910363, ""client-001"": 1.7187771594225376, ""client-002"": 9.908961621820726, ""client-004"": 0.9548761996791876, ""client-006"": 2.6736533591017246, ""client-007"": 10.026710456130754}"
sensorscope,30001,raven,94,"[""client-000"", ""client-003"", ""client-004"", ""client-005""]","[""client-000"", ""client-001"", ""client-003"", ""client-004"", ""client-005"", ""client-006"", ""client-007""]","[""client-000"", ""client-003"", ""client-004"", ""client-005""]","{""client-000"": 2.1039433050047367, ""client-001"": 22.644474702257863, ""client-003"": 2.2952108781869853, ""client-004"": 1.912675731822488, ""client-005"": 0.9031307994537371, ""client-006"": 1.3388730122757413, ""client-007"": 1.8062615989074742}"
sensorscope,30001,raven,95,"[""client-003"", ""client-004"", ""client-005""]","[""client-000"", ""client-002"", ""client-003"", ""client-004"", ""client-005""]","[""client-003"", ""client-004"", ""client-005""]","{""client-000"": 4.2161953278804924, ""client-002"": 9.941849909549774, ""client-003"": 2.299742906116632, ""client-004"": 4.714224512133353, ""client-005"": 0.9038045372317979}"
sensorscope,30001,raven,96,"[""client-003""]","[""client-000"", ""client-001"", ""client-003"", ""client-004"", ""client-005"", ""client-006""]","[""client-003""]","{""client-000"": 7.464956541655388, ""client-001"": 10.285953348344224, ""client-003"": 4.071794477266575, ""client-004"": 1.918493881763298, ""client-005"": 0.38369877635265964, ""client-006"": 8.000185937601062}"
sensorscope,30001,raven,97,"[""client-001"", ""client-003"", ""client-005""]","[""client-000"", ""client-001"", ""client-003"", ""client-004"", ""client-005"", ""client-007""]","[""client-001"", ""client-003"", ""client-005""]","{""client-000"": 4.213332604847366, ""client-001"": 6.894544262477509, ""client-003"": 2.298181420825836, ""client-004"": 0.9575755920107651, ""client-005"": 0.3830302368043061, ""client-007"": 1.8090994560108575}"
sensorscope,30001,raven,98,[],"[""client-001"", ""client-005"", ""client-006"", ""client-007""]",[],"{""client-001"": 10.360853997422758, ""client-005"": 0.7674706664757599, ""client-006"": 6.354737947886511, ""client-007"": 3.802384649605458}"
sensorscope,30001,raven,99,"[""client-001"", ""client-002"", ""client-003"", ""client-006""]","[""client-000"", ""client-001"", ""client-002"", ""client-003"", ""client-005"", ""client-006""]","[""client-001"", ""client-002"", ""client-003"", ""client-006""]","{""client-000"": 2.1103697983874947, ""client-001"": 5.179998596042033, ""client-002"": 12.875578374047233, ""client-003"": 5.749379545379041, ""client-005"": 4.68202849965354, ""client-006"": 13.415218939217759}"
sensorscope,30001,raven_wo_design,0,"[""client-000"", ""client-001"", ""client-004"", ""client-005"", ""client-006"", ""client-007""]","[""client-000"", ""client-001"", ""client-003"", ""client-004"", ""client-005"", ""client-006"", ""client-007""]","[""client-000"", ""client-001"", ""client-004"", ""client-005"", ""client-006"", ""client-007""]","{""client-000"": 5.0, ""client-001"": 5.0, ""client-003"": 5.0, ""client-004"": 5.0, ""client-005"": 10.0, ""client-006"": 5.0, ""client-007"": 5.0}"
sensorscope,30001,raven_wo_design,1,"[""client-004"", ""client-007""]","[""client-000"", ""client-001"", ""client-003"", ""client-004"", ""client-007""]","[""client-004"", ""client-007""]","{""client-000"": 4.5072012233366845, ""client-001"": 7.91646319981251, ""client-003"": 3.958231599906255, ""client-004"": 9.014402446673369, ""client-007"": 3.958231599906255}"
sensorscope,30001,raven_wo_design,2,"[""client-000"", ""client-006"", ""client-007""]","[""client-000"", ""client-002"", ""client-004"", ""client-005"", ""client-006"", ""client-007""]","[""client-000"", ""client-006"", ""client-007""]","{""client-000"": 9.290575671817557, ""client-002"": 9.290575671817557, ""client-004"": 9.290575671817557, ""client-005"": 11.565640194287623, ""client-006"": 7.710426796191748, ""client-007"": 7.710426796191748}"
sensorscope,30001,raven_wo_design,3,"[""client-000"", ""client-003"", ""client-006""]","[""client-000"", ""client-001"", ""client-002"", ""client-003"", ""client-005"", ""client-006"", ""client-007""]","[""client-000"", ""client-003"", ""client-006""]","{""client-000"": 3.1752909971956944, ""client-001"": 4.057111789675923, ""client-002"": 5.296405633372252, ""client-003"": 7.038085172027558, ""client-005"": 10.592811266744503, ""client-006"": 8.114223579351846, ""client-007"": 5.296405633372252}"
sensorscope,30001,raven_wo_design,4,"[""client-000"", ""client-001"", ""client-005""]","[""client-000"", ""client-001"", ""client-003"", ""client-004"", ""client-005"", ""client-007""]","[""client-000"", ""client-001"", ""client-005""]","{""client-000"": 8.489093573556463, ""client-001"": 3.690864517962729, ""client-003"": 5.659395715704308, ""client-004"": 5.659395715704308, ""client-005"": 2.829697857852154, ""client-007"": 2.829697857852154}"
sensorscope,30001,raven_wo_design,5,"[""client-003"", ""client-004""]","[""client-000"", ""client-003"", ""client-004"", ""client-007""]","[""client-003"", ""client-004""]","{""client-000"": 3.6208647894727117, ""client-003"": 3.6208647894727117, ""client-004"": 2.6889742554542293, ""client-007"": 2.6889742554542293}"
sensorscope,30001,raven_wo_design,6,"[""client-002"", ""client-004""]","[""client-000"", ""client-002"", ""client-004"", ""client-006"", ""client-007""]","[""client-002"", ""client-004""]","{""client-000"": 2.7897422118070483, ""client-002"": 5.579484423614097, ""client-004"": 7.982755980772104, ""client-006"": 8.369226635421144, ""client-007"": 2.7897422118070483}"
sensorscope,30001,raven_wo_design,7,"[""client-000"", ""client-002"", ""client-003"", ""client-004""]","[""client-000"", ""client-001"", ""client-002"", ""client-003"", ""client-004"", ""client-006"", ""client-007""]","[""client-000"", ""client-002"", ""client-003"", ""client-004""]","{""client-000"": 4.108392718285883, ""client-001"": 16.43357087314353, ""client-002"": 4.108392718285883, ""client-003"": 4.108392718285883, ""client-004"": 8.216785436571765, ""client-006"": 4.108392718285883, ""client-007"": 6.382077530648486}"
sensorscope,30001,raven_wo_design,8,"[""client-001"", ""client-002"", ""client-003"", ""client-006""]","[""client-001"", ""client-002"", ""client-003"", ""client-004"", ""client-005"", ""client-006"", ""client-007""]","[""client-001"", ""client-002"", ""client-003"", ""client-006""]","{""client-001"": 11.628847446321895, ""client-002"": 11.628847446321895, ""client-003"": 3.8762824821072988, ""client-004"": 2.661544375894904, ""client-005"": 5.323088751789808, ""client-006"": 5.323088751789808, ""client-007"": 5.979103198746349}"
sensorscope,30001,raven_wo_design,9,"[""client-002"", ""client-004""]","[""client-001"", ""client-002"", ""client-003"", ""client-004"", ""client-005"", ""client-007""]","[""client-002"", ""client-004""]","{""client-001"": 8.761004078136104, ""client-002"": 7.715529047204625, ""client-003"": 3.676570890089611, ""client-004"": 2.571843015734875, ""client-005"": 8.761004078136104, ""client-007"": 5.557727239908709}"
sensorscope,30001,raven_wo_design,10,"[""client-000"", ""client-006"", ""client-007""]","[""client-000"", ""client-001"", ""client-002"", ""client-003"", ""client-006"", ""client-007""]","[""client-000"", ""client-006"", ""client-007""]","{""client-000"": 5.186028079041961, ""client-001"": 16.516326229645404, ""client-002"": 2.5930140395209804, ""client-003"": 7.779042118562941, ""client-006"": 10.922761179781958, ""client-007"": 2.5930140395209804}"
sensorscope,30001,raven_wo_design,11,"[""client-006"", ""client-007""]","[""client-000"", ""client-002"", ""client-003"", ""client-004"", ""client-005"", ""client-006"", ""client-007""]","[""client-006"", ""client-007""]","{""client-000"": 7.360231191441067, ""client-002"": 10.57937558037246, ""client-003"": 3.52645852679082, ""client-004"": 7.776976048119769, ""client-005"": 5.184650698746513, ""client-006"": 10.57937558037246, ""client-007"": 10.369301397493025}"
sensorscope,30001,raven_wo_design,12,"[""client-001"", ""client-002""]","[""client-000"", ""client-001"", ""client-002"", ""client-003"", ""client-005"", ""client-006"", ""client-007""]","[""client-001"", ""client-002""]","{""client-000"": 5.083675542322213, ""client-001"": 3.3610331001002, ""client-002"": 5.083675542322213, ""client-003"": 2.5418377711611067, ""client-005"": 7.62551331348332, ""client-006"": 5.083675542322213, ""client-007"": 2.5418377711611067}"
sensorscope,30001,raven_wo_design,13,"[""client-003"", ""client-006"", ""client-007""]","[""client-001"", ""client-003"", ""client-004"", ""client-005"", ""client-006"", ""client-007""]","[""client-003"", ""client-006"", ""client-007""]","{""client-001"": 6.604497650324211, ""client-003"": 2.4893650276949275, ""client-004"": 2.4893650276949275, ""client-005"": 6.604497650324211, ""client-006"": 9.906746475486315, ""client-007"": 2.4893650276949275}"
sensorscope,30001,raven_wo_design,14,"[""client-000"", ""client-003"", ""client-004"", ""client-006""]","[""client-000"", ""client-001"", ""client-002"", ""client-003"", ""client-004"", ""client-005"", ""client-006"", ""client-007""]","[""client-000"", ""client-003"", ""client-004"", ""client-006""]","{""client-000"": 2.514113220479022, ""client-001"": 7.542339661437067, ""client-002"": 9.97858134411878, ""client-003"": 9.97858134411878, ""client-004"": 5.028226440958044, ""client-005"": 9.14765241503688, ""client-006"": 3.3261937813729268, ""client-007"": 12.981229391824293}"
sensorscope,30001,raven_wo_design,15,"[""client-007""]","[""client-000"", ""client-001"", ""client-002"", ""client-003"", ""client-004"", ""client-005"", ""client-006"", ""client-007""]","[""client-007""]","{""client-000"": 2.4488030178036664, ""client-001"": 3.1637596053674297, ""client-002"": 6.3275192107348595, ""client-003"": 3.1637596053674297, ""client-004"": 9.795212071214666, ""client-005"": 2.4488030178036664, ""client-006"": 2.4488030178036664, ""client-007"": 6.3275192107348595}"
sensorscope,30001,raven_wo_design,16,"[""client-003"", ""client-005"", ""client-007""]","[""client-000"", ""client-001"", ""client-002"", ""client-003"", ""client-004"", ""client-005"", ""client-006"", ""client-007""]","[""client-003"", ""client-005"", ""client-007""]","{""client-000"": 8.14987417387442, ""client-001"": 2.448233524571925, ""client-002"": 2.448233524571925, ""client-003"": 3.110267038848876, ""client-004"": 6.220534077697752, ""client-005"": 5.480588434807571, ""client-006"": 3.110267038848876, ""client-007"": 4.89646704914385}"
sensorscope,30001,raven_wo_design,17,"[""client-000"", ""client-001"", ""client-003"", ""client-005""]","[""client-000"", ""client-001"", ""client-002"", ""client-003"", ""client-004"", ""client-005"", ""client-006"", ""client-007""]","[""client-000"", ""client-001"", ""client-003"", ""client-005""]","{""client-000"": 7.383753233468327, ""client-001"": 2.4612510778227756, ""client-002"": 4.922502155645551, ""client-003"": 2.4612510778227756, ""client-004"": 6.166721746974173, ""client-005"": 5.23490645785163, ""client-006"": 2.4612510778227756, ""client-007"": 4.922502155645551}"
sensorscope,30001,raven_wo_design,18,"[""client-000"", ""client-001""]","[""client-000"", ""client-001"", ""client-003"", ""client-004"", ""client-005"", ""client-006"", ""client-007""]","[""client-000"", ""client-001""]","{""client-000"": 6.11640878365767, ""client-001"": 4.9200066757550855, ""client-003"": 3.058204391828835, ""client-004"": 4.9200066757550855, ""client-005"": 3.058204391828835, ""client-006"": 3.058204391828835, ""client-007"": 3.058204391828835}"
sensorscope,30001,raven_wo_design,19,"[""client-004"", ""client-007""]","[""client-000"", ""client-002"", ""client-003"", ""client-004"", ""client-005"", ""client-007""]","[""client-004"", ""client-007""]","{""client-000"": 3.06813949484174, ""client-002"": 3.06813949484174, ""client-003"": 3.920577969321848, ""client-004"": 6.13627898968348, ""client-005"": 2.464504976430198, ""client-007"": 4.929009952860396}"
sensorscope,30001,raven_wo_design,20,"[""client-001"", ""client-002""]","[""client-000"", ""client-001"", ""client-002"", ""client-004"", ""client-005"", ""client-006"", ""client-007""]","[""client-001"", ""client-002""]","{""client-000"": 2.486347300793585, ""client-001"": 2.486347300793585, ""client-002"": 9.33647233461928, ""client-004"": 3.1121574448730933, ""client-005"": 2.486347300793585, ""client-006"": 2.486347300793585, ""client-007"": 6.224314889746187}"
sensorscope,30001,raven_wo_design,21,"[""client-000"", ""client-005"", ""client-006"", ""client-007""]","[""client-000"", ""client-001"", ""client-002"", ""client-003"", ""client-004"", ""client-005"", ""client-006"", ""client-007""]","[""client-000"", ""client-005"", ""client-006"", ""client-007""]","{""client-000"": 3.1328701080614905, ""client-001"": 3.1328701080614905, ""client-002"": 3.1328701080614905, ""client-003"": 7.514814016257143, ""client-004"": 5.009876010838095, ""client-005"": 7.514814016257143, ""client-006"": 3.1328701080614905, ""client-007"": 2.5049380054190475}"
sensorscope,30001,raven_wo_design,22,"[""client-004""]","[""client-001"", ""client-003"", ""client-004"", ""client-005"", ""client-006"", ""client-007""]","[""client-004""]","{""client-001"": 7.985428555094423, ""client-003"": 4.986967739906948, ""client-004"": 7.480451609860422, ""client-005"": 6.2282717513879, ""client-006"": 4.986967739906948, ""client-007"": 2.493483869953474}"
sensorscope,30001,raven_wo_design,23,"[""client-003"", ""client-007""]","[""client-001"", ""client-002"", ""client-003"", ""client-004"", ""client-005"", ""client-006"", ""client-007""]","[""client-003"", ""client-007""]","{""client-001"": 6.2126840945868835, ""client-002"": 3.9768231669700373, ""client-003"": 3.1063420472934418, ""client-004"": 3.1063420472934418, ""client-005"": 2.490406574842739, ""client-006"": 2.490406574842739, ""client-007"": 9.319026141880325}"
sensorscope,30001,raven_wo_design,24,"[""client-007""]","[""client-000"", ""client-001"", ""client-002"", ""client-004"", ""client-005"", ""client-006"", ""client-007""]","[""client-007""]","{""client-000"": 4.991448045076865, ""client-001"": 2.4957240225384325, ""client-002"": 5.255530405368789, ""client-004"": 4.991448045076865, ""client-005"": 3.1194290295037517, ""client-006"": 7.4871720676152975, ""client-007"": 2.4957240225384325}"
sensorscope,30001,raven_wo_design,25,"[""client-002"", ""client-003""]","[""client-000"", ""client-002"", ""client-003"", ""client-004"", ""client-007""]","[""client-002"", ""client-003""]","{""client-000"": 5.227707652014739, ""client-002"": 7.488077832037784, ""client-003"": 7.488077832037784, ""client-004"": 7.488077832037784, ""client-007"": 6.230169098677986}"
sensorscope,30001,raven_wo_design,26,"[""client-000"", ""client-004""]","[""client-000"", ""client-001"", ""client-002"", ""client-003"", ""client-004"", ""client-005""]","[""client-000"", ""client-004""]","{""client-000"": 2.487617770814728, ""client-001"": 2.487617770814728, ""client-002"": 3.1057869957365485, ""client-003"": 4.975235541629456, ""client-004"": 7.961664290934882, ""client-005"": 3.1057869957365485}"
sensorscope,30001,raven_wo_design,27,"[""client-002"", ""client-003"", ""client-004"", ""client-006""]","[""client-000"", ""client-002"", ""client-003"", ""client-004"", ""client-005"", ""client-006""]","[""client-002"", ""client-003"", ""client-004"", ""client-006""]","{""client-000"": 10.557169894467641, ""client-002"": 2.495378536157647, ""client-003"": 3.12292253981646, ""client-004"": 6.24584507963292, ""client-005"": 6.24584507963292, ""client-006"": 7.4861356084729405}"
sensorscope,30001,raven_wo_design,28,"[""client-005"", ""client-006"", ""client-007""]","[""client-000"", ""client-003"", ""client-004"", ""client-005"", ""client-006"", ""client-007""]","[""client-005"", ""client-006"", ""client-007""]","{""client-000"": 4.9936967623538, ""client-003"": 5.224691754352119, ""client-004"": 3.115356407640341, ""client-005"": 2.4968483811769, ""client-006"": 6.230712815280682, ""client-007"": 6.230712815280682}"
sensorscope,30001,raven_wo_design,29,"[""client-000"", ""client-001""]","[""client-000"", ""client-001"", ""client-003"", ""client-004"", ""client-005"", ""client-006"", ""client-007""]","[""client-000"", ""client-001""]","{""client-000"": 6.272867136839109, ""client-001"": 6.272867136839109, ""client-003"": 8.078402789414621, ""client-004"": 2.501824920263134, ""client-005"": 6.272867136839109, ""client-006"": 10.646882593614949, ""client-007"": 10.646882593614949}"
sensorscope,30001,raven_wo_design,30,"[""client-004"", ""client-006""]","[""client-000"", ""client-002"", ""client-004"", ""client-005"", ""client-006"", ""client-007""]","[""client-004"", ""client-006""]","{""client-000"": 6.1819847659784495, ""client-002"": 9.272977148967675, ""client-004"": 2.483470975802452, ""client-005"": 6.1819847659784495, ""client-006"": 9.272977148967675, ""client-007"": 2.483470975802452}"
sensorscope,30001,raven_wo_design,31,"[""client-002""]","[""client-000"", ""client-001"", ""client-002"", ""client-005"", ""client-006""]","[""client-002""]","{""client-000"": 2.489383763716221, ""client-001"": 7.468151291148663, ""client-002"": 4.955662791452275, ""client-005"": 3.062580135658708, ""client-006"": 2.489383763716221}"
sensorscope,30001,raven_wo_design,32,"[""client-000"", ""client-002"", ""client-003""]","[""client-000"", ""client-001"", ""client-002"", ""client-003"", ""client-005"", ""client-006"", ""client-007""]","[""client-000"", ""client-002"", ""client-003""]","{""client-000"": 6.169814524777858, ""client-001"": 3.084907262388929, ""client-002"": 2.511916543045804, ""client-003"": 5.023833086091608, ""client-005"": 3.084907262388929, ""client-006"": 4.964647577181315, ""client-007"": 4.964647577181315}"
sensorscope,30001,raven_wo_design,33,"[""client-002"", ""client-003"", ""client-004"", ""client-006""]","[""client-000"", ""client-001"", ""client-002"", ""client-003"", ""client-004"", ""client-005"", ""client-006"", ""client-007""]","[""client-002"", ""client-003"", ""client-004"", ""client-006""]","{""client-000"": 9.299974304949544, ""client-001"": 3.099991434983181, ""client-002"": 5.015203061727727, ""client-003"": 6.199982869966362, ""client-004"": 9.299974304949544, ""client-005"": 3.099991434983181, ""client-006"": 5.0374037436344015, ""client-007"": 3.099991434983181}"
sensorscope,30001,raven_wo_design,34,"[""client-000"", ""client-001"", ""client-004"", ""client-006""]","[""client-000"", ""client-001"", ""client-002"", ""client-004"", ""client-005"", ""client-006"", ""client-007""]","[""client-000"", ""client-001"", ""client-004"", ""client-006""]","{""client-000"": 6.127356543352701, ""client-001"": 2.4979652551498153, ""client-002"": 3.0636782716763507, ""client-004"": 3.0636782716763507, ""client-005"": 6.127356543352701, ""client-006"": 6.127356543352701, ""client-007"": 4.91671971739306}"
sensorscope,30001,raven_wo_design,35,"[""client-007""]","[""client-001"", ""client-002"", ""client-005"", ""client-006"", ""client-007""]","[""client-007""]","{""client-001"": 2.496630979620533, ""client-002"": 3.065040868901738, ""client-005"": 2.496630979620533, ""client-006"": 3.8493288247418684, ""client-007"": 4.993261959241066}"
sensorscope,30001,raven_wo_design,36,"[""client-000""]","[""client-000"", ""client-001"", ""client-003"", ""client-005"", ""client-006"", ""client-007""]","[""client-000""]","{""client-000"": 2.519119704737767, ""client-001"": 2.519119704737767, ""client-003"": 10.076478818951069, ""client-005"": 2.519119704737767, ""client-006"": 5.027158844897327, ""client-007"": 9.307377716440893}"
sensorscope,30001,raven_wo_design,37,"[""client-001"", ""client-005""]","[""client-001"", ""client-002"", ""client-004"", ""client-005"", ""client-006""]","[""client-001"", ""client-005""]","{""client-001"": 5.050401824906444, ""client-002"": 5.050401824906444, ""client-004"": 3.109626962142592, ""client-005"": 3.109626962142592, ""client-006"": 7.575602737359667}"
sensorscope,30001,raven_wo_design,38,"[""client-007""]","[""client-002"", ""client-003"", ""client-004"", ""client-005"", ""client-006"", ""client-007""]","[""client-007""]","{""client-002"": 2.5383647731825683, ""client-003"": 6.238341941489614, ""client-004"": 10.042838186727428, ""client-005"": 3.119170970744807, ""client-006"": 5.021419093363714, ""client-007"": 2.5383647731825683}"
sensorscope,30001,raven_wo_design,39,"[""client-000"", ""client-002"", ""client-004""]","[""client-000"", ""client-002"", ""client-003"", ""client-004"", ""client-005"", ""client-007""]","[""client-000"", ""client-002"", ""client-004""]","{""client-000"": 6.259075109161416, ""client-002"": 5.10722013786893, ""client-003"": 5.10722013786893, ""client-004"": 5.10722013786893, ""client-005"": 3.129537554580708, ""client-007"": 5.001030439166974}"
sensorscope,30001,raven_wo_design,40,"[""client-000"", ""client-001"", ""client-004""]","[""client-000"", ""client-001"", ""client-002"", ""client-003"", ""client-004""]","[""client-000"", ""client-001"", ""client-004""]","{""client-000"": 2.565063656968553, ""client-001"": 3.1338546928311812, ""client-002"": 3.9093614370531307, ""client-003"": 2.565063656968553, ""client-004"": 6.2677093856623625}"
sensorscope,30001,raven_wo_design,41,"[""client-002"", ""client-005"", ""client-006"", ""client-007""]","[""client-000"", ""client-001"", ""client-002"", ""client-003"", ""client-004"", ""client-005"", ""client-006"", ""client-007""]","[""client-002"", ""client-005"", ""client-006"", ""client-007""]","{""client-000"": 9.47689225095684, ""client-001"": 3.1589640836522803, ""client-002"": 3.1589640836522803, ""client-003"": 4.98976904393562, ""client-004"": 5.176319960179496, ""client-005"": 2.588159980089748, ""client-006"": 5.176319960179496, ""client-007"": 6.317928167304561}"
sensorscope,30001,raven_wo_design,42,"[""client-000"", ""client-001"", ""client-002""]","[""client-000"", ""client-001"", ""client-002"", ""client-003"", ""client-004"", ""client-005"", ""client-006""]","[""client-000"", ""client-001"", ""client-002""]","{""client-000"": 6.3029670861946805, ""client-001"": 3.1514835430973402, ""client-002"": 7.753859951536564, ""client-003"": 6.3029670861946805, ""client-004"": 6.3029670861946805, ""client-005"": 4.966101535185609, ""client-006"": 3.1514835430973402}"
sensorscope,30001,raven_wo_design,43,[],"[""client-000"", ""client-001"", ""client-003"", ""client-005"", ""client-007""]",[],"{""client-000"": 6.259308814470968, ""client-001"": 9.833146627416308, ""client-003"": 4.916573313708154, ""client-005"": 5.140802048586213, ""client-007"": 3.8880698777556355}"
sensorscope,30001,raven_wo_design,44,"[""client-003"", ""client-004""]","[""client-000"", ""client-001"", ""client-002"", ""client-003"", ""client-004"", ""client-006""]","[""client-003"", ""client-004""]","{""client-000"": 9.820135107060132, ""client-001"": 5.15773949581814, ""client-002"": 9.408359650401705, ""client-003"": 12.54447953386894, ""client-004"": 2.57886974790907, ""client-006"": 3.136119883467235}"
sensorscope,30001,raven_wo_design,45,"[""client-002"", ""client-004""]","[""client-002"", ""client-003"", ""client-004"", ""client-005"", ""client-006""]","[""client-002"", ""client-004""]","{""client-002"": 2.571294263058048, ""client-003"": 5.142588526116096, ""client-004"": 9.33018714088432, ""client-005"": 2.571294263058048, ""client-006"": 5.142588526116096}"
sensorscope,30001,raven_wo_design,46,"[""client-001"", ""client-002"", ""client-005""]","[""client-000"", ""client-001"", ""client-002"", ""client-003"", ""client-004"", ""client-005"", ""client-006"", ""client-007""]","[""client-001"", ""client-002"", ""client-005""]","{""client-000"": 2.597253094296975, ""client-001"": 5.19450618859395, ""client-002"": 10.3890123771879, ""client-003"": 3.126102010137939, ""client-004"": 9.378306030413817, ""client-005"": 2.597253094296975, ""client-006"": 5.19450618859395, ""client-007"": 5.19450618859395}"
sensorscope,30001,raven_wo_design,47,"[""client-002"", ""client-006""]","[""client-001"", ""client-002"", ""client-005"", ""client-006"", ""client-007""]","[""client-002"", ""client-006""]","{""client-001"": 6.214345087126075, ""client-002"": 6.214345087126075, ""client-005"": 2.5932978374713613, ""client-006"": 3.1071725435630375, ""client-007"": 7.779893512414084}"
sensorscope,30001,raven_wo_design,48,"[""client-000"", ""client-001"", ""client-002"", ""client-006"", ""client-007""]","[""client-000"", ""client-001"", ""client-002"", ""client-003"", ""client-005"", ""client-006"", ""client-007""]","[""client-000"", ""client-001"", ""client-002"", ""client-006"", ""client-007""]","{""client-000"": 5.200131686566581, ""client-001"": 2.6000658432832906, ""client-002"": 9.430908304671759, ""client-003"": 4.715454152335879, ""client-005"": 2.6000658432832906, ""client-006"": 3.118828821391189, ""client-007"": 2.6000658432832906}"
sensorscope,30001,raven_wo_design,49,"[""client-004"", ""client-005""]","[""client-000"", ""client-003"", ""client-004"", ""client-005"", ""client-006"", ""client-007""]","[""client-004"", ""client-005""]","{""client-000"": 2.6014902253409744, ""client-003"": 5.202980450681949, ""client-004"": 10.405960901363898, ""client-005"": 2.6014902253409744, ""client-006"": 6.234286421674045, ""client-007"": 3.1171432108370225}"
sensorscope,30001,raven_wo_design,50,"[""client-001"", ""client-006""]","[""client-001"", ""client-002"", ""client-003"", ""client-004"", ""client-006"", ""client-007""]","[""client-001"", ""client-006""]","{""client-001"": 5.204497707882163, ""client-002"": 9.464784644874797, ""client-003"": 9.464784644874797, ""client-004"": 2.6022488539410813, ""client-006"": 5.204497707882163, ""client-007"": 3.8155820089443195}"
sensorscope,30001,raven_wo_design,51,"[""client-001"", ""client-002"", ""client-004"", ""client-007""]","[""client-000"", ""client-001"", ""client-002"", ""client-004"", ""client-005"", ""client-006"", ""client-007""]","[""client-001"", ""client-002"", ""client-004"", ""client-007""]","{""client-000"": 12.462745263426877, ""client-001"": 5.197414196046704, ""client-002"": 6.231372631713438, ""client-004"": 2.598707098023352, ""client-005"": 3.115686315856719, ""client-006"": 3.799842818385982, ""client-007"": 6.231372631713438}"
sensorscope,30001,raven_wo_design,52,"[""client-001"", ""client-005"", ""client-007""]","[""client-001"", ""client-002"", ""client-003"", ""client-005"", ""client-007""]","[""client-001"", ""client-005"", ""client-007""]","{""client-001"": 2.595376760529974, ""client-002"": 5.190753521059948, ""client-003"": 3.7706740181266913, ""client-005"": 7.541348036253383, ""client-007"": 6.204887127866111}"
sensorscope,30001,raven_wo_design,53,"[""client-002"", ""client-003"", ""client-006"", ""client-007""]","[""client-000"", ""client-002"", ""client-003"", ""client-006"", ""client-007""]","[""client-002"", ""client-003"", ""client-006"", ""client-007""]","{""client-000"": 2.6031408873234287, ""client-002"": 7.809422661970286, ""client-003"": 9.340761791567012, ""client-006"": 3.1135872638556705, ""client-007"": 2.6031408873234287}"
sensorscope,30001,raven_wo_design,54,"[""client-000"", ""client-005""]","[""client-000"", ""client-002"", ""client-003"", ""client-004"", ""client-005"", ""client-007""]","[""client-000"", ""client-005""]","{""client-000"": 3.1216980156627776, ""client-002"": 3.8015295509025053, ""client-003"": 5.213674807190372, ""client-004"": 6.243396031325555, ""client-005"": 5.213674807190372, ""client-007"": 3.8015295509025053}"
sensorscope,30001,raven_wo_design,55,"[""client-004"", ""client-005""]","[""client-000"", ""client-001"", ""client-002"", ""client-004"", ""client-005"", ""client-006"", ""client-007""]","[""client-004"", ""client-005""]","{""client-000"": 5.225206848859308, ""client-001"": 3.13135841677081, ""client-002"": 9.446364742828948, ""client-004"": 6.26271683354162, ""client-005"": 3.13135841677081, ""client-006"": 3.8169906078095006, ""client-007"": 2.612603424429654}"
sensorscope,30001,raven_wo_design,56,"[""client-001"", ""client-005""]","[""client-000"", ""client-001"", ""client-002"", ""client-003"", ""client-004"", ""client-005"", ""client-006"", ""client-007""]","[""client-001"", ""client-005""]","{""client-000"": 5.221314059820055, ""client-001"": 3.8127415460321994, ""client-002"": 5.221314059820055, ""client-003"": 7.625483092064399, ""client-004"": 9.385394075539178, ""client-005"": 9.385394075539178, ""client-006"": 4.71700551814771, ""client-007"": 2.6106570299100276}"
sensorscope,30001,raven_wo_design,57,"[""client-000"", ""client-002"", ""client-004""]","[""client-000"", ""client-002"", ""client-003"", ""client-004"", ""client-005"", ""client-006"", ""client-007""]","[""client-000"", ""client-002"", ""client-004""]","{""client-000"": 9.308840549330352, ""client-002"": 3.1029468497767843, ""client-003"": 3.1029468497767843, ""client-004"": 2.5960893026574605, ""client-005"": 3.1029468497767843, ""client-006"": 9.308840549330352, ""client-007"": 9.308840549330352}"
sensorscope,30001,raven_wo_design,58,"[""client-000"", ""client-003"", ""client-004"", ""client-005""]","[""client-000"", ""client-001"", ""client-003"", ""client-004"", ""client-005"", ""client-006"", ""client-007""]","[""client-000"", ""client-003"", ""client-004"", ""client-005""]","{""client-000"": 6.188890567936831, ""client-001"": 6.188890567936831, ""client-003"": 9.253131083934345, ""client-004"": 6.188890567936831, ""client-005"": 6.188890567936831, ""client-006"": 5.1833600303477185, ""client-007"": 4.626565541967173}"
sensorscope,30001,raven_wo_design,59,"[""client-001"", ""client-004"", ""client-005"", ""client-007""]","[""client-000"", ""client-001"", ""client-002"", ""client-003"", ""client-004"", ""client-005"", ""client-006"", ""client-007""]","[""client-001"", ""client-004"", ""client-005"", ""client-007""]","{""client-000"": 2.583188375230259, ""client-001"": 5.166376750460518, ""client-002"": 2.583188375230259, ""client-003"": 2.583188375230259, ""client-004"": 6.1404205592979135, ""client-005"": 2.583188375230259, ""client-006"": 3.0702102796489568, ""client-007"": 4.539795701593422}"
sensorscope,30001,raven_wo_design,60,[],"[""client-001"", ""client-002"", ""client-003"", ""client-004"", ""client-005""]",[],"{""client-001"": 6.144478061075176, ""client-002"": 12.288956122150353, ""client-003"": 3.072239030537588, ""client-004"": 6.144478061075176, ""client-005"": 4.51348944439682}"
sensorscope,30001,raven_wo_design,61,"[""client-000"", ""client-002"", ""client-007""]","[""client-000"", ""client-002"", ""client-007""]","[""client-000"", ""client-002"", ""client-007""]","{""client-000"": 2.589876567661828, ""client-002"": 2.589876567661828, ""client-007"": 9.201703403438232}"
sensorscope,30001,raven_wo_design,62,"[""client-001"", ""client-006""]","[""client-000"", ""client-001"", ""client-002"", ""client-003"", ""client-004"", ""client-006"", ""client-007""]","[""client-001"", ""client-006""]","{""client-000"": 6.198979166468615, ""client-001"": 2.6162550989226787, ""client-002"": 2.6162550989226787, ""client-003"": 3.0994895832343077, ""client-004"": 7.45440693495407, ""client-006"": 13.627781360402258, ""client-007"": 3.0994895832343077}"
sensorscope,30001,raven_wo_design,63,"[""client-000"", ""client-004""]","[""client-000"", ""client-001"", ""client-002"", ""client-003"", ""client-004"", ""client-005"", ""client-006"", ""client-007""]","[""client-000"", ""client-004""]","{""client-000"": 6.181061189963944, ""client-001"": 8.979401703544221, ""client-002"": 11.102958569663196, ""client-003"": 4.489700851772111, ""client-004"": 2.618045358735186, ""client-005"": 4.489700851772111, ""client-006"": 3.090530594981972, ""client-007"": 6.181061189963944}"
sensorscope,30001,raven_wo_design,64,"[""client-002""]","[""client-000"", ""client-002"", ""client-003"", ""client-005"", ""client-006"", ""client-007""]","[""client-002""]","{""client-000"": 4.366207329613937, ""client-002"": 5.2398459718438595, ""client-003"": 5.2398459718438595, ""client-005"": 2.6199229859219297, ""client-006"": 3.0671716123183885, ""client-007"": 4.366207329613937}"
sensorscope,30001,raven_wo_design,65,"[""client-001"", ""client-007""]","[""client-000"", ""client-001"", ""client-002"", ""client-007""]","[""client-001"", ""client-007""]","{""client-000"": 2.636921722367192, ""client-001"": 3.0760566000551193, ""client-002"": 3.0760566000551193, ""client-007"": 4.339348498933984}"
sensorscope,30001,raven_wo_design,66,"[""client-002"", ""client-006""]","[""client-000"", ""client-002"", ""client-003"", ""client-005"", ""client-006"", ""client-007""]","[""client-002"", ""client-006""]","{""client-000"": 2.66310927505363, ""client-002"": 5.32621855010726, ""client-003"": 3.1013337596056507, ""client-005"": 9.304001278816951, ""client-006"": 2.66310927505363, ""client-007"": 7.98932782516089}"
sensorscope,30001,raven_wo_design,67,"[""client-002"", ""client-005"", ""client-007""]","[""client-000"", ""client-001"", ""client-002"", ""client-003"", ""client-004"", ""client-005"", ""client-006"", ""client-007""]","[""client-002"", ""client-005"", ""client-007""]","{""client-000"": 3.1089173985650067, ""client-001"": 8.025647342439138, ""client-002"": 3.1089173985650067, ""client-003"": 5.350431561626092, ""client-004"": 6.217834797130013, ""client-005"": 2.675215780813046, ""client-006"": 13.026709974606979, ""client-007"": 6.217834797130013}"
sensorscope,30001,raven_wo_design,68,"[""client-000"", ""client-002"", ""client-003"", ""client-006""]","[""client-000"", ""client-001"", ""client-002"", ""client-003"", ""client-005"", ""client-006""]","[""client-000"", ""client-002"", ""client-003"", ""client-006""]","{""client-000"": 2.662464422135116, ""client-001"": 5.324928844270232, ""client-002"": 6.17704542714808, ""client-003"": 2.662464422135116, ""client-005"": 3.08852271357404, ""client-006"": 9.26556814072212}"
sensorscope,30001,raven_wo_design,69,"[""client-000"", ""client-002"", ""client-006"", ""client-007""]","[""client-000"", ""client-001"", ""client-002"", ""client-003"", ""client-004"", ""client-006"", ""client-007""]","[""client-000"", ""client-002"", ""client-006"", ""client-007""]","{""client-000"": 9.257548297835196, ""client-001"": 3.6106664804389452, ""client-002"": 2.666535303580857, ""client-003"": 2.666535303580857, ""client-004"": 4.267531858017936, ""client-006"": 9.257548297835196, ""client-007"": 6.171698865223464}"
sensorscope,30001,raven_wo_design,70,"[""client-001"", ""client-002""]","[""client-000"", ""client-001"", ""client-002"", ""client-004"", ""client-005"", ""client-007""]","[""client-001"", ""client-002""]","{""client-000"": 12.326118883596688, ""client-001"": 6.163059441798344, ""client-002"": 5.337460474764242, ""client-004"": 5.337460474764242, ""client-005"": 8.006190712146363, ""client-007"": 4.238736218794816}"
sensorscope,30001,raven_wo_design,71,"[""client-000"", ""client-003"", ""client-005"", ""client-007""]","[""client-000"", ""client-002"", ""client-003"", ""client-004"", ""client-005"", ""client-006"", ""client-007""]","[""client-000"", ""client-003"", ""client-005"", ""client-007""]","{""client-000"": 3.066536837197287, ""client-002"": 6.133073674394574, ""client-003"": 5.309609388610582, ""client-004"": 5.309609388610582, ""client-005"": 5.309609388610582, ""client-006"": 4.2228193704098835, ""client-007"": 7.964414082915873}"
sensorscope,30001,raven_wo_design,72,"[""client-004"", ""client-005"", ""client-006"", ""client-007""]","[""client-000"", ""client-001"", ""client-002"", ""client-004"", ""client-005"", ""client-006"", ""client-007""]","[""client-004"", ""client-005"", ""client-006"", ""client-007""]","{""client-000"": 9.187888249506946, ""client-001"": 6.12525883300463, ""client-002"": 10.587231707421363, ""client-004"": 6.12525883300463, ""client-005"": 5.293615853710682, ""client-006"": 6.12525883300463, ""client-007"": 3.062629416502315}"
sensorscope,30001,raven_wo_design,73,"[""client-001"", ""client-004""]","[""client-000"", ""client-001"", ""client-002"", ""client-004"", ""client-005"", ""client-006"", ""client-007""]","[""client-001"", ""client-004""]","{""client-000"": 5.248129223145876, ""client-001"": 2.624064611572938, ""client-002"": 3.565687360919768, ""client-004"": 6.082568822312618, ""client-005"": 6.082568822312618, ""client-006"": 2.624064611572938, ""client-007"": 2.624064611572938}"
sensorscope,30001,raven_wo_design,74,"[""client-000"", ""client-005"", ""client-007""]","[""client-000"", ""client-001"", ""client-002"", ""client-003"", ""client-004"", ""client-005"", ""client-006"", ""client-007""]","[""client-000"", ""client-005"", ""client-007""]","{""client-000"": 7.852618235541964, ""client-001"": 3.580546669501817, ""client-002"": 2.6175394118473214, ""client-003"": 9.129210673347327, ""client-004"": 6.0861404488982185, ""client-005"": 6.0861404488982185, ""client-006"": 8.518837222320641, ""client-007"": 2.6175394118473214}"
sensorscope,30001,raven_wo_design,75,"[""client-000"", ""client-001"", ""client-005""]","[""client-000"", ""client-001"", ""client-002"", ""client-003"", ""client-005"", ""client-006""]","[""client-000"", ""client-001"", ""client-005""]","{""client-000"": 6.052377619060798, ""client-001"": 3.026188809530399, ""client-002"": 3.026188809530399, ""client-003"": 5.206382718448969, ""client-005"": 3.026188809530399, ""client-006"": 2.6031913592244846}"
sensorscope,30001,raven_wo_design,76,"[""client-002"", ""client-005"", ""client-006""]","[""client-000"", ""client-002"", ""client-003"", ""client-004"", ""client-005"", ""client-006"", ""client-007""]","[""client-002"", ""client-005"", ""client-006""]","{""client-000"": 6.065947381950447, ""client-002"": 5.2132896527458445, ""client-003"": 2.6066448263729223, ""client-004"": 2.6066448263729223, ""client-005"": 6.065947381950447, ""client-006"": 2.6066448263729223, ""client-007"": 5.2132896527458445}"
sensorscope,30001,raven_wo_design,77,"[""client-000"", ""client-001"", ""client-007""]","[""client-000"", ""client-001"", ""client-002"", ""client-004"", ""client-006"", ""client-007""]","[""client-000"", ""client-001"", ""client-007""]","{""client-000"": 7.828983308254582, ""client-001"": 2.6096611027515273, ""client-002"": 7.160388884641794, ""client-004"": 4.266716366654492, ""client-006"": 3.037949614524269, ""client-007"": 2.6096611027515273}"
sensorscope,30001,raven_wo_design,78,"[""client-001""]","[""client-001"", ""client-002"", ""client-004"", ""client-006"", ""client-007""]","[""client-001""]","{""client-001"": 7.842945789689851, ""client-002"": 7.842945789689851, ""client-004"": 3.578883402825569, ""client-006"": 7.157766805651138, ""client-007"": 3.578883402825569}"
sensorscope,30001,raven_wo_design,79,"[""client-001"", ""client-002"", ""client-004"", ""client-006"", ""client-007""]","[""client-001"", ""client-002"", ""client-004"", ""client-006"", ""client-007""]","[""client-001"", ""client-002"", ""client-004"", ""client-006"", ""client-007""]","{""client-001"": 3.044873133861054, ""client-002"": 6.089746267722108, ""client-004"": 2.6145580058078894, ""client-006"": 2.6145580058078894, ""client-007"": 3.5898766836155844}"
sensorscope,30001,raven_wo_design,80,"[""client-004""]","[""client-001"", ""client-002"", ""client-003"", ""client-004"", ""client-005"", ""client-007""]","[""client-004""]","{""client-001"": 3.059156896953119, ""client-002"": 6.118313793906238, ""client-003"": 5.252391538995914, ""client-004"": 3.6073903313489866, ""client-005"": 2.626195769497957, ""client-007"": 6.118313793906238}"
sensorscope,30001,raven_wo_design,81,"[""client-004""]","[""client-001"", ""client-003"", ""client-004"", ""client-007""]","[""client-004""]","{""client-001"": 4.31213476302467, ""client-003"": 3.0670365184953523, ""client-004"": 5.265864938685604, ""client-007"": 9.201109555486056}"
sensorscope,30001,raven_wo_design,82,"[""client-003""]","[""client-002"", ""client-003"", ""client-005"", ""client-006""]","[""client-003""]","{""client-002"": 5.27804591551106, ""client-003"": 3.080121040317321, ""client-005"": 3.080121040317321, ""client-006"": 3.080121040317321}"
sensorscope,30001,raven_wo_design,83,"[""client-000"", ""client-001"", ""client-006""]","[""client-000"", ""client-001"", ""client-002"", ""client-003"", ""client-004"", ""client-005"", ""client-006"", ""client-007""]","[""client-000"", ""client-001"", ""client-006""]","{""client-000"": 3.0962307177172046, ""client-001"": 6.192461435434409, ""client-002"": 5.291633359023026, ""client-003"": 5.291633359023026, ""client-004"": 2.645816679511513, ""client-005"": 3.0962307177172046, ""client-006"": 6.192461435434409, ""client-007"": 7.937450038534538}"
sensorscope,30001,raven_wo_design,84,"[""client-000""]","[""client-000"", ""client-001"", ""client-003"", ""client-005""]","[""client-000""]","{""client-000"": 6.186071542293834, ""client-001"": 7.921175036000344, ""client-003"": 3.093035771146917, ""client-005"": 3.093035771146917}"
sensorscope,30001,raven_wo_design,85,"[""client-000"", ""client-002"", ""client-003"", ""client-006""]","[""client-000"", ""client-001"", ""client-002"", ""client-003"", ""client-004"", ""client-005"", ""client-006"", ""client-007""]","[""client-000"", ""client-002"", ""client-003"", ""client-006""]","{""client-000"": 9.298707262578526, ""client-001"": 5.27622829484655, ""client-002"": 6.199138175052351, ""client-003"": 3.0995690875261754, ""client-004"": 3.0995690875261754, ""client-005"": 6.199138175052351, ""client-006"": 2.638114147423275, ""client-007"": 5.27622829484655}"
sensorscope,30001,raven_wo_design,86,"[""client-005"", ""client-007""]","[""client-000"", ""client-001"", ""client-004"", ""client-005"", ""client-006"", ""client-007""]","[""client-005"", ""client-007""]","{""client-000"": 3.0933329385389836, ""client-001"": 3.0933329385389836, ""client-004"": 9.27999881561695, ""client-005"": 5.2591662403846495, ""client-006"": 3.0933329385389836, ""client-007"": 6.186665877077967}"
sensorscope,30001,raven_wo_design,87,"[""client-003"", ""client-005"", ""client-007""]","[""client-003"", ""client-004"", ""client-005"", ""client-006"", ""client-007""]","[""client-003"", ""client-005"", ""client-007""]","{""client-003"": 2.6278161355506615, ""client-004"": 6.191394076231599, ""client-005"": 6.191394076231599, ""client-006"": 3.0956970381157993, ""client-007"": 2.6278161355506615}"
sensorscope,30001,raven_wo_design,88,"[""client-001"", ""client-002"", ""client-003"", ""client-004""]","[""client-000"", ""client-001"", ""client-002"", ""client-003"", ""client-004"", ""client-005"", ""client-006""]","[""client-001"", ""client-002"", ""client-003"", ""client-004""]","{""client-000"": 6.210788812012491, ""client-001"": 3.1053944060062455, ""client-002"": 6.210788812012491, ""client-003"": 6.210788812012491, ""client-004"": 9.316183218018736, ""client-005"": 2.6260920006611643, ""client-006"": 6.210788812012491}"
sensorscope,30001,raven_wo_design,89,"[""client-003"", ""client-004""]","[""client-000"", ""client-002"", ""client-003"", ""client-004"", ""client-007""]","[""client-003"", ""client-004""]","{""client-000"": 6.190940788556135, ""client-002"": 5.233644664252807, ""client-003"": 2.6168223321264037, ""client-004"": 6.190940788556135, ""client-007"": 5.233644664252807}"
sensorscope,30001,raven_wo_design,90,"[""client-000"", ""client-002""]","[""client-000"", ""client-002"", ""client-004"", ""client-006"", ""client-007""]","[""client-000"", ""client-002""]","{""client-000"": 2.622091092412637, ""client-002"": 5.244182184825274, ""client-004"": 9.062620828829113, ""client-006"": 3.1023037162666247, ""client-007"": 4.531310414414556}"
sensorscope,30001,raven_wo_design,91,"[""client-001"", ""client-003"", ""client-004""]","[""client-000"", ""client-001"", ""client-002"", ""client-003"", ""client-004"", ""client-005"", ""client-007""]","[""client-001"", ""client-003"", ""client-004""]","{""client-000"": 5.2683541584606335, ""client-001"": 3.7256935156949886, ""client-002"": 6.221026353083075, ""client-003"": 3.1105131765415375, ""client-004"": 7.90253123769095, ""client-005"": 5.2683541584606335, ""client-007"": 7.451387031389977}"
sensorscope,30001,raven_wo_design,92,"[""client-004"", ""client-005""]","[""client-000"", ""client-001"", ""client-002"", ""client-003"", ""client-004"", ""client-005"", ""client-007""]","[""client-004"", ""client-005""]","{""client-000"": 2.6343198718742373, ""client-001"": 3.7118843327185695, ""client-002"": 5.268639743748475, ""client-003"": 5.268639743748475, ""client-004"": 3.105252112025152, ""client-005"": 2.6343198718742373, ""client-007"": 2.6343198718742373}"
sensorscope,30001,raven_wo_design,93,"[""client-000"", ""client-006""]","[""client-000"", ""client-001"", ""client-002"", ""client-004"", ""client-006"", ""client-007""]","[""client-000"", ""client-006""]","{""client-000"": 3.108974860466466, ""client-001"": 2.6364455403159432, ""client-002"": 6.217949720932932, ""client-004"": 2.6364455403159432, ""client-006"": 5.2728910806318865, ""client-007"": 7.4358973183071315}"
sensorscope,30001,raven_wo_design,94,"[""client-000"", ""client-003"", ""client-004"", ""client-005""]","[""client-000"", ""client-001"", ""client-003"", ""client-004"", ""client-005"", ""client-006"", ""client-007""]","[""client-000"", ""client-003"", ""client-004"", ""client-005""]","{""client-000"": 2.640481250306652, ""client-001"": 7.463708038187011, ""client-003"": 2.640481250306652, ""client-004"": 5.280962500613304, ""client-005"": 3.116968421327481, ""client-006"": 2.640481250306652, ""client-007"": 3.116968421327481}"
sensorscope,30001,raven_wo_design,95,"[""client-003"", ""client-004"", ""client-005""]","[""client-000"", ""client-002"", ""client-003"", ""client-004"", ""client-005""]","[""client-003"", ""client-004"", ""client-005""]","{""client-000"": 5.291390069502793, ""client-002"": 6.238587374736785, ""client-003"": 5.291390069502793, ""client-004"": 3.7291847143465455, ""client-005"": 6.238587374736785}"
sensorscope,30001,raven_wo_design,96,"[""client-003""]","[""client-000"", ""client-001"", ""client-003"", ""client-004"", ""client-005"", ""client-006""]","[""client-003""]","{""client-000"": 9.368635426490576, ""client-001"": 4.520387641040374, ""client-003"": 9.368635426490576, ""client-004"": 2.6485133048648724, ""client-005"": 2.6485133048648724, ""client-006"": 4.520387641040374}"
sensorscope,30001,raven_wo_design,97,"[""client-001"", ""client-003"", ""client-005""]","[""client-000"", ""client-001"", ""client-003"", ""client-004"", ""client-005"", ""client-007""]","[""client-001"", ""client-003"", ""client-005""]","{""client-000"": 2.6438986540039187, ""client-001"": 5.287797308007837, ""client-003"": 2.6438986540039187, ""client-004"": 2.6438986540039187, ""client-005"": 2.6438986540039187, ""client-007"": 6.243731117172935}"
sensorscope,30001,raven_wo_design,98,[],"[""client-001"", ""client-005"", ""client-006"", ""client-007""]",[],"{""client-001"": 7.946296925584937, ""client-005"": 2.6487656418616456, ""client-006"": 6.266302423067568, ""client-007"": 3.7598428641017785}"
sensorscope,30001,raven_wo_design,99,"[""client-001"", ""client-002"", ""client-003"", ""client-006""]","[""client-000"", ""client-001"", ""client-002"", ""client-003"", ""client-005"", ""client-006""]","[""client-001"", ""client-002"", ""client-003"", ""client-006""]","{""client-000"": 2.6485465984755066, ""client-001"": 7.945639795426519, ""client-002"": 4.629645095419294, ""client-003"": 3.7900362796364475, ""client-005"": 9.259290190838588, ""client-006"": 7.580072559272895}"
sensorscope,30001,raven_sag,0,"[""client-000"", ""client-001"", ""client-004"", ""client-005"", ""client-006"", ""client-007""]","[""client-000"", ""client-001"", ""client-003"", ""client-004"", ""client-005"", ""client-006"", ""client-007""]","[""client-000"", ""client-001"", ""client-004"", ""client-005"", ""client-006"", ""client-007""]","{""client-000"": 5.0, ""client-001"": 5.0, ""client-003"": 5.0, ""client-004"": 5.0, ""client-005"": 10.0, ""client-006"": 5.0, ""client-007"": 5.0}"
sensorscope,30001,raven_sag,1,"[""client-004"", ""client-007""]","[""client-000"", ""client-001"", ""client-003"", ""client-004"", ""client-007""]","[""client-004"", ""client-007""]","{""client-000"": 4.5072012233366845, ""client-001"": 7.91646319981251, ""client-003"": 3.958231599906255, ""client-004"": 9.014402446673369, ""client-007"": 3.958231599906255}"
sensorscope,30001,raven_sag,2,"[""client-000"", ""client-006"", ""client-007""]","[""client-000"", ""client-002"", ""client-004"", ""client-005"", ""client-006"", ""client-007""]","[""client-000"", ""client-006"", ""client-007""]","{""client-000"": 9.290575671817557, ""client-002"": 9.290575671817557, ""client-004"": 9.290575671817557, ""client-005"": 11.565640194287623, ""client-006"": 7.710426796191748, ""client-007"": 7.710426796191748}"
sensorscope,30001,raven_sag,3,"[""client-000"", ""client-003"", ""client-006""]","[""client-000"", ""client-001"", ""client-002"", ""client-003"", ""client-005"", ""client-006"", ""client-007""]","[""client-000"", ""client-003"", ""client-006""]","{""client-000"": 3.1752909971956944, ""client-001"": 4.057111789675923, ""client-002"": 5.296405633372252, ""client-003"": 7.038085172027558, ""client-005"": 10.592811266744503, ""client-006"": 8.114223579351846, ""client-007"": 5.296405633372252}"
sensorscope,30001,raven_sag,4,"[""client-000"", ""client-001"", ""client-005""]","[""client-000"", ""client-001"", ""client-003"", ""client-004"", ""client-005"", ""client-007""]","[""client-000"", ""client-001"", ""client-005""]","{""client-000"": 8.489093573556463, ""client-001"": 3.690864517962729, ""client-003"": 5.659395715704308, ""client-004"": 5.659395715704308, ""client-005"": 2.829697857852154, ""client-007"": 2.829697857852154}"
sensorscope,30001,raven_sag,5,"[""client-003"", ""client-004""]","[""client-000"", ""client-003"", ""client-004"", ""client-007""]","[""client-003"", ""client-004""]","{""client-000"": 3.6208647894727117, ""client-003"": 3.6208647894727117, ""client-004"": 2.6889742554542293, ""client-007"": 2.6889742554542293}"
sensorscope,30001,raven_sag,6,"[""client-002"", ""client-004""]","[""client-000"", ""client-002"", ""client-004"", ""client-006"", ""client-007""]","[""client-002"", ""client-004""]","{""client-000"": 2.7897422118070483, ""client-002"": 5.579484423614097, ""client-004"": 7.982755980772104, ""client-006"": 8.369226635421144, ""client-007"": 2.7897422118070483}"
sensorscope,30001,raven_sag,7,"[""client-000"", ""client-002"", ""client-003"", ""client-004""]","[""client-000"", ""client-001"", ""client-002"", ""client-003"", ""client-004"", ""client-006"", ""client-007""]","[""client-000"", ""client-002"", ""client-003"", ""client-004""]","{""client-000"": 4.108392718285883, ""client-001"": 16.43357087314353, ""client-002"": 4.108392718285883, ""client-003"": 4.108392718285883, ""client-004"": 8.216785436571765, ""client-006"": 4.108392718285883, ""client-007"": 6.382077530648486}"
sensorscope,30001,raven_sag,8,"[""client-001"", ""client-002"", ""client-003"", ""client-006""]","[""client-001"", ""client-002"", ""client-003"", ""client-004"", ""client-005"", ""client-006"", ""client-007""]","[""client-001"", ""client-002"", ""client-003"", ""client-006""]","{""client-001"": 11.628847446321895, ""client-002"": 11.628847446321895, ""client-003"": 3.8762824821072988, ""client-004"": 2.661544375894904, ""client-005"": 5.323088751789808, ""client-006"": 5.323088751789808, ""client-007"": 5.979103198746349}"
sensorscope,30001,raven_sag,9,"[""client-002"", ""client-004""]","[""client-001"", ""client-002"", ""client-003"", ""client-004"", ""client-005"", ""client-007""]","[""client-002"", ""client-004""]","{""client-001"": 8.761004078136104, ""client-002"": 7.715529047204625, ""client-003"": 3.676570890089611, ""client-004"": 2.571843015734875, ""client-005"": 8.761004078136104, ""client-007"": 5.557727239908709}"
sensorscope,30001,raven_sag,10,"[""client-000"", ""client-006"", ""client-007""]","[""client-000"", ""client-001"", ""client-002"", ""client-003"", ""client-006"", ""client-007""]","[""client-000"", ""client-006"", ""client-007""]","{""client-000"": 5.186028079041961, ""client-001"": 16.516326229645404, ""client-002"": 2.5930140395209804, ""client-003"": 7.779042118562941, ""client-006"": 10.922761179781958, ""client-007"": 2.5930140395209804}"
sensorscope,30001,raven_sag,11,"[""client-006"", ""client-007""]","[""client-000"", ""client-002"", ""client-003"", ""client-004"", ""client-005"", ""client-006"", ""client-007""]","[""client-006"", ""client-007""]","{""client-000"": 7.360231191441067, ""client-002"": 10.57937558037246, ""client-003"": 3.52645852679082, ""client-004"": 7.776976048119769, ""client-005"": 5.184650698746513, ""client-006"": 10.57937558037246, ""client-007"": 10.369301397493025}"
sensorscope,30001,raven_sag,12,"[""client-001"", ""client-002""]","[""client-000"", ""client-001"", ""client-002"", ""client-003"", ""client-005"", ""client-006"", ""client-007""]","[""client-001"", ""client-002""]","{""client-000"": 5.083675542322213, ""client-001"": 3.3610331001002, ""client-002"": 5.083675542322213, ""client-003"": 2.5418377711611067, ""client-005"": 7.62551331348332, ""client-006"": 5.083675542322213, ""client-007"": 2.5418377711611067}"
sensorscope,30001,raven_sag,13,"[""client-003"", ""client-006"", ""client-007""]","[""client-001"", ""client-003"", ""client-004"", ""client-005"", ""client-006"", ""client-007""]","[""client-003"", ""client-006"", ""client-007""]","{""client-001"": 6.604497650324211, ""client-003"": 2.4893650276949275, ""client-004"": 2.4893650276949275, ""client-005"": 6.604497650324211, ""client-006"": 9.906746475486315, ""client-007"": 2.4893650276949275}"
sensorscope,30001,raven_sag,14,"[""client-000"", ""client-003"", ""client-004"", ""client-006""]","[""client-000"", ""client-001"", ""client-002"", ""client-003"", ""client-004"", ""client-005"", ""client-006"", ""client-007""]","[""client-000"", ""client-003"", ""client-004"", ""client-006""]","{""client-000"": 2.514113220479022, ""client-001"": 7.542339661437067, ""client-002"": 9.97858134411878, ""client-003"": 9.97858134411878, ""client-004"": 5.028226440958044, ""client-005"": 9.14765241503688, ""client-006"": 3.3261937813729268, ""client-007"": 12.981229391824293}"
sensorscope,30001,raven_sag,15,"[""client-007""]","[""client-000"", ""client-001"", ""client-002"", ""client-003"", ""client-004"", ""client-005"", ""client-006"", ""client-007""]","[""client-007""]","{""client-000"": 2.4488030178036664, ""client-001"": 3.1637596053674297, ""client-002"": 6.3275192107348595, ""client-003"": 3.1637596053674297, ""client-004"": 9.795212071214666, ""client-005"": 2.4488030178036664, ""client-006"": 2.4488030178036664, ""client-007"": 6.3275192107348595}"
sensorscope,30001,raven_sag,16,"[""client-003"", ""client-005"", ""client-007""]","[""client-000"", ""client-001"", ""client-002"", ""client-003"", ""client-004"", ""client-005"", ""client-006"", ""client-007""]","[""client-003"", ""client-005"", ""client-007""]","{""client-000"": 8.14987417387442, ""client-001"": 2.448233524571925, ""client-002"": 2.448233524571925, ""client-003"": 3.110267038848876, ""client-004"": 6.220534077697752, ""client-005"": 5.480588434807571, ""client-006"": 3.110267038848876, ""client-007"": 4.89646704914385}"
sensorscope,30001,raven_sag,17,"[""client-000"", ""client-001"", ""client-003"", ""client-005""]","[""client-000"", ""client-001"", ""client-002"", ""client-003"", ""client-004"", ""client-005"", ""client-006"", ""client-007""]","[""client-000"", ""client-001"", ""client-003"", ""client-005""]","{""client-000"": 7.383753233468327, ""client-001"": 2.4612510778227756, ""client-002"": 4.922502155645551, ""client-003"": 2.4612510778227756, ""client-004"": 6.166721746974173, ""client-005"": 5.23490645785163, ""client-006"": 2.4612510778227756, ""client-007"": 4.922502155645551}"
sensorscope,30001,raven_sag,18,"[""client-000"", ""client-001""]","[""client-000"", ""client-001"", ""client-003"", ""client-004"", ""client-005"", ""client-006"", ""client-007""]","[""client-000"", ""client-001""]","{""client-000"": 6.11640878365767, ""client-001"": 4.9200066757550855, ""client-003"": 3.058204391828835, ""client-004"": 4.9200066757550855, ""client-005"": 3.058204391828835, ""client-006"": 3.058204391828835, ""client-007"": 3.058204391828835}"
sensorscope,30001,raven_sag,19,"[""client-004"", ""client-007""]","[""client-000"", ""client-002"", ""client-003"", ""client-004"", ""client-005"", ""client-007""]","[""client-004"", ""client-007""]","{""client-000"": 3.06813949484174, ""client-002"": 3.06813949484174, ""client-003"": 3.920577969321848, ""client-004"": 6.13627898968348, ""client-005"": 2.464504976430198, ""client-007"": 4.929009952860396}"
sensorscope,30001,raven_sag,20,"[""client-001"", ""client-002""]","[""client-000"", ""client-001"", ""client-002"", ""client-004"", ""client-005"", ""client-006"", ""client-007""]","[""client-001"", ""client-002""]","{""client-000"": 2.486347300793585, ""client-001"": 2.486347300793585, ""client-002"": 9.33647233461928, ""client-004"": 3.1121574448730933, ""client-005"": 2.486347300793585, ""client-006"": 2.486347300793585, ""client-007"": 6.224314889746187}"
sensorscope,30001,raven_sag,21,"[""client-000"", ""client-005"", ""client-006"", ""client-007""]","[""client-000"", ""client-001"", ""client-002"", ""client-003"", ""client-004"", ""client-005"", ""client-006"", ""client-007""]","[""client-000"", ""client-005"", ""client-006"", ""client-007""]","{""client-000"": 3.1328701080614905, ""client-001"": 3.1328701080614905, ""client-002"": 3.1328701080614905, ""client-003"": 7.514814016257143, ""client-004"": 5.009876010838095, ""client-005"": 7.514814016257143, ""client-006"": 3.1328701080614905, ""client-007"": 2.5049380054190475}"
sensorscope,30001,raven_sag,22,"[""client-004""]","[""client-001"", ""client-003"", ""client-004"", ""client-005"", ""client-006"", ""client-007""]","[""client-004""]","{""client-001"": 7.985428555094423, ""client-003"": 4.986967739906948, ""client-004"": 7.480451609860422, ""client-005"": 6.2282717513879, ""client-006"": 4.986967739906948, ""client-007"": 2.493483869953474}"
sensorscope,30001,raven_sag,23,"[""client-003"", ""client-007""]","[""client-001"", ""client-002"", ""client-003"", ""client-004"", ""client-005"", ""client-006"", ""client-007""]","[""client-003"", ""client-007""]","{""client-001"": 6.2126840945868835, ""client-002"": 3.9768231669700373, ""client-003"": 3.1063420472934418, ""client-004"": 3.1063420472934418, ""client-005"": 2.490406574842739, ""client-006"": 2.490406574842739, ""client-007"": 9.319026141880325}"
sensorscope,30001,raven_sag,24,"[""client-007""]","[""client-000"", ""client-001"", ""client-002"", ""client-004"", ""client-005"", ""client-006"", ""client-007""]","[""client-007""]","{""client-000"": 4.991448045076865, ""client-001"": 2.4957240225384325, ""client-002"": 5.255530405368789, ""client-004"": 4.991448045076865, ""client-005"": 3.1194290295037517, ""client-006"": 7.4871720676152975, ""client-007"": 2.4957240225384325}"
sensorscope,30001,raven_sag,25,"[""client-002"", ""client-003""]","[""client-000"", ""client-002"", ""client-003"", ""client-004"", ""client-007""]","[""client-002"", ""client-003""]","{""client-000"": 5.227707652014739, ""client-002"": 7.488077832037784, ""client-003"": 7.488077832037784, ""client-004"": 7.488077832037784, ""client-007"": 6.230169098677986}"
sensorscope,30001,raven_sag,26,"[""client-000"", ""client-004""]","[""client-000"", ""client-001"", ""client-002"", ""client-003"", ""client-004"", ""client-005""]","[""client-000"", ""client-004""]","{""client-000"": 2.487617770814728, ""client-001"": 2.487617770814728, ""client-002"": 3.1057869957365485, ""client-003"": 4.975235541629456, ""client-004"": 7.961664290934882, ""client-005"": 3.1057869957365485}"
sensorscope,30001,raven_sag,27,"[""client-002"", ""client-003"", ""client-004"", ""client-006""]","[""client-000"", ""client-002"", ""client-003"", ""client-004"", ""client-005"", ""client-006""]","[""client-002"", ""client-003"", ""client-004"", ""client-006""]","{""client-000"": 10.557169894467641, ""client-002"": 2.495378536157647, ""client-003"": 3.12292253981646, ""client-004"": 6.24584507963292, ""client-005"": 6.24584507963292, ""client-006"": 7.4861356084729405}"
sensorscope,30001,raven_sag,28,"[""client-005"", ""client-006"", ""client-007""]","[""client-000"", ""client-003"", ""client-004"", ""client-005"", ""client-006"", ""client-007""]","[""client-005"", ""client-006"", ""client-007""]","{""client-000"": 4.9936967623538, ""client-003"": 5.224691754352119, ""client-004"": 3.115356407640341, ""client-005"": 2.4968483811769, ""client-006"": 6.230712815280682, ""client-007"": 6.230712815280682}"
sensorscope,30001,raven_sag,29,"[""client-000"", ""client-001""]","[""client-000"", ""client-001"", ""client-003"", ""client-004"", ""client-005"", ""client-006"", ""client-007""]","[""client-000"", ""client-001""]","{""client-000"": 6.272867136839109, ""client-001"": 6.272867136839109, ""client-003"": 8.078402789414621, ""client-004"": 2.501824920263134, ""client-005"": 6.272867136839109, ""client-006"": 10.646882593614949, ""client-007"": 10.646882593614949}"
sensorscope,30001,raven_sag,30,"[""client-004"", ""client-006""]","[""client-000"", ""client-002"", ""client-004"", ""client-005"", ""client-006"", ""client-007""]","[""client-004"", ""client-006""]","{""client-000"": 6.1819847659784495, ""client-002"": 9.272977148967675, ""client-004"": 2.483470975802452, ""client-005"": 6.1819847659784495, ""client-006"": 9.272977148967675, ""client-007"": 2.483470975802452}"
sensorscope,30001,raven_sag,31,"[""client-002""]","[""client-000"", ""client-001"", ""client-002"", ""client-005"", ""client-006""]","[""client-002""]","{""client-000"": 2.489383763716221, ""client-001"": 7.468151291148663, ""client-002"": 4.955662791452275, ""client-005"": 3.062580135658708, ""client-006"": 2.489383763716221}"
sensorscope,30001,raven_sag,32,"[""client-000"", ""client-002"", ""client-003""]","[""client-000"", ""client-001"", ""client-002"", ""client-003"", ""client-005"", ""client-006"", ""client-007""]","[""client-000"", ""client-002"", ""client-003""]","{""client-000"": 6.169814524777858, ""client-001"": 3.084907262388929, ""client-002"": 2.511916543045804, ""client-003"": 5.023833086091608, ""client-005"": 3.084907262388929, ""client-006"": 4.964647577181315, ""client-007"": 4.964647577181315}"
sensorscope,30001,raven_sag,33,"[""client-002"", ""client-003"", ""client-004"", ""client-006""]","[""client-000"", ""client-001"", ""client-002"", ""client-003"", ""client-004"", ""client-005"", ""client-006"", ""client-007""]","[""client-002"", ""client-003"", ""client-004"", ""client-006""]","{""client-000"": 9.299974304949544, ""client-001"": 3.099991434983181, ""client-002"": 5.015203061727727, ""client-003"": 6.199982869966362, ""client-004"": 9.299974304949544, ""client-005"": 3.099991434983181, ""client-006"": 5.0374037436344015, ""client-007"": 3.099991434983181}"
sensorscope,30001,raven_sag,34,"[""client-000"", ""client-001"", ""client-004"", ""client-006""]","[""client-000"", ""client-001"", ""client-002"", ""client-004"", ""client-005"", ""client-006"", ""client-007""]","[""client-000"", ""client-001"", ""client-004"", ""client-006""]","{""client-000"": 6.127356543352701, ""client-001"": 2.4979652551498153, ""client-002"": 3.0636782716763507, ""client-004"": 3.0636782716763507, ""client-005"": 6.127356543352701, ""client-006"": 6.127356543352701, ""client-007"": 4.91671971739306}"
sensorscope,30001,raven_sag,35,"[""client-007""]","[""client-001"", ""client-002"", ""client-005"", ""client-006"", ""client-007""]","[""client-007""]","{""client-001"": 2.496630979620533, ""client-002"": 3.065040868901738, ""client-005"": 2.496630979620533, ""client-006"": 3.8493288247418684, ""client-007"": 4.993261959241066}"
sensorscope,30001,raven_sag,36,"[""client-000""]","[""client-000"", ""client-001"", ""client-003"", ""client-005"", ""client-006"", ""client-007""]","[""client-000""]","{""client-000"": 2.519119704737767, ""client-001"": 2.519119704737767, ""client-003"": 10.076478818951069, ""client-005"": 2.519119704737767, ""client-006"": 5.027158844897327, ""client-007"": 9.307377716440893}"
sensorscope,30001,raven_sag,37,"[""client-001"", ""client-005""]","[""client-001"", ""client-002"", ""client-004"", ""client-005"", ""client-006""]","[""client-001"", ""client-005""]","{""client-001"": 5.050401824906444, ""client-002"": 5.050401824906444, ""client-004"": 3.109626962142592, ""client-005"": 3.109626962142592, ""client-006"": 7.575602737359667}"
sensorscope,30001,raven_sag,38,"[""client-007""]","[""client-002"", ""client-003"", ""client-004"", ""client-005"", ""client-006"", ""client-007""]","[""client-007""]","{""client-002"": 2.5383647731825683, ""client-003"": 6.238341941489614, ""client-004"": 10.042838186727428, ""client-005"": 3.119170970744807, ""client-006"": 5.021419093363714, ""client-007"": 2.5383647731825683}"
sensorscope,30001,raven_sag,39,"[""client-000"", ""client-002"", ""client-004""]","[""client-000"", ""client-002"", ""client-003"", ""client-004"", ""client-005"", ""client-007""]","[""client-000"", ""client-002"", ""client-004""]","{""client-000"": 6.259075109161416, ""client-002"": 5.10722013786893, ""client-003"": 5.10722013786893, ""client-004"": 5.10722013786893, ""client-005"": 3.129537554580708, ""client-007"": 5.001030439166974}"
sensorscope,30001,raven_sag,40,"[""client-000"", ""client-001"", ""client-004""]","[""client-000"", ""client-001"", ""client-002"", ""client-003"", ""client-004""]","[""client-000"", ""client-001"", ""client-004""]","{""client-000"": 2.565063656968553, ""client-001"": 3.1338546928311812, ""client-002"": 3.9093614370531307, ""client-003"": 2.565063656968553, ""client-004"": 6.2677093856623625}"
sensorscope,30001,raven_sag,41,"[""client-002"", ""client-005"", ""client-006"", ""client-007""]","[""client-000"", ""client-001"", ""client-002"", ""client-003"", ""client-004"", ""client-005"", ""client-006"", ""client-007""]","[""client-002"", ""client-005"", ""client-006"", ""client-007""]","{""client-000"": 9.47689225095684, ""client-001"": 3.1589640836522803, ""client-002"": 3.1589640836522803, ""client-003"": 4.98976904393562, ""client-004"": 5.176319960179496, ""client-005"": 2.588159980089748, ""client-006"": 5.176319960179496, ""client-007"": 6.317928167304561}"
sensorscope,30001,raven_sag,42,"[""client-000"", ""client-001"", ""client-002""]","[""client-000"", ""client-001"", ""client-002"", ""client-003"", ""client-004"", ""client-005"", ""client-006""]","[""client-000"", ""client-001"", ""client-002""]","{""client-000"": 6.3029670861946805, ""client-001"": 3.1514835430973402, ""client-002"": 7.753859951536564, ""client-003"": 6.3029670861946805, ""client-004"": 6.3029670861946805, ""client-005"": 4.966101535185609, ""client-006"": 3.1514835430973402}"
sensorscope,30001,raven_sag,43,[],"[""client-000"", ""client-001"", ""client-003"", ""client-005"", ""client-007""]",[],"{""client-000"": 6.259308814470968, ""client-001"": 9.833146627416308, ""client-003"": 4.916573313708154, ""client-005"": 5.140802048586213, ""client-007"": 3.8880698777556355}"
sensorscope,30001,raven_sag,44,"[""client-003"", ""client-004""]","[""client-000"", ""client-001"", ""client-002"", ""client-003"", ""client-004"", ""client-006""]","[""client-003"", ""client-004""]","{""client-000"": 9.820135107060132, ""client-001"": 5.15773949581814, ""client-002"": 9.408359650401705, ""client-003"": 12.54447953386894, ""client-004"": 2.57886974790907, ""client-006"": 3.136119883467235}"
sensorscope,30001,raven_sag,45,"[""client-002"", ""client-004""]","[""client-002"", ""client-003"", ""client-004"", ""client-005"", ""client-006""]","[""client-002"", ""client-004""]","{""client-002"": 2.571294263058048, ""client-003"": 5.142588526116096, ""client-004"": 9.33018714088432, ""client-005"": 2.571294263058048, ""client-006"": 5.142588526116096}"
sensorscope,30001,raven_sag,46,"[""client-001"", ""client-002"", ""client-005""]","[""client-000"", ""client-001"", ""client-002"", ""client-003"", ""client-004"", ""client-005"", ""client-006"", ""client-007""]","[""client-001"", ""client-002"", ""client-005""]","{""client-000"": 2.597253094296975, ""client-001"": 5.19450618859395, ""client-002"": 10.3890123771879, ""client-003"": 3.126102010137939, ""client-004"": 9.378306030413817, ""client-005"": 2.597253094296975, ""client-006"": 5.19450618859395, ""client-007"": 5.19450618859395}"
sensorscope,30001,raven_sag,47,"[""client-002"", ""client-006""]","[""client-001"", ""client-002"", ""client-005"", ""client-006"", ""client-007""]","[""client-002"", ""client-006""]","{""client-001"": 6.214345087126075, ""client-002"": 6.214345087126075, ""client-005"": 2.5932978374713613, ""client-006"": 3.1071725435630375, ""client-007"": 7.779893512414084}"
sensorscope,30001,raven_sag,48,"[""client-000"", ""client-001"", ""client-002"", ""client-006"", ""client-007""]","[""client-000"", ""client-001"", ""client-002"", ""client-003"", ""client-005"", ""client-006"", ""client-007""]","[""client-000"", ""client-001"", ""client-002"", ""client-006"", ""client-007""]","{""client-000"": 5.200131686566581, ""client-001"": 2.6000658432832906, ""client-002"": 9.430908304671759, ""client-003"": 4.715454152335879, ""client-005"": 2.6000658432832906, ""client-006"": 3.118828821391189, ""client-007"": 2.6000658432832906}"
sensorscope,30001,raven_sag,49,"[""client-004"", ""client-005""]","[""client-000"", ""client-003"", ""client-004"", ""client-005"", ""client-006"", ""client-007""]","[""client-004"", ""client-005""]","{""client-000"": 2.6014902253409744, ""client-003"": 5.202980450681949, ""client-004"": 10.405960901363898, ""client-005"": 2.6014902253409744, ""client-006"": 6.234286421674045, ""client-007"": 3.1171432108370225}"
sensorscope,30001,raven_sag,50,"[""client-001"", ""client-006""]","[""client-001"", ""client-002"", ""client-003"", ""client-004"", ""client-006"", ""client-007""]","[""client-001"", ""client-006""]","{""client-001"": 5.204497707882163, ""client-002"": 9.464784644874797, ""client-003"": 9.464784644874797, ""client-004"": 2.6022488539410813, ""client-006"": 5.204497707882163, ""client-007"": 3.8155820089443195}"
sensorscope,30001,raven_sag,51,"[""client-001"", ""client-002"", ""client-004"", ""client-007""]","[""client-000"", ""client-001"", ""client-002"", ""client-004"", ""client-005"", ""client-006"", ""client-007""]","[""client-001"", ""client-002"", ""client-004"", ""client-007""]","{""client-000"": 12.462745263426877, ""client-001"": 5.197414196046704, ""client-002"": 6.231372631713438, ""client-004"": 2.598707098023352, ""client-005"": 3.115686315856719, ""client-006"": 3.799842818385982, ""client-007"": 6.231372631713438}"
sensorscope,30001,raven_sag,52,"[""client-001"", ""client-005"", ""client-007""]","[""client-001"", ""client-002"", ""client-003"", ""client-005"", ""client-007""]","[""client-001"", ""client-005"", ""client-007""]","{""client-001"": 2.595376760529974, ""client-002"": 5.190753521059948, ""client-003"": 3.7706740181266913, ""client-005"": 7.541348036253383, ""client-007"": 6.204887127866111}"
sensorscope,30001,raven_sag,53,"[""client-002"", ""client-003"", ""client-006"", ""client-007""]","[""client-000"", ""client-002"", ""client-003"", ""client-006"", ""client-007""]","[""client-002"", ""client-003"", ""client-006"", ""client-007""]","{""client-000"": 2.6031408873234287, ""client-002"": 7.809422661970286, ""client-003"": 9.340761791567012, ""client-006"": 3.1135872638556705, ""client-007"": 2.6031408873234287}"
sensorscope,30001,raven_sag,54,"[""client-000"", ""client-005""]","[""client-000"", ""client-002"", ""client-003"", ""client-004"", ""client-005"", ""client-007""]","[""client-000"", ""client-005""]","{""client-000"": 3.1216980156627776, ""client-002"": 3.8015295509025053, ""client-003"": 5.213674807190372, ""client-004"": 6.243396031325555, ""client-005"": 5.213674807190372, ""client-007"": 3.8015295509025053}"
sensorscope,30001,raven_sag,55,"[""client-004"", ""client-005""]","[""client-000"", ""client-001"", ""client-002"", ""client-004"", ""client-005"", ""client-006"", ""client-007""]","[""client-004"", ""client-005""]","{""client-000"": 5.225206848859308, ""client-001"": 3.13135841677081, ""client-002"": 9.446364742828948, ""client-004"": 6.26271683354162, ""client-005"": 3.13135841677081, ""client-006"": 3.8169906078095006, ""client-007"": 2.612603424429654}"
sensorscope,30001,raven_sag,56,"[""client-001"", ""client-005""]","[""client-000"", ""client-001"", ""client-002"", ""client-003"", ""client-004"", ""client-005"", ""client-006"", ""client-007""]","[""client-001"", ""client-005""]","{""client-000"": 5.221314059820055, ""client-001"": 3.8127415460321994, ""client-002"": 5.221314059820055, ""client-003"": 7.625483092064399, ""client-004"": 9.385394075539178, ""client-005"": 9.385394075539178, ""client-006"": 4.71700551814771, ""client-007"": 2.6106570299100276}"
sensorscope,30001,raven_sag,57,"[""client-000"", ""client-002"", ""client-004""]","[""client-000"", ""client-002"", ""client-003"", ""client-004"", ""client-005"", ""client-006"", ""client-007""]","[""client-000"", ""client-002"", ""client-004""]","{""client-000"": 9.308840549330352, ""client-002"": 3.1029468497767843, ""client-003"": 3.1029468497767843, ""client-004"": 2.5960893026574605, ""client-005"": 3.1029468497767843, ""client-006"": 9.308840549330352, ""client-007"": 9.308840549330352}"
sensorscope,30001,raven_sag,58,"[""client-000"", ""client-003"", ""client-004"", ""client-005""]","[""client-000"", ""client-001"", ""client-003"", ""client-004"", ""client-005"", ""client-006"", ""client-007""]","[""client-000"", ""client-003"", ""client-004"", ""client-005""]","{""client-000"": 6.188890567936831, ""client-001"": 6.188890567936831, ""client-003"": 9.253131083934345, ""client-004"": 6.188890567936831, ""client-005"": 6.188890567936831, ""client-006"": 5.1833600303477185, ""client-007"": 4.626565541967173}"
sensorscope,30001,raven_sag,59,"[""client-001"", ""client-004"", ""client-005"", ""client-007""]","[""client-000"", ""client-001"", ""client-002"", ""client-003"", ""client-004"", ""client-005"", ""client-006"", ""client-007""]","[""client-001"", ""client-004"", ""client-005"", ""client-007""]","{""client-000"": 2.583188375230259, ""client-001"": 5.166376750460518, ""client-002"": 2.583188375230259, ""client-003"": 2.583188375230259, ""client-004"": 6.1404205592979135, ""client-005"": 2.583188375230259, ""client-006"": 3.0702102796489568, ""client-007"": 4.539795701593422}"
sensorscope,30001,raven_sag,60,[],"[""client-001"", ""client-002"", ""client-003"", ""client-004"", ""client-005""]",[],"{""client-001"": 6.144478061075176, ""client-002"": 12.288956122150353, ""client-003"": 3.072239030537588, ""client-004"": 6.144478061075176, ""client-005"": 4.51348944439682}"
sensorscope,30001,raven_sag,61,"[""client-000"", ""client-002"", ""client-007""]","[""client-000"", ""client-002"", ""client-007""]","[""client-000"", ""client-002"", ""client-007""]","{""client-000"": 2.589876567661828, ""client-002"": 2.589876567661828, ""client-007"": 9.201703403438232}"
sensorscope,30001,raven_sag,62,"[""client-001"", ""client-006""]","[""client-000"", ""client-001"", ""client-002"", ""client-003"", ""client-004"", ""client-006"", ""client-007""]","[""client-001"", ""client-006""]","{""client-000"": 6.198979166468615, ""client-001"": 2.6162550989226787, ""client-002"": 2.6162550989226787, ""client-003"": 3.0994895832343077, ""client-004"": 7.45440693495407, ""client-006"": 13.627781360402258, ""client-007"": 3.0994895832343077}"
sensorscope,30001,raven_sag,63,"[""client-000"", ""client-004""]","[""client-000"", ""client-001"", ""client-002"", ""client-003"", ""client-004"", ""client-005"", ""client-006"", ""client-007""]","[""client-000"", ""client-004""]","{""client-000"": 6.181061189963944, ""client-001"": 8.979401703544221, ""client-002"": 11.102958569663196, ""client-003"": 4.489700851772111, ""client-004"": 2.618045358735186, ""client-005"": 4.489700851772111, ""client-006"": 3.090530594981972, ""client-007"": 6.181061189963944}"
sensorscope,30001,raven_sag,64,"[""client-002""]","[""client-000"", ""client-002"", ""client-003"", ""client-005"", ""client-006"", ""client-007""]","[""client-002""]","{""client-000"": 4.366207329613937, ""client-002"": 5.2398459718438595, ""client-003"": 5.2398459718438595, ""client-005"": 2.6199229859219297, ""client-006"": 3.0671716123183885, ""client-007"": 4.366207329613937}"
sensorscope,30001,raven_sag,65,"[""client-001"", ""client-007""]","[""client-000"", ""client-001"", ""client-002"", ""client-007""]","[""client-001"", ""client-007""]","{""client-000"": 2.636921722367192, ""client-001"": 3.0760566000551193, ""client-002"": 3.0760566000551193, ""client-007"": 4.339348498933984}"
sensorscope,30001,raven_sag,66,"[""client-002"", ""client-006""]","[""client-000"", ""client-002"", ""client-003"", ""client-005"", ""client-006"", ""client-007""]","[""client-002"", ""client-006""]","{""client-000"": 2.66310927505363, ""client-002"": 5.32621855010726, ""client-003"": 3.1013337596056507, ""client-005"": 9.304001278816951, ""client-006"": 2.66310927505363, ""client-007"": 7.98932782516089}"
sensorscope,30001,raven_sag,67,"[""client-002"", ""client-005"", ""client-007""]","[""client-000"", ""client-001"", ""client-002"", ""client-003"", ""client-004"", ""client-005"", ""client-006"", ""client-007""]","[""client-002"", ""client-005"", ""client-007""]","{""client-000"": 3.1089173985650067, ""client-001"": 8.025647342439138, ""client-002"": 3.1089173985650067, ""client-003"": 5.350431561626092, ""client-004"": 6.217834797130013, ""client-005"": 2.675215780813046, ""client-006"": 13.026709974606979, ""client-007"": 6.217834797130013}"
sensorscope,30001,raven_sag,68,"[""client-000"", ""client-002"", ""client-003"", ""client-006""]","[""client-000"", ""client-001"", ""client-002"", ""client-003"", ""client-005"", ""client-006""]","[""client-000"", ""client-002"", ""client-003"", ""client-006""]","{""client-000"": 2.662464422135116, ""client-001"": 5.324928844270232, ""client-002"": 6.17704542714808, ""client-003"": 2.662464422135116, ""client-005"": 3.08852271357404, ""client-006"": 9.26556814072212}"
sensorscope,30001,raven_sag,69,"[""client-000"", ""client-002"", ""client-006"", ""client-007""]","[""client-000"", ""client-001"", ""client-002"", ""client-003"", ""client-004"", ""client-006"", ""client-007""]","[""client-000"", ""client-002"", ""client-006"", ""client-007""]","{""client-000"": 9.257548297835196, ""client-001"": 3.6106664804389452, ""client-002"": 2.666535303580857, ""client-003"": 2.666535303580857, ""client-004"": 4.267531858017936, ""client-006"": 9.257548297835196, ""client-007"": 6.171698865223464}"
sensorscope,30001,raven_sag,70,"[""client-001"", ""client-002""]","[""client-000"", ""client-001"", ""client-002"", ""client-004"", ""client-005"", ""client-007""]","[""client-001"", ""client-002""]","{""client-000"": 12.326118883596688, ""client-001"": 6.163059441798344, ""client-002"": 5.337460474764242, ""client-004"": 5.337460474764242, ""client-005"": 8.006190712146363, ""client-007"": 4.238736218794816}"
sensorscope,30001,raven_sag,71,"[""client-000"", ""client-003"", ""client-005"", ""client-007""]","[""client-000"", ""client-002"", ""client-003"", ""client-004"", ""client-005"", ""client-006"", ""client-007""]","[""client-000"", ""client-003"", ""client-005"", ""client-007""]","{""client-000"": 3.066536837197287, ""client-002"": 6.133073674394574, ""client-003"": 5.309609388610582, ""client-004"": 5.309609388610582, ""client-005"": 5.309609388610582, ""client-006"": 4.2228193704098835, ""client-007"": 7.964414082915873}"
sensorscope,30001,raven_sag,72,"[""client-004"", ""client-005"", ""client-006"", ""client-007""]","[""client-000"", ""client-001"", ""client-002"", ""client-004"", ""client-005"", ""client-006"", ""client-007""]","[""client-004"", ""client-005"", ""client-006"", ""client-007""]","{""client-000"": 9.187888249506946, ""client-001"": 6.12525883300463, ""client-002"": 10.587231707421363, ""client-004"": 6.12525883300463, ""client-005"": 5.293615853710682, ""client-006"": 6.12525883300463, ""client-007"": 3.062629416502315}"
sensorscope,30001,raven_sag,73,"[""client-001"", ""client-004""]","[""client-000"", ""client-001"", ""client-002"", ""client-004"", ""client-005"", ""client-006"", ""client-007""]","[""client-001"", ""client-004""]","{""client-000"": 5.248129223145876, ""client-001"": 2.624064611572938, ""client-002"": 3.565687360919768, ""client-004"": 6.082568822312618, ""client-005"": 6.082568822312618, ""client-006"": 2.624064611572938, ""client-007"": 2.624064611572938}"
sensorscope,30001,raven_sag,74,"[""client-000"", ""client-005"", ""client-007""]","[""client-000"", ""client-001"", ""client-002"", ""client-003"", ""client-004"", ""client-005"", ""client-006"", ""client-007""]","[""client-000"", ""client-005"", ""client-007""]","{""client-000"": 7.852618235541964, ""client-001"": 3.580546669501817, ""client-002"": 2.6175394118473214, ""client-003"": 9.129210673347327, ""client-004"": 6.0861404488982185, ""client-005"": 6.0861404488982185, ""client-006"": 8.518837222320641, ""client-007"": 2.6175394118473214}"
sensorscope,30001,raven_sag,75,"[""client-000"", ""client-001"", ""client-005""]","[""client-000"", ""client-001"", ""client-002"", ""client-003"", ""client-005"", ""client-006""]","[""client-000"", ""client-001"", ""client-005""]","{""client-000"": 6.052377619060798, ""client-001"": 3.026188809530399, ""client-002"": 3.026188809530399, ""client-003"": 5.206382718448969, ""client-005"": 3.026188809530399, ""client-006"": 2.6031913592244846}"
sensorscope,30001,raven_sag,76,"[""client-002"", ""client-005"", ""client-006""]","[""client-000"", ""client-002"", ""client-003"", ""client-004"", ""client-005"", ""client-006"", ""client-007""]","[""client-002"", ""client-005"", ""client-006""]","{""client-000"": 6.065947381950447, ""client-002"": 5.2132896527458445, ""client-003"": 2.6066448263729223, ""client-004"": 2.6066448263729223, ""client-005"": 6.065947381950447, ""client-006"": 2.6066448263729223, ""client-007"": 5.2132896527458445}"
sensorscope,30001,raven_sag,77,"[""client-000"", ""client-001"", ""client-007""]","[""client-000"", ""client-001"", ""client-002"", ""client-004"", ""client-006"", ""client-007""]","[""client-000"", ""client-001"", ""client-007""]","{""client-000"": 7.828983308254582, ""client-001"": 2.6096611027515273, ""client-002"": 7.160388884641794, ""client-004"": 4.266716366654492, ""client-006"": 3.037949614524269, ""client-007"": 2.6096611027515273}"
sensorscope,30001,raven_sag,78,"[""client-001""]","[""client-001"", ""client-002"", ""client-004"", ""client-006"", ""client-007""]","[""client-001""]","{""client-001"": 7.842945789689851, ""client-002"": 7.842945789689851, ""client-004"": 3.578883402825569, ""client-006"": 7.157766805651138, ""client-007"": 3.578883402825569}"
sensorscope,30001,raven_sag,79,"[""client-001"", ""client-002"", ""client-004"", ""client-006"", ""client-007""]","[""client-001"", ""client-002"", ""client-004"", ""client-006"", ""client-007""]","[""client-001"", ""client-002"", ""client-004"", ""client-006"", ""client-007""]","{""client-001"": 3.044873133861054, ""client-002"": 6.089746267722108, ""client-004"": 2.6145580058078894, ""client-006"": 2.6145580058078894, ""client-007"": 3.5898766836155844}"
sensorscope,30001,raven_sag,80,"[""client-004""]","[""client-001"", ""client-002"", ""client-003"", ""client-004"", ""client-005"", ""client-007""]","[""client-004""]","{""client-001"": 3.059156896953119, ""client-002"": 6.118313793906238, ""client-003"": 5.252391538995914, ""client-004"": 3.6073903313489866, ""client-005"": 2.626195769497957, ""client-007"": 6.118313793906238}"
sensorscope,30001,raven_sag,81,"[""client-004""]","[""client-001"", ""client-003"", ""client-004"", ""client-007""]","[""client-004""]","{""client-001"": 4.31213476302467, ""client-003"": 3.0670365184953523, ""client-004"": 5.265864938685604, ""client-007"": 9.201109555486056}"
sensorscope,30001,raven_sag,82,"[""client-003""]","[""client-002"", ""client-003"", ""client-005"", ""client-006""]","[""client-003""]","{""client-002"": 5.27804591551106, ""client-003"": 3.080121040317321, ""client-005"": 3.080121040317321, ""client-006"": 3.080121040317321}"
sensorscope,30001,raven_sag,83,"[""client-000"", ""client-001"", ""client-006""]","[""client-000"", ""client-001"", ""client-002"", ""client-003"", ""client-004"", ""client-005"", ""client-006"", ""client-007""]","[""client-000"", ""client-001"", ""client-006""]","{""client-000"": 3.0962307177172046, ""client-001"": 6.192461435434409, ""client-002"": 5.291633359023026, ""client-003"": 5.291633359023026, ""client-004"": 2.645816679511513, ""client-005"": 3.0962307177172046, ""client-006"": 6.192461435434409, ""client-007"": 7.937450038534538}"
sensorscope,30001,raven_sag,84,"[""client-000""]","[""client-000"", ""client-001"", ""client-003"", ""client-005""]","[""client-000""]","{""client-000"": 6.186071542293834, ""client-001"": 7.921175036000344, ""client-003"": 3.093035771146917, ""client-005"": 3.093035771146917}"
sensorscope,30001,raven_sag,85,"[""client-000"", ""client-002"", ""client-003"", ""client-006""]","[""client-000"", ""client-001"", ""client-002"", ""client-003"", ""client-004"", ""client-005"", ""client-006"", ""client-007""]","[""client-000"", ""client-002"", ""client-003"", ""client-006""]","{""client-000"": 9.298707262578526, ""client-001"": 5.27622829484655, ""client-002"": 6.199138175052351, ""client-003"": 3.0995690875261754, ""client-004"": 3.0995690875261754, ""client-005"": 6.199138175052351, ""client-006"": 2.638114147423275, ""client-007"": 5.27622829484655}"
sensorscope,30001,raven_sag,86,"[""client-005"", ""client-007""]","[""client-000"", ""client-001"", ""client-004"", ""client-005"", ""client-006"", ""client-007""]","[""client-005"", ""client-007""]","{""client-000"": 3.0933329385389836, ""client-001"": 3.0933329385389836, ""client-004"": 9.27999881561695, ""client-005"": 5.2591662403846495, ""client-006"": 3.0933329385389836, ""client-007"": 6.186665877077967}"
sensorscope,30001,raven_sag,87,"[""client-003"", ""client-005"", ""client-007""]","[""client-003"", ""client-004"", ""client-005"", ""client-006"", ""client-007""]","[""client-003"", ""client-005"", ""client-007""]","{""client-003"": 2.6278161355506615, ""client-004"": 6.191394076231599, ""client-005"": 6.191394076231599, ""client-006"": 3.0956970381157993, ""client-007"": 2.6278161355506615}"
sensorscope,30001,raven_sag,88,"[""client-001"", ""client-002"", ""client-003"", ""client-004""]","[""client-000"", ""client-001"", ""client-002"", ""client-003"", ""client-004"", ""client-005"", ""client-006""]","[""client-001"", ""client-002"", ""client-003"", ""client-004""]","{""client-000"": 6.210788812012491, ""client-001"": 3.1053944060062455, ""client-002"": 6.210788812012491, ""client-003"": 6.210788812012491, ""client-004"": 9.316183218018736, ""client-005"": 2.6260920006611643, ""client-006"": 6.210788812012491}"
sensorscope,30001,raven_sag,89,"[""client-003"", ""client-004""]","[""client-000"", ""client-002"", ""client-003"", ""client-004"", ""client-007""]","[""client-003"", ""client-004""]","{""client-000"": 6.190940788556135, ""client-002"": 5.233644664252807, ""client-003"": 2.6168223321264037, ""client-004"": 6.190940788556135, ""client-007"": 5.233644664252807}"
sensorscope,30001,raven_sag,90,"[""client-000"", ""client-002""]","[""client-000"", ""client-002"", ""client-004"", ""client-006"", ""client-007""]","[""client-000"", ""client-002""]","{""client-000"": 2.622091092412637, ""client-002"": 5.244182184825274, ""client-004"": 9.062620828829113, ""client-006"": 3.1023037162666247, ""client-007"": 4.531310414414556}"
sensorscope,30001,raven_sag,91,"[""client-001"", ""client-003"", ""client-004""]","[""client-000"", ""client-001"", ""client-002"", ""client-003"", ""client-004"", ""client-005"", ""client-007""]","[""client-001"", ""client-003"", ""client-004""]","{""client-000"": 5.2683541584606335, ""client-001"": 3.7256935156949886, ""client-002"": 6.221026353083075, ""client-003"": 3.1105131765415375, ""client-004"": 7.90253123769095, ""client-005"": 5.2683541584606335, ""client-007"": 7.451387031389977}"
sensorscope,30001,raven_sag,92,"[""client-004"", ""client-005""]","[""client-000"", ""client-001"", ""client-002"", ""client-003"", ""client-004"", ""client-005"", ""client-007""]","[""client-004"", ""client-005""]","{""client-000"": 2.6343198718742373, ""client-001"": 3.7118843327185695, ""client-002"": 5.268639743748475, ""client-003"": 5.268639743748475, ""client-004"": 3.105252112025152, ""client-005"": 2.6343198718742373, ""client-007"": 2.6343198718742373}"
sensorscope,30001,raven_sag,93,"[""client-000"", ""client-006""]","[""client-000"", ""client-001"", ""client-002"", ""client-004"", ""client-006"", ""client-007""]","[""client-000"", ""client-006""]","{""client-000"": 3.108974860466466, ""client-001"": 2.6364455403159432, ""client-002"": 6.217949720932932, ""client-004"": 2.6364455403159432, ""client-006"": 5.2728910806318865, ""client-007"": 7.4358973183071315}"
sensorscope,30001,raven_sag,94,"[""client-000"", ""client-003"", ""client-004"", ""client-005""]","[""client-000"", ""client-001"", ""client-003"", ""client-004"", ""client-005"", ""client-006"", ""client-007""]","[""client-000"", ""client-003"", ""client-004"", ""client-005""]","{""client-000"": 2.640481250306652, ""client-001"": 7.463708038187011, ""client-003"": 2.640481250306652, ""client-004"": 5.280962500613304, ""client-005"": 3.116968421327481, ""client-006"": 2.640481250306652, ""client-007"": 3.116968421327481}"
sensorscope,30001,raven_sag,95,"[""client-003"", ""client-004"", ""client-005""]","[""client-000"", ""client-002"", ""client-003"", ""client-004"", ""client-005""]","[""client-003"", ""client-004"", ""client-005""]","{""client-000"": 5.291390069502793, ""client-002"": 6.238587374736785, ""client-003"": 5.291390069502793, ""client-004"": 3.7291847143465455, ""client-005"": 6.238587374736785}"
sensorscope,30001,raven_sag,96,"[""client-003""]","[""client-000"", ""client-001"", ""client-003"", ""client-004"", ""client-005"", ""client-006""]","[""client-003""]","{""client-000"": 9.368635426490576, ""client-001"": 4.520387641040374, ""client-003"": 9.368635426490576, ""client-004"": 2.6485133048648724, ""client-005"": 2.6485133048648724, ""client-006"": 4.520387641040374}"
sensorscope,30001,raven_sag,97,"[""client-001"", ""client-003"", ""client-005""]","[""client-000"", ""client-001"", ""client-003"", ""client-004"", ""client-005"", ""client-007""]","[""client-001"", ""client-003"", ""client-005""]","{""client-000"": 2.6438986540039187, ""client-001"": 5.287797308007837, ""client-003"": 2.6438986540039187, ""client-004"": 2.6438986540039187, ""client-005"": 2.6438986540039187, ""client-007"": 6.243731117172935}"
sensorscope,30001,raven_sag,98,[],"[""client-001"", ""client-005"", ""client-006"", ""client-007""]",[],"{""client-001"": 7.946296925584937, ""client-005"": 2.6487656418616456, ""client-006"": 6.266302423067568, ""client-007"": 3.7598428641017785}"
sensorscope,30001,raven_sag,99,"[""client-001"", ""client-002"", ""client-003"", ""client-006""]","[""client-000"", ""client-001"", ""client-002"", ""client-003"", ""client-005"", ""client-006""]","[""client-001"", ""client-002"", ""client-003"", ""client-006""]","{""client-000"": 2.6485465984755066, ""client-001"": 7.945639795426519, ""client-002"": 4.629645095419294, ""client-003"": 3.7900362796364475, ""client-005"": 9.259290190838588, ""client-006"": 7.580072559272895}"
sensorscope,30002,raven,0,"[""client-000"", ""client-001"", ""client-003"", ""client-005"", ""client-006"", ""client-007""]","[""client-000"", ""client-001"", ""client-003"", ""client-004"", ""client-005"", ""client-006"", ""client-007""]","[""client-000"", ""client-001"", ""client-003"", ""client-005"", ""client-006"", ""client-007""]","{""client-000"": 7.968029709585687, ""client-001"": 6.519297035115562, ""client-003"": 13.038594070231124, ""client-004"": 18.962152078431224, ""client-005"": 5.7949306978805, ""client-006"": 17.698008606535804, ""client-007"": 5.7949306978805}"
sensorscope,30002,raven,1,"[""client-001"", ""client-003""]","[""client-000"", ""client-001"", ""client-002"", ""client-003"", ""client-005"", ""client-006"", ""client-007""]","[""client-001"", ""client-003""]","{""client-000"": 2.768031636695309, ""client-001"": 2.609836996323547, ""client-002"": 3.1898007732843348, ""client-003"": 0.8699456654411822, ""client-005"": 0.5799637769607883, ""client-006"": 3.044809829044137, ""client-007"": 1.0065569587982943}"
sensorscope,30002,raven,2,"[""client-002"", ""client-003"", ""client-004""]","[""client-001"", ""client-002"", ""client-003"", ""client-004"", ""client-006"", ""client-007""]","[""client-002"", ""client-003"", ""client-004""]","{""client-001"": 9.578885046511289, ""client-002"": 3.902508722652747, ""client-003"": 2.128641121446953, ""client-004"": 4.4673797352168325, ""client-006"": 1.2417073208440559, ""client-007"": 1.7893436801850522}"
sensorscope,30002,raven,3,"[""client-001"", ""client-005"", ""client-006""]","[""client-000"", ""client-001"", ""client-003"", ""client-005"", ""client-006""]","[""client-001"", ""client-005"", ""client-006""]","{""client-000"": 4.851926475841976, ""client-001"": 5.8988677490751575, ""client-003"": 3.9325784993834385, ""client-005"": 0.3277148749486199, ""client-006"": 2.2940041246403386}"
sensorscope,30002,raven,4,"[""client-002"", ""client-004"", ""client-006"", ""client-007""]","[""client-000"", ""client-002"", ""client-003"", ""client-004"", ""client-005"", ""client-006"", ""client-007""]","[""client-002"", ""client-004"", ""client-006"", ""client-007""]","{""client-000"": 6.344834517877143, ""client-002"": 2.114944839292381, ""client-003"": 4.614425103910649, ""client-004"": 5.768031379888312, ""client-005"": 0.8243404802105423, ""client-006"": 1.3458739886406057, ""client-007"": 0.8243404802105423}"
sensorscope,30002,raven,5,"[""client-002"", ""client-006""]","[""client-002"", ""client-004"", ""client-005"", ""client-006"", ""client-007""]","[""client-002"", ""client-006""]","{""client-002"": 8.498778571455414, ""client-004"": 3.2134833068933673, ""client-005"": 1.2271419431192536, ""client-006"": 5.4083136363807185, ""client-007"": 2.4542838862385072}"
sensorscope,30002,raven,6,"[""client-001"", ""client-004"", ""client-005""]","[""client-001"", ""client-003"", ""client-004"", ""client-005"", ""client-006""]","[""client-001"", ""client-004"", ""client-005""]","{""client-001"": 3.7335906957845313, ""client-003"": 1.2730435709152828, ""client-004"": 2.0742170532136286, ""client-005"": 1.6973914278870437, ""client-006"": 8.911304996406978}"
sensorscope,30002,raven,7,"[""client-001"", ""client-003""]","[""client-001"", ""client-002"", ""client-003"", ""client-004"", ""client-006"", ""client-007""]","[""client-001"", ""client-003""]","{""client-001"": 3.8575258318470476, ""client-002"": 4.714753794479725, ""client-003"": 5.143367775796063, ""client-004"": 2.018054734455783, ""client-006"": 1.500148934607185, ""client-007"": 1.7144559252653546}"
sensorscope,30002,raven,8,"[""client-002"", ""client-005"", ""client-006""]","[""client-000"", ""client-001"", ""client-002"", ""client-003"", ""client-004"", ""client-005"", ""client-006"", ""client-007""]","[""client-002"", ""client-005"", ""client-006""]","{""client-000"": 9.487800966472204, ""client-001"": 4.024125691012724, ""client-002"": 2.4591879222855533, ""client-003"": 2.4381998185112708, ""client-004"": 4.787799267336235, ""client-005"": 0.8127332728370903, ""client-006"": 5.689132909859631, ""client-007"": 1.7885003071167662}"
sensorscope,30002,raven,9,"[""client-001"", ""client-003"", ""client-005"", ""client-007""]","[""client-000"", ""client-001"", ""client-002"", ""client-003"", ""client-004"", ""client-005"", ""client-006"", ""client-007""]","[""client-001"", ""client-003"", ""client-005"", ""client-007""]","{""client-000"": 6.629987713696897, ""client-001"": 3.616356934743762, ""client-002"": 4.954766281839127, ""client-003"": 5.40519958018814, ""client-004"": 2.009087185968757, ""client-005"": 1.8017331933960468, ""client-006"": 3.153033088443081, ""client-007"": 2.4109046231625086}"
sensorscope,30002,raven,10,"[""client-002"", ""client-003"", ""client-005"", ""client-006""]","[""client-000"", ""client-001"", ""client-002"", ""client-003"", ""client-004"", ""client-005"", ""client-006"", ""client-007""]","[""client-002"", ""client-003"", ""client-005"", ""client-006""]","{""client-000"": 11.011564574450086, ""client-001"": 3.4881870033619586, ""client-002"": 11.011564574450086, ""client-003"": 2.325458002241306, ""client-004"": 1.0956622995640377, ""client-005"": 0.3875763337068844, ""client-006"": 1.3565171679740948, ""client-007"": 3.100610669655075}"
sensorscope,30002,raven,11,"[""client-003"", ""client-004""]","[""client-001"", ""client-003"", ""client-004"", ""client-006"", ""client-007""]","[""client-003"", ""client-004""]","{""client-001"": 5.1666341827063835, ""client-003"": 2.296281858980615, ""client-004"": 0.9567841079085897, ""client-006"": 2.678995502144051, ""client-007"": 0.7654272863268718}"
sensorscope,30002,raven,12,"[""client-000"", ""client-001"", ""client-006""]","[""client-000"", ""client-001"", ""client-002"", ""client-006""]","[""client-000"", ""client-001"", ""client-006""]","{""client-000"": 12.38572185427845, ""client-001"": 1.7300940969710463, ""client-002"": 4.962266538745042, ""client-006"": 2.691257484177183}"
sensorscope,30002,raven,13,"[""client-000"", ""client-001"", ""client-002"", ""client-003"", ""client-005""]","[""client-000"", ""client-001"", ""client-002"", ""client-003"", ""client-004"", ""client-005"", ""client-006"", ""client-007""]","[""client-000"", ""client-001"", ""client-002"", ""client-003"", ""client-005""]","{""client-000"": 8.718602162551676, ""client-001"": 14.266803538720925, ""client-002"": 15.519044708481736, ""client-003"": 4.755601179573642, ""client-004"": 4.702740820752042, ""client-005"": 1.5852003931912142, ""client-006"": 8.428184457102114, ""client-007"": 4.8161054040583515}"
sensorscope,30002,raven,14,"[""client-000"", ""client-002"", ""client-005"", ""client-007""]","[""client-000"", ""client-001"", ""client-002"", ""client-004"", ""client-005"", ""client-006"", ""client-007""]","[""client-000"", ""client-002"", ""client-005"", ""client-007""]","{""client-000"": 2.4941096868039354, ""client-001"": 3.4459985172573857, ""client-002"": 2.1058879827684023, ""client-004"": 5.790937241173561, ""client-005"": 1.3604234655294196, ""client-006"": 9.522964258705933, ""client-007"": 1.5315548965588381}"
sensorscope,30002,raven,15,"[""client-001"", ""client-006""]","[""client-000"", ""client-001"", ""client-002"", ""client-003"", ""client-004"", ""client-005"", ""client-006"", ""client-007""]","[""client-001"", ""client-006""]","{""client-000"": 12.54961931963922, ""client-001"": 4.057098950127737, ""client-002"": 25.09923863927844, ""client-003"": 5.648291143199481, ""client-004"": 2.2539438611820763, ""client-005"": 0.3820672172799623, ""client-006"": 6.589673000399393, ""client-007"": 0.9015775444728306}"
sensorscope,30002,raven,16,"[""client-000"", ""client-001"", ""client-002"", ""client-004"", ""client-006""]","[""client-000"", ""client-001"", ""client-002"", ""client-003"", ""client-004"", ""client-005"", ""client-006"", ""client-007""]","[""client-000"", ""client-001"", ""client-002"", ""client-004"", ""client-006""]","{""client-000"": 6.315266723463017, ""client-001"": 3.444690940070737, ""client-002"": 4.2101778156420115, ""client-003"": 4.592921253427649, ""client-004"": 4.455847409209594, ""client-005"": 2.6735084455257567, ""client-006"": 4.018806096749192, ""client-007"": 1.7823389636838378}"
sensorscope,30002,raven,17,"[""client-001"", ""client-002""]","[""client-000"", ""client-001"", ""client-002"", ""client-006"", ""client-007""]","[""client-001"", ""client-002""]","{""client-000"": 11.57450074593705, ""client-001"": 1.9671157699995774, ""client-002"": 8.323176914144758, ""client-006"": 2.6482835635915136, ""client-007"": 1.5133048934808653}"
sensorscope,30002,raven,18,"[""client-000""]","[""client-000"", ""client-001"", ""client-004"", ""client-006""]","[""client-000""]","{""client-000"": 7.314774189598488, ""client-001"": 7.979753661380169, ""client-004"": 2.2165982392722694, ""client-006"": 3.1032375349811763}"
sensorscope,30002,raven,19,"[""client-005""]","[""client-001"", ""client-003"", ""client-005"", ""client-006"", ""client-007""]","[""client-005""]","{""client-001"": 8.037383993215272, ""client-003"": 2.2695090155858098, ""client-005"": 1.7860853318256162, ""client-006"": 3.1256493306948276, ""client-007"": 0.7565030051952699}"
sensorscope,30002,raven,20,"[""client-000"", ""client-007""]","[""client-000"", ""client-001"", ""client-002"", ""client-003"", ""client-006"", ""client-007""]","[""client-000"", ""client-007""]","{""client-000"": 9.937564635485652, ""client-001"": 6.833955129326057, ""client-002"": 2.0881529561829617, ""client-003"": 5.420489801173993, ""client-006"": 4.742928576027243, ""client-007"": 1.5186566954057907}"
sensorscope,30002,raven,21,"[""client-000"", ""client-004"", ""client-005""]","[""client-000"", ""client-002"", ""client-004"", ""client-005"", ""client-006"", ""client-007""]","[""client-000"", ""client-004"", ""client-005""]","{""client-000"": 2.080273789013101, ""client-002"": 14.86713929829471, ""client-004"": 1.8911579900119104, ""client-005"": 2.2693895880142927, ""client-006"": 7.942863558050022, ""client-007"": 5.0744918315010334}"
sensorscope,30002,raven,22,"[""client-001"", ""client-003"", ""client-006""]","[""client-000"", ""client-001"", ""client-002"", ""client-003"", ""client-004"", ""client-005"", ""client-006"", ""client-007""]","[""client-001"", ""client-003"", ""client-006""]","{""client-000"": 12.964360281961975, ""client-001"": 3.3618152493913565, ""client-002"": 4.108885304811658, ""client-003"": 2.685446863922728, ""client-004"": 1.8676751385507537, ""client-005"": 0.8951489546409094, ""client-006"": 2.614745193971055, ""client-007"": 3.808574997391789}"
sensorscope,30002,raven,23,"[""client-001"", ""client-005""]","[""client-000"", ""client-001"", ""client-002"", ""client-003"", ""client-004"", ""client-005"", ""client-006"", ""client-007""]","[""client-001"", ""client-005""]","{""client-000"": 20.97058073420345, ""client-001"": 6.636947416734335, ""client-002"": 13.980387156135633, ""client-003"": 4.0013806724096845, ""client-004"": 2.76539475697264, ""client-005"": 0.88919570497993, ""client-006"": 1.2905175532538982, ""client-007"": 1.77839140995986}"
sensorscope,30002,raven,24,"[""client-003"", ""client-004""]","[""client-000"", ""client-001"", ""client-003"", ""client-004"", ""client-005"", ""client-006""]","[""client-003"", ""client-004""]","{""client-000"": 1.9783105017368952, ""client-001"": 5.86523854149486, ""client-003"": 2.158156910985704, ""client-004"": 2.1723105709240227, ""client-005"": 0.35969281849761736, ""client-006"": 16.397323595020644}"
sensorscope,30002,raven,25,"[""client-002"", ""client-007""]","[""client-000"", ""client-001"", ""client-002"", ""client-003"", ""client-004"", ""client-006"", ""client-007""]","[""client-002"", ""client-007""]","{""client-000"": 1.9596491764499737, ""client-001"": 3.8875943611464403, ""client-002"": 1.9596491764499737, ""client-003"": 2.1377991015817894, ""client-004"": 1.781499251318158, ""client-006"": 2.494098951845421, ""client-007"": 0.7125997005272633}"
sensorscope,30002,raven,26,"[""client-007""]","[""client-000"", ""client-001"", ""client-003"", ""client-006"", ""client-007""]","[""client-007""]","{""client-000"": 11.826681231028221, ""client-001"": 1.9569971374222095, ""client-003"": 2.609329516562946, ""client-006"": 8.306476032671567, ""client-007"": 0.8697765055209822}"
sensorscope,30002,raven,27,"[""client-005"", ""client-006""]","[""client-000"", ""client-001"", ""client-003"", ""client-004"", ""client-005"", ""client-006"", ""client-007""]","[""client-005"", ""client-006""]","{""client-000"": 26.571408109711257, ""client-001"": 1.6294677351136697, ""client-003"": 4.345247293636453, ""client-004"": 1.101113552177302, ""client-005"": 0.8808908417418415, ""client-006"": 6.166235892192889, ""client-007"": 10.183233973467182}"
sensorscope,30002,raven,28,"[""client-005""]","[""client-000"", ""client-003"", ""client-004"", ""client-005"", ""client-006""]","[""client-005""]","{""client-000"": 4.822775216335581, ""client-003"": 4.34658777550745, ""client-004"": 1.0960852764399047, ""client-005"": 0.43843411057596193, ""client-006"": 8.312270060807403}"
sensorscope,30002,raven,29,"[""client-000"", ""client-001""]","[""client-000"", ""client-001"", ""client-002"", ""client-003"", ""client-007""]","[""client-000"", ""client-001""]","{""client-000"": 4.852022039216202, ""client-001"": 3.969836213904165, ""client-002"": 4.852022039216202, ""client-003"": 1.09417408521905, ""client-007"": 0.7294493901460334}"
sensorscope,30002,raven,30,"[""client-004"", ""client-006""]","[""client-000"", ""client-001"", ""client-002"", ""client-003"", ""client-004"", ""client-005"", ""client-006"", ""client-007""]","[""client-004"", ""client-006""]","{""client-000"": 4.924608105179737, ""client-001"": 10.96893655520319, ""client-002"": 9.849216210359474, ""client-003"": 5.372299751105167, ""client-004"": 1.8442859991781102, ""client-005"": 2.4375414567118203, ""client-006"": 2.582000398849354, ""client-007"": 0.7377143996712442}"
sensorscope,30002,raven,31,"[""client-000"", ""client-001"", ""client-002"", ""client-004""]","[""client-000"", ""client-001"", ""client-002"", ""client-004"", ""client-005"", ""client-007""]","[""client-000"", ""client-001"", ""client-002"", ""client-004""]","{""client-000"": 2.0382468116626513, ""client-001"": 6.670625929077769, ""client-002"": 9.85697520860993, ""client-004"": 5.558854940898141, ""client-005"": 1.792177310656351, ""client-007"": 1.4823613175728376}"
sensorscope,30002,raven,32,"[""client-005"", ""client-006"", ""client-007""]","[""client-000"", ""client-001"", ""client-002"", ""client-003"", ""client-005"", ""client-006"", ""client-007""]","[""client-005"", ""client-006"", ""client-007""]","{""client-000"": 4.934957839941094, ""client-001"": 11.528510506528491, ""client-002"": 9.869915679882189, ""client-003"": 6.702302163931849, ""client-005"": 1.4894004808737444, ""client-006"": 3.1404277163261507, ""client-007"": 9.584726922906205}"
sensorscope,30002,raven,33,"[""client-000"", ""client-003"", ""client-004""]","[""client-000"", ""client-001"", ""client-003"", ""client-004"", ""client-005"", ""client-006"", ""client-007""]","[""client-000"", ""client-003"", ""client-004""]","{""client-000"": 4.0930299283631415, ""client-001"": 10.599078898257682, ""client-003"": 1.3386091392791408, ""client-004"": 4.462030464263803, ""client-005"": 1.7848121857055215, ""client-006"": 2.6046554089583625, ""client-007"": 4.71070173255897}"
sensorscope,30002,raven,34,"[""client-003""]","[""client-002"", ""client-003"", ""client-006"", ""client-007""]","[""client-003""]","{""client-002"": 4.908512176439757, ""client-003"": 2.244821192014362, ""client-006"": 3.1235986577343904, ""client-007"": 0.7482737306714541}"
sensorscope,30002,raven,35,"[""client-000"", ""client-001"", ""client-007""]","[""client-000"", ""client-001"", ""client-002"", ""client-003"", ""client-005"", ""client-006"", ""client-007""]","[""client-000"", ""client-001"", ""client-007""]","{""client-000"": 4.171470059016988, ""client-001"": 3.413020957377536, ""client-002"": 9.932280828176346, ""client-003"": 1.3544019311149564, ""client-005"": 0.7584491016394526, ""client-006"": 2.6545718557380833, ""client-007"": 3.811315777939861}"
sensorscope,30002,raven,36,"[""client-002"", ""client-003"", ""client-005""]","[""client-000"", ""client-001"", ""client-002"", ""client-003"", ""client-004"", ""client-005"", ""client-007""]","[""client-002"", ""client-003"", ""client-005""]","{""client-000"": 4.190271964338624, ""client-001"": 17.117433844915947, ""client-002"": 4.190271964338624, ""client-003"": 2.713045150940458, ""client-004"": 4.521741918234097, ""client-005"": 4.646636720373203, ""client-007"": 4.646636720373203}"
sensorscope,30002,raven,37,"[""client-000""]","[""client-000"", ""client-003"", ""client-004"", ""client-005"", ""client-006""]","[""client-000""]","{""client-000"": 2.4611099437116053, ""client-003"": 6.8053492499486055, ""client-004"": 1.895508429651598, ""client-005"": 3.032813487442557, ""client-006"": 2.6537118015122365}"
sensorscope,30002,raven,38,"[""client-000"", ""client-001"", ""client-002"", ""client-003"", ""client-004""]","[""client-000"", ""client-001"", ""client-002"", ""client-003"", ""client-004"", ""client-006""]","[""client-000"", ""client-001"", ""client-002"", ""client-003"", ""client-004""]","{""client-000"": 4.214754951579671, ""client-001"": 16.200728329198974, ""client-002"": 4.214754951579671, ""client-003"": 2.298957246316184, ""client-004"": 1.1250505784165954, ""client-006"": 3.1501416195664667}"
sensorscope,30002,raven,39,"[""client-001"", ""client-002"", ""client-003""]","[""client-000"", ""client-001"", ""client-002"", ""client-003"", ""client-004"", ""client-005"", ""client-006"", ""client-007""]","[""client-001"", ""client-002"", ""client-003""]","{""client-000"": 4.94546069628248, ""client-001"": 5.182600545749725, ""client-002"": 4.94546069628248, ""client-003"": 5.395048032308161, ""client-004"": 1.1239683400642002, ""client-005"": 0.7677926734444038, ""client-006"": 13.030587780404009, ""client-007"": 7.446050160230863}"
sensorscope,30002,raven,40,"[""client-001""]","[""client-000"", ""client-001"", ""client-003"", ""client-004"", ""client-005"", ""client-006"", ""client-007""]","[""client-001""]","{""client-000"": 2.1124543673845437, ""client-001"": 4.034073144799059, ""client-003"": 5.378764193065412, ""client-004"": 2.2411517471105884, ""client-005"": 0.7681652245034707, ""client-006"": 2.6885782857621465, ""client-007"": 7.393667597955733}"
sensorscope,30002,raven,41,"[""client-000""]","[""client-000"", ""client-001"", ""client-002"", ""client-003"", ""client-004"", ""client-006""]","[""client-000""]","{""client-000"": 2.449403986728997, ""client-001"": 2.0040578073237247, ""client-002"": 7.34821196018699, ""client-003"": 6.473488121606507, ""client-004"": 0.9606697557590066, ""client-006"": 8.069625948375654}"
sensorscope,30002,raven,42,"[""client-000"", ""client-001"", ""client-007""]","[""client-000"", ""client-001"", ""client-002"", ""client-003"", ""client-005"", ""client-006"", ""client-007""]","[""client-000"", ""client-001"", ""client-007""]","{""client-000"": 11.745675309437921, ""client-001"": 1.733373562829519, ""client-002"": 8.474270751610982, ""client-003"": 5.4354611110553614, ""client-005"": 2.135577328988713, ""client-006"": 3.11333505490948, ""client-007"": 3.558097205610835}"
sensorscope,30002,raven,43,"[""client-000"", ""client-004""]","[""client-000"", ""client-001"", ""client-002"", ""client-004"", ""client-005"", ""client-006"", ""client-007""]","[""client-000"", ""client-004""]","{""client-000"": 2.455124693885354, ""client-001"": 9.64323183211301, ""client-002"": 6.378960992010219, ""client-004"": 1.1159657699478884, ""client-005"": 1.818307500976821, ""client-006"": 1.5623520779270434, ""client-007"": 1.5464147859418713}"
sensorscope,30002,raven,44,"[""client-004"", ""client-005""]","[""client-000"", ""client-001"", ""client-002"", ""client-003"", ""client-004"", ""client-005"", ""client-006"", ""client-007""]","[""client-004"", ""client-005""]","{""client-000"": 23.609493961521093, ""client-001"": 4.024371906578756, ""client-002"": 4.26003315722261, ""client-003"": 1.3414573021929188, ""client-004"": 2.2357621703215314, ""client-005"": 1.5491029662627676, ""client-006"": 6.260134076900286, ""client-007"": 4.85687719369706}"
sensorscope,30002,raven,45,"[""client-003"", ""client-004"", ""client-006"", ""client-007""]","[""client-000"", ""client-001"", ""client-002"", ""client-003"", ""client-004"", ""client-005"", ""client-006"", ""client-007""]","[""client-003"", ""client-004"", ""client-006"", ""client-007""]","{""client-000"": 26.420127642814503, ""client-001"": 3.48175281970854, ""client-002"": 13.210063821407251, ""client-003"": 2.32116854647236, ""client-004"": 1.9343071220603, ""client-005"": 4.221004808379744, ""client-006"": 3.112162610145391, ""client-007"": 1.7783786343687955}"
sensorscope,30002,raven,46,"[""client-005""]","[""client-000"", ""client-001"", ""client-002"", ""client-003"", ""client-004"", ""client-005"", ""client-007""]","[""client-005""]","{""client-000"": 4.25933535854312, ""client-001"": 10.720254552455662, ""client-002"": 4.25933535854312, ""client-003"": 2.6586593200835225, ""client-004"": 5.955696973586481, ""client-005"": 1.7724395467223484, ""client-007"": 2.6586593200835225}"
sensorscope,30002,raven,47,"[""client-002""]","[""client-001"", ""client-002"", ""client-003"", ""client-004"", ""client-006"", ""client-007""]","[""client-002""]","{""client-001"": 9.2430850623288, ""client-002"": 4.857309865468776, ""client-003"": 6.162056708219202, ""client-004"": 5.135047256849336, ""client-006"": 6.182030737869351, ""client-007"": 1.7662944965341005}"
sensorscope,30002,raven,48,"[""client-002"", ""client-004"", ""client-005""]","[""client-000"", ""client-001"", ""client-002"", ""client-003"", ""client-004"", ""client-005"", ""client-006"", ""client-007""]","[""client-002"", ""client-004"", ""client-005""]","{""client-000"": 4.857467165506626, ""client-001"": 1.7482765335322048, ""client-002"": 4.273564859745389, ""client-003"": 2.649527544821796, ""client-004"": 4.415879241369661, ""client-005"": 0.77701179268098, ""client-006"": 4.079311911575144, ""client-007"": 4.711826382067878}"
sensorscope,30002,raven,49,"[""client-000"", ""client-006""]","[""client-000"", ""client-001"", ""client-002"", ""client-005"", ""client-006"", ""client-007""]","[""client-000"", ""client-006""]","{""client-000"": 7.259843714242461, ""client-001"": 6.977006119657347, ""client-002"": 2.1318629810064116, ""client-005"": 0.7752229021841498, ""client-006"": 1.356640078822262, ""client-007"": 9.375939541400811}"
sensorscope,30002,raven,50,"[""client-002"", ""client-003""]","[""client-002"", ""client-003"", ""client-005"", ""client-006""]","[""client-002"", ""client-003""]","{""client-002"": 2.4187387418616146, ""client-003"": 4.654166917138351, ""client-005"": 0.879541360676951, ""client-006"": 2.714930701664038}"
sensorscope,30002,raven,51,"[""client-003"", ""client-007""]","[""client-000"", ""client-001"", ""client-003"", ""client-004"", ""client-005"", ""client-007""]","[""client-003"", ""client-007""]","{""client-000"": 2.1540135187821132, ""client-001"": 21.21292163900951, ""client-003"": 1.1749164647902435, ""client-004"": 0.9790970539918696, ""client-005"": 0.8871705845621899, ""client-007"": 4.066848927061725}"
sensorscope,30002,raven,52,[],"[""client-000"", ""client-001"", ""client-003"", ""client-004"", ""client-005"", ""client-006"", ""client-007""]",[],"{""client-000"": 2.4548116907284565, ""client-001"": 3.5597446928200083, ""client-003"": 4.746326257093345, ""client-004"": 4.463293983142648, ""client-005"": 0.7910543761822242, ""client-006"": 2.768690316637784, ""client-007"": 3.1642175047288967}"
sensorscope,30002,raven,53,"[""client-001"", ""client-003"", ""client-004"", ""client-005"", ""client-006""]","[""client-000"", ""client-001"", ""client-003"", ""client-004"", ""client-005"", ""client-006""]","[""client-001"", ""client-003"", ""client-004"", ""client-005"", ""client-006""]","{""client-000"": 4.371827105530774, ""client-001"": 4.0187644777532965, ""client-003"": 12.045660611848865, ""client-004"": 2.232646932085165, ""client-005"": 0.446529386417033, ""client-006"": 2.782071794428674}"
sensorscope,30002,raven,54,"[""client-001"", ""client-005""]","[""client-000"", ""client-001"", ""client-002"", ""client-004"", ""client-005"", ""client-006""]","[""client-001"", ""client-005""]","{""client-000"": 4.391389323108254, ""client-001"": 2.0125472374694633, ""client-002"": 4.391389323108254, ""client-004"": 0.9980430279791489, ""client-005"": 0.8944654388753172, ""client-006"": 8.214379682191659}"
sensorscope,30002,raven,55,[],"[""client-000"", ""client-003"", ""client-004"", ""client-006"", ""client-007""]",[],"{""client-000"": 13.268593491392329, ""client-003"": 12.10864827291985, ""client-004"": 2.0103929532412623, ""client-006"": 3.156456074897033, ""client-007"": 1.803689185655448}"
sensorscope,30002,raven,56,"[""client-001"", ""client-002"", ""client-007""]","[""client-000"", ""client-001"", ""client-002"", ""client-003"", ""client-006"", ""client-007""]","[""client-001"", ""client-002"", ""client-007""]","{""client-000"": 4.416041303954746, ""client-001"": 4.0668878360504195, ""client-002"": 2.208020651977373, ""client-003"": 4.817499604314269, ""client-006"": 5.620416205033312, ""client-007"": 1.6058332014380896}"
sensorscope,30002,raven,57,"[""client-003"", ""client-006""]","[""client-000"", ""client-001"", ""client-003"", ""client-004"", ""client-005"", ""client-006"", ""client-007""]","[""client-003"", ""client-006""]","{""client-000"": 2.4923666585179376, ""client-001"": 2.039209084241949, ""client-003"": 2.7189454456559323, ""client-004"": 4.006118189059945, ""client-005"": 0.801223637811989, ""client-006"": 3.1721030199319205, ""client-007"": 1.602447275623978}"
sensorscope,30002,raven,58,"[""client-000"", ""client-002"", ""client-006""]","[""client-000"", ""client-001"", ""client-002"", ""client-003"", ""client-004"", ""client-006"", ""client-007""]","[""client-000"", ""client-002"", ""client-006""]","{""client-000"": 2.1882822359216423, ""client-001"": 4.06979343350778, ""client-002"": 4.974191974287286, ""client-003"": 2.3872169846417917, ""client-004"": 3.9786949744029867, ""client-006"": 3.1653948927282722, ""client-007"": 1.8087970815590133}"
sensorscope,30002,raven,59,"[""client-001"", ""client-005""]","[""client-000"", ""client-001"", ""client-002"", ""client-004"", ""client-005"", ""client-006"", ""client-007""]","[""client-001"", ""client-005""]","{""client-000"": 8.69744751732231, ""client-001"": 8.120928452191109, ""client-002"": 4.9627896096723445, ""client-004"": 3.9533852351465053, ""client-005"": 1.80465076715358, ""client-006"": 9.474416527556293, ""client-007"": 3.60930153430716}"
sensorscope,30002,raven,60,"[""client-000"", ""client-005"", ""client-007""]","[""client-000"", ""client-001"", ""client-002"", ""client-003"", ""client-004"", ""client-005"", ""client-006"", ""client-007""]","[""client-000"", ""client-005"", ""client-007""]","{""client-000"": 8.630654066306834, ""client-001"": 28.31730524319425, ""client-002"": 4.930771533979408, ""client-003"": 4.707629490712819, ""client-004"": 3.3618896822586875, ""client-005"": 0.8965039152689834, ""client-006"": 3.137763703441441, ""client-007"": 3.5860156610759337}"
sensorscope,30002,raven,61,"[""client-004"", ""client-005"", ""client-006""]","[""client-000"", ""client-003"", ""client-004"", ""client-005"", ""client-006"", ""client-007""]","[""client-004"", ""client-005"", ""client-006""]","{""client-000"": 2.4333584177734475, ""client-003"": 2.6545728193892155, ""client-004"": 8.877879950999997, ""client-005"": 0.77644310105024, ""client-006"": 2.717550853675839, ""client-007"": 3.10577240420096}"
sensorscope,30002,raven,62,"[""client-001"", ""client-006"", ""client-007""]","[""client-000"", ""client-001"", ""client-002"", ""client-004"", ""client-006"", ""client-007""]","[""client-001"", ""client-006"", ""client-007""]","{""client-000"": 26.110513905880186, ""client-001"": 3.9844452157901102, ""client-002"": 4.86987748596569, ""client-004"": 3.8779530773849453, ""client-006"": 1.3572835770847307, ""client-007"": 5.31259362105348}"
sensorscope,30002,raven,63,"[""client-001"", ""client-003"", ""client-005""]","[""client-001"", ""client-002"", ""client-003"", ""client-004"", ""client-005"", ""client-006""]","[""client-001"", ""client-003"", ""client-005""]","{""client-001"": 3.4831167392189415, ""client-002"": 11.357250429961907, ""client-003"": 4.644155652291922, ""client-004"": 4.418558227799698, ""client-005"": 0.7740259420486537, ""client-006"": 3.092990759459788}"
sensorscope,30002,raven,64,"[""client-000"", ""client-001"", ""client-002"", ""client-007""]","[""client-000"", ""client-001"", ""client-002"", ""client-003"", ""client-004"", ""client-005"", ""client-006"", ""client-007""]","[""client-000"", ""client-001"", ""client-002"", ""client-007""]","{""client-000"": 4.863366311345604, ""client-001"": 10.468329751518686, ""client-002"": 9.726732622691207, ""client-003"": 7.1024646333058365, ""client-004"": 2.210621050611638, ""client-005"": 2.0601472715631903, ""client-006"": 3.0948694708562927, ""client-007"": 1.7684968404893107}"
sensorscope,30002,raven,65,"[""client-002"", ""client-006""]","[""client-000"", ""client-001"", ""client-002"", ""client-004"", ""client-005"", ""client-006"", ""client-007""]","[""client-002"", ""client-006""]","{""client-000"": 26.01863106125564, ""client-001"": 1.9865527660301283, ""client-002"": 4.256275410647002, ""client-004"": 2.207280851144587, ""client-005"": 0.882912340457835, ""client-006"": 1.3542694488422278, ""client-007"": 8.238719378621061}"
sensorscope,30002,raven,66,"[""client-002"", ""client-005"", ""client-007""]","[""client-000"", ""client-001"", ""client-002"", ""client-004"", ""client-005"", ""client-006"", ""client-007""]","[""client-002"", ""client-005"", ""client-007""]","{""client-000"": 4.255358127357759, ""client-001"": 1.9841718450609611, ""client-002"": 4.255358127357759, ""client-004"": 5.131108130092437, ""client-005"": 2.645562460081282, ""client-006"": 7.183551382129409, ""client-007"": 3.527416613441709}"
sensorscope,30002,raven,67,"[""client-003""]","[""client-000"", ""client-001"", ""client-002"", ""client-003"", ""client-004"", ""client-005"", ""client-006""]","[""client-003""]","{""client-000"": 11.23318533760907, ""client-001"": 5.944846423079596, ""client-002"": 6.384542320516444, ""client-003"": 5.284307931626308, ""client-004"": 2.201794971510962, ""client-005"": 3.5291800667128572, ""client-006"": 1.541256480057673}"
sensorscope,30002,raven,68,"[""client-003"", ""client-006""]","[""client-001"", ""client-002"", ""client-003"", ""client-004"", ""client-006"", ""client-007""]","[""client-003"", ""client-006""]","{""client-001"": 7.88504615579278, ""client-002"": 4.818639317428921, ""client-003"": 2.6283487185975933, ""client-004"": 1.9265629684150107, ""client-006"": 3.066406838363858, ""client-007"": 3.0825007494640175}"
sensorscope,30002,raven,69,"[""client-003""]","[""client-001"", ""client-002"", ""client-003"", ""client-004"", ""client-005"", ""client-006"", ""client-007""]","[""client-003""]","{""client-001"": 18.454399812843793, ""client-002"": 11.277688774515653, ""client-003"": 1.1565658352808035, ""client-004"": 3.8552194509360116, ""client-005"": 1.5420877803744049, ""client-006"": 7.1767110383281425, ""client-007"": 1.5420877803744049}"
sensorscope,30002,raven,70,"[""client-002"", ""client-006""]","[""client-000"", ""client-001"", ""client-002"", ""client-003"", ""client-004"", ""client-005"", ""client-006"", ""client-007""]","[""client-002"", ""client-006""]","{""client-000"": 4.231416502954563, ""client-001"": 7.9094028240264445, ""client-002"": 9.66704789603232, ""client-003"": 1.154022682623972, ""client-004"": 4.3941126800146915, ""client-005"": 2.3578085840232066, ""client-006"": 2.6927195927892673, ""client-007"": 1.7576450720058767}"
sensorscope,30002,raven,71,"[""client-003"", ""client-004""]","[""client-001"", ""client-002"", ""client-003"", ""client-004"", ""client-005"", ""client-006""]","[""client-003"", ""client-004""]","{""client-001"": 3.951818039962076, ""client-002"": 12.956188797553388, ""client-003"": 7.067012071392759, ""client-004"": 1.097727233322799, ""client-005"": 0.7689141420433901, ""client-006"": 7.190150431985458}"
sensorscope,30002,raven,72,"[""client-002"", ""client-003"", ""client-007""]","[""client-000"", ""client-001"", ""client-002"", ""client-003"", ""client-004"", ""client-005"", ""client-006"", ""client-007""]","[""client-002"", ""client-003"", ""client-007""]","{""client-000"": 8.479739826662309, ""client-001"": 1.982533169372189, ""client-002"": 9.692384383597368, ""client-003"": 1.3216887795814594, ""client-004"": 2.2028146326357656, ""client-005"": 1.5417708775749654, ""client-006"": 3.0839404856900714, ""client-007"": 1.7622517061086127}"
sensorscope,30002,raven,73,"[""client-003"", ""client-004""]","[""client-000"", ""client-001"", ""client-002"", ""client-003"", ""client-004"", ""client-006"", ""client-007""]","[""client-003"", ""client-004""]","{""client-000"": 6.342233774521986, ""client-001"": 11.869646858013882, ""client-002"": 2.417891026632457, ""client-003"": 1.3188496508904313, ""client-004"": 2.198082751484052, ""client-006"": 2.690644631615388, ""client-007"": 3.543364244138958}"
sensorscope,30002,raven,74,"[""client-001"", ""client-003""]","[""client-000"", ""client-001"", ""client-002"", ""client-003"", ""client-004"", ""client-005"", ""client-007""]","[""client-001"", ""client-003""]","{""client-000"": 4.211033100631644, ""client-001"": 3.9481578511371316, ""client-002"": 11.38056876249521, ""client-003"": 2.2969271457990788, ""client-004"": 2.1934210284095177, ""client-005"": 0.3828211909665132, ""client-007"": 1.7547368227276143}"
sensorscope,30002,raven,75,"[""client-001"", ""client-002"", ""client-007""]","[""client-000"", ""client-001"", ""client-002"", ""client-003"", ""client-004"", ""client-005"", ""client-006"", ""client-007""]","[""client-001"", ""client-002"", ""client-007""]","{""client-000"": 4.828949575457648, ""client-001"": 3.950958743556258, ""client-002"": 2.414474787728824, ""client-003"": 4.589117894981375, ""client-004"": 4.389954159506954, ""client-005"": 0.7648529824968959, ""client-006"": 5.35397087747827, ""client-007"": 1.7559816638027814}"
sensorscope,30002,raven,76,"[""client-001"", ""client-005"", ""client-006"", ""client-007""]","[""client-001"", ""client-003"", ""client-005"", ""client-006"", ""client-007""]","[""client-001"", ""client-005"", ""client-006"", ""client-007""]","{""client-001"": 5.157486070454505, ""client-003"": 1.3159469356304163, ""client-005"": 1.5281440208754091, ""client-006"": 1.535271424902152, ""client-007"": 1.7545959141738885}"
sensorscope,30002,raven,77,"[""client-000"", ""client-003""]","[""client-000"", ""client-001"", ""client-002"", ""client-003"", ""client-007""]","[""client-000"", ""client-003""]","{""client-000"": 2.4214580693192493, ""client-001"": 16.097940970259284, ""client-002"": 2.4214580693192493, ""client-003"": 1.3207953105377723, ""client-007"": 4.7697602874842335}"
sensorscope,30002,raven,78,"[""client-001"", ""client-003"", ""client-006""]","[""client-000"", ""client-001"", ""client-003"", ""client-004"", ""client-005"", ""client-006""]","[""client-001"", ""client-003"", ""client-006""]","{""client-000"": 13.195742155988578, ""client-001"": 3.9787527229582342, ""client-003"": 1.3262509076527447, ""client-004"": 0.9579572881332684, ""client-005"": 2.65250181530549, ""client-006"": 9.283756353569212}"
sensorscope,30002,raven,79,"[""client-005""]","[""client-001"", ""client-002"", ""client-005"", ""client-006""]","[""client-005""]","{""client-001"": 5.9672150245259985, ""client-002"": 9.884249775833498, ""client-005"": 2.3009726228967384, ""client-006"": 7.398520117444691}"
sensorscope,30002,raven,80,"[""client-000"", ""client-004"", ""client-006""]","[""client-000"", ""client-001"", ""client-002"", ""client-003"", ""client-004"", ""client-005"", ""client-006""]","[""client-000"", ""client-004"", ""client-006""]","{""client-000"": 13.181775616301714, ""client-001"": 9.493898163107996, ""client-002"": 2.117115436283819, ""client-003"": 2.3095804759459844, ""client-004"": 1.9246503966216535, ""client-005"": 1.7718060095799895, ""client-006"": 6.201321033529961}"
sensorscope,30002,raven,81,"[""client-001"", ""client-004""]","[""client-000"", ""client-001"", ""client-003"", ""client-004"", ""client-005"", ""client-006"", ""client-007""]","[""client-001"", ""client-004""]","{""client-000"": 14.641619831908475, ""client-001"": 3.9931690450659483, ""client-003"": 5.399965329231325, ""client-004"": 3.8565266804342406, ""client-005"": 0.7713053360868481, ""client-006"": 4.049353014455951, ""client-007"": 4.2238976282049965}"
sensorscope,30002,raven,82,"[""client-001"", ""client-004"", ""client-006""]","[""client-001"", ""client-004"", ""client-005"", ""client-006""]","[""client-001"", ""client-004"", ""client-006""]","{""client-001"": 5.201230484439074, ""client-004"": 3.3219874622566383, ""client-005"": 1.1558289965420168, ""client-006"": 4.045401487897058}"
sensorscope,30002,raven,83,"[""client-001"", ""client-002"", ""client-004"", ""client-005""]","[""client-001"", ""client-002"", ""client-003"", ""client-004"", ""client-005"", ""client-007""]","[""client-001"", ""client-002"", ""client-004"", ""client-005""]","{""client-001"": 1.7293796034212103, ""client-002"": 2.113686181959257, ""client-003"": 3.983731030195181, ""client-004"": 1.921532892690234, ""client-005"": 1.770547124531192, ""client-007"": 3.541094249062384}"
sensorscope,30002,raven,84,"[""client-000"", ""client-003"", ""client-004"", ""client-006"", ""client-007""]","[""client-000"", ""client-003"", ""client-004"", ""client-005"", ""client-006"", ""client-007""]","[""client-000"", ""client-003"", ""client-004"", ""client-006"", ""client-007""]","{""client-000"": 9.747377185636207, ""client-003"": 2.6583755960826023, ""client-004"": 4.430625993471004, ""client-005"": 1.7722503973884016, ""client-006"": 2.681999066327492, ""client-007"": 0.7662854475221408}"
sensorscope,30002,raven,85,"[""client-000"", ""client-002"", ""client-003"", ""client-004"", ""client-005"", ""client-006""]","[""client-000"", ""client-001"", ""client-002"", ""client-003"", ""client-004"", ""client-005"", ""client-006"", ""client-007""]","[""client-000"", ""client-002"", ""client-003"", ""client-004"", ""client-005"", ""client-006""]","{""client-000"": 12.608328863841972, ""client-001"": 1.719317572342087, ""client-002"": 4.202776287947324, ""client-003"": 4.5848468595788985, ""client-004"": 3.820705716315749, ""client-005"": 2.2924234297894497, ""client-006"": 1.5497878582062603, ""client-007"": 0.885593061832149}"
sensorscope,30002,raven,86,"[""client-000"", ""client-001"", ""client-003"", ""client-005"", ""client-007""]","[""client-000"", ""client-001"", ""client-003"", ""client-004"", ""client-005"", ""client-007""]","[""client-000"", ""client-001"", ""client-003"", ""client-005"", ""client-007""]","{""client-000"": 8.365765657914414, ""client-001"": 11.919558343508928, ""client-003"": 1.324395371500992, ""client-004"": 1.9013103767987305, ""client-005"": 1.7658604953346562, ""client-007"": 3.0420966028779692}"
sensorscope,30002,raven,87,"[""client-003"", ""client-004""]","[""client-001"", ""client-002"", ""client-003"", ""client-004"", ""client-007""]","[""client-003"", ""client-004""]","{""client-001"": 9.713593527266179, ""client-002"": 2.0874433171240327, ""client-003"": 10.881887325301975, ""client-004"": 1.8976757428400302, ""client-007"": 3.6272957751006576}"
sensorscope,30002,raven,88,"[""client-003""]","[""client-000"", ""client-002"", ""client-003"", ""client-004"", ""client-005"", ""client-007""]","[""client-003""]","{""client-000"": 11.940463283015129, ""client-002"": 8.370121403420884, ""client-003"": 3.4241405741267252, ""client-004"": 1.9023003189592917, ""client-005"": 2.170993324184569, ""client-007"": 1.5218402551674335}"
sensorscope,30002,raven,89,"[""client-001"", ""client-004"", ""client-005""]","[""client-000"", ""client-001"", ""client-002"", ""client-004"", ""client-005"", ""client-006"", ""client-007""]","[""client-001"", ""client-004"", ""client-005""]","{""client-000"": 13.3963686778089, ""client-001"": 7.984460569440496, ""client-002"": 9.758785140427273, ""client-004"": 2.217905713733471, ""client-005"": 0.7612111729205813, ""client-006"": 2.6642391052220336, ""client-007"": 1.5224223458411625}"
sensorscope,30002,raven,90,"[""client-001"", ""client-002"", ""client-003""]","[""client-001"", ""client-002"", ""client-003"", ""client-005"", ""client-006""]","[""client-001"", ""client-002"", ""client-003""]","{""client-001"": 6.836907316150013, ""client-002"": 4.87422174663751, ""client-003"": 5.317332814513648, ""client-005"": 0.44311106787613735, ""client-006"": 1.3293986448069468}"
sensorscope,30002,raven,91,"[""client-003"", ""client-007""]","[""client-000"", ""client-003"", ""client-004"", ""client-005"", ""client-007""]","[""client-003"", ""client-007""]","{""client-000"": 4.179518176386336, ""client-003"": 4.559474374239639, ""client-004"": 3.799561978533033, ""client-005"": 1.5198247914132132, ""client-007"": 1.778116939816746}"
sensorscope,30002,raven,92,"[""client-000"", ""client-001""]","[""client-000"", ""client-001"", ""client-002"", ""client-004"", ""client-005""]","[""client-000"", ""client-001""]","{""client-000"": 4.909699021882834, ""client-001"": 4.017026472449592, ""client-002"": 4.909699021882834, ""client-004"": 5.5731168482786515, ""client-005"": 0.38041517663675073}"
sensorscope,30002,raven,93,"[""client-000"", ""client-003"", ""client-004"", ""client-005""]","[""client-000"", ""client-001"", ""client-003"", ""client-004"", ""client-005"", ""client-007""]","[""client-000"", ""client-003"", ""client-004"", ""client-005""]","{""client-000"": 9.863005516546425, ""client-001"": 3.43181625437024, ""client-003"": 2.2878775029134935, ""client-004"": 1.9065645857612445, ""client-005"": 0.7626258343044979, ""client-007"": 0.7626258343044979}"
sensorscope,30002,raven,94,"[""client-002""]","[""client-000"", ""client-001"", ""client-002"", ""client-003"", ""client-005"", ""client-006"", ""client-007""]","[""client-002""]","{""client-000"": 7.412753310992539, ""client-001"": 10.16953528385948, ""client-002"": 4.199256260039965, ""client-003"": 1.347773329271371, ""client-005"": 1.8708368551316408, ""client-006"": 7.909638554112929, ""client-007"": 1.5270022763781692}"
sensorscope,30002,raven,95,"[""client-003""]","[""client-000"", ""client-002"", ""client-003"", ""client-004"", ""client-005"", ""client-006"", ""client-007""]","[""client-003""]","{""client-000"": 4.941057753042495, ""client-002"": 4.941057753042495, ""client-003"": 1.1449459941287194, ""client-004"": 1.1229676711460215, ""client-005"": 4.520367520597148, ""client-006"": 5.343081305934024, ""client-007"": 4.579783976514879}"
sensorscope,30002,raven,96,"[""client-000"", ""client-001"", ""client-003"", ""client-005""]","[""client-000"", ""client-001"", ""client-002"", ""client-003"", ""client-004"", ""client-005"", ""client-006"", ""client-007""]","[""client-000"", ""client-001"", ""client-003"", ""client-005""]","{""client-000"": 4.933539763649076, ""client-001"": 3.432068474242947, ""client-002"": 10.2653842356497, ""client-003"": 5.382043378526265, ""client-004"": 1.121259037192972, ""client-005"": 0.8970072297543776, ""client-006"": 1.5697626520701604, ""client-007"": 2.691021689263133}"
sensorscope,30002,raven,97,"[""client-000"", ""client-002"", ""client-003"", ""client-004""]","[""client-000"", ""client-002"", ""client-003"", ""client-004"", ""client-005"", ""client-006"", ""client-007""]","[""client-000"", ""client-002"", ""client-003"", ""client-004""]","{""client-000"": 2.460127226422259, ""client-002"": 2.09278712702646, ""client-003"": 6.733217934008972, ""client-004"": 1.9025337518422365, ""client-005"": 2.283040502210684, ""client-006"": 5.327094505158262, ""client-007"": 4.961089717466507}"
sensorscope,30002,raven,98,"[""client-003"", ""client-007""]","[""client-000"", ""client-001"", ""client-002"", ""client-003"", ""client-004"", ""client-006"", ""client-007""]","[""client-003"", ""client-007""]","{""client-000"": 2.0923196741039978, ""client-001"": 11.150210564291717, ""client-002"": 10.221026350600741, ""client-003"": 6.847591660703992, ""client-004"": 2.2350677445679827, ""client-006"": 3.9944284687439953, ""client-007"": 0.7608435178559994}"
sensorscope,30002,raven,99,"[""client-000"", ""client-002"", ""client-004"", ""client-006"", ""client-007""]","[""client-000"", ""client-001"", ""client-002"", ""client-004"", ""client-005"", ""client-006"", ""client-007""]","[""client-000"", ""client-002"", ""client-004"", ""client-006"", ""client-007""]","{""client-000"": 4.179105373121583, ""client-001"": 2.0094620385395165, ""client-002"": 9.824036632859858, ""client-004"": 2.2327355983772406, ""client-005"": 2.679282718052689, ""client-006"": 2.659430691986462, ""client-007"": 2.679282718052689}"
sensorscope,30002,raven_wo_design,0,"[""client-000"", ""client-001"", ""client-003"", ""client-005"", ""client-006"", ""client-007""]","[""client-000"", ""client-001"", ""client-003"", ""client-004"", ""client-005"", ""client-006"", ""client-007""]","[""client-000"", ""client-001"", ""client-003"", ""client-005"", ""client-006"", ""client-007""]","{""client-000"": 10.0, ""client-001"": 10.0, ""client-003"": 15.0, ""client-004"": 15.0, ""client-005"": 20.0, ""client-006"": 10.0, ""client-007"": 10.0}"
sensorscope,30002,raven_wo_design,1,"[""client-001"", ""client-003""]","[""client-000"", ""client-001"", ""client-002"", ""client-003"", ""client-005"", ""client-006"", ""client-007""]","[""client-001"", ""client-003""]","{""client-000"": 3.473922334106405, ""client-001"": 2.001624548065468, ""client-002"": 4.003249096130936, ""client-003"": 2.001624548065468, ""client-005"": 2.001624548065468, ""client-006"": 6.004873644196405, ""client-007"": 3.473922334106405}"
sensorscope,30002,raven_wo_design,2,"[""client-002"", ""client-003"", ""client-004""]","[""client-001"", ""client-002"", ""client-003"", ""client-004"", ""client-006"", ""client-007""]","[""client-002"", ""client-003"", ""client-004""]","{""client-001"": 7.346562823350089, ""client-002"": 2.4488542744500297, ""client-003"": 2.4488542744500297, ""client-004"": 6.167293406080979, ""client-006"": 2.4488542744500297, ""client-007"": 1.7693241708377547}"
sensorscope,30002,raven_wo_design,3,"[""client-001"", ""client-005"", ""client-006""]","[""client-000"", ""client-001"", ""client-003"", ""client-005"", ""client-006""]","[""client-001"", ""client-005"", ""client-006""]","{""client-000"": 1.7445971714555322, ""client-001"": 4.5241593666475675, ""client-003"": 4.5241593666475675, ""client-005"": 2.2620796833237837, ""client-006"": 2.2620796833237837}"
sensorscope,30002,raven_wo_design,4,"[""client-002"", ""client-004"", ""client-006"", ""client-007""]","[""client-000"", ""client-002"", ""client-003"", ""client-004"", ""client-005"", ""client-006"", ""client-007""]","[""client-002"", ""client-004"", ""client-006"", ""client-007""]","{""client-000"": 7.962865035812039, ""client-002"": 2.65428834527068, ""client-003"": 5.30857669054136, ""client-004"": 7.962865035812039, ""client-005"": 2.845039995084136, ""client-006"": 2.65428834527068, ""client-007"": 2.845039995084136}"
sensorscope,30002,raven_wo_design,5,"[""client-002"", ""client-006""]","[""client-002"", ""client-004"", ""client-005"", ""client-006"", ""client-007""]","[""client-002"", ""client-006""]","{""client-002"": 5.333048997816379, ""client-004"": 2.542024207169441, ""client-005"": 2.426824902396794, ""client-006"": 5.333048997816379, ""client-007"": 2.426824902396794}"
sensorscope,30002,raven_wo_design,6,"[""client-001"", ""client-004"", ""client-005""]","[""client-001"", ""client-003"", ""client-004"", ""client-005"", ""client-006""]","[""client-001"", ""client-004"", ""client-005""]","{""client-001"": 5.726983562298061, ""client-003"": 2.9290970270064935, ""client-004"": 5.726983562298061, ""client-005"": 5.858194054012987, ""client-006"": 8.78729108101948}"
sensorscope,30002,raven_wo_design,7,"[""client-001"", ""client-003""]","[""client-001"", ""client-002"", ""client-003"", ""client-004"", ""client-006"", ""client-007""]","[""client-001"", ""client-003""]","{""client-001"": 2.958544311655734, ""client-002"": 2.958544311655734, ""client-003"": 5.917088623311468, ""client-004"": 2.785958748661326, ""client-006"": 2.958544311655734, ""client-007"": 2.958544311655734}"
sensorscope,30002,raven_wo_design,8,"[""client-002"", ""client-005"", ""client-006""]","[""client-000"", ""client-001"", ""client-002"", ""client-003"", ""client-004"", ""client-005"", ""client-006"", ""client-007""]","[""client-002"", ""client-005"", ""client-006""]","{""client-000"": 3.41150897728063, ""client-001"": 3.0863187160649073, ""client-002"": 3.0863187160649073, ""client-003"": 5.609960258087973, ""client-004"": 3.7873859840905295, ""client-005"": 2.8049801290439866, ""client-006"": 5.609960258087973, ""client-007"": 3.0863187160649073}"
sensorscope,30002,raven_wo_design,9,"[""client-001"", ""client-003"", ""client-005"", ""client-007""]","[""client-000"", ""client-001"", ""client-002"", ""client-003"", ""client-004"", ""client-005"", ""client-006"", ""client-007""]","[""client-001"", ""client-003"", ""client-005"", ""client-007""]","{""client-000"": 8.320736688168843, ""client-001"": 2.7735788960562813, ""client-002"": 3.109153995672514, ""client-003"": 6.218307991345028, ""client-004"": 2.7735788960562813, ""client-005"": 6.218307991345028, ""client-006"": 6.218307991345028, ""client-007"": 8.320736688168843}"
sensorscope,30002,raven_wo_design,10,"[""client-002"", ""client-003"", ""client-005"", ""client-006""]","[""client-000"", ""client-001"", ""client-002"", ""client-003"", ""client-004"", ""client-005"", ""client-006"", ""client-007""]","[""client-002"", ""client-003"", ""client-005"", ""client-006""]","{""client-000"": 3.9594055073870082, ""client-001"": 2.67527847294975, ""client-002"": 3.9594055073870082, ""client-003"": 5.3505569458995, ""client-004"": 3.025160732195888, ""client-005"": 2.67527847294975, ""client-006"": 2.67527847294975, ""client-007"": 5.3505569458995}"
sensorscope,30002,raven_wo_design,11,"[""client-003"", ""client-004""]","[""client-001"", ""client-003"", ""client-004"", ""client-006"", ""client-007""]","[""client-003"", ""client-004""]","{""client-001"": 7.925140018742526, ""client-003"": 2.641713339580842, ""client-004"": 2.641713339580842, ""client-006"": 2.641713339580842, ""client-007"": 2.641713339580842}"
sensorscope,30002,raven_wo_design,12,"[""client-000"", ""client-001"", ""client-006""]","[""client-000"", ""client-001"", ""client-002"", ""client-006""]","[""client-000"", ""client-001"", ""client-006""]","{""client-000"": 4.453508399394986, ""client-001"": 2.65380467809959, ""client-002"": 3.113860464636159, ""client-006"": 2.65380467809959}"
sensorscope,30002,raven_wo_design,13,"[""client-000"", ""client-001"", ""client-002"", ""client-003"", ""client-005""]","[""client-000"", ""client-001"", ""client-002"", ""client-003"", ""client-004"", ""client-005"", ""client-006"", ""client-007""]","[""client-000"", ""client-001"", ""client-002"", ""client-003"", ""client-005""]","{""client-000"": 5.470989993964905, ""client-001"": 10.94197998792981, ""client-002"": 9.738320057850713, ""client-003"": 5.470989993964905, ""client-004"": 6.492213371900475, ""client-005"": 5.470989993964905, ""client-006"": 4.762221922521621, ""client-007"": 4.762221922521621}"
sensorscope,30002,raven_wo_design,14,"[""client-000"", ""client-002"", ""client-005"", ""client-007""]","[""client-000"", ""client-001"", ""client-002"", ""client-004"", ""client-005"", ""client-006"", ""client-007""]","[""client-000"", ""client-002"", ""client-005"", ""client-007""]","{""client-000"": 3.130146068360508, ""client-001"": 2.6429218508497527, ""client-002"": 2.6429218508497527, ""client-004"": 4.580917728025618, ""client-005"": 9.390438205081523, ""client-006"": 9.390438205081523, ""client-007"": 2.6429218508497527}"
sensorscope,30002,raven_wo_design,15,"[""client-001"", ""client-006""]","[""client-000"", ""client-001"", ""client-002"", ""client-003"", ""client-004"", ""client-005"", ""client-006"", ""client-007""]","[""client-001"", ""client-006""]","{""client-000"": 4.512440672153202, ""client-001"": 6.223215368581254, ""client-002"": 9.024881344306404, ""client-003"": 3.7233980087261638, ""client-004"": 3.111607684290627, ""client-005"": 2.6372513301648532, ""client-006"": 3.7233980087261638, ""client-007"": 3.111607684290627}"
sensorscope,30002,raven_wo_design,16,"[""client-000"", ""client-001"", ""client-002"", ""client-004"", ""client-006""]","[""client-000"", ""client-001"", ""client-002"", ""client-003"", ""client-004"", ""client-005"", ""client-006"", ""client-007""]","[""client-000"", ""client-001"", ""client-002"", ""client-004"", ""client-006""]","{""client-000"": 7.925756998452999, ""client-001"": 2.641918999484333, ""client-002"": 2.641918999484333, ""client-003"": 5.283837998968666, ""client-004"": 6.151372834659539, ""client-005"": 9.227059251989308, ""client-006"": 7.925756998452999, ""client-007"": 3.0756864173297696}"
sensorscope,30002,raven_wo_design,17,"[""client-001"", ""client-002""]","[""client-000"", ""client-001"", ""client-002"", ""client-006"", ""client-007""]","[""client-001"", ""client-002""]","{""client-000"": 4.161819302685862, ""client-001"": 3.017374050306189, ""client-002"": 5.222857605646112, ""client-006"": 5.222857605646112, ""client-007"": 5.222857605646112}"
sensorscope,30002,raven_wo_design,18,"[""client-000""]","[""client-000"", ""client-001"", ""client-004"", ""client-006""]","[""client-000""]","{""client-000"": 9.180154261722544, ""client-001"": 6.120102841148363, ""client-004"": 6.120102841148363, ""client-006"": 3.0600514205741813}"
sensorscope,30002,raven_wo_design,19,"[""client-005""]","[""client-001"", ""client-003"", ""client-005"", ""client-006"", ""client-007""]","[""client-005""]","{""client-001"": 6.164302646376351, ""client-003"": 5.221826072722226, ""client-005"": 6.164302646376351, ""client-006"": 6.164302646376351, ""client-007"": 2.610913036361113}"
sensorscope,30002,raven_wo_design,20,"[""client-000"", ""client-007""]","[""client-000"", ""client-001"", ""client-002"", ""client-003"", ""client-006"", ""client-007""]","[""client-000"", ""client-007""]","{""client-000"": 6.235898332263106, ""client-001"": 5.2413282387009055, ""client-002"": 2.6206641193504527, ""client-003"": 6.235898332263106, ""client-006"": 9.353847498394659, ""client-007"": 5.2413282387009055}"
sensorscope,30002,raven_wo_design,21,"[""client-000"", ""client-004"", ""client-005""]","[""client-000"", ""client-002"", ""client-004"", ""client-005"", ""client-006"", ""client-007""]","[""client-000"", ""client-004"", ""client-005""]","{""client-000"": 2.6107756432063667, ""client-002"": 9.329244393008015, ""client-004"": 5.221551286412733, ""client-005"": 7.8323269296191, ""client-006"": 7.8323269296191, ""client-007"": 3.763288105976789}"
sensorscope,30002,raven_wo_design,22,"[""client-001"", ""client-003"", ""client-006""]","[""client-000"", ""client-001"", ""client-002"", ""client-003"", ""client-004"", ""client-005"", ""client-006"", ""client-007""]","[""client-001"", ""client-003"", ""client-006""]","{""client-000"": 4.661568222489682, ""client-001"": 5.156714337885303, ""client-002"": 2.5783571689426514, ""client-003"": 3.0894207413673147, ""client-004"": 5.156714337885303, ""client-005"": 6.178841482734629, ""client-006"": 5.156714337885303, ""client-007"": 3.765963953127624}"
sensorscope,30002,raven_wo_design,23,"[""client-001"", ""client-005""]","[""client-000"", ""client-001"", ""client-002"", ""client-003"", ""client-004"", ""client-005"", ""client-006"", ""client-007""]","[""client-001"", ""client-005""]","{""client-000"": 7.540348357468138, ""client-001"": 10.18046482770314, ""client-002"": 3.770174178734069, ""client-003"": 9.206623009022218, ""client-004"": 7.635348620777355, ""client-005"": 3.0688743363407394, ""client-006"": 2.545116206925785, ""client-007"": 6.137748672681479}"
sensorscope,30002,raven_wo_design,24,"[""client-003"", ""client-004""]","[""client-000"", ""client-001"", ""client-003"", ""client-004"", ""client-005"", ""client-006""]","[""client-003"", ""client-004""]","{""client-000"": 2.4828101473529287, ""client-001"": 8.99673463243402, ""client-003"": 4.965620294705857, ""client-004"": 5.997823088289347, ""client-005"": 2.4828101473529287, ""client-006"": 9.265067025091838}"
sensorscope,30002,raven_wo_design,25,"[""client-002"", ""client-007""]","[""client-000"", ""client-001"", ""client-002"", ""client-003"", ""client-004"", ""client-006"", ""client-007""]","[""client-002"", ""client-007""]","{""client-000"": 2.459389896717478, ""client-001"": 5.963210972296998, ""client-002"": 2.459389896717478, ""client-003"": 2.459389896717478, ""client-004"": 4.918779793434956, ""client-006"": 4.918779793434956, ""client-007"": 2.459389896717478}"
sensorscope,30002,raven_wo_design,26,"[""client-007""]","[""client-000"", ""client-001"", ""client-003"", ""client-006"", ""client-007""]","[""client-007""]","{""client-000"": 7.421333542971425, ""client-001"": 3.001853001759291, ""client-003"": 3.001853001759291, ""client-006"": 4.693452363676679, ""client-007"": 3.001853001759291}"
sensorscope,30002,raven_wo_design,27,"[""client-005"", ""client-006""]","[""client-000"", ""client-001"", ""client-003"", ""client-004"", ""client-005"", ""client-006"", ""client-007""]","[""client-005"", ""client-006""]","{""client-000"": 9.554226277047698, ""client-001"": 2.4994531256003514, ""client-003"": 4.998906251200703, ""client-004"": 3.0402118253598025, ""client-005"": 6.080423650719605, ""client-006"": 6.080423650719605, ""client-007"": 7.551976545677488}"
sensorscope,30002,raven_wo_design,28,"[""client-005""]","[""client-000"", ""client-003"", ""client-004"", ""client-005"", ""client-006""]","[""client-005""]","{""client-000"": 6.052657171362819, ""client-003"": 5.000448382810649, ""client-004"": 3.0263285856814095, ""client-005"": 3.0263285856814095, ""client-006"": 4.696726194232787}"
sensorscope,30002,raven_wo_design,29,"[""client-000"", ""client-001""]","[""client-000"", ""client-001"", ""client-002"", ""client-003"", ""client-007""]","[""client-000"", ""client-001""]","{""client-000"": 3.0446811922520376, ""client-001"": 3.0446811922520376, ""client-002"": 6.089362384504075, ""client-003"": 2.51754310163823, ""client-007"": 2.51754310163823}"
sensorscope,30002,raven_wo_design,30,"[""client-004"", ""client-006""]","[""client-000"", ""client-001"", ""client-002"", ""client-003"", ""client-004"", ""client-005"", ""client-006"", ""client-007""]","[""client-004"", ""client-006""]","{""client-000"": 3.0902295075878934, ""client-001"": 4.820539580560922, ""client-002"": 6.180459015175787, ""client-003"": 6.180459015175787, ""client-004"": 2.5460680658046995, ""client-005"": 4.820539580560922, ""client-006"": 2.5460680658046995, ""client-007"": 2.5460680658046995}"
sensorscope,30002,raven_wo_design,31,"[""client-000"", ""client-001"", ""client-002"", ""client-004""]","[""client-000"", ""client-001"", ""client-002"", ""client-004"", ""client-005"", ""client-007""]","[""client-000"", ""client-001"", ""client-002"", ""client-004""]","{""client-000"": 2.5580311393801693, ""client-001"": 5.116062278760339, ""client-002"": 6.185327846325551, ""client-004"": 7.674093418140508, ""client-005"": 6.185327846325551, ""client-007"": 2.5580311393801693}"
sensorscope,30002,raven_wo_design,32,"[""client-005"", ""client-006"", ""client-007""]","[""client-000"", ""client-001"", ""client-002"", ""client-003"", ""client-005"", ""client-006"", ""client-007""]","[""client-005"", ""client-006"", ""client-007""]","{""client-000"": 6.193448091696055, ""client-001"": 3.79984246343858, ""client-002"": 6.193448091696055, ""client-003"": 7.710534733841564, ""client-005"": 5.14035648922771, ""client-006"": 3.0967240458480276, ""client-007"": 9.4774912183575}"
sensorscope,30002,raven_wo_design,33,"[""client-000"", ""client-003"", ""client-004""]","[""client-000"", ""client-001"", ""client-003"", ""client-004"", ""client-005"", ""client-006"", ""client-007""]","[""client-000"", ""client-003"", ""client-004""]","{""client-000"": 2.568407798128031, ""client-001"": 4.657997526870803, ""client-003"": 3.0799543234543214, ""client-004"": 6.159908646908643, ""client-005"": 6.159908646908643, ""client-006"": 2.568407798128031, ""client-007"": 4.657997526870803}"
sensorscope,30002,raven_wo_design,34,"[""client-003""]","[""client-002"", ""client-003"", ""client-006"", ""client-007""]","[""client-003""]","{""client-002"": 6.160258376716048, ""client-003"": 2.582511404131669, ""client-006"": 6.160258376716048, ""client-007"": 2.582511404131669}"
sensorscope,30002,raven_wo_design,35,"[""client-000"", ""client-001"", ""client-007""]","[""client-000"", ""client-001"", ""client-002"", ""client-003"", ""client-005"", ""client-006"", ""client-007""]","[""client-000"", ""client-001"", ""client-007""]","{""client-000"": 2.617629584135858, ""client-001"": 5.235259168271716, ""client-002"": 6.232582702488941, ""client-003"": 3.1162913512444703, ""client-005"": 5.235259168271716, ""client-006"": 5.235259168271716, ""client-007"": 3.768674069314004}"
sensorscope,30002,raven_wo_design,36,"[""client-002"", ""client-003"", ""client-005""]","[""client-000"", ""client-001"", ""client-002"", ""client-003"", ""client-004"", ""client-005"", ""client-007""]","[""client-002"", ""client-003"", ""client-005""]","{""client-000"": 5.258855849015786, ""client-001"": 7.522631474051947, ""client-002"": 5.258855849015786, ""client-003"": 6.24234132068282, ""client-004"": 6.24234132068282, ""client-005"": 9.189298571874499, ""client-007"": 4.594649285937249}"
sensorscope,30002,raven_wo_design,37,"[""client-000""]","[""client-000"", ""client-003"", ""client-004"", ""client-005"", ""client-006""]","[""client-000""]","{""client-000"": 3.088730882555376, ""client-003"": 4.486139825928203, ""client-004"": 2.6167814988294946, ""client-005"": 10.467125995317978, ""client-006"": 2.6167814988294946}"
sensorscope,30002,raven_wo_design,38,"[""client-000"", ""client-001"", ""client-002"", ""client-003"", ""client-004""]","[""client-000"", ""client-001"", ""client-002"", ""client-003"", ""client-004"", ""client-006""]","[""client-000"", ""client-001"", ""client-002"", ""client-003"", ""client-004""]","{""client-000"": 2.6447911875311174, ""client-001"": 12.42521106335186, ""client-002"": 5.289582375062235, ""client-003"": 5.289582375062235, ""client-004"": 3.106302765837965, ""client-006"": 3.106302765837965}"
sensorscope,30002,raven_wo_design,39,"[""client-001"", ""client-002"", ""client-003""]","[""client-000"", ""client-001"", ""client-002"", ""client-003"", ""client-004"", ""client-005"", ""client-006"", ""client-007""]","[""client-001"", ""client-002"", ""client-003""]","{""client-000"": 3.103314669078731, ""client-001"": 7.9496309461497905, ""client-002"": 3.103314669078731, ""client-003"": 6.206629338157462, ""client-004"": 3.103314669078731, ""client-005"": 2.64987698204993, ""client-006"": 7.362742368422097, ""client-007"": 7.362742368422097}"
sensorscope,30002,raven_wo_design,40,"[""client-001""]","[""client-000"", ""client-001"", ""client-003"", ""client-004"", ""client-005"", ""client-006"", ""client-007""]","[""client-001""]","{""client-000"": 2.6511627646709477, ""client-001"": 3.093947954104495, ""client-003"": 12.37579181641798, ""client-004"": 6.18789590820899, ""client-005"": 2.6511627646709477, ""client-006"": 5.302325529341895, ""client-007"": 7.310945871980331}"
sensorscope,30002,raven_wo_design,41,"[""client-000""]","[""client-000"", ""client-001"", ""client-002"", ""client-003"", ""client-004"", ""client-006""]","[""client-000""]","{""client-000"": 3.074039726260456, ""client-001"": 3.074039726260456, ""client-002"": 9.22211917878137, ""client-003"": 4.267374356317044, ""client-004"": 2.652441744948901, ""client-006"": 7.957325234846703}"
sensorscope,30002,raven_wo_design,42,"[""client-000"", ""client-001"", ""client-007""]","[""client-000"", ""client-001"", ""client-002"", ""client-003"", ""client-005"", ""client-006"", ""client-007""]","[""client-000"", ""client-001"", ""client-007""]","{""client-000"": 4.2233681865767565, ""client-001"": 2.6588350760716533, ""client-002"": 5.3176701521433065, ""client-003"": 3.5830987752426617, ""client-005"": 4.2233681865767565, ""client-006"": 3.0700084186616863, ""client-007"": 6.140016837323373}"
sensorscope,30002,raven_wo_design,43,"[""client-000"", ""client-004""]","[""client-000"", ""client-001"", ""client-002"", ""client-004"", ""client-005"", ""client-006"", ""client-007""]","[""client-000"", ""client-004""]","{""client-000"": 3.0812193018454663, ""client-001"": 4.237929583900732, ""client-002"": 8.005694286425928, ""client-004"": 3.0812193018454663, ""client-005"": 3.595927878048746, ""client-006"": 3.0812193018454663, ""client-007"": 2.668564762141976}"
sensorscope,30002,raven_wo_design,44,"[""client-004"", ""client-005""]","[""client-000"", ""client-001"", ""client-002"", ""client-003"", ""client-004"", ""client-005"", ""client-006"", ""client-007""]","[""client-004"", ""client-005""]","{""client-000"": 8.489216930604549, ""client-001"": 6.173015104085405, ""client-002"": 2.6732036102336014, ""client-003"": 3.0865075520427023, ""client-004"": 6.173015104085405, ""client-005"": 5.346407220467203, ""client-006"": 6.173015104085405, ""client-007"": 3.601903162355371}"
sensorscope,30002,raven_wo_design,45,"[""client-003"", ""client-004"", ""client-006"", ""client-007""]","[""client-000"", ""client-001"", ""client-002"", ""client-003"", ""client-004"", ""client-005"", ""client-006"", ""client-007""]","[""client-003"", ""client-004"", ""client-006"", ""client-007""]","{""client-000"": 7.124873004255955, ""client-001"": 2.670343750986046, ""client-002"": 3.5624365021279774, ""client-003"": 2.670343750986046, ""client-004"": 5.340687501972092, ""client-005"": 8.347558845616845, ""client-006"": 3.0688522901908706, ""client-007"": 3.0688522901908706}"
sensorscope,30002,raven_wo_design,46,"[""client-005""]","[""client-000"", ""client-001"", ""client-002"", ""client-003"", ""client-004"", ""client-005"", ""client-007""]","[""client-005""]","{""client-000"": 2.6727657361888726, ""client-001"": 3.533438117979227, ""client-002"": 2.6727657361888726, ""client-003"": 6.117207052607616, ""client-004"": 3.533438117979227, ""client-005"": 12.234414105215231, ""client-007"": 9.175810578911424}"
sensorscope,30002,raven_wo_design,47,"[""client-002""]","[""client-001"", ""client-002"", ""client-003"", ""client-004"", ""client-006"", ""client-007""]","[""client-002""]","{""client-001"": 4.062076315712816, ""client-002"": 6.095998687888102, ""client-003"": 4.062076315712816, ""client-004"": 4.062076315712816, ""client-006"": 6.095998687888102, ""client-007"": 6.095998687888102}"
sensorscope,30002,raven_wo_design,48,"[""client-002"", ""client-004"", ""client-005""]","[""client-000"", ""client-001"", ""client-002"", ""client-003"", ""client-004"", ""client-005"", ""client-006"", ""client-007""]","[""client-002"", ""client-004"", ""client-005""]","{""client-000"": 6.096196101858159, ""client-001"": 2.681694857766539, ""client-002"": 5.363389715533078, ""client-003"": 3.0480980509290796, ""client-004"": 6.096196101858159, ""client-005"": 2.681694857766539, ""client-006"": 8.045084573299617, ""client-007"": 3.4943321951941315}"
sensorscope,30002,raven_wo_design,49,"[""client-000"", ""client-006""]","[""client-000"", ""client-001"", ""client-002"", ""client-005"", ""client-006"", ""client-007""]","[""client-000"", ""client-006""]","{""client-000"": 9.111215669174445, ""client-001"": 5.351041747351271, ""client-002"": 2.6755208736756355, ""client-005"": 5.351041747351271, ""client-006"": 2.6755208736756355, ""client-007"": 6.953279841633727}"
sensorscope,30002,raven_wo_design,50,"[""client-002"", ""client-003""]","[""client-002"", ""client-003"", ""client-005"", ""client-006""]","[""client-002"", ""client-003""]","{""client-002"": 3.035554371680903, ""client-003"": 5.354296895895139, ""client-005"": 3.035554371680903, ""client-006"": 2.6771484479475696}"
sensorscope,30002,raven_wo_design,51,"[""client-003"", ""client-007""]","[""client-000"", ""client-001"", ""client-003"", ""client-004"", ""client-005"", ""client-007""]","[""client-003"", ""client-007""]","{""client-000"": 2.7033201397213604, ""client-001"": 6.99186251093384, ""client-003"": 2.7033201397213604, ""client-004"": 2.7033201397213604, ""client-005"": 3.061885053730403, ""client-007"": 4.0213482661149484}"
sensorscope,30002,raven_wo_design,52,[],"[""client-000"", ""client-001"", ""client-003"", ""client-004"", ""client-005"", ""client-006"", ""client-007""]",[],"{""client-000"": 3.0808264780630434, ""client-001"": 5.460319837623272, ""client-003"": 5.460319837623272, ""client-004"": 6.161652956126087, ""client-005"": 2.730159918811636, ""client-006"": 5.460319837623272, ""client-007"": 5.460319837623272}"
sensorscope,30002,raven_wo_design,53,"[""client-001"", ""client-003"", ""client-004"", ""client-005"", ""client-006""]","[""client-000"", ""client-001"", ""client-003"", ""client-004"", ""client-005"", ""client-006""]","[""client-001"", ""client-003"", ""client-004"", ""client-005"", ""client-006""]","{""client-000"": 2.7433551736581663, ""client-001"": 3.082206912882333, ""client-003"": 7.940594349487351, ""client-004"": 6.164413825764666, ""client-005"": 3.082206912882333, ""client-006"": 2.7433551736581663}"
sensorscope,30002,raven_wo_design,54,"[""client-001"", ""client-005""]","[""client-000"", ""client-001"", ""client-002"", ""client-004"", ""client-005"", ""client-006""]","[""client-001"", ""client-005""]","{""client-000"": 2.7556306158254733, ""client-001"": 3.0870617286328152, ""client-002"": 2.7556306158254733, ""client-004"": 2.7556306158254733, ""client-005"": 3.0870617286328152, ""client-006"": 3.481061004438992}"
sensorscope,30002,raven_wo_design,55,[],"[""client-000"", ""client-003"", ""client-004"", ""client-006"", ""client-007""]",[],"{""client-000"": 8.326144589690703, ""client-003"": 7.9821163117694125, ""client-004"": 5.550763059793802, ""client-006"": 6.2250586924711575, ""client-007"": 3.1125293462355788}"
sensorscope,30002,raven_wo_design,56,"[""client-001"", ""client-002"", ""client-007""]","[""client-000"", ""client-001"", ""client-002"", ""client-003"", ""client-006"", ""client-007""]","[""client-001"", ""client-002"", ""client-007""]","{""client-000"": 5.542199847274874, ""client-001"": 3.1191153080957363, ""client-002"": 2.771099923637437, ""client-003"": 5.542199847274874, ""client-006"": 5.542199847274874, ""client-007"": 5.542199847274874}"
sensorscope,30002,raven_wo_design,57,"[""client-003"", ""client-006""]","[""client-000"", ""client-001"", ""client-003"", ""client-004"", ""client-005"", ""client-006"", ""client-007""]","[""client-003"", ""client-006""]","{""client-000"": 3.1279585410174544, ""client-001"": 3.1279585410174544, ""client-003"": 3.1279585410174544, ""client-004"": 11.061028054814006, ""client-005"": 5.530514027407003, ""client-006"": 6.255917082034909, ""client-007"": 5.530514027407003}"
sensorscope,30002,raven_wo_design,58,"[""client-000"", ""client-002"", ""client-006""]","[""client-000"", ""client-001"", ""client-002"", ""client-003"", ""client-004"", ""client-006"", ""client-007""]","[""client-000"", ""client-002"", ""client-006""]","{""client-000"": 2.746327907499013, ""client-001"": 6.242687534539738, ""client-002"": 3.121343767269869, ""client-003"": 5.492655814998026, ""client-004"": 5.492655814998026, ""client-006"": 6.242687534539738, ""client-007"": 6.242687534539738}"
sensorscope,30002,raven_wo_design,59,"[""client-001"", ""client-005""]","[""client-000"", ""client-001"", ""client-002"", ""client-004"", ""client-005"", ""client-006"", ""client-007""]","[""client-001"", ""client-005""]","{""client-000"": 5.457715291183667, ""client-001"": 6.228377391341823, ""client-002"": 6.228377391341823, ""client-004"": 5.457715291183667, ""client-005"": 6.228377391341823, ""client-006"": 9.342566087012734, ""client-007"": 6.228377391341823}"
sensorscope,30002,raven_wo_design,60,"[""client-000"", ""client-005"", ""client-007""]","[""client-000"", ""client-001"", ""client-002"", ""client-003"", ""client-004"", ""client-005"", ""client-006"", ""client-007""]","[""client-000"", ""client-005"", ""client-007""]","{""client-000"": 10.831603772666657, ""client-001"": 12.444660432910545, ""client-002"": 3.094097106620724, ""client-003"": 5.415801886333329, ""client-004"": 9.282291319862171, ""client-005"": 3.094097106620724, ""client-006"": 6.188194213241448, ""client-007"": 6.188194213241448}"
sensorscope,30002,raven_wo_design,61,"[""client-004"", ""client-005"", ""client-006""]","[""client-000"", ""client-003"", ""client-004"", ""client-005"", ""client-006"", ""client-007""]","[""client-004"", ""client-005"", ""client-006""]","{""client-000"": 3.0539022901057615, ""client-003"": 6.107804580211523, ""client-004"": 7.022842065298804, ""client-005"": 5.35946427338104, ""client-006"": 2.67973213669052, ""client-007"": 5.35946427338104}"
sensorscope,30002,raven_wo_design,62,"[""client-001"", ""client-006"", ""client-007""]","[""client-000"", ""client-001"", ""client-002"", ""client-004"", ""client-006"", ""client-007""]","[""client-001"", ""client-006"", ""client-007""]","{""client-000"": 7.041377625813675, ""client-001"": 6.11177124516383, ""client-002"": 6.11177124516383, ""client-004"": 5.353579919502139, ""client-006"": 2.6767899597510696, ""client-007"": 9.167656867745745}"
sensorscope,30002,raven_wo_design,63,"[""client-001"", ""client-003"", ""client-005""]","[""client-001"", ""client-002"", ""client-003"", ""client-004"", ""client-005"", ""client-006""]","[""client-001"", ""client-003"", ""client-005""]","{""client-001"": 2.6713898143139287, ""client-002"": 4.083703055740409, ""client-003"": 5.3427796286278575, ""client-004"": 6.099894488009375, ""client-005"": 2.6713898143139287, ""client-006"": 6.099894488009375}"
sensorscope,30002,raven_wo_design,64,"[""client-000"", ""client-001"", ""client-002"", ""client-007""]","[""client-000"", ""client-001"", ""client-002"", ""client-003"", ""client-004"", ""client-005"", ""client-006"", ""client-007""]","[""client-000"", ""client-001"", ""client-002"", ""client-007""]","{""client-000"": 3.0517998103689825, ""client-001"": 8.028725869623704, ""client-002"": 6.103599620737965, ""client-003"": 3.5115004700854064, ""client-004"": 3.0517998103689825, ""client-005"": 4.0741959227030495, ""client-006"": 6.103599620737965, ""client-007"": 3.0517998103689825}"
sensorscope,30002,raven_wo_design,65,"[""client-002"", ""client-006""]","[""client-000"", ""client-001"", ""client-002"", ""client-004"", ""client-005"", ""client-006"", ""client-007""]","[""client-002"", ""client-006""]","{""client-000"": 7.016599032459766, ""client-001"": 3.0471886084185984, ""client-002"": 2.6708455953211523, ""client-004"": 6.094377216837197, ""client-005"": 6.094377216837197, ""client-006"": 2.6708455953211523, ""client-007"": 8.14654305641056}"
sensorscope,30002,raven_wo_design,66,"[""client-002"", ""client-005"", ""client-007""]","[""client-000"", ""client-001"", ""client-002"", ""client-004"", ""client-005"", ""client-006"", ""client-007""]","[""client-002"", ""client-005"", ""client-007""]","{""client-000"": 5.340539985987357, ""client-001"": 3.0435364953819586, ""client-002"": 2.6702699929936786, ""client-004"": 4.05896027165257, ""client-005"": 9.130609486145875, ""client-006"": 4.05896027165257, ""client-007"": 6.087072990763917}"
sensorscope,30002,raven_wo_design,67,"[""client-003""]","[""client-000"", ""client-001"", ""client-002"", ""client-003"", ""client-004"", ""client-005"", ""client-006""]","[""client-003""]","{""client-000"": 4.039093226990362, ""client-001"": 9.118845775945255, ""client-002"": 8.012698939658472, ""client-003"": 6.079230517296836, ""client-004"": 3.039615258648418, ""client-005"": 6.979389889624874, ""client-006"": 3.039615258648418}"
sensorscope,30002,raven_wo_design,68,"[""client-003"", ""client-006""]","[""client-001"", ""client-002"", ""client-003"", ""client-004"", ""client-006"", ""client-007""]","[""client-003"", ""client-006""]","{""client-001"": 6.047466554538581, ""client-002"": 3.0237332772692906, ""client-003"": 3.0237332772692906, ""client-004"": 2.6596528156854786, ""client-006"": 6.047466554538581, ""client-007"": 5.319305631370957}"
sensorscope,30002,raven_wo_design,69,"[""client-003""]","[""client-001"", ""client-002"", ""client-003"", ""client-004"", ""client-005"", ""client-006"", ""client-007""]","[""client-003""]","{""client-001"": 8.110190471574086, ""client-002"": 4.055095235787043, ""client-003"": 2.661097881530187, ""client-004"": 5.322195763060374, ""client-005"": 5.322195763060374, ""client-006"": 4.055095235787043, ""client-007"": 2.661097881530187}"
sensorscope,30002,raven_wo_design,70,"[""client-002"", ""client-006""]","[""client-000"", ""client-001"", ""client-002"", ""client-003"", ""client-004"", ""client-005"", ""client-006"", ""client-007""]","[""client-002"", ""client-006""]","{""client-000"": 2.6552464393199307, ""client-001"": 6.0661469951616045, ""client-002"": 6.0661469951616045, ""client-003"": 2.6552464393199307, ""client-004"": 6.0661469951616045, ""client-005"": 3.497143475664969, ""client-006"": 2.6552464393199307, ""client-007"": 3.0330734975808022}"
sensorscope,30002,raven_wo_design,71,"[""client-003"", ""client-004""]","[""client-001"", ""client-002"", ""client-003"", ""client-004"", ""client-005"", ""client-006""]","[""client-003"", ""client-004""]","{""client-001"": 6.061724168535336, ""client-002"": 3.4939725140517055, ""client-003"": 3.4939725140517055, ""client-004"": 3.030862084267668, ""client-005"": 2.6537474980490137, ""client-006"": 4.0626889679159515}"
sensorscope,30002,raven_wo_design,72,"[""client-002"", ""client-003"", ""client-007""]","[""client-000"", ""client-001"", ""client-002"", ""client-003"", ""client-004"", ""client-005"", ""client-006"", ""client-007""]","[""client-002"", ""client-003"", ""client-007""]","{""client-000"": 5.3211020388522305, ""client-001"": 3.041022918105228, ""client-002"": 6.082045836210456, ""client-003"": 3.041022918105228, ""client-004"": 6.082045836210456, ""client-005"": 5.3211020388522305, ""client-006"": 6.082045836210456, ""client-007"": 6.082045836210456}"
sensorscope,30002,raven_wo_design,73,"[""client-003"", ""client-004""]","[""client-000"", ""client-001"", ""client-002"", ""client-003"", ""client-004"", ""client-006"", ""client-007""]","[""client-003"", ""client-004""]","{""client-000"": 7.959601062847647, ""client-001"": 9.103471428038313, ""client-002"": 3.034490476012771, ""client-003"": 3.034490476012771, ""client-004"": 3.034490476012771, ""client-006"": 5.306400708565098, ""client-007"": 3.5037204270277122}"
sensorscope,30002,raven_wo_design,74,"[""client-001"", ""client-003""]","[""client-000"", ""client-001"", ""client-002"", ""client-003"", ""client-004"", ""client-005"", ""client-007""]","[""client-001"", ""client-003""]","{""client-000"": 2.6424556974013873, ""client-001"": 3.028054888334403, ""client-002"": 4.0920875803582515, ""client-003"": 5.284911394802775, ""client-004"": 6.056109776668806, ""client-005"": 2.6424556974013873, ""client-007"": 6.056109776668806}"
sensorscope,30002,raven_wo_design,75,"[""client-001"", ""client-002"", ""client-007""]","[""client-000"", ""client-001"", ""client-002"", ""client-003"", ""client-004"", ""client-005"", ""client-006"", ""client-007""]","[""client-001"", ""client-002"", ""client-007""]","{""client-000"": 3.0302030435757117, ""client-001"": 3.0302030435757117, ""client-002"": 3.0302030435757117, ""client-003"": 5.279462498329041, ""client-004"": 6.060406087151423, ""client-005"": 5.279462498329041, ""client-006"": 5.279462498329041, ""client-007"": 3.0302030435757117}"
sensorscope,30002,raven_wo_design,76,"[""client-001"", ""client-005"", ""client-006"", ""client-007""]","[""client-001"", ""client-003"", ""client-005"", ""client-006"", ""client-007""]","[""client-001"", ""client-005"", ""client-006"", ""client-007""]","{""client-001"": 7.911107658807699, ""client-003"": 3.0278117300274756, ""client-005"": 5.274071772538466, ""client-006"": 3.0278117300274756, ""client-007"": 3.0278117300274756}"
sensorscope,30002,raven_wo_design,77,"[""client-000"", ""client-003""]","[""client-000"", ""client-001"", ""client-002"", ""client-003"", ""client-007""]","[""client-000"", ""client-003""]","{""client-000"": 3.0389671695202023, ""client-001"": 7.074592985575956, ""client-002"": 3.0389671695202023, ""client-003"": 3.0389671695202023, ""client-007"": 3.537296492787978}"
sensorscope,30002,raven_wo_design,78,"[""client-001"", ""client-003"", ""client-006""]","[""client-000"", ""client-001"", ""client-003"", ""client-004"", ""client-005"", ""client-006""]","[""client-001"", ""client-003"", ""client-006""]","{""client-000"": 3.5585742934097975, ""client-001"": 6.103039486507622, ""client-003"": 3.051519743253811, ""client-004"": 2.6449525299307326, ""client-005"": 9.154559229761432, ""client-006"": 9.154559229761432}"
sensorscope,30002,raven_wo_design,79,"[""client-005""]","[""client-001"", ""client-002"", ""client-005"", ""client-006""]","[""client-005""]","{""client-001"": 9.153157146214037, ""client-002"": 3.5540592559961794, ""client-005"": 7.941329216372926, ""client-006"": 4.180425200331548}"
sensorscope,30002,raven_wo_design,80,"[""client-000"", ""client-004"", ""client-006""]","[""client-000"", ""client-001"", ""client-002"", ""client-003"", ""client-004"", ""client-005"", ""client-006""]","[""client-000"", ""client-004"", ""client-006""]","{""client-000"": 3.5548078535604852, ""client-001"": 4.172301630039737, ""client-002"": 2.657012477923984, ""client-003"": 2.657012477923984, ""client-004"": 2.657012477923984, ""client-005"": 6.115020530713262, ""client-006"": 6.115020530713262}"
sensorscope,30002,raven_wo_design,81,"[""client-001"", ""client-004""]","[""client-000"", ""client-001"", ""client-003"", ""client-004"", ""client-005"", ""client-006"", ""client-007""]","[""client-001"", ""client-004""]","{""client-000"": 9.187729191254355, ""client-001"": 6.125152794169571, ""client-003"": 3.5596996762920137, ""client-004"": 5.324000415528376, ""client-005"": 2.662000207764188, ""client-006"": 7.986000623292564, ""client-007"": 4.176639877228318}"
sensorscope,30002,raven_wo_design,82,"[""client-001"", ""client-004"", ""client-006""]","[""client-001"", ""client-004"", ""client-005"", ""client-006""]","[""client-001"", ""client-004"", ""client-006""]","{""client-001"": 7.978207552782379, ""client-004"": 9.172119938474246, ""client-005"": 7.978207552782379, ""client-006"": 7.978207552782379}"
sensorscope,30002,raven_wo_design,83,"[""client-001"", ""client-002"", ""client-004"", ""client-005""]","[""client-001"", ""client-002"", ""client-003"", ""client-004"", ""client-005"", ""client-007""]","[""client-001"", ""client-002"", ""client-004"", ""client-005""]","{""client-001"": 2.6527087109332106, ""client-002"": 2.6527087109332106, ""client-003"": 9.166013625557785, ""client-004"": 2.6527087109332106, ""client-005"": 6.110675750371857, ""client-007"": 6.110675750371857}"
sensorscope,30002,raven_wo_design,84,"[""client-000"", ""client-003"", ""client-004"", ""client-006"", ""client-007""]","[""client-000"", ""client-003"", ""client-004"", ""client-005"", ""client-006"", ""client-007""]","[""client-000"", ""client-003"", ""client-004"", ""client-006"", ""client-007""]","{""client-000"": 6.116554242957912, ""client-003"": 6.116554242957912, ""client-004"": 6.116554242957912, ""client-005"": 6.116554242957912, ""client-006"": 5.289350209502317, ""client-007"": 2.6446751047511583}"
sensorscope,30002,raven_wo_design,85,"[""client-000"", ""client-002"", ""client-003"", ""client-004"", ""client-005"", ""client-006""]","[""client-000"", ""client-001"", ""client-002"", ""client-003"", ""client-004"", ""client-005"", ""client-006"", ""client-007""]","[""client-000"", ""client-002"", ""client-003"", ""client-004"", ""client-005"", ""client-006""]","{""client-000"": 7.9118234515829675, ""client-001"": 2.637274483860989, ""client-002"": 5.274548967721978, ""client-003"": 5.274548967721978, ""client-004"": 5.274548967721978, ""client-005"": 7.9118234515829675, ""client-006"": 3.056440561596553, ""client-007"": 3.056440561596553}"
sensorscope,30002,raven_wo_design,86,"[""client-000"", ""client-001"", ""client-003"", ""client-005"", ""client-007""]","[""client-000"", ""client-001"", ""client-003"", ""client-004"", ""client-005"", ""client-007""]","[""client-000"", ""client-001"", ""client-003"", ""client-005"", ""client-007""]","{""client-000"": 5.249582370313105, ""client-001"": 9.141751234301323, ""client-003"": 3.047250411433774, ""client-004"": 2.6247911851565524, ""client-005"": 6.094500822867548, ""client-007"": 5.249582370313105}"
sensorscope,30002,raven_wo_design,87,"[""client-003"", ""client-004""]","[""client-001"", ""client-002"", ""client-003"", ""client-004"", ""client-007""]","[""client-003"", ""client-004""]","{""client-001"": 4.268851572986385, ""client-002"": 2.6197735114024487, ""client-003"": 7.173425832872456, ""client-004"": 2.6197735114024487, ""client-007"": 3.586712916436228}"
sensorscope,30002,raven_wo_design,88,"[""client-003""]","[""client-000"", ""client-002"", ""client-003"", ""client-004"", ""client-005"", ""client-007""]","[""client-003""]","{""client-000"": 4.293407695507563, ""client-002"": 5.252315634159516, ""client-003"": 7.878473451239275, ""client-004"": 2.626157817079758, ""client-005"": 4.293407695507563, ""client-007"": 5.252315634159516}"
sensorscope,30002,raven_wo_design,89,"[""client-001"", ""client-004"", ""client-005""]","[""client-000"", ""client-001"", ""client-002"", ""client-004"", ""client-005"", ""client-006"", ""client-007""]","[""client-001"", ""client-004"", ""client-005""]","{""client-000"": 3.6126784411482418, ""client-001"": 6.123712822435435, ""client-002"": 6.123712822435435, ""client-004"": 6.123712822435435, ""client-005"": 5.254324599250133, ""client-006"": 5.254324599250133, ""client-007"": 2.6271622996250663}"
sensorscope,30002,raven_wo_design,90,"[""client-001"", ""client-002"", ""client-003""]","[""client-001"", ""client-002"", ""client-003"", ""client-005"", ""client-006""]","[""client-001"", ""client-002"", ""client-003""]","{""client-001"": 5.243592429769402, ""client-002"": 3.0586116796061464, ""client-003"": 6.117223359212293, ""client-005"": 3.0586116796061464, ""client-006"": 2.621796214884701}"
sensorscope,30002,raven_wo_design,91,"[""client-003"", ""client-007""]","[""client-000"", ""client-003"", ""client-004"", ""client-005"", ""client-007""]","[""client-003"", ""client-007""]","{""client-000"": 2.622679839759068, ""client-003"": 5.245359679518136, ""client-004"": 5.245359679518136, ""client-005"": 5.245359679518136, ""client-007"": 3.0684006979878005}"
sensorscope,30002,raven_wo_design,92,"[""client-000"", ""client-001""]","[""client-000"", ""client-001"", ""client-002"", ""client-004"", ""client-005""]","[""client-000"", ""client-001""]","{""client-000"": 3.0808739430127723, ""client-001"": 3.0808739430127723, ""client-002"": 3.0808739430127723, ""client-004"": 4.408611025710954, ""client-005"": 2.6258479796894747}"
sensorscope,30002,raven_wo_design,93,"[""client-000"", ""client-003"", ""client-004"", ""client-005""]","[""client-000"", ""client-001"", ""client-003"", ""client-004"", ""client-005"", ""client-007""]","[""client-000"", ""client-003"", ""client-004"", ""client-005""]","{""client-000"": 6.1891119109916515, ""client-001"": 5.264089419281088, ""client-003"": 2.632044709640544, ""client-004"": 5.264089419281088, ""client-005"": 5.264089419281088, ""client-007"": 2.632044709640544}"
sensorscope,30002,raven_wo_design,94,"[""client-002""]","[""client-000"", ""client-001"", ""client-002"", ""client-003"", ""client-005"", ""client-006"", ""client-007""]","[""client-002""]","{""client-000"": 9.303119568034315, ""client-001"": 4.469225171012704, ""client-002"": 5.270131278486803, ""client-003"": 3.1010398560114387, ""client-005"": 3.699811170022043, ""client-006"": 4.469225171012704, ""client-007"": 2.6350656392434013}"
sensorscope,30002,raven_wo_design,95,"[""client-003""]","[""client-000"", ""client-002"", ""client-003"", ""client-004"", ""client-005"", ""client-006"", ""client-007""]","[""client-003""]","{""client-000"": 6.201103576582189, ""client-002"": 6.201103576582189, ""client-003"": 2.634362235594372, ""client-004"": 3.1005517882910945, ""client-005"": 8.939585618829046, ""client-006"": 5.268724471188744, ""client-007"": 7.903086706783116}"
sensorscope,30002,raven_wo_design,96,"[""client-000"", ""client-001"", ""client-003"", ""client-005""]","[""client-000"", ""client-001"", ""client-002"", ""client-003"", ""client-004"", ""client-005"", ""client-006"", ""client-007""]","[""client-000"", ""client-001"", ""client-003"", ""client-005""]","{""client-000"": 6.191668384109985, ""client-001"": 5.264476301288992, ""client-002"": 3.691102985708549, ""client-003"": 6.191668384109985, ""client-004"": 3.0958341920549923, ""client-005"": 3.0958341920549923, ""client-006"": 3.0958341920549923, ""client-007"": 9.287502576164977}"
sensorscope,30002,raven_wo_design,97,"[""client-000"", ""client-002"", ""client-003"", ""client-004""]","[""client-000"", ""client-002"", ""client-003"", ""client-004"", ""client-005"", ""client-006"", ""client-007""]","[""client-000"", ""client-002"", ""client-003"", ""client-004""]","{""client-000"": 3.0874975572225596, ""client-002"": 2.626480075129236, ""client-003"": 4.438590294339381, ""client-004"": 5.252960150258472, ""client-005"": 7.879440225387708, ""client-006"": 5.252960150258472, ""client-007"": 3.6791880933825194}"
sensorscope,30002,raven_wo_design,98,"[""client-003"", ""client-007""]","[""client-000"", ""client-001"", ""client-002"", ""client-003"", ""client-004"", ""client-006"", ""client-007""]","[""client-003"", ""client-007""]","{""client-000"": 2.6258934145123716, ""client-001"": 3.675153312692382, ""client-002"": 3.675153312692382, ""client-003"": 7.877680243537115, ""client-004"": 6.1710977710514054, ""client-006"": 7.877680243537115, ""client-007"": 2.6258934145123716}"
sensorscope,30002,raven_wo_design,99,"[""client-000"", ""client-002"", ""client-004"", ""client-006"", ""client-007""]","[""client-000"", ""client-001"", ""client-002"", ""client-004"", ""client-005"", ""client-006"", ""client-007""]","[""client-000"", ""client-002"", ""client-004"", ""client-006"", ""client-007""]","{""client-000"": 5.244841605063348, ""client-001"": 3.082329318200634, ""client-002"": 6.164658636401268, ""client-004"": 3.082329318200634, ""client-005"": 9.246987954601902, ""client-006"": 5.244841605063348, ""client-007"": 9.246987954601902}"
sensorscope,30002,raven_sag,0,"[""client-000"", ""client-001"", ""client-003"", ""client-005"", ""client-006"", ""client-007""]","[""client-000"", ""client-001"", ""client-003"", ""client-004"", ""client-005"", ""client-006"", ""client-007""]","[""client-000"", ""client-001"", ""client-003"", ""client-005"", ""client-006"", ""client-007""]","{""client-000"": 10.0, ""client-001"": 10.0, ""client-003"": 15.0, ""client-004"": 15.0, ""client-005"": 20.0, ""client-006"": 10.0, ""client-007"": 10.0}"
sensorscope,30002,raven_sag,1,"[""client-001"", ""client-003""]","[""client-000"", ""client-001"", ""client-002"", ""client-003"", ""client-005"", ""client-006"", ""client-007""]","[""client-001"", ""client-003""]","{""client-000"": 3.473922334106405, ""client-001"": 2.001624548065468, ""client-002"": 4.003249096130936, ""client-003"": 2.001624548065468, ""client-005"": 2.001624548065468, ""client-006"": 6.004873644196405, ""client-007"": 3.473922334106405}"
sensorscope,30002,raven_sag,2,"[""client-002"", ""client-003"", ""client-004""]","[""client-001"", ""client-002"", ""client-003"", ""client-004"", ""client-006"", ""client-007""]","[""client-002"", ""client-003"", ""client-004""]","{""client-001"": 7.346562823350089, ""client-002"": 2.4488542744500297, ""client-003"": 2.4488542744500297, ""client-004"": 6.167293406080979, ""client-006"": 2.4488542744500297, ""client-007"": 1.7693241708377547}"
sensorscope,30002,raven_sag,3,"[""client-001"", ""client-005"", ""client-006""]","[""client-000"", ""client-001"", ""client-003"", ""client-005"", ""client-006""]","[""client-001"", ""client-005"", ""client-006""]","{""client-000"": 1.7445971714555322, ""client-001"": 4.5241593666475675, ""client-003"": 4.5241593666475675, ""client-005"": 2.2620796833237837, ""client-006"": 2.2620796833237837}"
sensorscope,30002,raven_sag,4,"[""client-002"", ""client-004"", ""client-006"", ""client-007""]","[""client-000"", ""client-002"", ""client-003"", ""client-004"", ""client-005"", ""client-006"", ""client-007""]","[""client-002"", ""client-004"", ""client-006"", ""client-007""]","{""client-000"": 7.962865035812039, ""client-002"": 2.65428834527068, ""client-003"": 5.30857669054136, ""client-004"": 7.962865035812039, ""client-005"": 2.845039995084136, ""client-006"": 2.65428834527068, ""client-007"": 2.845039995084136}"
sensorscope,30002,raven_sag,5,"[""client-002"", ""client-006""]","[""client-002"", ""client-004"", ""client-005"", ""client-006"", ""client-007""]","[""client-002"", ""client-006""]","{""client-002"": 5.333048997816379, ""client-004"": 2.542024207169441, ""client-005"": 2.426824902396794, ""client-006"": 5.333048997816379, ""client-007"": 2.426824902396794}"
sensorscope,30002,raven_sag,6,"[""client-001"", ""client-004"", ""client-005""]","[""client-001"", ""client-003"", ""client-004"", ""client-005"", ""client-006""]","[""client-001"", ""client-004"", ""client-005""]","{""client-001"": 5.726983562298061, ""client-003"": 2.9290970270064935, ""client-004"": 5.726983562298061, ""client-005"": 5.858194054012987, ""client-006"": 8.78729108101948}"
sensorscope,30002,raven_sag,7,"[""client-001"", ""client-003""]","[""client-001"", ""client-002"", ""client-003"", ""client-004"", ""client-006"", ""client-007""]","[""client-001"", ""client-003""]","{""client-001"": 2.958544311655734, ""client-002"": 2.958544311655734, ""client-003"": 5.917088623311468, ""client-004"": 2.785958748661326, ""client-006"": 2.958544311655734, ""client-007"": 2.958544311655734}"
sensorscope,30002,raven_sag,8,"[""client-002"", ""client-005"", ""client-006""]","[""client-000"", ""client-001"", ""client-002"", ""client-003"", ""client-004"", ""client-005"", ""client-006"", ""client-007""]","[""client-002"", ""client-005"", ""client-006""]","{""client-000"": 3.41150897728063, ""client-001"": 3.0863187160649073, ""client-002"": 3.0863187160649073, ""client-003"": 5.609960258087973, ""client-004"": 3.7873859840905295, ""client-005"": 2.8049801290439866, ""client-006"": 5.609960258087973, ""client-007"": 3.0863187160649073}"
sensorscope,30002,raven_sag,9,"[""client-001"", ""client-003"", ""client-005"", ""client-007""]","[""client-000"", ""client-001"", ""client-002"", ""client-003"", ""client-004"", ""client-005"", ""client-006"", ""client-007""]","[""client-001"", ""client-003"", ""client-005"", ""client-007""]","{""client-000"": 8.320736688168843, ""client-001"": 2.7735788960562813, ""client-002"": 3.109153995672514, ""client-003"": 6.218307991345028, ""client-004"": 2.7735788960562813, ""client-005"": 6.218307991345028, ""client-006"": 6.218307991345028, ""client-007"": 8.320736688168843}"
sensorscope,30002,raven_sag,10,"[""client-002"", ""client-003"", ""client-005"", ""client-006""]","[""client-000"", ""client-001"", ""client-002"", ""client-003"", ""client-004"", ""client-005"", ""client-006"", ""client-007""]","[""client-002"", ""client-003"", ""client-005"", ""client-006""]","{""client-000"": 3.9594055073870082, ""client-001"": 2.67527847294975, ""client-002"": 3.9594055073870082, ""client-003"": 5.3505569458995, ""client-004"": 3.025160732195888, ""client-005"": 2.67527847294975, ""client-006"": 2.67527847294975, ""client-007"": 5.3505569458995}"
sensorscope,30002,raven_sag,11,"[""client-003"", ""client-004""]","[""client-001"", ""client-003"", ""client-004"", ""client-006"", ""client-007""]","[""client-003"", ""client-004""]","{""client-001"": 7.925140018742526, ""client-003"": 2.641713339580842, ""client-004"": 2.641713339580842, ""client-006"": 2.641713339580842, ""client-007"": 2.641713339580842}"
sensorscope,30002,raven_sag,12,"[""client-000"", ""client-001"", ""client-006""]","[""client-000"", ""client-001"", ""client-002"", ""client-006""]","[""client-000"", ""client-001"", ""client-006""]","{""client-000"": 4.453508399394986, ""client-001"": 2.65380467809959, ""client-002"": 3.113860464636159, ""client-006"": 2.65380467809959}"
sensorscope,30002,raven_sag,13,"[""client-000"", ""client-001"", ""client-002"", ""client-003"", ""client-005""]","[""client-000"", ""client-001"", ""client-002"", ""client-003"", ""client-004"", ""client-005"", ""client-006"", ""client-007""]","[""client-000"", ""client-001"", ""client-002"", ""client-003"", ""client-005""]","{""client-000"": 5.470989993964905, ""client-001"": 10.94197998792981, ""client-002"": 9.738320057850713, ""client-003"": 5.470989993964905, ""client-004"": 6.492213371900475, ""client-005"": 5.470989993964905, ""client-006"": 4.762221922521621, ""client-007"": 4.762221922521621}"
sensorscope,30002,raven_sag,14,"[""client-000"", ""client-002"", ""client-005"", ""client-007""]","[""client-000"", ""client-001"", ""client-002"", ""client-004"", ""client-005"", ""client-006"", ""client-007""]","[""client-000"", ""client-002"", ""client-005"", ""client-007""]","{""client-000"": 3.130146068360508, ""client-001"": 2.6429218508497527, ""client-002"": 2.6429218508497527, ""client-004"": 4.580917728025618, ""client-005"": 9.390438205081523, ""client-006"": 9.390438205081523, ""client-007"": 2.6429218508497527}"
sensorscope,30002,raven_sag,15,"[""client-001"", ""client-006""]","[""client-000"", ""client-001"", ""client-002"", ""client-003"", ""client-004"", ""client-005"", ""client-006"", ""client-007""]","[""client-001"", ""client-006""]","{""client-000"": 4.512440672153202, ""client-001"": 6.223215368581254, ""client-002"": 9.024881344306404, ""client-003"": 3.7233980087261638, ""client-004"": 3.111607684290627, ""client-005"": 2.6372513301648532, ""client-006"": 3.7233980087261638, ""client-007"": 3.111607684290627}"
sensorscope,30002,raven_sag,16,"[""client-000"", ""client-001"", ""client-002"", ""client-004"", ""client-006""]","[""client-000"", ""client-001"", ""client-002"", ""client-003"", ""client-004"", ""client-005"", ""client-006"", ""client-007""]","[""client-000"", ""client-001"", ""client-002"", ""client-004"", ""client-006""]","{""client-000"": 7.925756998452999, ""client-001"": 2.641918999484333, ""client-002"": 2.641918999484333, ""client-003"": 5.283837998968666, ""client-004"": 6.151372834659539, ""client-005"": 9.227059251989308, ""client-006"": 7.925756998452999, ""client-007"": 3.0756864173297696}"
sensorscope,30002,raven_sag,17,"[""client-001"", ""client-002""]","[""client-000"", ""client-001"", ""client-002"", ""client-006"", ""client-007""]","[""client-001"", ""client-002""]","{""client-000"": 4.161819302685862, ""client-001"": 3.017374050306189, ""client-002"": 5.222857605646112, ""client-006"": 5.222857605646112, ""client-007"": 5.222857605646112}"
sensorscope,30002,raven_sag,18,"[""client-000""]","[""client-000"", ""client-001"", ""client-004"", ""client-006""]","[""client-000""]","{""client-000"": 9.180154261722544, ""client-001"": 6.120102841148363, ""client-004"": 6.120102841148363, ""client-006"": 3.0600514205741813}"
sensorscope,30002,raven_sag,19,"[""client-005""]","[""client-001"", ""client-003"", ""client-005"", ""client-006"", ""client-007""]","[""client-005""]","{""client-001"": 6.164302646376351, ""client-003"": 5.221826072722226, ""client-005"": 6.164302646376351, ""client-006"": 6.164302646376351, ""client-007"": 2.610913036361113}"
sensorscope,30002,raven_sag,20,"[""client-000"", ""client-007""]","[""client-000"", ""client-001"", ""client-002"", ""client-003"", ""client-006"", ""client-007""]","[""client-000"", ""client-007""]","{""client-000"": 6.235898332263106, ""client-001"": 5.2413282387009055, ""client-002"": 2.6206641193504527, ""client-003"": 6.235898332263106, ""client-006"": 9.353847498394659, ""client-007"": 5.2413282387009055}"
sensorscope,30002,raven_sag,21,"[""client-000"", ""client-004"", ""client-005""]","[""client-000"", ""client-002"", ""client-004"", ""client-005"", ""client-006"", ""client-007""]","[""client-000"", ""client-004"", ""client-005""]","{""client-000"": 2.6107756432063667, ""client-002"": 9.329244393008015, ""client-004"": 5.221551286412733, ""client-005"": 7.8323269296191, ""client-006"": 7.8323269296191, ""client-007"": 3.763288105976789}"
sensorscope,30002,raven_sag,22,"[""client-001"", ""client-003"", ""client-006""]","[""client-000"", ""client-001"", ""client-002"", ""client-003"", ""client-004"", ""client-005"", ""client-006"", ""client-007""]","[""client-001"", ""client-003"", ""client-006""]","{""client-000"": 4.661568222489682, ""client-001"": 5.156714337885303, ""client-002"": 2.5783571689426514, ""client-003"": 3.0894207413673147, ""client-004"": 5.156714337885303, ""client-005"": 6.178841482734629, ""client-006"": 5.156714337885303, ""client-007"": 3.765963953127624}"
sensorscope,30002,raven_sag,23,"[""client-001"", ""client-005""]","[""client-000"", ""client-001"", ""client-002"", ""client-003"", ""client-004"", ""client-005"", ""client-006"", ""client-007""]","[""client-001"", ""client-005""]","{""client-000"": 7.540348357468138, ""client-001"": 10.18046482770314, ""client-002"": 3.770174178734069, ""client-003"": 9.206623009022218, ""client-004"": 7.635348620777355, ""client-005"": 3.0688743363407394, ""client-006"": 2.545116206925785, ""client-007"": 6.137748672681479}"
sensorscope,30002,raven_sag,24,"[""client-003"", ""client-004""]","[""client-000"", ""client-001"", ""client-003"", ""client-004"", ""client-005"", ""client-006""]","[""client-003"", ""client-004""]","{""client-000"": 2.4828101473529287, ""client-001"": 8.99673463243402, ""client-003"": 4.965620294705857, ""client-004"": 5.997823088289347, ""client-005"": 2.4828101473529287, ""client-006"": 9.265067025091838}"
sensorscope,30002,raven_sag,25,"[""client-002"", ""client-007""]","[""client-000"", ""client-001"", ""client-002"", ""client-003"", ""client-004"", ""client-006"", ""client-007""]","[""client-002"", ""client-007""]","{""client-000"": 2.459389896717478, ""client-001"": 5.963210972296998, ""client-002"": 2.459389896717478, ""client-003"": 2.459389896717478, ""client-004"": 4.918779793434956, ""client-006"": 4.918779793434956, ""client-007"": 2.459389896717478}"
sensorscope,30002,raven_sag,26,"[""client-007""]","[""client-000"", ""client-001"", ""client-003"", ""client-006"", ""client-007""]","[""client-007""]","{""client-000"": 7.421333542971425, ""client-001"": 3.001853001759291, ""client-003"": 3.001853001759291, ""client-006"": 4.693452363676679, ""client-007"": 3.001853001759291}"
sensorscope,30002,raven_sag,27,"[""client-005"", ""client-006""]","[""client-000"", ""client-001"", ""client-003"", ""client-004"", ""client-005"", ""client-006"", ""client-007""]","[""client-005"", ""client-006""]","{""client-000"": 9.554226277047698, ""client-001"": 2.4994531256003514, ""client-003"": 4.998906251200703, ""client-004"": 3.0402118253598025, ""client-005"": 6.080423650719605, ""client-006"": 6.080423650719605, ""client-007"": 7.551976545677488}"
sensorscope,30002,raven_sag,28,"[""client-005""]","[""client-000"", ""client-003"", ""client-004"", ""client-005"", ""client-006""]","[""client-005""]","{""client-000"": 6.052657171362819, ""client-003"": 5.000448382810649, ""client-004"": 3.0263285856814095, ""client-005"": 3.0263285856814095, ""client-006"": 4.696726194232787}"
sensorscope,30002,raven_sag,29,"[""client-000"", ""client-001""]","[""client-000"", ""client-001"", ""client-002"", ""client-003"", ""client-007""]","[""client-000"", ""client-001""]","{""client-000"": 3.0446811922520376, ""client-001"": 3.0446811922520376, ""client-002"": 6.089362384504075, ""client-003"": 2.51754310163823, ""client-007"": 2.51754310163823}"
sensorscope,30002,raven_sag,30,"[""client-004"", ""client-006""]","[""client-000"", ""client-001"", ""client-002"", ""client-003"", ""client-004"", ""client-005"", ""client-006"", ""client-007""]","[""client-004"", ""client-006""]","{""client-000"": 3.0902295075878934, ""client-001"": 4.820539580560922, ""client-002"": 6.180459015175787, ""client-003"": 6.180459015175787, ""client-004"": 2.5460680658046995, ""client-005"": 4.820539580560922, ""client-006"": 2.5460680658046995, ""client-007"": 2.5460680658046995}"
sensorscope,30002,raven_sag,31,"[""client-000"", ""client-001"", ""client-002"", ""client-004""]","[""client-000"", ""client-001"", ""client-002"", ""client-004"", ""client-005"", ""client-007""]","[""client-000"", ""client-001"", ""client-002"", ""client-004""]","{""client-000"": 2.5580311393801693, ""client-001"": 5.116062278760339, ""client-002"": 6.185327846325551, ""client-004"": 7.674093418140508, ""client-005"": 6.185327846325551, ""client-007"": 2.5580311393801693}"
sensorscope,30002,raven_sag,32,"[""client-005"", ""client-006"", ""client-007""]","[""client-000"", ""client-001"", ""client-002"", ""client-003"", ""client-005"", ""client-006"", ""client-007""]","[""client-005"", ""client-006"", ""client-007""]","{""client-000"": 6.193448091696055, ""client-001"": 3.79984246343858, ""client-002"": 6.193448091696055, ""client-003"": 7.710534733841564, ""client-005"": 5.14035648922771, ""client-006"": 3.0967240458480276, ""client-007"": 9.4774912183575}"
sensorscope,30002,raven_sag,33,"[""client-000"", ""client-003"", ""client-004""]","[""client-000"", ""client-001"", ""client-003"", ""client-004"", ""client-005"", ""client-006"", ""client-007""]","[""client-000"", ""client-003"", ""client-004""]","{""client-000"": 2.568407798128031, ""client-001"": 4.657997526870803, ""client-003"": 3.0799543234543214, ""client-004"": 6.159908646908643, ""client-005"": 6.159908646908643, ""client-006"": 2.568407798128031, ""client-007"": 4.657997526870803}"
sensorscope,30002,raven_sag,34,"[""client-003""]","[""client-002"", ""client-003"", ""client-006"", ""client-007""]","[""client-003""]","{""client-002"": 6.160258376716048, ""client-003"": 2.582511404131669, ""client-006"": 6.160258376716048, ""client-007"": 2.582511404131669}"
sensorscope,30002,raven_sag,35,"[""client-000"", ""client-001"", ""client-007""]","[""client-000"", ""client-001"", ""client-002"", ""client-003"", ""client-005"", ""client-006"", ""client-007""]","[""client-000"", ""client-001"", ""client-007""]","{""client-000"": 2.617629584135858, ""client-001"": 5.235259168271716, ""client-002"": 6.232582702488941, ""client-003"": 3.1162913512444703, ""client-005"": 5.235259168271716, ""client-006"": 5.235259168271716, ""client-007"": 3.768674069314004}"
sensorscope,30002,raven_sag,36,"[""client-002"", ""client-003"", ""client-005""]","[""client-000"", ""client-001"", ""client-002"", ""client-003"", ""client-004"", ""client-005"", ""client-007""]","[""client-002"", ""client-003"", ""client-005""]","{""client-000"": 5.258855849015786, ""client-001"": 7.522631474051947, ""client-002"": 5.258855849015786, ""client-003"": 6.24234132068282, ""client-004"": 6.24234132068282, ""client-005"": 9.189298571874499, ""client-007"": 4.594649285937249}"
sensorscope,30002,raven_sag,37,"[""client-000""]","[""client-000"", ""client-003"", ""client-004"", ""client-005"", ""client-006""]","[""client-000""]","{""client-000"": 3.088730882555376, ""client-003"": 4.486139825928203, ""client-004"": 2.6167814988294946, ""client-005"": 10.467125995317978, ""client-006"": 2.6167814988294946}"
sensorscope,30002,raven_sag,38,"[""client-000"", ""client-001"", ""client-002"", ""client-003"", ""client-004""]","[""client-000"", ""client-001"", ""client-002"", ""client-003"", ""client-004"", ""client-006""]","[""client-000"", ""client-001"", ""client-002"", ""client-003"", ""client-004""]","{""client-000"": 2.6447911875311174, ""client-001"": 12.42521106335186, ""client-002"": 5.289582375062235, ""client-003"": 5.289582375062235, ""client-004"": 3.106302765837965, ""client-006"": 3.106302765837965}"
sensorscope,30002,raven_sag,39,"[""client-001"", ""client-002"", ""client-003""]","[""client-000"", ""client-001"", ""client-002"", ""client-003"", ""client-004"", ""client-005"", ""client-006"", ""client-007""]","[""client-001"", ""client-002"", ""client-003""]","{""client-000"": 3.103314669078731, ""client-001"": 7.9496309461497905, ""client-002"": 3.103314669078731, ""client-003"": 6.206629338157462, ""client-004"": 3.103314669078731, ""client-005"": 2.64987698204993, ""client-006"": 7.362742368422097, ""client-007"": 7.362742368422097}"
sensorscope,30002,raven_sag,40,"[""client-001""]","[""client-000"", ""client-001"", ""client-003"", ""client-004"", ""client-005"", ""client-006"", ""client-007""]","[""client-001""]","{""client-000"": 2.6511627646709477, ""client-001"": 3.093947954104495, ""client-003"": 12.37579181641798, ""client-004"": 6.18789590820899, ""client-005"": 2.6511627646709477, ""client-006"": 5.302325529341895, ""client-007"": 7.310945871980331}"
sensorscope,30002,raven_sag,41,"[""client-000""]","[""client-000"", ""client-001"", ""client-002"", ""client-003"", ""client-004"", ""client-006""]","[""client-000""]","{""client-000"": 3.074039726260456, ""client-001"": 3.074039726260456, ""client-002"": 9.22211917878137, ""client-003"": 4.267374356317044, ""client-004"": 2.652441744948901, ""client-006"": 7.957325234846703}"
sensorscope,30002,raven_sag,42,"[""client-000"", ""client-001"", ""client-007""]","[""client-000"", ""client-001"", ""client-002"", ""client-003"", ""client-005"", ""client-006"", ""client-007""]","[""client-000"", ""client-001"", ""client-007""]","{""client-000"": 4.2233681865767565, ""client-001"": 2.6588350760716533, ""client-002"": 5.3176701521433065, ""client-003"": 3.5830987752426617, ""client-005"": 4.2233681865767565, ""client-006"": 3.0700084186616863, ""client-007"": 6.140016837323373}"
sensorscope,30002,raven_sag,43,"[""client-000"", ""client-004""]","[""client-000"", ""client-001"", ""client-002"", ""client-004"", ""client-005"", ""client-006"", ""client-007""]","[""client-000"", ""client-004""]","{""client-000"": 3.0812193018454663, ""client-001"": 4.237929583900732, ""client-002"": 8.005694286425928, ""client-004"": 3.0812193018454663, ""client-005"": 3.595927878048746, ""client-006"": 3.0812193018454663, ""client-007"": 2.668564762141976}"
sensorscope,30002,raven_sag,44,"[""client-004"", ""client-005""]","[""client-000"", ""client-001"", ""client-002"", ""client-003"", ""client-004"", ""client-005"", ""client-006"", ""client-007""]","[""client-004"", ""client-005""]","{""client-000"": 8.489216930604549, ""client-001"": 6.173015104085405, ""client-002"": 2.6732036102336014, ""client-003"": 3.0865075520427023, ""client-004"": 6.173015104085405, ""client-005"": 5.346407220467203, ""client-006"": 6.173015104085405, ""client-007"": 3.601903162355371}"
sensorscope,30002,raven_sag,45,"[""client-003"", ""client-004"", ""client-006"", ""client-007""]","[""client-000"", ""client-001"", ""client-002"", ""client-003"", ""client-004"", ""client-005"", ""client-006"", ""client-007""]","[""client-003"", ""client-004"", ""client-006"", ""client-007""]","{""client-000"": 7.124873004255955, ""client-001"": 2.670343750986046, ""client-002"": 3.5624365021279774, ""client-003"": 2.670343750986046, ""client-004"": 5.340687501972092, ""client-005"": 8.347558845616845, ""client-006"": 3.0688522901908706, ""client-007"": 3.0688522901908706}"
sensorscope,30002,raven_sag,46,"[""client-005""]","[""client-000"", ""client-001"", ""client-002"", ""client-003"", ""client-004"", ""client-005"", ""client-007""]","[""client-005""]","{""client-000"": 2.6727657361888726, ""client-001"": 3.533438117979227, ""client-002"": 2.6727657361888726, ""client-003"": 6.117207052607616, ""client-004"": 3.533438117979227, ""client-005"": 12.234414105215231, ""client-007"": 9.175810578911424}"
sensorscope,30002,raven_sag,47,"[""client-002""]","[""client-001"", ""client-002"", ""client-003"", ""client-004"", ""client-006"", ""client-007""]","[""client-002""]","{""client-001"": 4.062076315712816, ""client-002"": 6.095998687888102, ""client-003"": 4.062076315712816, ""client-004"": 4.062076315712816, ""client-006"": 6.095998687888102, ""client-007"": 6.095998687888102}"
sensorscope,30002,raven_sag,48,"[""client-002"", ""client-004"", ""client-005""]","[""client-000"", ""client-001"", ""client-002"", ""client-003"", ""client-004"", ""client-005"", ""client-006"", ""client-007""]","[""client-002"", ""client-004"", ""client-005""]","{""client-000"": 6.096196101858159, ""client-001"": 2.681694857766539, ""client-002"": 5.363389715533078, ""client-003"": 3.0480980509290796, ""client-004"": 6.096196101858159, ""client-005"": 2.681694857766539, ""client-006"": 8.045084573299617, ""client-007"": 3.4943321951941315}"
sensorscope,30002,raven_sag,49,"[""client-000"", ""client-006""]","[""client-000"", ""client-001"", ""client-002"", ""client-005"", ""client-006"", ""client-007""]","[""client-000"", ""client-006""]","{""client-000"": 9.111215669174445, ""client-001"": 5.351041747351271, ""client-002"": 2.6755208736756355, ""client-005"": 5.351041747351271, ""client-006"": 2.6755208736756355, ""client-007"": 6.953279841633727}"
sensorscope,30002,raven_sag,50,"[""client-002"", ""client-003""]","[""client-002"", ""client-003"", ""client-005"", ""client-006""]","[""client-002"", ""client-003""]","{""client-002"": 3.035554371680903, ""client-003"": 5.354296895895139, ""client-005"": 3.035554371680903, ""client-006"": 2.6771484479475696}"
sensorscope,30002,raven_sag,51,"[""client-003"", ""client-007""]","[""client-000"", ""client-001"", ""client-003"", ""client-004"", ""client-005"", ""client-007""]","[""client-003"", ""client-007""]","{""client-000"": 2.7033201397213604, ""client-001"": 6.99186251093384, ""client-003"": 2.7033201397213604, ""client-004"": 2.7033201397213604, ""client-005"": 3.061885053730403, ""client-007"": 4.0213482661149484}"
sensorscope,30002,raven_sag,52,[],"[""client-000"", ""client-001"", ""client-003"", ""client-004"", ""client-005"", ""client-006"", ""client-007""]",[],"{""client-000"": 3.0808264780630434, ""client-001"": 5.460319837623272, ""client-003"": 5.460319837623272, ""client-004"": 6.161652956126087, ""client-005"": 2.730159918811636, ""client-006"": 5.460319837623272, ""client-007"": 5.460319837623272}"
sensorscope,30002,raven_sag,53,"[""client-001"", ""client-003"", ""client-004"", ""client-005"", ""client-006""]","[""client-000"", ""client-001"", ""client-003"", ""client-004"", ""client-005"", ""client-006""]","[""client-001"", ""client-003"", ""client-004"", ""client-005"", ""client-006""]","{""client-000"": 2.7433551736581663, ""client-001"": 3.082206912882333, ""client-003"": 7.940594349487351, ""client-004"": 6.164413825764666, ""client-005"": 3.082206912882333, ""client-006"": 2.7433551736581663}"
sensorscope,30002,raven_sag,54,"[""client-001"", ""client-005""]","[""client-000"", ""client-001"", ""client-002"", ""client-004"", ""client-005"", ""client-006""]","[""client-001"", ""client-005""]","{""client-000"": 2.7556306158254733, ""client-001"": 3.0870617286328152, ""client-002"": 2.7556306158254733, ""client-004"": 2.7556306158254733, ""client-005"": 3.0870617286328152, ""client-006"": 3.481061004438992}"
sensorscope,30002,raven_sag,55,[],"[""client-000"", ""client-003"", ""client-004"", ""client-006"", ""client-007""]",[],"{""client-000"": 8.326144589690703, ""client-003"": 7.9821163117694125, ""client-004"": 5.550763059793802, ""client-006"": 6.2250586924711575, ""client-007"": 3.1125293462355788}"
sensorscope,30002,raven_sag,56,"[""client-001"", ""client-002"", ""client-007""]","[""client-000"", ""client-001"", ""client-002"", ""client-003"", ""client-006"", ""client-007""]","[""client-001"", ""client-002"", ""client-007""]","{""client-000"": 5.542199847274874, ""client-001"": 3.1191153080957363, ""client-002"": 2.771099923637437, ""client-003"": 5.542199847274874, ""client-006"": 5.542199847274874, ""client-007"": 5.542199847274874}"
sensorscope,30002,raven_sag,57,"[""client-003"", ""client-006""]","[""client-000"", ""client-001"", ""client-003"", ""client-004"", ""client-005"", ""client-006"", ""client-007""]","[""client-003"", ""client-006""]","{""client-000"": 3.1279585410174544, ""client-001"": 3.1279585410174544, ""client-003"": 3.1279585410174544, ""client-004"": 11.061028054814006, ""client-005"": 5.530514027407003, ""client-006"": 6.255917082034909, ""client-007"": 5.530514027407003}"
sensorscope,30002,raven_sag,58,"[""client-000"", ""client-002"", ""client-006""]","[""client-000"", ""client-001"", ""client-002"", ""client-003"", ""client-004"", ""client-006"", ""client-007""]","[""client-000"", ""client-002"", ""client-006""]","{""client-000"": 2.746327907499013, ""client-001"": 6.242687534539738, ""client-002"": 3.121343767269869, ""client-003"": 5.492655814998026, ""client-004"": 5.492655814998026, ""client-006"": 6.242687534539738, ""client-007"": 6.242687534539738}"
sensorscope,30002,raven_sag,59,"[""client-001"", ""client-005""]","[""client-000"", ""client-001"", ""client-002"", ""client-004"", ""client-005"", ""client-006"", ""client-007""]","[""client-001"", ""client-005""]","{""client-000"": 5.457715291183667, ""client-001"": 6.228377391341823, ""client-002"": 6.228377391341823, ""client-004"": 5.457715291183667, ""client-005"": 6.228377391341823, ""client-006"": 9.342566087012734, ""client-007"": 6.228377391341823}"
sensorscope,30002,raven_sag,60,"[""client-000"", ""client-005"", ""client-007""]","[""client-000"", ""client-001"", ""client-002"", ""client-003"", ""client-004"", ""client-005"", ""client-006"", ""client-007""]","[""client-000"", ""client-005"", ""client-007""]","{""client-000"": 10.831603772666657, ""client-001"": 12.444660432910545, ""client-002"": 3.094097106620724, ""client-003"": 5.415801886333329, ""client-004"": 9.282291319862171, ""client-005"": 3.094097106620724, ""client-006"": 6.188194213241448, ""client-007"": 6.188194213241448}"
sensorscope,30002,raven_sag,61,"[""client-004"", ""client-005"", ""client-006""]","[""client-000"", ""client-003"", ""client-004"", ""client-005"", ""client-006"", ""client-007""]","[""client-004"", ""client-005"", ""client-006""]","{""client-000"": 3.0539022901057615, ""client-003"": 6.107804580211523, ""client-004"": 7.022842065298804, ""client-005"": 5.35946427338104, ""client-006"": 2.67973213669052, ""client-007"": 5.35946427338104}"
sensorscope,30002,raven_sag,62,"[""client-001"", ""client-006"", ""client-007""]","[""client-000"", ""client-001"", ""client-002"", ""client-004"", ""client-006"", ""client-007""]","[""client-001"", ""client-006"", ""client-007""]","{""client-000"": 7.041377625813675, ""client-001"": 6.11177124516383, ""client-002"": 6.11177124516383, ""client-004"": 5.353579919502139, ""client-006"": 2.6767899597510696, ""client-007"": 9.167656867745745}"
sensorscope,30002,raven_sag,63,"[""client-001"", ""client-003"", ""client-005""]","[""client-001"", ""client-002"", ""client-003"", ""client-004"", ""client-005"", ""client-006""]","[""client-001"", ""client-003"", ""client-005""]","{""client-001"": 2.6713898143139287, ""client-002"": 4.083703055740409, ""client-003"": 5.3427796286278575, ""client-004"": 6.099894488009375, ""client-005"": 2.6713898143139287, ""client-006"": 6.099894488009375}"
sensorscope,30002,raven_sag,64,"[""client-000"", ""client-001"", ""client-002"", ""client-007""]","[""client-000"", ""client-001"", ""client-002"", ""client-003"", ""client-004"", ""client-005"", ""client-006"", ""client-007""]","[""client-000"", ""client-001"", ""client-002"", ""client-007""]","{""client-000"": 3.0517998103689825, ""client-001"": 8.028725869623704, ""client-002"": 6.103599620737965, ""client-003"": 3.5115004700854064, ""client-004"": 3.0517998103689825, ""client-005"": 4.0741959227030495, ""client-006"": 6.103599620737965, ""client-007"": 3.0517998103689825}"
sensorscope,30002,raven_sag,65,"[""client-002"", ""client-006""]","[""client-000"", ""client-001"", ""client-002"", ""client-004"", ""client-005"", ""client-006"", ""client-007""]","[""client-002"", ""client-006""]","{""client-000"": 7.016599032459766, ""client-001"": 3.0471886084185984, ""client-002"": 2.6708455953211523, ""client-004"": 6.094377216837197, ""client-005"": 6.094377216837197, ""client-006"": 2.6708455953211523, ""client-007"": 8.14654305641056}"
sensorscope,30002,raven_sag,66,"[""client-002"", ""client-005"", ""client-007""]","[""client-000"", ""client-001"", ""client-002"", ""client-004"", ""client-005"", ""client-006"", ""client-007""]","[""client-002"", ""client-005"", ""client-007""]","{""client-000"": 5.340539985987357, ""client-001"": 3.0435364953819586, ""client-002"": 2.6702699929936786, ""client-004"": 4.05896027165257, ""client-005"": 9.130609486145875, ""client-006"": 4.05896027165257, ""client-007"": 6.087072990763917}"
sensorscope,30002,raven_sag,67,"[""client-003""]","[""client-000"", ""client-001"", ""client-002"", ""client-003"", ""client-004"", ""client-005"", ""client-006""]","[""client-003""]","{""client-000"": 4.039093226990362, ""client-001"": 9.118845775945255, ""client-002"": 8.012698939658472, ""client-003"": 6.079230517296836, ""client-004"": 3.039615258648418, ""client-005"": 6.979389889624874, ""client-006"": 3.039615258648418}"
sensorscope,30002,raven_sag,68,"[""client-003"", ""client-006""]","[""client-001"", ""client-002"", ""client-003"", ""client-004"", ""client-006"", ""client-007""]","[""client-003"", ""client-006""]","{""client-001"": 6.047466554538581, ""client-002"": 3.0237332772692906, ""client-003"": 3.0237332772692906, ""client-004"": 2.6596528156854786, ""client-006"": 6.047466554538581, ""client-007"": 5.319305631370957}"
sensorscope,30002,raven_sag,69,"[""client-003""]","[""client-001"", ""client-002"", ""client-003"", ""client-004"", ""client-005"", ""client-006"", ""client-007""]","[""client-003""]","{""client-001"": 8.110190471574086, ""client-002"": 4.055095235787043, ""client-003"": 2.661097881530187, ""client-004"": 5.322195763060374, ""client-005"": 5.322195763060374, ""client-006"": 4.055095235787043, ""client-007"": 2.661097881530187}"
sensorscope,30002,raven_sag,70,"[""client-002"", ""client-006""]","[""client-000"", ""client-001"", ""client-002"", ""client-003"", ""client-004"", ""client-005"", ""client-006"", ""client-007""]","[""client-002"", ""client-006""]","{""client-000"": 2.6552464393199307, ""client-001"": 6.0661469951616045, ""client-002"": 6.0661469951616045, ""client-003"": 2.6552464393199307, ""client-004"": 6.0661469951616045, ""client-005"": 3.497143475664969, ""client-006"": 2.6552464393199307, ""client-007"": 3.0330734975808022}"
sensorscope,30002,raven_sag,71,"[""client-003"", ""client-004""]","[""client-001"", ""client-002"", ""client-003"", ""client-004"", ""client-005"", ""client-006""]","[""client-003"", ""client-004""]","{""client-001"": 6.061724168535336, ""client-002"": 3.4939725140517055, ""client-003"": 3.4939725140517055, ""client-004"": 3.030862084267668, ""client-005"": 2.6537474980490137, ""client-006"": 4.0626889679159515}"
sensorscope,30002,raven_sag,72,"[""client-002"", ""client-003"", ""client-007""]","[""client-000"", ""client-001"", ""client-002"", ""client-003"", ""client-004"", ""client-005"", ""client-006"", ""client-007""]","[""client-002"", ""client-003"", ""client-007""]","{""client-000"": 5.3211020388522305, ""client-001"": 3.041022918105228, ""client-002"": 6.082045836210456, ""client-003"": 3.041022918105228, ""client-004"": 6.082045836210456, ""client-005"": 5.3211020388522305, ""client-006"": 6.082045836210456, ""client-007"": 6.082045836210456}"
sensorscope,30002,raven_sag,73,"[""client-003"", ""client-004""]","[""client-000"", ""client-001"", ""client-002"", ""client-003"", ""client-004"", ""client-006"", ""client-007""]","[""client-003"", ""client-004""]","{""client-000"": 7.959601062847647, ""client-001"": 9.103471428038313, ""client-002"": 3.034490476012771, ""client-003"": 3.034490476012771, ""client-004"": 3.034490476012771, ""client-006"": 5.306400708565098, ""client-007"": 3.5037204270277122}"
sensorscope,30002,raven_sag,74,"[""client-001"", ""client-003""]","[""client-000"", ""client-001"", ""client-002"", ""client-003"", ""client-004"", ""client-005"", ""client-007""]","[""client-001"", ""client-003""]","{""client-000"": 2.6424556974013873, ""client-001"": 3.028054888334403, ""client-002"": 4.0920875803582515, ""client-003"": 5.284911394802775, ""client-004"": 6.056109776668806, ""client-005"": 2.6424556974013873, ""client-007"": 6.056109776668806}"
sensorscope,30002,raven_sag,75,"[""client-001"", ""client-002"", ""client-007""]","[""client-000"", ""client-001"", ""client-002"", ""client-003"", ""client-004"", ""client-005"", ""client-006"", ""client-007""]","[""client-001"", ""client-002"", ""client-007""]","{""client-000"": 3.0302030435757117, ""client-001"": 3.0302030435757117, ""client-002"": 3.0302030435757117, ""client-003"": 5.279462498329041, ""client-004"": 6.060406087151423, ""client-005"": 5.279462498329041, ""client-006"": 5.279462498329041, ""client-007"": 3.0302030435757117}"
sensorscope,30002,raven_sag,76,"[""client-001"", ""client-005"", ""client-006"", ""client-007""]","[""client-001"", ""client-003"", ""client-005"", ""client-006"", ""client-007""]","[""client-001"", ""client-005"", ""client-006"", ""client-007""]","{""client-001"": 7.911107658807699, ""client-003"": 3.0278117300274756, ""client-005"": 5.274071772538466, ""client-006"": 3.0278117300274756, ""client-007"": 3.0278117300274756}"
sensorscope,30002,raven_sag,77,"[""client-000"", ""client-003""]","[""client-000"", ""client-001"", ""client-002"", ""client-003"", ""client-007""]","[""client-000"", ""client-003""]","{""client-000"": 3.0389671695202023, ""client-001"": 7.074592985575956, ""client-002"": 3.0389671695202023, ""client-003"": 3.0389671695202023, ""client-007"": 3.537296492787978}"
sensorscope,30002,raven_sag,78,"[""client-001"", ""client-003"", ""client-006""]","[""client-000"", ""client-001"", ""client-003"", ""client-004"", ""client-005"", ""client-006""]","[""client-001"", ""client-003"", ""client-006""]","{""client-000"": 3.5585742934097975, ""client-001"": 6.103039486507622, ""client-003"": 3.051519743253811, ""client-004"": 2.6449525299307326, ""client-005"": 9.154559229761432, ""client-006"": 9.154559229761432}"
sensorscope,30002,raven_sag,79,"[""client-005""]","[""client-001"", ""client-002"", ""client-005"", ""client-006""]","[""client-005""]","{""client-001"": 9.153157146214037, ""client-002"": 3.5540592559961794, ""client-005"": 7.941329216372926, ""client-006"": 4.180425200331548}"
sensorscope,30002,raven_sag,80,"[""client-000"", ""client-004"", ""client-006""]","[""client-000"", ""client-001"", ""client-002"", ""client-003"", ""client-004"", ""client-005"", ""client-006""]","[""client-000"", ""client-004"", ""client-006""]","{""client-000"": 3.5548078535604852, ""client-001"": 4.172301630039737, ""client-002"": 2.657012477923984, ""client-003"": 2.657012477923984, ""client-004"": 2.657012477923984, ""client-005"": 6.115020530713262, ""client-006"": 6.115020530713262}"
sensorscope,30002,raven_sag,81,"[""client-001"", ""client-004""]","[""client-000"", ""client-001"", ""client-003"", ""client-004"", ""client-005"", ""client-006"", ""client-007""]","[""client-001"", ""client-004""]","{""client-000"": 9.187729191254355, ""client-001"": 6.125152794169571, ""client-003"": 3.5596996762920137, ""client-004"": 5.324000415528376, ""client-005"": 2.662000207764188, ""client-006"": 7.986000623292564, ""client-007"": 4.176639877228318}"
sensorscope,30002,raven_sag,82,"[""client-001"", ""client-004"", ""client-006""]","[""client-001"", ""client-004"", ""client-005"", ""client-006""]","[""client-001"", ""client-004"", ""client-006""]","{""client-001"": 7.978207552782379, ""client-004"": 9.172119938474246, ""client-005"": 7.978207552782379, ""client-006"": 7.978207552782379}"
sensorscope,30002,raven_sag,83,"[""client-001"", ""client-002"", ""client-004"", ""client-005""]","[""client-001"", ""client-002"", ""client-003"", ""client-004"", ""client-005"", ""client-007""]","[""client-001"", ""client-002"", ""client-004"", ""client-005""]","{""client-001"": 2.6527087109332106, ""client-002"": 2.6527087109332106, ""client-003"": 9.166013625557785, ""client-004"": 2.6527087109332106, ""client-005"": 6.110675750371857, ""client-007"": 6.110675750371857}"
sensorscope,30002,raven_sag,84,"[""client-000"", ""client-003"", ""client-004"", ""client-006"", ""client-007""]","[""client-000"", ""client-003"", ""client-004"", ""client-005"", ""client-006"", ""client-007""]","[""client-000"", ""client-003"", ""client-004"", ""client-006"", ""client-007""]","{""client-000"": 6.116554242957912, ""client-003"": 6.116554242957912, ""client-004"": 6.116554242957912, ""client-005"": 6.116554242957912, ""client-006"": 5.289350209502317, ""client-007"": 2.6446751047511583}"
sensorscope,30002,raven_sag,85,"[""client-000"", ""client-002"", ""client-003"", ""client-004"", ""client-005"", ""client-006""]","[""client-000"", ""client-001"", ""client-002"", ""client-003"", ""client-004"", ""client-005"", ""client-006"", ""client-007""]","[""client-000"", ""client-002"", ""client-003"", ""client-004"", ""client-005"", ""client-006""]","{""client-000"": 7.9118234515829675, ""client-001"": 2.637274483860989, ""client-002"": 5.274548967721978, ""client-003"": 5.274548967721978, ""client-004"": 5.274548967721978, ""client-005"": 7.9118234515829675, ""client-006"": 3.056440561596553, ""client-007"": 3.056440561596553}"
sensorscope,30002,raven_sag,86,"[""client-000"", ""client-001"", ""client-003"", ""client-005"", ""client-007""]","[""client-000"", ""client-001"", ""client-003"", ""client-004"", ""client-005"", ""client-007""]","[""client-000"", ""client-001"", ""client-003"", ""client-005"", ""client-007""]","{""client-000"": 5.249582370313105, ""client-001"": 9.141751234301323, ""client-003"": 3.047250411433774, ""client-004"": 2.6247911851565524, ""client-005"": 6.094500822867548, ""client-007"": 5.249582370313105}"
sensorscope,30002,raven_sag,87,"[""client-003"", ""client-004""]","[""client-001"", ""client-002"", ""client-003"", ""client-004"", ""client-007""]","[""client-003"", ""client-004""]","{""client-001"": 4.268851572986385, ""client-002"": 2.6197735114024487, ""client-003"": 7.173425832872456, ""client-004"": 2.6197735114024487, ""client-007"": 3.586712916436228}"
sensorscope,30002,raven_sag,88,"[""client-003""]","[""client-000"", ""client-002"", ""client-003"", ""client-004"", ""client-005"", ""client-007""]","[""client-003""]","{""client-000"": 4.293407695507563, ""client-002"": 5.252315634159516, ""client-003"": 7.878473451239275, ""client-004"": 2.626157817079758, ""client-005"": 4.293407695507563, ""client-007"": 5.252315634159516}"
sensorscope,30002,raven_sag,89,"[""client-001"", ""client-004"", ""client-005""]","[""client-000"", ""client-001"", ""client-002"", ""client-004"", ""client-005"", ""client-006"", ""client-007""]","[""client-001"", ""client-004"", ""client-005""]","{""client-000"": 3.6126784411482418, ""client-001"": 6.123712822435435, ""client-002"": 6.123712822435435, ""client-004"": 6.123712822435435, ""client-005"": 5.254324599250133, ""client-006"": 5.254324599250133, ""client-007"": 2.6271622996250663}"
sensorscope,30002,raven_sag,90,"[""client-001"", ""client-002"", ""client-003""]","[""client-001"", ""client-002"", ""client-003"", ""client-005"", ""client-006""]","[""client-001"", ""client-002"", ""client-003""]","{""client-001"": 5.243592429769402, ""client-002"": 3.0586116796061464, ""client-003"": 6.117223359212293, ""client-005"": 3.0586116796061464, ""client-006"": 2.621796214884701}"
sensorscope,30002,raven_sag,91,"[""client-003"", ""client-007""]","[""client-000"", ""client-003"", ""client-004"", ""client-005"", ""client-007""]","[""client-003"", ""client-007""]","{""client-000"": 2.622679839759068, ""client-003"": 5.245359679518136, ""client-004"": 5.245359679518136, ""client-005"": 5.245359679518136, ""client-007"": 3.0684006979878005}"
sensorscope,30002,raven_sag,92,"[""client-000"", ""client-001""]","[""client-000"", ""client-001"", ""client-002"", ""client-004"", ""client-005""]","[""client-000"", ""client-001""]","{""client-000"": 3.0808739430127723, ""client-001"": 3.0808739430127723, ""client-002"": 3.0808739430127723, ""client-004"": 4.408611025710954, ""client-005"": 2.6258479796894747}"
sensorscope,30002,raven_sag,93,"[""client-000"", ""client-003"", ""client-004"", ""client-005""]","[""client-000"", ""client-001"", ""client-003"", ""client-004"", ""client-005"", ""client-007""]","[""client-000"", ""client-003"", ""client-004"", ""client-005""]","{""client-000"": 6.1891119109916515, ""client-001"": 5.264089419281088, ""client-003"": 2.632044709640544, ""client-004"": 5.264089419281088, ""client-005"": 5.264089419281088, ""client-007"": 2.632044709640544}"
sensorscope,30002,raven_sag,94,"[""client-002""]","[""client-000"", ""client-001"", ""client-002"", ""client-003"", ""client-005"", ""client-006"", ""client-007""]","[""client-002""]","{""client-000"": 9.303119568034315, ""client-001"": 4.469225171012704, ""client-002"": 5.270131278486803, ""client-003"": 3.1010398560114387, ""client-005"": 3.699811170022043, ""client-006"": 4.469225171012704, ""client-007"": 2.6350656392434013}"
sensorscope,30002,raven_sag,95,"[""client-003""]","[""client-000"", ""client-002"", ""client-003"", ""client-004"", ""client-005"", ""client-006"", ""client-007""]","[""client-003""]","{""client-000"": 6.201103576582189, ""client-002"": 6.201103576582189, ""client-003"": 2.634362235594372, ""client-004"": 3.1005517882910945, ""client-005"": 8.939585618829046, ""client-006"": 5.268724471188744, ""client-007"": 7.903086706783116}"
sensorscope,30002,raven_sag,96,"[""client-000"", ""client-001"", ""client-003"", ""client-005""]","[""client-000"", ""client-001"", ""client-002"", ""client-003"", ""client-004"", ""client-005"", ""client-006"", ""client-007""]","[""client-000"", ""client-001"", ""client-003"", ""client-005""]","{""client-000"": 6.191668384109985, ""client-001"": 5.264476301288992, ""client-002"": 3.691102985708549, ""client-003"": 6.191668384109985, ""client-004"": 3.0958341920549923, ""client-005"": 3.0958341920549923, ""client-006"": 3.0958341920549923, ""client-007"": 9.287502576164977}"
sensorscope,30002,raven_sag,97,"[""client-000"", ""client-002"", ""client-003"", ""client-004""]","[""client-000"", ""client-002"", ""client-003"", ""client-004"", ""client-005"", ""client-006"", ""client-007""]","[""client-000"", ""client-002"", ""client-003"", ""client-004""]","{""client-000"": 3.0874975572225596, ""client-002"": 2.626480075129236, ""client-003"": 4.438590294339381, ""client-004"": 5.252960150258472, ""client-005"": 7.879440225387708, ""client-006"": 5.252960150258472, ""client-007"": 3.6791880933825194}"
sensorscope,30002,raven_sag,98,"[""client-003"", ""client-007""]","[""client-000"", ""client-001"", ""client-002"", ""client-003"", ""client-004"", ""client-006"", ""client-007""]","[""client-003"", ""client-007""]","{""client-000"": 2.6258934145123716, ""client-001"": 3.675153312692382, ""client-002"": 3.675153312692382, ""client-003"": 7.877680243537115, ""client-004"": 6.1710977710514054, ""client-006"": 7.877680243537115, ""client-007"": 2.6258934145123716}"
sensorscope,30002,raven_sag,99,"[""client-000"", ""client-002"", ""client-004"", ""client-006"", ""client-007""]","[""client-000"", ""client-001"", ""client-002"", ""client-004"", ""client-005"", ""client-006"", ""client-007""]","[""client-000"", ""client-002"", ""client-004"", ""client-006"", ""client-007""]","{""client-000"": 5.244841605063348, ""client-001"": 3.082329318200634, ""client-002"": 6.164658636401268, ""client-004"": 3.082329318200634, ""client-005"": 9.246987954601902, ""client-006"": 5.244841605063348, ""client-007"": 9.246987954601902}"
sensorscope,30003,raven,0,"[""client-001"", ""client-005"", ""client-007""]","[""client-000"", ""client-001"", ""client-002"", ""client-004"", ""client-005"", ""client-007""]","[""client-001"", ""client-005"", ""client-007""]","{""client-000"": 7.968029709585687, ""client-001"": 13.038594070231124, ""client-002"": 23.90408912875706, ""client-004"": 1.8109158430876562, ""client-005"": 0.7243663372350625, ""client-007"": 5.7949306978805}"
sensorscope,30003,raven,1,"[""client-000"", ""client-004"", ""client-005"", ""client-007""]","[""client-000"", ""client-001"", ""client-004"", ""client-005"", ""client-006"", ""client-007""]","[""client-000"", ""client-004"", ""client-005"", ""client-007""]","{""client-000"": 4.901706656523583, ""client-001"": 5.933113506377071, ""client-004"": 6.684145440713976, ""client-005"": 1.2631073740658971, ""client-006"": 6.490383853166171, ""client-007"": 1.782438784190394}"
sensorscope,30003,raven,2,"[""client-007""]","[""client-000"", ""client-001"", ""client-003"", ""client-005"", ""client-007""]","[""client-007""]","{""client-000"": 2.636266062391523, ""client-001"": 4.061051832807444, ""client-003"": 2.7073678885382964, ""client-005"": 0.4793211022530043, ""client-007"": 3.8345688180240343}"
sensorscope,30003,raven,3,"[""client-001"", ""client-003"", ""client-004""]","[""client-000"", ""client-001"", ""client-002"", ""client-003"", ""client-004"", ""client-007""]","[""client-001"", ""client-003"", ""client-004""]","{""client-000"": 10.158432084105623, ""client-001"": 4.654239116810772, ""client-002"": 11.24778925639289, ""client-003"": 3.0675788881071524, ""client-004"": 2.5563157400892935, ""client-007"": 2.0685507185825656}"
sensorscope,30003,raven,4,"[""client-000"", ""client-001"", ""client-007""]","[""client-000"", ""client-001"", ""client-004"", ""client-005"", ""client-006"", ""client-007""]","[""client-000"", ""client-001"", ""client-007""]","{""client-000"": 10.733263827694543, ""client-001"": 8.650020746269822, ""client-004"": 5.116391194269147, ""client-005"": 0.4878756285315702, ""client-006"": 7.162947671976803, ""client-007"": 0.9757512570631404}"
sensorscope,30003,raven,5,"[""client-003"", ""client-004"", ""client-006""]","[""client-000"", ""client-002"", ""client-003"", ""client-004"", ""client-006"", ""client-007""]","[""client-003"", ""client-004"", ""client-006""]","{""client-000"": 12.346074931586552, ""client-002"": 12.346074931586552, ""client-003"": 9.003010790511908, ""client-004"": 2.500836330697753, ""client-006"": 3.501170862976853, ""client-007"": 4.340491648874651}"
sensorscope,30003,raven,6,"[""client-004"", ""client-005""]","[""client-000"", ""client-001"", ""client-003"", ""client-004"", ""client-005"", ""client-006""]","[""client-004"", ""client-005""]","{""client-000"": 5.550416861918979, ""client-001"": 9.815851633994848, ""client-003"": 6.5439010893299, ""client-004"": 2.704568551539595, ""client-005"": 1.081827420615838, ""client-006"": 15.269102541769762}"
sensorscope,30003,raven,7,"[""client-000"", ""client-005"", ""client-006"", ""client-007""]","[""client-000"", ""client-001"", ""client-002"", ""client-003"", ""client-004"", ""client-005"", ""client-006"", ""client-007""]","[""client-000"", ""client-005"", ""client-006"", ""client-007""]","{""client-000"": 17.006791383923602, ""client-001"": 4.857860672318539, ""client-002"": 5.9373852661671025, ""client-003"": 4.638215831979164, ""client-004"": 1.3494057423107053, ""client-005"": 2.0715222690085473, ""client-006"": 3.778336078469974, ""client-007"": 2.0614292586574066}"
sensorscope,30003,raven,8,"[""client-000""]","[""client-000"", ""client-002"", ""client-003"", ""client-004"", ""client-006"", ""client-007""]","[""client-000""]","{""client-000"": 5.500936665661982, ""client-002"": 5.6987339918864315, ""client-003"": 3.0005109085428994, ""client-004"": 4.858616314943133, ""client-006"": 3.5005960599667154, ""client-007"": 1.0361334530702604}"
sensorscope,30003,raven,9,"[""client-004"", ""client-005"", ""client-006"", ""client-007""]","[""client-001"", ""client-002"", ""client-004"", ""client-005"", ""client-006"", ""client-007""]","[""client-004"", ""client-005"", ""client-006"", ""client-007""]","{""client-001"": 4.649305675633797, ""client-002"": 13.903157235408306, ""client-004"": 7.748842792722996, ""client-005"": 0.9835480809245501, ""client-006"": 1.7212091416179622, ""client-007"": 0.9835480809245501}"
sensorscope,30003,raven,10,"[""client-004""]","[""client-000"", ""client-001"", ""client-003"", ""client-004"", ""client-005""]","[""client-004""]","{""client-000"": 5.680865341376043, ""client-001"": 8.825907168572732, ""client-003"": 3.098653822568751, ""client-004"": 3.873317278210939, ""client-005"": 1.032884607522917}"
sensorscope,30003,raven,11,"[""client-001"", ""client-006""]","[""client-000"", ""client-001"", ""client-002"", ""client-003"", ""client-004"", ""client-005"", ""client-006""]","[""client-001"", ""client-006""]","{""client-000"": 16.74222423112555, ""client-001"": 6.513009414805492, ""client-002"": 5.306896560211882, ""client-003"": 2.8946708510246633, ""client-004"": 1.2061128545936097, ""client-005"": 1.9297805673497759, ""client-006"": 3.3771159928621066}"
sensorscope,30003,raven,12,"[""client-005"", ""client-006""]","[""client-001"", ""client-003"", ""client-004"", ""client-005"", ""client-006""]","[""client-005"", ""client-006""]","{""client-001"": 13.298274844948981, ""client-003"": 14.637301232988634, ""client-004"": 3.476218170578125, ""client-005"": 3.6593253082471575, ""client-006"": 6.488940585079166}"
sensorscope,30003,raven,13,"[""client-001"", ""client-002"", ""client-003"", ""client-007""]","[""client-000"", ""client-001"", ""client-002"", ""client-003"", ""client-004"", ""client-005"", ""client-006"", ""client-007""]","[""client-001"", ""client-002"", ""client-003"", ""client-007""]","{""client-000"": 5.327011801676522, ""client-001"": 6.537696302057551, ""client-002"": 7.990517702514783, ""client-003"": 2.6749517198745787, ""client-004"": 2.4213690007620556, ""client-005"": 0.44582528664576315, ""client-006"": 5.084874901600315, ""client-007"": 2.6749517198745787}"
sensorscope,30003,raven,14,[],"[""client-000"", ""client-002"", ""client-005"", ""client-007""]",[],"{""client-000"": 5.111269787129926, ""client-002"": 9.402640767672377, ""client-005"": 2.5643565730015583, ""client-007"": 1.858643558956337}"
sensorscope,30003,raven,15,"[""client-007""]","[""client-000"", ""client-001"", ""client-002"", ""client-003"", ""client-004"", ""client-005"", ""client-006"", ""client-007""]","[""client-007""]","{""client-000"": 5.2013321366112475, ""client-001"": 7.599411421525251, ""client-002"": 2.6006660683056237, ""client-003"": 22.31423807448919, ""client-004"": 4.72848376055568, ""client-005"": 1.6887580936722784, ""client-006"": 5.910653327852972, ""client-007"": 0.8443790468361392}"
sensorscope,30003,raven,16,"[""client-007""]","[""client-001"", ""client-004"", ""client-006"", ""client-007""]","[""client-007""]","{""client-001"": 12.415245173092922, ""client-004"": 2.0327918366064353, ""client-006"": 5.691817142498018, ""client-007"": 4.878700407855446}"
sensorscope,30003,raven,17,"[""client-005""]","[""client-000"", ""client-001"", ""client-002"", ""client-003"", ""client-004"", ""client-005"", ""client-007""]","[""client-005""]","{""client-000"": 10.442083340728555, ""client-001"": 22.7827272888623, ""client-002"": 8.902530850786123, ""client-003"": 5.60229632459874, ""client-004"": 1.0116512330438778, ""client-005"": 2.2320456154151738, ""client-007"": 2.427962959305307}"
sensorscope,30003,raven,18,"[""client-004"", ""client-005"", ""client-007""]","[""client-001"", ""client-002"", ""client-003"", ""client-004"", ""client-005"", ""client-007""]","[""client-004"", ""client-005"", ""client-007""]","{""client-001"": 17.079963092938844, ""client-002"": 20.875510446925254, ""client-003"": 2.7651109579950566, ""client-004"": 1.9760016856079086, ""client-005"": 0.4608518263325095, ""client-007"": 0.921703652665019}"
sensorscope,30003,raven,19,"[""client-002"", ""client-003"", ""client-006""]","[""client-001"", ""client-002"", ""client-003"", ""client-004"", ""client-005"", ""client-006""]","[""client-002"", ""client-003"", ""client-006""]","{""client-001"": 10.301220526379051, ""client-002"": 14.006877723056236, ""client-003"": 2.7702010896759823, ""client-004"": 1.1542504540316594, ""client-005"": 3.8200575608335194, ""client-006"": 2.7604508682863917}"
sensorscope,30003,raven,20,"[""client-000"", ""client-001"", ""client-003""]","[""client-000"", ""client-001"", ""client-003"", ""client-004"", ""client-005"", ""client-007""]","[""client-000"", ""client-001"", ""client-003""]","{""client-000"": 5.114885761230295, ""client-001"": 23.223542882903974, ""client-003"": 1.1851687565116997, ""client-004"": 2.3249480732864978, ""client-005"": 0.7901125043411332, ""client-007"": 3.719916917258397}"
sensorscope,30003,raven,21,"[""client-000"", ""client-001"", ""client-005"", ""client-007""]","[""client-000"", ""client-001"", ""client-002"", ""client-003"", ""client-004"", ""client-005"", ""client-007""]","[""client-000"", ""client-001"", ""client-005"", ""client-007""]","{""client-000"": 2.185996463180451, ""client-001"": 1.7885425607840055, ""client-002"": 8.743985852721805, ""client-003"": 2.3847234143786737, ""client-004"": 0.9936347559911142, ""client-005"": 0.7949078047928914, ""client-007"": 1.5898156095857827}"
sensorscope,30003,raven,22,"[""client-000"", ""client-001"", ""client-002"", ""client-006"", ""client-007""]","[""client-000"", ""client-001"", ""client-002"", ""client-004"", ""client-005"", ""client-006"", ""client-007""]","[""client-000"", ""client-001"", ""client-002"", ""client-006"", ""client-007""]","{""client-000"": 2.5773115393574924, ""client-001"": 4.217418882584988, ""client-002"": 5.154623078714985, ""client-004"": 4.85775357635872, ""client-005"": 0.7986904284712383, ""client-006"": 3.28021468645499, ""client-007"": 0.9372041961299975}"
sensorscope,30003,raven,23,"[""client-000"", ""client-002"", ""client-004"", ""client-005""]","[""client-000"", ""client-002"", ""client-003"", ""client-004"", ""client-005"", ""client-007""]","[""client-000"", ""client-002"", ""client-004"", ""client-005""]","{""client-000"": 8.79929617745038, ""client-002"": 4.39964808872519, ""client-003"": 7.199424145186676, ""client-004"": 0.9999200201648161, ""client-005"": 0.9395000466011688, ""client-007"": 11.69867619295449}"
sensorscope,30003,raven,24,"[""client-000"", ""client-002"", ""client-005""]","[""client-000"", ""client-001"", ""client-002"", ""client-005"", ""client-007""]","[""client-000"", ""client-002"", ""client-005""]","{""client-000"": 8.78585933227107, ""client-001"": 5.39132277207543, ""client-002"": 14.260700497664994, ""client-005"": 1.5974289695038313, ""client-007"": 4.6744207750668405}"
sensorscope,30003,raven,25,"[""client-000"", ""client-001"", ""client-003"", ""client-005"", ""client-006""]","[""client-000"", ""client-001"", ""client-002"", ""client-003"", ""client-004"", ""client-005"", ""client-006"", ""client-007""]","[""client-000"", ""client-001"", ""client-003"", ""client-005"", ""client-006""]","{""client-000"": 2.1974423713407747, ""client-001"": 2.111498219735355, ""client-002"": 5.161440092686423, ""client-003"": 5.842605005342056, ""client-004"": 1.997674883037068, ""client-005"": 2.8153309596471403, ""client-006"": 1.3983724181259474, ""client-007"": 3.7537746128628537}"
sensorscope,30003,raven,26,"[""client-000"", ""client-001""]","[""client-000"", ""client-001"", ""client-002"", ""client-003"", ""client-005""]","[""client-000"", ""client-001""]","{""client-000"": 8.730493977491502, ""client-001"": 10.714697154194116, ""client-002"": 5.122552762761163, ""client-003"": 2.3810438120431368, ""client-005"": 0.7936812706810458}"
sensorscope,30003,raven,27,"[""client-001"", ""client-003""]","[""client-001"", ""client-002"", ""client-003"", ""client-005""]","[""client-001"", ""client-003""]","{""client-001"": 6.2735276392767005, ""client-002"": 10.223526523265734, ""client-003"": 2.371246818882838, ""client-005"": 2.3278499841739673}"
sensorscope,30003,raven,28,"[""client-002"", ""client-005"", ""client-006""]","[""client-001"", ""client-002"", ""client-003"", ""client-004"", ""client-005"", ""client-006"", ""client-007""]","[""client-002"", ""client-005"", ""client-006""]","{""client-001"": 11.798285887445921, ""client-002"": 4.358994182378786, ""client-003"": 2.8154192871046044, ""client-004"": 4.692365478507675, ""client-005"": 0.9384730957015349, ""client-006"": 5.547810777573, ""client-007"": 4.780663313951624}"
sensorscope,30003,raven,29,"[""client-002"", ""client-003"", ""client-004"", ""client-005""]","[""client-001"", ""client-002"", ""client-003"", ""client-004"", ""client-005""]","[""client-002"", ""client-003"", ""client-004"", ""client-005""]","{""client-001"": 7.156919108018457, ""client-002"": 2.589543198009912, ""client-003"": 4.23743432401622, ""client-004"": 2.3541301800090113, ""client-005"": 0.9416520720036046}"
sensorscope,30003,raven,30,"[""client-005"", ""client-007""]","[""client-002"", ""client-004"", ""client-005"", ""client-006"", ""client-007""]","[""client-005"", ""client-007""]","{""client-002"": 10.383859736479218, ""client-004"": 0.9932011515646775, ""client-005"": 0.794560921251742, ""client-006"": 3.3039553706979325, ""client-007"": 1.8879744975416763}"
sensorscope,30003,raven,31,"[""client-000"", ""client-001"", ""client-003"", ""client-005"", ""client-006"", ""client-007""]","[""client-000"", ""client-001"", ""client-002"", ""client-003"", ""client-004"", ""client-005"", ""client-006"", ""client-007""]","[""client-000"", ""client-001"", ""client-003"", ""client-005"", ""client-006"", ""client-007""]","{""client-000"": 4.4156957576834195, ""client-001"": 3.612841983559161, ""client-002"": 27.214027308401185, ""client-003"": 2.4085613223727744, ""client-004"": 6.185006206454816, ""client-005"": 0.8028537741242582, ""client-006"": 6.698307818432374, ""client-007"": 0.9569011169189109}"
sensorscope,30003,raven,32,"[""client-003""]","[""client-003"", ""client-004"", ""client-006""]","[""client-003""]","{""client-003"": 1.4206090766522999, ""client-004"": 9.470727177681999, ""client-006"": 9.944263536566098}"
sensorscope,30003,raven,33,"[""client-003"", ""client-007""]","[""client-002"", ""client-003"", ""client-005"", ""client-006"", ""client-007""]","[""client-003"", ""client-007""]","{""client-002"": 2.6142751685745464, ""client-003"": 2.851936547535869, ""client-005"": 0.9506455158452898, ""client-006"": 6.654518610917027, ""client-007"": 0.9506455158452898}"
sensorscope,30003,raven,34,"[""client-001""]","[""client-000"", ""client-001"", ""client-003"", ""client-004"", ""client-006"", ""client-007""]","[""client-001""]","{""client-000"": 11.04657835850267, ""client-001"": 1.8215063167497254, ""client-003"": 1.2143375444998168, ""client-004"": 6.6948959748501045, ""client-006"": 6.711550847838524, ""client-007"": 2.428675088999634}"
sensorscope,30003,raven,35,"[""client-000"", ""client-002"", ""client-003"", ""client-004"", ""client-007""]","[""client-000"", ""client-001"", ""client-002"", ""client-003"", ""client-004"", ""client-006"", ""client-007""]","[""client-000"", ""client-002"", ""client-003"", ""client-004"", ""client-007""]","{""client-000"": 2.6505213915064747, ""client-001"": 6.505825233697712, ""client-002"": 15.903128349038848, ""client-003"": 1.2200419725707583, ""client-004"": 2.409564901369523, ""client-006"": 17.186864942343174, ""client-007"": 0.8133613150471724}"
sensorscope,30003,raven,36,"[""client-001"", ""client-002"", ""client-003"", ""client-004"", ""client-007""]","[""client-001"", ""client-002"", ""client-003"", ""client-004"", ""client-005"", ""client-007""]","[""client-001"", ""client-002"", ""client-003"", ""client-004"", ""client-007""]","{""client-001"": 3.6219654818115536, ""client-002"": 5.230806444773299, ""client-003"": 2.414643654541036, ""client-004"": 2.3776392930787726, ""client-005"": 1.6097624363606908, ""client-007"": 1.6097624363606908}"
sensorscope,30003,raven,37,"[""client-000"", ""client-001"", ""client-003""]","[""client-000"", ""client-001"", ""client-002"", ""client-003"", ""client-004"", ""client-006""]","[""client-000"", ""client-001"", ""client-003""]","{""client-000"": 2.22226628281204, ""client-001"": 3.6364357355106107, ""client-002"": 2.22226628281204, ""client-003"": 2.424290490340407, ""client-004"": 2.0202420752836727, ""client-006"": 5.656677810794283}"
sensorscope,30003,raven,38,"[""client-004"", ""client-006"", ""client-007""]","[""client-000"", ""client-001"", ""client-002"", ""client-004"", ""client-005"", ""client-006"", ""client-007""]","[""client-004"", ""client-006"", ""client-007""]","{""client-000"": 2.2291582760700623, ""client-001"": 2.1559346172539686, ""client-002"": 11.015216892259792, ""client-004"": 4.053015047400113, ""client-005"": 0.8106030094800227, ""client-006"": 4.255665799770118, ""client-007"": 3.8327726528959447}"
sensorscope,30003,raven,39,"[""client-001"", ""client-003"", ""client-007""]","[""client-000"", ""client-001"", ""client-002"", ""client-003"", ""client-005"", ""client-006"", ""client-007""]","[""client-001"", ""client-003"", ""client-007""]","{""client-000"": 4.464396702795868, ""client-001"": 7.305376422756876, ""client-002"": 5.283765836323141, ""client-003"": 4.870250948504584, ""client-005"": 0.4803423487566493, ""client-006"": 4.26146957994151, ""client-007"": 1.921369395026597}"
sensorscope,30003,raven,40,"[""client-001"", ""client-002""]","[""client-000"", ""client-001"", ""client-002"", ""client-003"", ""client-005"", ""client-006"", ""client-007""]","[""client-001"", ""client-002""]","{""client-000"": 14.66822360834787, ""client-001"": 1.8095131750925655, ""client-002"": 5.244375959264086, ""client-003"": 5.721137410106276, ""client-005"": 0.804228077818918, ""client-006"": 6.674660311790655, ""client-007"": 1.907045803368759}"
sensorscope,30003,raven,41,[],"[""client-000"", ""client-002"", ""client-003"", ""client-004"", ""client-005"", ""client-006"", ""client-007""]",[],"{""client-000"": 29.247569577359886, ""client-002"": 13.35892405085408, ""client-003"": 5.982457413550887, ""client-004"": 1.0008113871196405, ""client-005"": 0.8006491096957123, ""client-006"": 3.3245371464207425, ""client-007"": 1.899735512240425}"
sensorscope,30003,raven,42,"[""client-000"", ""client-001"", ""client-004"", ""client-005"", ""client-007""]","[""client-000"", ""client-001"", ""client-002"", ""client-003"", ""client-004"", ""client-005"", ""client-006"", ""client-007""]","[""client-000"", ""client-001"", ""client-004"", ""client-005"", ""client-007""]","{""client-000"": 4.41580498962331, ""client-001"": 2.134473977132315, ""client-002"": 7.826404582818487, ""client-003"": 8.537895908529258, ""client-004"": 1.1858188761846193, ""client-005"": 0.40143681723848285, ""client-006"": 2.810057720669379, ""client-007"": 0.9486551009476956}"
sensorscope,30003,raven,43,"[""client-002"", ""client-003"", ""client-006"", ""client-007""]","[""client-001"", ""client-002"", ""client-003"", ""client-004"", ""client-006"", ""client-007""]","[""client-002"", ""client-003"", ""client-006"", ""client-007""]","{""client-001"": 5.415331846679596, ""client-002"": 2.5934391368963357, ""client-003"": 2.4068141540798202, ""client-004"": 2.3576719426330324, ""client-006"": 3.3007407196862446, ""client-007"": 0.8022713846932736}"
sensorscope,30003,raven,44,"[""client-000"", ""client-004"", ""client-006""]","[""client-000"", ""client-001"", ""client-003"", ""client-004"", ""client-005"", ""client-006""]","[""client-000"", ""client-004"", ""client-006""]","{""client-000"": 10.389115890699857, ""client-001"": 7.218434848069077, ""client-003"": 4.812289898712718, ""client-004"": 4.722325404863572, ""client-005"": 0.4010241582260599, ""client-006"": 6.611255566809}"
sensorscope,30003,raven,45,[],"[""client-000"", ""client-001"", ""client-002"", ""client-003"", ""client-004"", ""client-006"", ""client-007""]",[],"{""client-000"": 10.807830384143253, ""client-001"": 2.1223288712813986, ""client-002"": 15.563745056063588, ""client-003"": 1.200674334408349, ""client-004"": 6.5502002328140945, ""client-006"": 2.801573446952814, ""client-007"": 9.492609468582618}"
sensorscope,30003,raven,46,"[""client-000"", ""client-005""]","[""client-000"", ""client-001"", ""client-003"", ""client-005""]","[""client-000"", ""client-005""]","{""client-000"": 8.80804243081663, ""client-001"": 21.294733436924595, ""client-003"": 1.4140069812584166, ""client-005"": 0.8007311300742392}"
sensorscope,30003,raven,47,"[""client-000"", ""client-004""]","[""client-000"", ""client-001"", ""client-003"", ""client-004"", ""client-007""]","[""client-000"", ""client-004""]","{""client-000"": 5.203178747752439, ""client-001"": 8.514292496322174, ""client-003"": 4.833027308432778, ""client-004"": 2.3650812489783815, ""client-007"": 2.838097498774058}"
sensorscope,30003,raven,48,"[""client-001"", ""client-003"", ""client-007""]","[""client-000"", ""client-001"", ""client-003"", ""client-007""]","[""client-001"", ""client-003"", ""client-007""]","{""client-000"": 2.21770383382085, ""client-001"": 8.527836609688169, ""client-003"": 5.685224406458779, ""client-007"": 1.612875515506073}"
sensorscope,30003,raven,49,"[""client-002"", ""client-004""]","[""client-001"", ""client-002"", ""client-003"", ""client-004"", ""client-005"", ""client-006"", ""client-007""]","[""client-002"", ""client-004""]","{""client-001"": 10.761465448078647, ""client-002"": 5.236921065795593, ""client-003"": 2.8565023995248686, ""client-004"": 2.380418666270724, ""client-005"": 0.4760837332541449, ""client-006"": 3.332586132779013, ""client-007"": 1.9043349330165795}"
sensorscope,30003,raven,50,"[""client-000"", ""client-002"", ""client-005""]","[""client-000"", ""client-002"", ""client-003"", ""client-004"", ""client-005"", ""client-006"", ""client-007""]","[""client-000"", ""client-002"", ""client-005""]","{""client-000"": 8.855745295316575, ""client-002"": 2.61453977401656, ""client-003"": 4.830406524718132, ""client-004"": 1.1884271700075273, ""client-005"": 0.4753708680030109, ""client-006"": 9.982788228063228, ""client-007"": 4.807146671056271}"
sensorscope,30003,raven,51,"[""client-000"", ""client-001"", ""client-002"", ""client-003"", ""client-005"", ""client-007""]","[""client-000"", ""client-001"", ""client-002"", ""client-003"", ""client-004"", ""client-005"", ""client-006"", ""client-007""]","[""client-000"", ""client-001"", ""client-002"", ""client-003"", ""client-005"", ""client-007""]","{""client-000"": 26.568237432627043, ""client-001"": 3.5876116325945326, ""client-002"": 8.769717324119968, ""client-003"": 1.4180717342107192, ""client-004"": 4.726905780702397, ""client-005"": 0.9453811561404796, ""client-006"": 2.7903646031290807, ""client-007"": 5.672286936842878}"
sensorscope,30003,raven,52,"[""client-000"", ""client-002"", ""client-007""]","[""client-000"", ""client-001"", ""client-002"", ""client-003"", ""client-004"", ""client-006"", ""client-007""]","[""client-000"", ""client-002"", ""client-007""]","{""client-000"": 8.690233743102953, ""client-001"": 8.426806911243718, ""client-002"": 4.345116871551476, ""client-003"": 1.4044678185406196, ""client-004"": 13.093217681699542, ""client-006"": 3.2770915765947786, ""client-007"": 3.1600849974919836}"
sensorscope,30003,raven,53,[],"[""client-001"", ""client-002"", ""client-003"", ""client-004"", ""client-005"", ""client-007""]",[],"{""client-001"": 3.541964801744698, ""client-002"": 4.3290680910212975, ""client-003"": 3.541964801744698, ""client-004"": 2.329848517292814, ""client-005"": 0.9319394069171256, ""client-007"": 1.5742065785531991}"
sensorscope,30003,raven,54,[],"[""client-001"", ""client-003"", ""client-004"", ""client-005"", ""client-006"", ""client-007""]",[],"{""client-001"": 10.686054543810178, ""client-003"": 2.3550694076421967, ""client-004"": 2.943836759552746, ""client-005"": 0.3925115679403662, ""client-006"": 1.3737904877912812, ""client-007"": 4.749357575026746}"
sensorscope,30003,raven,55,"[""client-000"", ""client-005""]","[""client-000"", ""client-003"", ""client-005""]","[""client-000"", ""client-005""]","{""client-000"": 8.662996900966107, ""client-003"": 2.799452101004169, ""client-005"": 2.6092539904559926}"
sensorscope,30003,raven,56,"[""client-001"", ""client-003"", ""client-007""]","[""client-001"", ""client-002"", ""client-003"", ""client-004"", ""client-005"", ""client-006"", ""client-007""]","[""client-001"", ""client-003"", ""client-007""]","{""client-001"": 2.1145341188819815, ""client-002"": 8.697166757623828, ""client-003"": 2.371954570261044, ""client-004"": 7.048447062939939, ""client-005"": 0.7906515234203481, ""client-006"": 1.3836401659856088, ""client-007"": 1.5813030468406961}"
sensorscope,30003,raven,57,"[""client-003"", ""client-006""]","[""client-000"", ""client-001"", ""client-003"", ""client-004"", ""client-005"", ""client-006""]","[""client-003"", ""client-006""]","{""client-000"": 4.357665513804299, ""client-001"": 3.5653626931126077, ""client-003"": 2.376908462075072, ""client-004"": 2.3557176013324037, ""client-005"": 2.6457566223860036, ""client-006"": 5.546119744841834}"
sensorscope,30003,raven,58,"[""client-002"", ""client-004"", ""client-006""]","[""client-001"", ""client-002"", ""client-003"", ""client-004"", ""client-005"", ""client-006""]","[""client-002"", ""client-004"", ""client-006""]","{""client-001"": 12.77130847518126, ""client-002"": 4.373967940180236, ""client-003"": 4.771601389287531, ""client-004"": 1.9881672455364712, ""client-005"": 0.9460228500134268, ""client-006"": 2.7834341437510592}"
sensorscope,30003,raven,59,"[""client-000"", ""client-002"", ""client-003"", ""client-005"", ""client-006""]","[""client-000"", ""client-001"", ""client-002"", ""client-003"", ""client-005"", ""client-006"", ""client-007""]","[""client-000"", ""client-002"", ""client-003"", ""client-005"", ""client-006""]","{""client-000"": 10.979913763221424, ""client-001"": 7.137404106760757, ""client-002"": 2.5999043786651597, ""client-003"": 4.758269404507171, ""client-005"": 1.4181296610900875, ""client-006"": 6.6179384184204055, ""client-007"": 2.836259322180175}"
sensorscope,30003,raven,60,"[""client-002"", ""client-003"", ""client-004"", ""client-007""]","[""client-000"", ""client-001"", ""client-002"", ""client-003"", ""client-004"", ""client-005"", ""client-007""]","[""client-002"", ""client-003"", ""client-004"", ""client-007""]","{""client-000"": 13.509914548295415, ""client-001"": 10.643857034270006, ""client-002"": 14.63888453030822, ""client-003"": 1.413569204715368, ""client-004"": 2.9566269539638914, ""client-005"": 0.9423794698102455, ""client-007"": 5.654276818861472}"
sensorscope,30003,raven,61,"[""client-001"", ""client-003"", ""client-004""]","[""client-000"", ""client-001"", ""client-003"", ""client-004"", ""client-006"", ""client-007""]","[""client-001"", ""client-003"", ""client-004""]","{""client-000"": 10.290187850473203, ""client-001"": 2.104811151233155, ""client-003"": 2.3430775005223587, ""client-004"": 3.508018585388592, ""client-006"": 2.7335904172760848, ""client-007"": 0.9354716227702914}"
sensorscope,30003,raven,62,"[""client-000"", ""client-001"", ""client-005""]","[""client-000"", ""client-001"", ""client-002"", ""client-004"", ""client-005"", ""client-006""]","[""client-000"", ""client-001"", ""client-005""]","{""client-000"": 2.566800203108017, ""client-001"": 4.200218514176755, ""client-002"": 2.135456651589641, ""client-004"": 0.9706621143589279, ""client-005"": 0.7765296914871423, ""client-006"": 4.076780880307496}"
sensorscope,30003,raven,63,"[""client-004"", ""client-005"", ""client-006""]","[""client-001"", ""client-002"", ""client-004"", ""client-005"", ""client-006"", ""client-007""]","[""client-004"", ""client-005"", ""client-006""]","{""client-001"": 2.1062321662477816, ""client-002"": 5.148567517494577, ""client-004"": 0.970340186871844, ""client-005"": 4.993058892417142, ""client-006"": 5.433905046482325, ""client-007"": 4.008453435223529}"
sensorscope,30003,raven,64,"[""client-003""]","[""client-000"", ""client-001"", ""client-002"", ""client-003"", ""client-004"", ""client-005"", ""client-006""]","[""client-003""]","{""client-000"": 5.1550103121883275, ""client-001"": 9.030112202115392, ""client-002"": 4.274794769132126, ""client-003"": 7.498411907395084, ""client-004"": 6.688972001566959, ""client-005"": 0.3886177062847388, ""client-006"": 2.720323943993171}"
sensorscope,30003,raven,65,"[""client-004""]","[""client-002"", ""client-004"", ""client-005"", ""client-006""]","[""client-004""]","{""client-002"": 10.329558733980159, ""client-004"": 1.1738134924977455, ""client-005"": 1.4085761909972945, ""client-006"": 4.094088245987229}"
sensorscope,30003,raven,66,"[""client-000"", ""client-001"", ""client-003"", ""client-005"", ""client-007""]","[""client-000"", ""client-001"", ""client-002"", ""client-003"", ""client-004"", ""client-005"", ""client-007""]","[""client-000"", ""client-001"", ""client-003"", ""client-005"", ""client-007""]","{""client-000"": 5.180448139768863, ""client-001"": 22.457846284097997, ""client-002"": 44.23039581875705, ""client-003"": 5.651397970656942, ""client-004"": 2.3547491544403925, ""client-005"": 0.941899661776157, ""client-007"": 1.883799323552314}"
sensorscope,30003,raven,67,"[""client-002"", ""client-003"", ""client-007""]","[""client-000"", ""client-001"", ""client-002"", ""client-003"", ""client-004"", ""client-005"", ""client-007""]","[""client-002"", ""client-003"", ""client-007""]","{""client-000"": 27.094843376535536, ""client-001"": 4.214785845816853, ""client-002"": 4.2954345900759066, ""client-003"": 4.214785845816852, ""client-004"": 0.9762351341081607, ""client-005"": 2.656280655013459, ""client-007"": 0.9366190768481896}"
sensorscope,30003,raven,68,"[""client-001"", ""client-002"", ""client-004"", ""client-007""]","[""client-001"", ""client-002"", ""client-004"", ""client-006"", ""client-007""]","[""client-001"", ""client-002"", ""client-004"", ""client-007""]","{""client-001"": 8.409006524777512, ""client-002"": 4.301378706375499, ""client-004"": 4.671670291543063, ""client-006"": 8.519008415513163, ""client-007"": 1.8686681166172252}"
sensorscope,30003,raven,69,"[""client-003"", ""client-005"", ""client-007""]","[""client-003"", ""client-005"", ""client-006"", ""client-007""]","[""client-003"", ""client-005"", ""client-007""]","{""client-003"": 2.3611654903654804, ""client-005"": 0.9367579632307619, ""client-006"": 2.75469307209306, ""client-007"": 9.667708323402437}"
sensorscope,30003,raven,70,"[""client-001"", ""client-003"", ""client-006""]","[""client-000"", ""client-001"", ""client-003"", ""client-004"", ""client-006"", ""client-007""]","[""client-001"", ""client-003"", ""client-006""]","{""client-000"": 6.53978250579017, ""client-001"": 7.134308188134732, ""client-003"": 4.241889482253724, ""client-004"": 6.064263588587303, ""client-006"": 4.161679776411926, ""client-007"": 0.7927009097927481}"
sensorscope,30003,raven,71,"[""client-001"", ""client-002"", ""client-005"", ""client-007""]","[""client-000"", ""client-001"", ""client-002"", ""client-003"", ""client-005"", ""client-007""]","[""client-001"", ""client-002"", ""client-005"", ""client-007""]","{""client-000"": 10.327777093273435, ""client-001"": 12.674999159926486, ""client-002"": 4.356506523145786, ""client-003"": 1.1881381426761235, ""client-005"": 0.7920920951174157, ""client-007"": 2.816666479983664}"
sensorscope,30003,raven,72,"[""client-000"", ""client-001"", ""client-002"", ""client-004"", ""client-005""]","[""client-000"", ""client-001"", ""client-002"", ""client-003"", ""client-004"", ""client-005"", ""client-006""]","[""client-000"", ""client-001"", ""client-002"", ""client-004"", ""client-005""]","{""client-000"": 2.1805067404435055, ""client-001"": 4.222687262170491, ""client-002"": 28.818144531517063, ""client-003"": 11.789240944711528, ""client-004"": 3.9645577098972833, ""client-005"": 0.7929115419794567, ""client-006"": 2.7751903969280978}"
sensorscope,30003,raven,73,"[""client-002"", ""client-003""]","[""client-000"", ""client-001"", ""client-002"", ""client-003"", ""client-004"", ""client-005"", ""client-006""]","[""client-002"", ""client-003""]","{""client-000"": 10.293011032259272, ""client-001"": 7.134968074702018, ""client-002"": 15.439516548388909, ""client-003"": 2.378322691567339, ""client-004"": 2.339320689149835, ""client-005"": 0.7927742305224466, ""client-006"": 6.550097929619536}"
sensorscope,30003,raven,74,"[""client-000"", ""client-001"", ""client-004"", ""client-007""]","[""client-000"", ""client-001"", ""client-002"", ""client-004"", ""client-006"", ""client-007""]","[""client-000"", ""client-001"", ""client-004"", ""client-007""]","{""client-000"": 2.17492534481272, ""client-001"": 10.676906238171537, ""client-002"": 5.123860614619148, ""client-004"": 3.4935413281494196, ""client-006"": 5.536173604977833, ""client-007"": 3.8807716829597987}"
sensorscope,30003,raven,75,"[""client-007""]","[""client-000"", ""client-003"", ""client-004"", ""client-005"", ""client-006"", ""client-007""]","[""client-007""]","{""client-000"": 7.673680493496823, ""client-003"": 2.371502656430735, ""client-004"": 2.325357725302068, ""client-005"": 0.4650715450604136, ""client-006"": 4.150129648753786, ""client-007"": 1.5810017709538235}"
sensorscope,30003,raven,76,"[""client-002""]","[""client-002"", ""client-003""]","[""client-002""]","{""client-002"": 4.339139436161351, ""client-003"": 8.356054128980102}"
sensorscope,30003,raven,77,"[""client-003"", ""client-005""]","[""client-002"", ""client-003"", ""client-004"", ""client-005""]","[""client-003"", ""client-005""]","{""client-002"": 5.135475287547211, ""client-003"": 4.740432149835854, ""client-004"": 0.9875900312158029, ""client-005"": 1.5801440499452848}"
sensorscope,30003,raven,78,"[""client-000"", ""client-006""]","[""client-000"", ""client-001"", ""client-002"", ""client-003"", ""client-006"", ""client-007""]","[""client-000"", ""client-006""]","{""client-000"": 7.753260259149338, ""client-001"": 5.347713023693656, ""client-002"": 2.5844200863831124, ""client-003"": 2.376761343863847, ""client-006"": 1.6446309640619805, ""client-007"": 1.5845075625758982}"
sensorscope,30003,raven,79,[],"[""client-000"", ""client-001"", ""client-002"", ""client-003"", ""client-004"", ""client-005"", ""client-006"", ""client-007""]",[],"{""client-000"": 4.357338156009582, ""client-001"": 11.87192720114052, ""client-002"": 5.175487527185629, ""client-003"": 7.914618134093684, ""client-004"": 4.704988661077845, ""client-005"": 0.940997732215569, ""client-006"": 6.586984125508981, ""client-007"": 4.8294135940981695}"
sensorscope,30003,raven,80,"[""client-001"", ""client-003"", ""client-005"", ""client-006""]","[""client-001"", ""client-003"", ""client-005"", ""client-006"", ""client-007""]","[""client-001"", ""client-003"", ""client-005"", ""client-006""]","{""client-001"": 2.112514745267595, ""client-003"": 4.22502949053519, ""client-005"": 1.5814306586916174, ""client-006"": 1.383751826355165, ""client-007"": 1.5814306586916174}"
sensorscope,30003,raven,81,"[""client-000"", ""client-002""]","[""client-000"", ""client-002"", ""client-005"", ""client-006"", ""client-007""]","[""client-000"", ""client-002""]","{""client-000"": 5.171975715480407, ""client-002"": 4.352896542746816, ""client-005"": 1.5828714700897513, ""client-006"": 6.582514546975063, ""client-007"": 3.9562680260867342}"
sensorscope,30003,raven,82,"[""client-002"", ""client-003"", ""client-004"", ""client-005""]","[""client-000"", ""client-001"", ""client-002"", ""client-003"", ""client-004"", ""client-005""]","[""client-002"", ""client-003"", ""client-004"", ""client-005""]","{""client-000"": 40.081871642530956, ""client-001"": 8.476818010166797, ""client-002"": 2.5901388364398548, ""client-003"": 2.3740518710847955, ""client-004"": 1.1773358347453886, ""client-005"": 2.429204341971573}"
sensorscope,30003,raven,83,"[""client-000"", ""client-002"", ""client-006""]","[""client-000"", ""client-002"", ""client-003"", ""client-006""]","[""client-000"", ""client-002"", ""client-006""]","{""client-000"": 4.346466177854889, ""client-002"": 2.1732330889274447, ""client-003"": 7.226489585285705, ""client-006"": 1.6425875652725284}"
sensorscope,30003,raven,84,[],"[""client-002"", ""client-003"", ""client-005"", ""client-006"", ""client-007""]",[],"{""client-002"": 7.789017108882513, ""client-003"": 1.4161849288877297, ""client-005"": 0.9441232859251534, ""client-006"": 1.3888090873494219, ""client-007"": 3.7764931437006135}"
sensorscope,30003,raven,85,"[""client-003"", ""client-004"", ""client-005""]","[""client-001"", ""client-003"", ""client-004"", ""client-005"", ""client-006"", ""client-007""]","[""client-003"", ""client-004"", ""client-005""]","{""client-001"": 2.1322548676468935, ""client-003"": 2.3854709536771557, ""client-004"": 1.9878924613976297, ""client-005"": 0.9476688300652862, ""client-006"": 9.334825482492445, ""client-007"": 4.902693317068904}"
sensorscope,30003,raven,86,"[""client-004"", ""client-006""]","[""client-000"", ""client-004"", ""client-006"", ""client-007""]","[""client-004"", ""client-006""]","{""client-000"": 5.227193135978697, ""client-004"": 1.1879984399951586, ""client-006"": 1.3918336693530722, ""client-007"": 0.7953335253446129}"
sensorscope,30003,raven,87,"[""client-005""]","[""client-000"", ""client-001"", ""client-002"", ""client-003"", ""client-004"", ""client-005"", ""client-006"", ""client-007""]","[""client-005""]","{""client-000"": 4.392021841174117, ""client-001"": 3.593472415506096, ""client-002"": 27.52769357522722, ""client-003"": 8.607177609501608, ""client-004"": 2.390882669306002, ""client-005"": 1.597098851336043, ""client-006"": 7.104325334530868, ""client-007"": 5.738118406334406}"
sensorscope,30003,raven,88,"[""client-005"", ""client-007""]","[""client-000"", ""client-001"", ""client-002"", ""client-003"", ""client-004"", ""client-005"", ""client-006"", ""client-007""]","[""client-005"", ""client-007""]","{""client-000"": 2.18892985586883, ""client-001"": 7.163770437388898, ""client-002"": 4.37785971173766, ""client-003"": 2.3879234791296327, ""client-004"": 2.3772514287532838, ""client-005"": 2.8527017145039406, ""client-006"": 1.3929553628256188, ""client-007"": 1.591948986086422}"
sensorscope,30003,raven,89,"[""client-000"", ""client-001"", ""client-002"", ""client-003""]","[""client-000"", ""client-001"", ""client-002"", ""client-003"", ""client-006""]","[""client-000"", ""client-001"", ""client-002"", ""client-003""]","{""client-000"": 4.3717026008151505, ""client-001"": 1.7884237912425618, ""client-002"": 6.557553901222725, ""client-003"": 8.53073954877552, ""client-006"": 28.029152285124752}"
sensorscope,30003,raven,90,"[""client-000"", ""client-001"", ""client-002""]","[""client-000"", ""client-001"", ""client-002"", ""client-003"", ""client-005"", ""client-006"", ""client-007""]","[""client-000"", ""client-001"", ""client-002""]","{""client-000"": 2.6011219591658628, ""client-001"": 8.512762775451915, ""client-002"": 4.367688880111548, ""client-003"": 7.9806583487679665, ""client-005"": 0.4729312653028842, ""client-006"": 3.3105188571201887, ""client-007"": 4.886535787245571}"
sensorscope,30003,raven,91,"[""client-002"", ""client-006"", ""client-007""]","[""client-001"", ""client-002"", ""client-003"", ""client-005"", ""client-006"", ""client-007""]","[""client-002"", ""client-006"", ""client-007""]","{""client-001"": 5.372461978476393, ""client-002"": 10.410743649611717, ""client-003"": 7.9698258822858925, ""client-005"": 0.7959202931076138, ""client-006"": 9.93752802917482, ""client-007"": 0.7959202931076138}"
sensorscope,30003,raven,92,"[""client-001"", ""client-006"", ""client-007""]","[""client-000"", ""client-001"", ""client-002"", ""client-004"", ""client-005"", ""client-006"", ""client-007""]","[""client-001"", ""client-006"", ""client-007""]","{""client-000"": 5.197475974295079, ""client-001"": 4.252480342605065, ""client-002"": 4.374262657868817, ""client-004"": 6.066208468799362, ""client-005"": 1.5906409664977519, ""client-006"": 2.783621691371065, ""client-007"": 1.5906409664977519}"
sensorscope,30003,raven,93,"[""client-000"", ""client-004""]","[""client-000"", ""client-001"", ""client-003"", ""client-004"", ""client-005"", ""client-006"", ""client-007""]","[""client-000"", ""client-004""]","{""client-000"": 4.373587817793169, ""client-001"": 3.5783900327398652, ""client-003"": 2.3855933551599104, ""client-004"": 1.9879944626332586, ""client-005"": 0.39759889252665176, ""client-006"": 2.7831922476865616, ""client-007"": 1.8907306728406976}"
sensorscope,30003,raven,94,[],"[""client-000"", ""client-002"", ""client-003"", ""client-005"", ""client-006"", ""client-007""]",[],"{""client-000"": 4.381038812454655, ""client-002"": 10.425387235517476, ""client-003"": 5.989885296509885, ""client-005"": 2.843287427868403, ""client-006"": 3.3171686658464696, ""client-007"": 7.986513728679846}"
sensorscope,30003,raven,95,"[""client-000"", ""client-004""]","[""client-000"", ""client-003"", ""client-004"", ""client-005"", ""client-006""]","[""client-000"", ""client-004""]","{""client-000"": 4.384397516857702, ""client-003"": 4.782979109299311, ""client-004"": 2.367715555538295, ""client-005"": 1.5943263697664374, ""client-006"": 5.580142294182529}"
sensorscope,30003,raven,96,"[""client-000"", ""client-001"", ""client-002"", ""client-005""]","[""client-000"", ""client-001"", ""client-002"", ""client-003"", ""client-005"", ""client-006""]","[""client-000"", ""client-001"", ""client-002"", ""client-005""]","{""client-000"": 4.393215341393338, ""client-001"": 7.188897831370917, ""client-002"": 13.179646024180014, ""client-003"": 2.8437390487925653, ""client-005"": 2.396299277123639, ""client-006"": 5.591364979955157}"
sensorscope,30003,raven,97,"[""client-000"", ""client-001"", ""client-002"", ""client-005"", ""client-007""]","[""client-000"", ""client-001"", ""client-002"", ""client-003"", ""client-005"", ""client-007""]","[""client-000"", ""client-001"", ""client-002"", ""client-005"", ""client-007""]","{""client-000"": 4.380722780326874, ""client-001"": 5.376341594037528, ""client-002"": 10.404270116093203, ""client-003"": 1.418764106739982, ""client-005"": 2.837528213479965, ""client-007"": 3.976218978629393}"
sensorscope,30003,raven,98,"[""client-000"", ""client-004""]","[""client-000"", ""client-001"", ""client-002"", ""client-003"", ""client-004"", ""client-005""]","[""client-000"", ""client-004""]","{""client-000"": 13.358032259487489, ""client-001"": 7.157067613504855, ""client-002"": 2.599225495702635, ""client-003"": 2.3856892045016185, ""client-004"": 1.1814661344102888, ""client-005"": 0.39761486741693647}"
sensorscope,30003,raven,99,"[""client-001"", ""client-007""]","[""client-000"", ""client-001"", ""client-002"", ""client-003"", ""client-004"", ""client-005"", ""client-006"", ""client-007""]","[""client-001"", ""client-007""]","{""client-000"": 2.604705314254646, ""client-001"": 4.262245059689421, ""client-002"": 5.209410628509292, ""client-003"": 2.8414967064596137, ""client-004"": 3.9802428800424092, ""client-005"": 2.8414967064596146, ""client-006"": 1.393085008014843, ""client-007"": 0.7960485760084819}"
sensorscope,30003,raven_wo_design,0,"[""client-001"", ""client-005"", ""client-007""]","[""client-000"", ""client-001"", ""client-002"", ""client-004"", ""client-005"", ""client-007""]","[""client-001"", ""client-005"", ""client-007""]","{""client-000"": 5.0, ""client-001"": 10.0, ""client-002"": 15.0, ""client-004"": 5.0, ""client-005"": 5.0, ""client-007"": 10.0}"
sensorscope,30003,raven_wo_design,1,"[""client-000"", ""client-004"", ""client-005"", ""client-007""]","[""client-000"", ""client-001"", ""client-004"", ""client-005"", ""client-006"", ""client-007""]","[""client-000"", ""client-004"", ""client-005"", ""client-007""]","{""client-000"": 3.075858672205212, ""client-001"": 2.6074367692357816, ""client-004"": 9.227576016615636, ""client-005"": 8.718705640623998, ""client-006"": 2.7504721000514003, ""client-007"": 6.151717344410424}"
sensorscope,30003,raven_wo_design,2,"[""client-007""]","[""client-000"", ""client-001"", ""client-003"", ""client-005"", ""client-007""]","[""client-007""]","{""client-000"": 3.308554509052654, ""client-001"": 3.114639362904453, ""client-003"": 3.114639362904453, ""client-005"": 3.308554509052654, ""client-007"": 6.617109018105308}"
sensorscope,30003,raven_wo_design,3,"[""client-001"", ""client-003"", ""client-004""]","[""client-000"", ""client-001"", ""client-002"", ""client-003"", ""client-004"", ""client-007""]","[""client-001"", ""client-003"", ""client-004""]","{""client-000"": 3.6526464217037327, ""client-001"": 7.139173275494526, ""client-002"": 7.058074371172081, ""client-003"": 3.5290371855860405, ""client-004"": 7.058074371172081, ""client-007"": 3.569586637747263}"
sensorscope,30003,raven_wo_design,4,"[""client-000"", ""client-001"", ""client-007""]","[""client-000"", ""client-001"", ""client-004"", ""client-005"", ""client-006"", ""client-007""]","[""client-000"", ""client-001"", ""client-007""]","{""client-000"": 6.7352057025981145, ""client-001"": 3.801441203549234, ""client-004"": 4.047318447642496, ""client-005"": 3.3676028512990572, ""client-006"": 4.047318447642496, ""client-007"": 3.3676028512990572}"
sensorscope,30003,raven_wo_design,5,"[""client-003"", ""client-004"", ""client-006""]","[""client-000"", ""client-002"", ""client-003"", ""client-004"", ""client-006"", ""client-007""]","[""client-003"", ""client-004"", ""client-006""]","{""client-000"": 4.439252637373531, ""client-002"": 4.439252637373531, ""client-003"": 10.35734076314294, ""client-004"": 3.4524469210476467, ""client-006"": 3.4524469210476467, ""client-007"": 7.490152816602602}"
sensorscope,30003,raven_wo_design,6,"[""client-004"", ""client-005""]","[""client-000"", ""client-001"", ""client-003"", ""client-004"", ""client-005"", ""client-006""]","[""client-004"", ""client-005""]","{""client-000"": 3.4829293214367194, ""client-001"": 4.313791139227648, ""client-003"": 4.313791139227648, ""client-004"": 3.7337027033352346, ""client-005"": 3.7337027033352346, ""client-006"": 8.627582278455296}"
sensorscope,30003,raven_wo_design,7,"[""client-000"", ""client-005"", ""client-006"", ""client-007""]","[""client-000"", ""client-001"", ""client-002"", ""client-003"", ""client-004"", ""client-005"", ""client-006"", ""client-007""]","[""client-000"", ""client-005"", ""client-006"", ""client-007""]","{""client-000"": 10.671892552975873, ""client-001"": 3.725754974924553, ""client-002"": 3.725754974924553, ""client-003"": 10.671892552975873, ""client-004"": 3.725754974924553, ""client-005"": 4.096691386426604, ""client-006"": 3.725754974924553, ""client-007"": 7.114595035317249}"
sensorscope,30003,raven_wo_design,8,"[""client-000""]","[""client-000"", ""client-002"", ""client-003"", ""client-004"", ""client-006"", ""client-007""]","[""client-000""]","{""client-000"": 3.4518801172667906, ""client-002"": 7.1519989251932, ""client-003"": 6.903760234533581, ""client-004"": 3.8434057707534452, ""client-006"": 6.903760234533581, ""client-007"": 3.5759994625966}"
sensorscope,30003,raven_wo_design,9,"[""client-004"", ""client-005"", ""client-006"", ""client-007""]","[""client-001"", ""client-002"", ""client-004"", ""client-005"", ""client-006"", ""client-007""]","[""client-004"", ""client-005"", ""client-006"", ""client-007""]","{""client-001"": 3.565802916012848, ""client-002"": 3.7493471265430243, ""client-004"": 10.697408748038544, ""client-005"": 6.789023939729139, ""client-006"": 3.3945119698645696, ""client-007"": 3.3945119698645696}"
sensorscope,30003,raven_wo_design,10,"[""client-004""]","[""client-000"", ""client-001"", ""client-003"", ""client-004"", ""client-005""]","[""client-004""]","{""client-000"": 7.129573493610168, ""client-001"": 6.769063536323653, ""client-003"": 3.564786746805084, ""client-004"": 10.694360240415252, ""client-005"": 7.129573493610168}"
sensorscope,30003,raven_wo_design,11,"[""client-001"", ""client-006""]","[""client-000"", ""client-001"", ""client-002"", ""client-003"", ""client-004"", ""client-005"", ""client-006""]","[""client-001"", ""client-006""]","{""client-000"": 10.50587462731492, ""client-001"": 9.990355370715275, ""client-002"": 6.660236913810183, ""client-003"": 3.3301184569050917, ""client-004"": 3.3301184569050917, ""client-005"": 6.660236913810183, ""client-006"": 6.660236913810183}"
sensorscope,30003,raven_wo_design,12,"[""client-005"", ""client-006""]","[""client-001"", ""client-003"", ""client-004"", ""client-005"", ""client-006""]","[""client-005"", ""client-006""]","{""client-001"": 10.199163171519194, ""client-003"": 7.236768194436994, ""client-004"": 9.597956149776367, ""client-005"": 7.236768194436994, ""client-006"": 6.398637433184245}"
sensorscope,30003,raven_wo_design,13,"[""client-001"", ""client-002"", ""client-003"", ""client-007""]","[""client-000"", ""client-001"", ""client-002"", ""client-003"", ""client-004"", ""client-005"", ""client-006"", ""client-007""]","[""client-001"", ""client-002"", ""client-003"", ""client-007""]","{""client-000"": 3.3427409258201113, ""client-001"": 10.028222777460334, ""client-002"": 10.028222777460334, ""client-003"": 6.154693609141162, ""client-004"": 3.3427409258201113, ""client-005"": 3.077346804570581, ""client-006"": 10.028222777460334, ""client-007"": 9.232040413711744}"
sensorscope,30003,raven_wo_design,14,[],"[""client-000"", ""client-002"", ""client-005"", ""client-007""]",[],"{""client-000"": 3.2073611503863835, ""client-002"": 5.900229486067821, ""client-005"": 8.850344229101731, ""client-007"": 3.2073611503863835}"
sensorscope,30003,raven_wo_design,15,"[""client-007""]","[""client-000"", ""client-001"", ""client-002"", ""client-003"", ""client-004"", ""client-005"", ""client-006"", ""client-007""]","[""client-007""]","{""client-000"": 6.527751936409009, ""client-001"": 5.828397893662275, ""client-002"": 3.2638759682045047, ""client-003"": 11.032291117751827, ""client-004"": 6.527751936409009, ""client-005"": 5.828397893662275, ""client-006"": 5.828397893662275, ""client-007"": 2.9141989468311373}"
sensorscope,30003,raven_wo_design,16,"[""client-007""]","[""client-001"", ""client-004"", ""client-006"", ""client-007""]","[""client-007""]","{""client-001"": 9.521920159657865, ""client-004"": 2.806303567840672, ""client-006"": 5.612607135681344, ""client-007"": 8.418910703522016}"
sensorscope,30003,raven_wo_design,17,"[""client-005""]","[""client-000"", ""client-001"", ""client-002"", ""client-003"", ""client-004"", ""client-005"", ""client-007""]","[""client-005""]","{""client-000"": 3.7546383175925304, ""client-001"": 7.509276635185061, ""client-002"": 5.586406662161547, ""client-003"": 6.445054153564233, ""client-004"": 2.7932033310807736, ""client-005"": 4.4141461492272684, ""client-007"": 8.37960999324232}"
sensorscope,30003,raven_wo_design,18,"[""client-004"", ""client-005"", ""client-007""]","[""client-001"", ""client-002"", ""client-003"", ""client-004"", ""client-005"", ""client-007""]","[""client-004"", ""client-005"", ""client-007""]","{""client-001"": 7.506164130831393, ""client-002"": 7.506164130831393, ""client-003"": 3.181068767576919, ""client-004"": 2.7279038023086386, ""client-005"": 3.181068767576919, ""client-007"": 3.181068767576919}"
sensorscope,30003,raven_wo_design,19,"[""client-002"", ""client-003"", ""client-006""]","[""client-001"", ""client-002"", ""client-003"", ""client-004"", ""client-005"", ""client-006""]","[""client-002"", ""client-003"", ""client-006""]","{""client-001"": 4.52709713704575, ""client-002"": 3.7773180475174346, ""client-003"": 3.1869246117578656, ""client-004"": 3.1869246117578656, ""client-005"": 7.554636095034869, ""client-006"": 5.444070269004556}"
sensorscope,30003,raven_wo_design,20,"[""client-000"", ""client-001"", ""client-003""]","[""client-000"", ""client-001"", ""client-003"", ""client-004"", ""client-005"", ""client-007""]","[""client-000"", ""client-001"", ""client-003""]","{""client-000"": 6.419260403957823, ""client-001"": 7.654571190959365, ""client-003"": 2.726909243729584, ""client-004"": 3.2096302019789116, ""client-005"": 2.726909243729584, ""client-007"": 6.419260403957823}"
sensorscope,30003,raven_wo_design,21,"[""client-000"", ""client-001"", ""client-005"", ""client-007""]","[""client-000"", ""client-001"", ""client-002"", ""client-003"", ""client-004"", ""client-005"", ""client-007""]","[""client-000"", ""client-001"", ""client-005"", ""client-007""]","{""client-000"": 2.743459227505963, ""client-001"": 2.743459227505963, ""client-002"": 5.486918455011926, ""client-003"": 5.486918455011926, ""client-004"": 2.743459227505963, ""client-005"": 5.486918455011926, ""client-007"": 5.486918455011926}"
sensorscope,30003,raven_wo_design,22,"[""client-000"", ""client-001"", ""client-002"", ""client-006"", ""client-007""]","[""client-000"", ""client-001"", ""client-002"", ""client-004"", ""client-005"", ""client-006"", ""client-007""]","[""client-000"", ""client-001"", ""client-002"", ""client-006"", ""client-007""]","{""client-000"": 3.234565674694886, ""client-001"": 6.469131349389772, ""client-002"": 6.469131349389772, ""client-004"": 3.8427233018694977, ""client-005"": 2.756514167678864, ""client-006"": 3.234565674694886, ""client-007"": 3.234565674694886}"
sensorscope,30003,raven_wo_design,23,"[""client-000"", ""client-002"", ""client-004"", ""client-005""]","[""client-000"", ""client-002"", ""client-003"", ""client-004"", ""client-005"", ""client-007""]","[""client-000"", ""client-002"", ""client-004"", ""client-005""]","{""client-000"": 5.521626109692252, ""client-002"": 5.521626109692252, ""client-003"": 8.282439164538378, ""client-004"": 2.760813054846126, ""client-005"": 3.242489325868182, ""client-007"": 11.567789231444872}"
sensorscope,30003,raven_wo_design,24,"[""client-000"", ""client-002"", ""client-005""]","[""client-000"", ""client-001"", ""client-002"", ""client-005"", ""client-007""]","[""client-000"", ""client-002"", ""client-005""]","{""client-000"": 5.513194385872783, ""client-001"": 8.269791578809174, ""client-002"": 3.8457679452289293, ""client-005"": 5.513194385872783, ""client-007"": 4.622122487467907}"
sensorscope,30003,raven_wo_design,25,"[""client-000"", ""client-001"", ""client-003"", ""client-005"", ""client-006""]","[""client-000"", ""client-001"", ""client-002"", ""client-003"", ""client-004"", ""client-005"", ""client-006"", ""client-007""]","[""client-000"", ""client-001"", ""client-003"", ""client-005"", ""client-006""]","{""client-000"": 2.757824018523941, ""client-001"": 3.2388434034558853, ""client-002"": 6.477686806911771, ""client-003"": 3.851491237107399, ""client-004"": 5.515648037047882, ""client-005"": 9.716530210367656, ""client-006"": 2.757824018523941, ""client-007"": 6.477686806911771}"
sensorscope,30003,raven_wo_design,26,"[""client-000"", ""client-001""]","[""client-000"", ""client-001"", ""client-002"", ""client-003"", ""client-005""]","[""client-000"", ""client-001""]","{""client-000"": 5.478452199411704, ""client-001"": 8.217678299117555, ""client-002"": 6.428882608957441, ""client-003"": 5.478452199411704, ""client-005"": 2.739226099705852}"
sensorscope,30003,raven_wo_design,27,"[""client-001"", ""client-003""]","[""client-001"", ""client-002"", ""client-003"", ""client-005""]","[""client-001"", ""client-003""]","{""client-001"": 9.62301242831083, ""client-002"": 6.415341618873887, ""client-003"": 2.7279553371824603, ""client-005"": 4.603611132610736}"
sensorscope,30003,raven_wo_design,28,"[""client-002"", ""client-005"", ""client-006""]","[""client-001"", ""client-002"", ""client-003"", ""client-004"", ""client-005"", ""client-006"", ""client-007""]","[""client-002"", ""client-005"", ""client-006""]","{""client-001"": 3.888761491392786, ""client-002"": 2.7353024155613, ""client-003"": 3.2389450180820356, ""client-004"": 6.477890036164071, ""client-005"": 6.477890036164071, ""client-006"": 5.4706048311226, ""client-007"": 4.727176365100055}"
sensorscope,30003,raven_wo_design,29,"[""client-002"", ""client-003"", ""client-004"", ""client-005""]","[""client-001"", ""client-002"", ""client-003"", ""client-004"", ""client-005""]","[""client-002"", ""client-003"", ""client-004"", ""client-005""]","{""client-001"": 5.4890267075333465, ""client-002"": 3.249916594681674, ""client-003"": 9.749749784045022, ""client-004"": 3.249916594681674, ""client-005"": 3.249916594681674}"
sensorscope,30003,raven_wo_design,30,"[""client-005"", ""client-007""]","[""client-002"", ""client-004"", ""client-005"", ""client-006"", ""client-007""]","[""client-005"", ""client-007""]","{""client-002"": 6.515951944799631, ""client-004"": 2.7422620309932375, ""client-005"": 5.484524061986475, ""client-006"": 3.2579759723998154, ""client-007"": 3.2579759723998154}"
sensorscope,30003,raven_wo_design,31,"[""client-000"", ""client-001"", ""client-003"", ""client-005"", ""client-006"", ""client-007""]","[""client-000"", ""client-001"", ""client-002"", ""client-003"", ""client-004"", ""client-005"", ""client-006"", ""client-007""]","[""client-000"", ""client-001"", ""client-003"", ""client-005"", ""client-006"", ""client-007""]","{""client-000"": 2.770883090691326, ""client-001"": 5.541766181382652, ""client-002"": 9.78529153369154, ""client-003"": 5.541766181382652, ""client-004"": 4.89264576684577, ""client-005"": 5.541766181382652, ""client-006"": 6.60509101355706, ""client-007"": 3.30254550677853}"
sensorscope,30003,raven_wo_design,32,"[""client-003""]","[""client-003"", ""client-004"", ""client-006""]","[""client-003""]","{""client-003"": 3.268624827953827, ""client-004"": 13.074499311815307, ""client-006"": 9.80587448386148}"
sensorscope,30003,raven_wo_design,33,"[""client-003"", ""client-007""]","[""client-002"", ""client-003"", ""client-005"", ""client-006"", ""client-007""]","[""client-003"", ""client-007""]","{""client-002"": 3.2809555986337817, ""client-003"": 6.5619111972675634, ""client-005"": 3.2809555986337817, ""client-006"": 6.5619111972675634, ""client-007"": 3.2809555986337817}"
sensorscope,30003,raven_wo_design,34,"[""client-001""]","[""client-000"", ""client-001"", ""client-003"", ""client-004"", ""client-006"", ""client-007""]","[""client-001""]","{""client-000"": 3.97199534132704, ""client-001"": 2.7940225870034117, ""client-003"": 2.7940225870034117, ""client-004"": 3.97199534132704, ""client-006"": 6.6181497467317465, ""client-007"": 8.382067761010235}"
sensorscope,30003,raven_wo_design,35,"[""client-000"", ""client-002"", ""client-003"", ""client-004"", ""client-007""]","[""client-000"", ""client-001"", ""client-002"", ""client-003"", ""client-004"", ""client-006"", ""client-007""]","[""client-000"", ""client-002"", ""client-003"", ""client-004"", ""client-007""]","{""client-000"": 3.3264451666361747, ""client-001"": 9.979335499908524, ""client-002"": 9.979335499908524, ""client-003"": 2.8071476863205964, ""client-004"": 6.6528903332723495, ""client-006"": 9.711185774876464, ""client-007"": 2.8071476863205964}"
sensorscope,30003,raven_wo_design,36,"[""client-001"", ""client-002"", ""client-003"", ""client-004"", ""client-007""]","[""client-001"", ""client-002"", ""client-003"", ""client-004"", ""client-005"", ""client-007""]","[""client-001"", ""client-002"", ""client-003"", ""client-004"", ""client-007""]","{""client-001"": 5.555760785713839, ""client-002"": 3.282371323540964, ""client-003"": 2.7778803928569196, ""client-004"": 6.564742647081928, ""client-005"": 5.555760785713839, ""client-007"": 2.7778803928569196}"
sensorscope,30003,raven_wo_design,37,"[""client-000"", ""client-001"", ""client-003""]","[""client-000"", ""client-001"", ""client-002"", ""client-003"", ""client-004"", ""client-006""]","[""client-000"", ""client-001"", ""client-003""]","{""client-000"": 2.7889784097298387, ""client-001"": 5.577956819459677, ""client-002"": 2.7889784097298387, ""client-003"": 5.577956819459677, ""client-004"": 2.7889784097298387, ""client-006"": 5.577956819459677}"
sensorscope,30003,raven_wo_design,38,"[""client-004"", ""client-006"", ""client-007""]","[""client-000"", ""client-001"", ""client-002"", ""client-004"", ""client-005"", ""client-006"", ""client-007""]","[""client-004"", ""client-006"", ""client-007""]","{""client-000"": 2.7976279674112456, ""client-001"": 3.30700473631012, ""client-002"": 3.9607187637505983, ""client-004"": 5.595255934822491, ""client-005"": 2.7976279674112456, ""client-006"": 8.392883902233738, ""client-007"": 6.61400947262024}"
sensorscope,30003,raven_wo_design,39,"[""client-001"", ""client-003"", ""client-007""]","[""client-000"", ""client-001"", ""client-002"", ""client-003"", ""client-005"", ""client-006"", ""client-007""]","[""client-001"", ""client-003"", ""client-007""]","{""client-000"": 5.602886617534968, ""client-001"": 5.602886617534968, ""client-002"": 6.631207499096888, ""client-003"": 5.602886617534968, ""client-005"": 3.315603749548444, ""client-006"": 8.404329926302452, ""client-007"": 6.631207499096888}"
sensorscope,30003,raven_wo_design,40,"[""client-001"", ""client-002""]","[""client-000"", ""client-001"", ""client-002"", ""client-003"", ""client-005"", ""client-006"", ""client-007""]","[""client-001"", ""client-002""]","{""client-000"": 3.955667126987974, ""client-001"": 2.7756262145225135, ""client-002"": 6.581772596749991, ""client-003"": 6.581772596749991, ""client-005"": 2.7756262145225135, ""client-006"": 6.581772596749991, ""client-007"": 6.581772596749991}"
sensorscope,30003,raven_wo_design,41,[],"[""client-000"", ""client-002"", ""client-003"", ""client-004"", ""client-005"", ""client-006"", ""client-007""]",[],"{""client-000"": 7.887366092211285, ""client-002"": 4.803440701101087, ""client-003"": 3.9436830461056425, ""client-004"": 2.763274149209585, ""client-005"": 2.763274149209585, ""client-006"": 3.2782713224426554, ""client-007"": 6.556542644885311}"
sensorscope,30003,raven_wo_design,42,"[""client-000"", ""client-001"", ""client-004"", ""client-005"", ""client-007""]","[""client-000"", ""client-001"", ""client-002"", ""client-003"", ""client-004"", ""client-005"", ""client-006"", ""client-007""]","[""client-000"", ""client-001"", ""client-004"", ""client-005"", ""client-007""]","{""client-000"": 2.7709516345747405, ""client-001"": 3.274086094919709, ""client-002"": 9.822258284759126, ""client-003"": 9.822258284759126, ""client-004"": 3.274086094919709, ""client-005"": 2.7709516345747405, ""client-006"": 2.7709516345747405, ""client-007"": 3.274086094919709}"
sensorscope,30003,raven_wo_design,43,"[""client-002"", ""client-003"", ""client-006"", ""client-007""]","[""client-001"", ""client-002"", ""client-003"", ""client-004"", ""client-006"", ""client-007""]","[""client-002"", ""client-003"", ""client-006"", ""client-007""]","{""client-001"": 8.306619283506237, ""client-002"": 3.2548060579849247, ""client-003"": 5.5377461890041575, ""client-004"": 6.5096121159698495, ""client-006"": 3.2548060579849247, ""client-007"": 2.7688730945020787}"
sensorscope,30003,raven_wo_design,44,"[""client-000"", ""client-004"", ""client-006""]","[""client-000"", ""client-001"", ""client-003"", ""client-004"", ""client-005"", ""client-006""]","[""client-000"", ""client-004"", ""client-006""]","{""client-000"": 6.519250222047716, ""client-001"": 5.536206441574665, ""client-003"": 5.536206441574665, ""client-004"": 6.519250222047716, ""client-005"": 2.7681032207873324, ""client-006"": 6.519250222047716}"
sensorscope,30003,raven_wo_design,45,[],"[""client-000"", ""client-001"", ""client-002"", ""client-003"", ""client-004"", ""client-006"", ""client-007""]",[],"{""client-000"": 3.8861492258032277, ""client-001"": 3.2554566233900366, ""client-002"": 9.76636987017011, ""client-003"": 2.7625854320052445, ""client-004"": 3.8861492258032277, ""client-006"": 2.7625854320052445, ""client-007"": 9.386404391217669}"
sensorscope,30003,raven_wo_design,46,"[""client-000"", ""client-005""]","[""client-000"", ""client-001"", ""client-003"", ""client-005""]","[""client-000"", ""client-005""]","{""client-000"": 5.527114451029464, ""client-001"": 9.358437335613488, ""client-003"": 3.2534343203922256, ""client-005"": 2.763557225514732}"
sensorscope,30003,raven_wo_design,47,"[""client-000"", ""client-004""]","[""client-000"", ""client-001"", ""client-003"", ""client-004"", ""client-007""]","[""client-000"", ""client-004""]","{""client-000"": 6.530069461830594, ""client-001"": 6.530069461830594, ""client-003"": 5.56006339609947, ""client-004"": 6.530069461830594, ""client-007"": 9.795104192745892}"
sensorscope,30003,raven_wo_design,48,"[""client-001"", ""client-003"", ""client-007""]","[""client-000"", ""client-001"", ""client-003"", ""client-007""]","[""client-001"", ""client-003"", ""client-007""]","{""client-000"": 2.7832524659802806, ""client-001"": 6.540457171803802, ""client-003"": 6.540457171803802, ""client-007"": 5.566504931960561}"
sensorscope,30003,raven_wo_design,49,"[""client-002"", ""client-004""]","[""client-001"", ""client-002"", ""client-003"", ""client-004"", ""client-005"", ""client-006"", ""client-007""]","[""client-002"", ""client-004""]","{""client-001"": 4.729361855292538, ""client-002"": 6.5724165906352985, ""client-003"": 3.2862082953176492, ""client-004"": 6.5724165906352985, ""client-005"": 3.2862082953176492, ""client-006"": 6.5724165906352985, ""client-007"": 6.5724165906352985}"
sensorscope,30003,raven_wo_design,50,"[""client-000"", ""client-002"", ""client-005""]","[""client-000"", ""client-002"", ""client-003"", ""client-004"", ""client-005"", ""client-006"", ""client-007""]","[""client-000"", ""client-002"", ""client-005""]","{""client-000"": 11.114096731671257, ""client-002"": 3.2812876825386583, ""client-003"": 5.5570483658356284, ""client-004"": 3.2812876825386583, ""client-005"": 3.2812876825386583, ""client-006"": 9.843863047615976, ""client-007"": 4.753363421487866}"
sensorscope,30003,raven_wo_design,51,"[""client-000"", ""client-001"", ""client-002"", ""client-003"", ""client-005"", ""client-007""]","[""client-000"", ""client-001"", ""client-002"", ""client-003"", ""client-004"", ""client-005"", ""client-006"", ""client-007""]","[""client-000"", ""client-001"", ""client-002"", ""client-003"", ""client-005"", ""client-007""]","{""client-000"": 9.553086203243971, ""client-001"": 2.7515325757288016, ""client-002"": 11.006130302915206, ""client-003"": 3.262786754244545, ""client-004"": 6.52557350848909, ""client-005"": 3.262786754244545, ""client-006"": 2.7515325757288016, ""client-007"": 9.788360262733635}"
sensorscope,30003,raven_wo_design,52,"[""client-000"", ""client-002"", ""client-007""]","[""client-000"", ""client-001"", ""client-002"", ""client-003"", ""client-004"", ""client-006"", ""client-007""]","[""client-000"", ""client-002"", ""client-007""]","{""client-000"": 5.453188592311875, ""client-001"": 6.46297205500343, ""client-002"": 2.7265942961559375, ""client-003"": 3.231486027501715, ""client-004"": 7.768036998641462, ""client-006"": 6.46297205500343, ""client-007"": 5.453188592311875}"
sensorscope,30003,raven_wo_design,53,[],"[""client-001"", ""client-002"", ""client-003"", ""client-004"", ""client-005"", ""client-007""]",[],"{""client-001"": 2.716523562790779, ""client-002"": 5.433047125581558, ""client-003"": 8.149570688372336, ""client-004"": 6.432790695895521, ""client-005"": 6.432790695895521, ""client-007"": 5.433047125581558}"
sensorscope,30003,raven_wo_design,54,[],"[""client-001"", ""client-003"", ""client-004"", ""client-005"", ""client-006"", ""client-007""]",[],"{""client-001"": 4.696220880595259, ""client-003"": 2.709344345283905, ""client-004"": 8.128033035851715, ""client-005"": 2.709344345283905, ""client-006"": 2.709344345283905, ""client-007"": 4.696220880595259}"
sensorscope,30003,raven_wo_design,55,"[""client-000"", ""client-005""]","[""client-000"", ""client-003"", ""client-005""]","[""client-000"", ""client-005""]","{""client-000"": 5.436097264135675, ""client-003"": 6.441151751312737, ""client-005"": 3.870091758469121}"
sensorscope,30003,raven_wo_design,56,"[""client-001"", ""client-003"", ""client-007""]","[""client-001"", ""client-002"", ""client-003"", ""client-004"", ""client-005"", ""client-006"", ""client-007""]","[""client-001"", ""client-003"", ""client-007""]","{""client-001"": 3.243500192570224, ""client-002"": 5.457539112310899, ""client-003"": 2.7287695561554495, ""client-004"": 9.730500577710671, ""client-005"": 2.7287695561554495, ""client-006"": 2.7287695561554495, ""client-007"": 2.7287695561554495}"
sensorscope,30003,raven_wo_design,57,"[""client-003"", ""client-006""]","[""client-000"", ""client-001"", ""client-003"", ""client-004"", ""client-005"", ""client-006""]","[""client-003"", ""client-006""]","{""client-000"": 2.7344686657994925, ""client-001"": 5.468937331598985, ""client-003"": 2.7344686657994925, ""client-004"": 3.252108056711027, ""client-005"": 3.924233109028129, ""client-006"": 5.468937331598985}"
sensorscope,30003,raven_wo_design,58,"[""client-002"", ""client-004"", ""client-006""]","[""client-001"", ""client-002"", ""client-003"", ""client-004"", ""client-005"", ""client-006""]","[""client-002"", ""client-004"", ""client-006""]","{""client-001"": 9.795004282202395, ""client-002"": 5.489397127772092, ""client-003"": 5.489397127772092, ""client-004"": 2.744698563886046, ""client-005"": 6.530002854801596, ""client-006"": 2.744698563886046}"
sensorscope,30003,raven_wo_design,59,"[""client-000"", ""client-002"", ""client-003"", ""client-005"", ""client-006""]","[""client-000"", ""client-001"", ""client-002"", ""client-003"", ""client-005"", ""client-006"", ""client-007""]","[""client-000"", ""client-002"", ""client-003"", ""client-005"", ""client-006""]","{""client-000"": 3.9480248906322557, ""client-001"": 5.474059602067387, ""client-002"": 3.2629200359750503, ""client-003"": 5.474059602067387, ""client-005"": 9.788760107925151, ""client-006"": 6.525840071950101, ""client-007"": 9.788760107925151}"
sensorscope,30003,raven_wo_design,60,"[""client-002"", ""client-003"", ""client-004"", ""client-007""]","[""client-000"", ""client-001"", ""client-002"", ""client-003"", ""client-004"", ""client-005"", ""client-007""]","[""client-002"", ""client-003"", ""client-004"", ""client-007""]","{""client-000"": 4.857732042089947, ""client-001"": 8.16334719597673, ""client-002"": 3.9477550832643202, ""client-003"": 3.2524270571688505, ""client-004"": 8.16334719597673, ""client-005"": 6.504854114337701, ""client-007"": 9.757281171506552}"
sensorscope,30003,raven_wo_design,61,"[""client-001"", ""client-003"", ""client-004""]","[""client-000"", ""client-001"", ""client-003"", ""client-004"", ""client-006"", ""client-007""]","[""client-001"", ""client-003"", ""client-004""]","{""client-000"": 6.457172115017291, ""client-001"": 3.2285860575086454, ""client-003"": 5.391096972345942, ""client-004"": 9.685758172525937, ""client-006"": 5.391096972345942, ""client-007"": 3.2285860575086454}"
sensorscope,30003,raven_wo_design,62,"[""client-000"", ""client-001"", ""client-005""]","[""client-000"", ""client-001"", ""client-002"", ""client-004"", ""client-005"", ""client-006""]","[""client-000"", ""client-001"", ""client-005""]","{""client-000"": 3.221373785818229, ""client-001"": 3.221373785818229, ""client-002"": 2.680030985603188, ""client-004"": 2.680030985603188, ""client-005"": 5.360061971206376, ""client-006"": 8.040092956809563}"
sensorscope,30003,raven_wo_design,63,"[""client-004"", ""client-005"", ""client-006""]","[""client-001"", ""client-002"", ""client-004"", ""client-005"", ""client-006"", ""client-007""]","[""client-004"", ""client-005"", ""client-006""]","{""client-001"": 3.23076576339867, ""client-002"": 6.46153152679734, ""client-004"": 2.6791421329038405, ""client-005"": 9.874391244790267, ""client-006"": 5.358284265807681, ""client-007"": 3.963606113882575}"
sensorscope,30003,raven_wo_design,64,"[""client-003""]","[""client-000"", ""client-001"", ""client-002"", ""client-003"", ""client-004"", ""client-005"", ""client-006""]","[""client-003""]","{""client-000"": 3.234808666681272, ""client-001"": 3.968480724465002, ""client-002"": 2.682466635377544, ""client-003"": 4.943012188424186, ""client-004"": 3.968480724465002, ""client-005"": 2.682466635377544, ""client-006"": 2.682466635377544}"
sensorscope,30003,raven_wo_design,65,"[""client-004""]","[""client-002"", ""client-004"", ""client-005"", ""client-006""]","[""client-004""]","{""client-002"": 6.481877647590538, ""client-004"": 3.240938823795269, ""client-005"": 9.722816471385809, ""client-006"": 8.074225973272311}"
sensorscope,30003,raven_wo_design,66,"[""client-000"", ""client-001"", ""client-003"", ""client-005"", ""client-007""]","[""client-000"", ""client-001"", ""client-002"", ""client-003"", ""client-004"", ""client-005"", ""client-007""]","[""client-000"", ""client-001"", ""client-003"", ""client-005"", ""client-007""]","{""client-000"": 3.250771099370205, ""client-001"": 9.86959276879891, ""client-002"": 11.927873982937598, ""client-003"": 6.50154219874041, ""client-004"": 3.250771099370205, ""client-005"": 3.250771099370205, ""client-007"": 6.50154219874041}"
sensorscope,30003,raven_wo_design,67,"[""client-002"", ""client-003"", ""client-007""]","[""client-000"", ""client-001"", ""client-002"", ""client-003"", ""client-004"", ""client-005"", ""client-007""]","[""client-002"", ""client-003"", ""client-007""]","{""client-000"": 9.742436813725966, ""client-001"": 3.2325462569923697, ""client-002"": 2.6954182819552113, ""client-003"": 9.69763877097711, ""client-004"": 2.6954182819552113, ""client-005"": 3.9398425407225326, ""client-007"": 3.2325462569923697}"
sensorscope,30003,raven_wo_design,68,"[""client-001"", ""client-002"", ""client-004"", ""client-007""]","[""client-001"", ""client-002"", ""client-004"", ""client-006"", ""client-007""]","[""client-001"", ""client-002"", ""client-004"", ""client-007""]","{""client-001"": 6.449319979963494, ""client-002"": 5.3982965214108845, ""client-004"": 6.449319979963494, ""client-006"": 4.813540667150047, ""client-007"": 3.224659989981747}"
sensorscope,30003,raven_wo_design,69,"[""client-003"", ""client-005"", ""client-007""]","[""client-003"", ""client-005"", ""client-006"", ""client-007""]","[""client-003"", ""client-005"", ""client-007""]","{""client-003"": 5.432714933022589, ""client-005"": 3.233025594502387, ""client-006"": 2.7163574665112944, ""client-007"": 9.559544207536621}"
sensorscope,30003,raven_wo_design,70,"[""client-001"", ""client-003"", ""client-006""]","[""client-000"", ""client-001"", ""client-003"", ""client-004"", ""client-006"", ""client-007""]","[""client-001"", ""client-003"", ""client-006""]","{""client-000"": 8.207527763008578, ""client-001"": 5.4716851753390525, ""client-003"": 9.760000486414095, ""client-004"": 4.797132385214747, ""client-006"": 8.207527763008578, ""client-007"": 2.7358425876695263}"
sensorscope,30003,raven_wo_design,71,"[""client-001"", ""client-002"", ""client-005"", ""client-007""]","[""client-000"", ""client-001"", ""client-002"", ""client-003"", ""client-005"", ""client-007""]","[""client-001"", ""client-002"", ""client-005"", ""client-007""]","{""client-000"": 6.480759654327674, ""client-001"": 9.72113948149151, ""client-002"": 2.7337413902365526, ""client-003"": 2.7337413902365526, ""client-005"": 2.7337413902365526, ""client-007"": 9.72113948149151}"
sensorscope,30003,raven_wo_design,72,"[""client-000"", ""client-001"", ""client-002"", ""client-004"", ""client-005""]","[""client-000"", ""client-001"", ""client-002"", ""client-003"", ""client-004"", ""client-005"", ""client-006""]","[""client-000"", ""client-001"", ""client-002"", ""client-004"", ""client-005""]","{""client-000"": 2.736569540924673, ""client-001"": 3.2386062787332706, ""client-002"": 7.771560485295187, ""client-003"": 7.771560485295187, ""client-004"": 5.473139081849346, ""client-005"": 2.736569540924673, ""client-006"": 5.473139081849346}"
sensorscope,30003,raven_wo_design,73,"[""client-002"", ""client-003""]","[""client-000"", ""client-001"", ""client-002"", ""client-003"", ""client-004"", ""client-005"", ""client-006""]","[""client-002"", ""client-003""]","{""client-000"": 6.458943683327756, ""client-001"": 5.472191277886407, ""client-002"": 9.688415524991633, ""client-003"": 2.7360956389432034, ""client-004"": 6.458943683327756, ""client-005"": 5.472191277886407, ""client-006"": 6.458943683327756}"
sensorscope,30003,raven_wo_design,74,"[""client-000"", ""client-001"", ""client-004"", ""client-007""]","[""client-000"", ""client-001"", ""client-002"", ""client-004"", ""client-006"", ""client-007""]","[""client-000"", ""client-001"", ""client-004"", ""client-007""]","{""client-000"": 2.7295648034497724, ""client-001"": 8.188694410349317, ""client-002"": 6.430523983181248, ""client-004"": 9.645785974771872, ""client-006"": 5.459129606899545, ""client-007"": 3.8373528887716937}"
sensorscope,30003,raven_wo_design,75,"[""client-007""]","[""client-000"", ""client-003"", ""client-004"", ""client-005"", ""client-006"", ""client-007""]","[""client-007""]","{""client-000"": 9.630587200578889, ""client-003"": 5.4564993211465875, ""client-004"": 6.420391467052593, ""client-005"": 3.2101957335262963, ""client-006"": 8.184748981719881, ""client-007"": 5.4564993211465875}"
sensorscope,30003,raven_wo_design,76,"[""client-002""]","[""client-002"", ""client-003""]","[""client-002""]","{""client-002"": 2.7228434094198257, ""client-003"": 9.61306190372715}"
sensorscope,30003,raven_wo_design,77,"[""client-003"", ""client-005""]","[""client-002"", ""client-003"", ""client-004"", ""client-005""]","[""client-003"", ""client-005""]","{""client-002"": 3.2225502882909307, ""client-003"": 5.453539075189367, ""client-004"": 2.7267695375946834, ""client-005"": 5.453539075189367}"
sensorscope,30003,raven_wo_design,78,"[""client-000"", ""client-006""]","[""client-000"", ""client-001"", ""client-002"", ""client-003"", ""client-006"", ""client-007""]","[""client-000"", ""client-006""]","{""client-000"": 9.730461032069224, ""client-001"": 8.202898249441185, ""client-002"": 3.243487010689741, ""client-003"": 2.734299416480395, ""client-006"": 3.243487010689741, ""client-007"": 2.734299416480395}"
sensorscope,30003,raven_wo_design,79,[],"[""client-000"", ""client-001"", ""client-002"", ""client-003"", ""client-004"", ""client-005"", ""client-006"", ""client-007""]",[],"{""client-000"": 5.468526492525026, ""client-001"": 3.9130339583937643, ""client-002"": 3.247658276775388, ""client-003"": 3.9130339583937643, ""client-004"": 6.495316553550776, ""client-005"": 6.495316553550776, ""client-006"": 6.495316553550776, ""client-007"": 4.775381218060149}"
sensorscope,30003,raven_wo_design,80,"[""client-001"", ""client-003"", ""client-005"", ""client-006""]","[""client-001"", ""client-003"", ""client-005"", ""client-006"", ""client-007""]","[""client-001"", ""client-003"", ""client-005"", ""client-006""]","{""client-001"": 3.2404026598093925, ""client-003"": 9.721207979428177, ""client-005"": 5.457979538116053, ""client-006"": 2.7289897690580265, ""client-007"": 5.457979538116053}"
sensorscope,30003,raven_wo_design,81,"[""client-000"", ""client-002""]","[""client-000"", ""client-002"", ""client-005"", ""client-006"", ""client-007""]","[""client-000"", ""client-002""]","{""client-000"": 6.490909175775819, ""client-002"": 5.4629521994756125, ""client-005"": 5.4629521994756125, ""client-006"": 6.490909175775819, ""client-007"": 3.9120045647932247}"
sensorscope,30003,raven_wo_design,82,"[""client-002"", ""client-003"", ""client-004"", ""client-005""]","[""client-000"", ""client-001"", ""client-002"", ""client-003"", ""client-004"", ""client-005""]","[""client-002"", ""client-003"", ""client-004"", ""client-005""]","{""client-000"": 14.412155716368005, ""client-001"": 6.501328260169186, ""client-002"": 3.250664130084593, ""client-003"": 5.4623647111732945, ""client-004"": 3.250664130084593, ""client-005"": 4.804051905456002}"
sensorscope,30003,raven_wo_design,83,"[""client-000"", ""client-002"", ""client-006""]","[""client-000"", ""client-002"", ""client-003"", ""client-006""]","[""client-000"", ""client-002"", ""client-006""]","{""client-000"": 5.454881992503128, ""client-002"": 2.727440996251564, ""client-003"": 4.76375885197228, ""client-006"": 3.2394570869098325}"
sensorscope,30003,raven_wo_design,84,[],"[""client-002"", ""client-003"", ""client-005"", ""client-006"", ""client-007""]",[],"{""client-002"": 9.775336429170416, ""client-003"": 3.258445476390139, ""client-005"": 3.258445476390139, ""client-006"": 2.7389635325970683, ""client-007"": 6.516890952780278}"
sensorscope,30003,raven_wo_design,85,"[""client-003"", ""client-004"", ""client-005""]","[""client-001"", ""client-003"", ""client-004"", ""client-005"", ""client-006"", ""client-007""]","[""client-003"", ""client-004"", ""client-005""]","{""client-001"": 3.270682185765903, ""client-003"": 5.488638439454547, ""client-004"": 2.7443192197272737, ""client-005"": 3.270682185765903, ""client-006"": 3.955879594997964, ""client-007"": 4.847841073883378}"
sensorscope,30003,raven_wo_design,86,"[""client-004"", ""client-006""]","[""client-000"", ""client-004"", ""client-006"", ""client-007""]","[""client-004"", ""client-006""]","{""client-000"": 3.2801039444483298, ""client-004"": 3.2801039444483298, ""client-006"": 2.744928513590358, ""client-007"": 2.744928513590358}"
sensorscope,30003,raven_wo_design,87,"[""client-005""]","[""client-000"", ""client-001"", ""client-002"", ""client-003"", ""client-004"", ""client-005"", ""client-006"", ""client-007""]","[""client-005""]","{""client-000"": 5.512055051564923, ""client-001"": 5.512055051564923, ""client-002"": 9.898075864742385, ""client-003"": 9.901962086333711, ""client-004"": 3.3006540287779034, ""client-005"": 5.512055051564923, ""client-006"": 4.0141947563000215, ""client-007"": 9.901962086333711}"
sensorscope,30003,raven_wo_design,88,"[""client-005"", ""client-007""]","[""client-000"", ""client-001"", ""client-002"", ""client-003"", ""client-004"", ""client-005"", ""client-006"", ""client-007""]","[""client-005"", ""client-007""]","{""client-000"": 2.7471406805066336, ""client-001"": 5.494281361013267, ""client-002"": 2.7471406805066336, ""client-003"": 2.7471406805066336, ""client-004"": 6.563671740537681, ""client-005"": 9.845507610806521, ""client-006"": 2.7471406805066336, ""client-007"": 5.494281361013267}"
sensorscope,30003,raven_wo_design,89,"[""client-000"", ""client-001"", ""client-002"", ""client-003""]","[""client-000"", ""client-001"", ""client-002"", ""client-003"", ""client-006""]","[""client-000"", ""client-001"", ""client-002"", ""client-003""]","{""client-000"": 2.7432770459903733, ""client-001"": 2.7432770459903733, ""client-002"": 8.22983113797112, ""client-003"": 9.81402538819621, ""client-006"": 11.878095824905563}"
sensorscope,30003,raven_wo_design,90,"[""client-000"", ""client-001"", ""client-002""]","[""client-000"", ""client-001"", ""client-002"", ""client-003"", ""client-005"", ""client-006"", ""client-007""]","[""client-000"", ""client-001"", ""client-002""]","{""client-000"": 3.264448118255213, ""client-001"": 6.528896236510426, ""client-002"": 2.7407584053414977, ""client-003"": 3.945684630638696, ""client-005"": 3.264448118255213, ""client-006"": 6.528896236510426, ""client-007"": 4.8318643175039115}"
sensorscope,30003,raven_wo_design,91,"[""client-002"", ""client-006"", ""client-007""]","[""client-001"", ""client-002"", ""client-003"", ""client-005"", ""client-006"", ""client-007""]","[""client-002"", ""client-006"", ""client-007""]","{""client-001"": 8.240860862050226, ""client-002"": 6.532821807307897, ""client-003"": 3.9403289952208698, ""client-005"": 5.493907241366818, ""client-006"": 9.799232710961846, ""client-007"": 2.746953620683409}"
sensorscope,30003,raven_wo_design,92,"[""client-001"", ""client-006"", ""client-007""]","[""client-000"", ""client-001"", ""client-002"", ""client-004"", ""client-005"", ""client-006"", ""client-007""]","[""client-001"", ""client-006"", ""client-007""]","{""client-000"": 3.26145619665701, ""client-001"": 3.26145619665701, ""client-002"": 5.489767003010165, ""client-004"": 4.798670881639636, ""client-005"": 5.489767003010165, ""client-006"": 2.7448835015050825, ""client-007"": 5.489767003010165}"
sensorscope,30003,raven_wo_design,93,"[""client-000"", ""client-004""]","[""client-000"", ""client-001"", ""client-003"", ""client-004"", ""client-005"", ""client-006"", ""client-007""]","[""client-000"", ""client-004""]","{""client-000"": 2.744460034161056, ""client-001"": 5.488920068322112, ""client-003"": 2.744460034161056, ""client-004"": 2.744460034161056, ""client-005"": 2.744460034161056, ""client-006"": 2.744460034161056, ""client-007"": 3.262732155765441}"
sensorscope,30003,raven_wo_design,94,[],"[""client-000"", ""client-002"", ""client-003"", ""client-005"", ""client-006"", ""client-007""]",[],"{""client-000"": 5.4982711813739655, ""client-002"": 6.542010770225633, ""client-003"": 3.9485795650557827, ""client-005"": 9.813016155338449, ""client-006"": 3.2710053851128165, ""client-007"": 7.897159130111565}"
sensorscope,30003,raven_wo_design,95,"[""client-000"", ""client-004""]","[""client-000"", ""client-003"", ""client-004"", ""client-005"", ""client-006""]","[""client-000"", ""client-004""]","{""client-000"": 5.502486407126709, ""client-003"": 5.502486407126709, ""client-004"": 3.268671435748888, ""client-005"": 5.502486407126709, ""client-006"": 5.502486407126709}"
sensorscope,30003,raven_wo_design,96,"[""client-000"", ""client-001"", ""client-002"", ""client-005""]","[""client-000"", ""client-001"", ""client-002"", ""client-003"", ""client-005"", ""client-006""]","[""client-000"", ""client-001"", ""client-002"", ""client-005""]","{""client-000"": 5.513552912720969, ""client-001"": 5.513552912720969, ""client-002"": 8.270329369081454, ""client-003"": 6.543049887453449, ""client-005"": 8.270329369081454, ""client-006"": 5.513552912720969}"
sensorscope,30003,raven_wo_design,97,"[""client-000"", ""client-001"", ""client-002"", ""client-005"", ""client-007""]","[""client-000"", ""client-001"", ""client-002"", ""client-003"", ""client-005"", ""client-007""]","[""client-000"", ""client-001"", ""client-002"", ""client-005"", ""client-007""]","{""client-000"": 2.748937278093218, ""client-001"": 8.246811834279654, ""client-002"": 6.528759615176054, ""client-003"": 3.264379807588027, ""client-005"": 9.793139422764082, ""client-007"": 3.931732302374253}"
sensorscope,30003,raven_wo_design,98,"[""client-000"", ""client-004""]","[""client-000"", ""client-001"", ""client-002"", ""client-003"", ""client-004"", ""client-005""]","[""client-000"", ""client-004""]","{""client-000"": 4.8031200415232, ""client-001"": 5.489140604388789, ""client-002"": 3.2620680274017038, ""client-003"": 2.7445703021943944, ""client-004"": 3.2620680274017038, ""client-005"": 2.7445703021943944}"
sensorscope,30003,raven_wo_design,99,"[""client-001"", ""client-007""]","[""client-000"", ""client-001"", ""client-002"", ""client-003"", ""client-004"", ""client-005"", ""client-006"", ""client-007""]","[""client-001"", ""client-007""]","{""client-000"": 3.268945284078368, ""client-001"": 6.537890568156736, ""client-002"": 3.268945284078368, ""client-003"": 3.268945284078368, ""client-004"": 5.494792724956225, ""client-005"": 9.806835852235103, ""client-006"": 2.7473963624781126, ""client-007"": 2.7473963624781126}"
sensorscope,30003,raven_sag,0,"[""client-001"", ""client-005"", ""client-007""]","[""client-000"", ""client-001"", ""client-002"", ""client-004"", ""client-005"", ""client-007""]","[""client-001"", ""client-005"", ""client-007""]","{""client-000"": 5.0, ""client-001"": 10.0, ""client-002"": 15.0, ""client-004"": 5.0, ""client-005"": 5.0, ""client-007"": 10.0}"
sensorscope,30003,raven_sag,1,"[""client-000"", ""client-004"", ""client-005"", ""client-007""]","[""client-000"", ""client-001"", ""client-004"", ""client-005"", ""client-006"", ""client-007""]","[""client-000"", ""client-004"", ""client-005"", ""client-007""]","{""client-000"": 3.075858672205212, ""client-001"": 2.6074367692357816, ""client-004"": 9.227576016615636, ""client-005"": 8.718705640623998, ""client-006"": 2.7504721000514003, ""client-007"": 6.151717344410424}"
sensorscope,30003,raven_sag,2,"[""client-007""]","[""client-000"", ""client-001"", ""client-003"", ""client-005"", ""client-007""]","[""client-007""]","{""client-000"": 3.308554509052654, ""client-001"": 3.114639362904453, ""client-003"": 3.114639362904453, ""client-005"": 3.308554509052654, ""client-007"": 6.617109018105308}"
sensorscope,30003,raven_sag,3,"[""client-001"", ""client-003"", ""client-004""]","[""client-000"", ""client-001"", ""client-002"", ""client-003"", ""client-004"", ""client-007""]","[""client-001"", ""client-003"", ""client-004""]","{""client-000"": 3.6526464217037327, ""client-001"": 7.139173275494526, ""client-002"": 7.058074371172081, ""client-003"": 3.5290371855860405, ""client-004"": 7.058074371172081, ""client-007"": 3.569586637747263}"
sensorscope,30003,raven_sag,4,"[""client-000"", ""client-001"", ""client-007""]","[""client-000"", ""client-001"", ""client-004"", ""client-005"", ""client-006"", ""client-007""]","[""client-000"", ""client-001"", ""client-007""]","{""client-000"": 6.7352057025981145, ""client-001"": 3.801441203549234, ""client-004"": 4.047318447642496, ""client-005"": 3.3676028512990572, ""client-006"": 4.047318447642496, ""client-007"": 3.3676028512990572}"
sensorscope,30003,raven_sag,5,"[""client-003"", ""client-004"", ""client-006""]","[""client-000"", ""client-002"", ""client-003"", ""client-004"", ""client-006"", ""client-007""]","[""client-003"", ""client-004"", ""client-006""]","{""client-000"": 4.439252637373531, ""client-002"": 4.439252637373531, ""client-003"": 10.35734076314294, ""client-004"": 3.4524469210476467, ""client-006"": 3.4524469210476467, ""client-007"": 7.490152816602602}"
sensorscope,30003,raven_sag,6,"[""client-004"", ""client-005""]","[""client-000"", ""client-001"", ""client-003"", ""client-004"", ""client-005"", ""client-006""]","[""client-004"", ""client-005""]","{""client-000"": 3.4829293214367194, ""client-001"": 4.313791139227648, ""client-003"": 4.313791139227648, ""client-004"": 3.7337027033352346, ""client-005"": 3.7337027033352346, ""client-006"": 8.627582278455296}"
sensorscope,30003,raven_sag,7,"[""client-000"", ""client-005"", ""client-006"", ""client-007""]","[""client-000"", ""client-001"", ""client-002"", ""client-003"", ""client-004"", ""client-005"", ""client-006"", ""client-007""]","[""client-000"", ""client-005"", ""client-006"", ""client-007""]","{""client-000"": 10.671892552975873, ""client-001"": 3.725754974924553, ""client-002"": 3.725754974924553, ""client-003"": 10.671892552975873, ""client-004"": 3.725754974924553, ""client-005"": 4.096691386426604, ""client-006"": 3.725754974924553, ""client-007"": 7.114595035317249}"
sensorscope,30003,raven_sag,8,"[""client-000""]","[""client-000"", ""client-002"", ""client-003"", ""client-004"", ""client-006"", ""client-007""]","[""client-000""]","{""client-000"": 3.4518801172667906, ""client-002"": 7.1519989251932, ""client-003"": 6.903760234533581, ""client-004"": 3.8434057707534452, ""client-006"": 6.903760234533581, ""client-007"": 3.5759994625966}"
sensorscope,30003,raven_sag,9,"[""client-004"", ""client-005"", ""client-006"", ""client-007""]","[""client-001"", ""client-002"", ""client-004"", ""client-005"", ""client-006"", ""client-007""]","[""client-004"", ""client-005"", ""client-006"", ""client-007""]","{""client-001"": 3.565802916012848, ""client-002"": 3.7493471265430243, ""client-004"": 10.697408748038544, ""client-005"": 6.789023939729139, ""client-006"": 3.3945119698645696, ""client-007"": 3.3945119698645696}"
sensorscope,30003,raven_sag,10,"[""client-004""]","[""client-000"", ""client-001"", ""client-003"", ""client-004"", ""client-005""]","[""client-004""]","{""client-000"": 7.129573493610168, ""client-001"": 6.769063536323653, ""client-003"": 3.564786746805084, ""client-004"": 10.694360240415252, ""client-005"": 7.129573493610168}"
sensorscope,30003,raven_sag,11,"[""client-001"", ""client-006""]","[""client-000"", ""client-001"", ""client-002"", ""client-003"", ""client-004"", ""client-005"", ""client-006""]","[""client-001"", ""client-006""]","{""client-000"": 10.50587462731492, ""client-001"": 9.990355370715275, ""client-002"": 6.660236913810183, ""client-003"": 3.3301184569050917, ""client-004"": 3.3301184569050917, ""client-005"": 6.660236913810183, ""client-006"": 6.660236913810183}"
sensorscope,30003,raven_sag,12,"[""client-005"", ""client-006""]","[""client-001"", ""client-003"", ""client-004"", ""client-005"", ""client-006""]","[""client-005"", ""client-006""]","{""client-001"": 10.199163171519194, ""client-003"": 7.236768194436994, ""client-004"": 9.597956149776367, ""client-005"": 7.236768194436994, ""client-006"": 6.398637433184245}"
sensorscope,30003,raven_sag,13,"[""client-001"", ""client-002"", ""client-003"", ""client-007""]","[""client-000"", ""client-001"", ""client-002"", ""client-003"", ""client-004"", ""client-005"", ""client-006"", ""client-007""]","[""client-001"", ""client-002"", ""client-003"", ""client-007""]","{""client-000"": 3.3427409258201113, ""client-001"": 10.028222777460334, ""client-002"": 10.028222777460334, ""client-003"": 6.154693609141162, ""client-004"": 3.3427409258201113, ""client-005"": 3.077346804570581, ""client-006"": 10.028222777460334, ""client-007"": 9.232040413711744}"
sensorscope,30003,raven_sag,14,[],"[""client-000"", ""client-002"", ""client-005"", ""client-007""]",[],"{""client-000"": 3.2073611503863835, ""client-002"": 5.900229486067821, ""client-005"": 8.850344229101731, ""client-007"": 3.2073611503863835}"
sensorscope,30003,raven_sag,15,"[""client-007""]","[""client-000"", ""client-001"", ""client-002"", ""client-003"", ""client-004"", ""client-005"", ""client-006"", ""client-007""]","[""client-007""]","{""client-000"": 6.527751936409009, ""client-001"": 5.828397893662275, ""client-002"": 3.2638759682045047, ""client-003"": 11.032291117751827, ""client-004"": 6.527751936409009, ""client-005"": 5.828397893662275, ""client-006"": 5.828397893662275, ""client-007"": 2.9141989468311373}"
sensorscope,30003,raven_sag,16,"[""client-007""]","[""client-001"", ""client-004"", ""client-006"", ""client-007""]","[""client-007""]","{""client-001"": 9.521920159657865, ""client-004"": 2.806303567840672, ""client-006"": 5.612607135681344, ""client-007"": 8.418910703522016}"
sensorscope,30003,raven_sag,17,"[""client-005""]","[""client-000"", ""client-001"", ""client-002"", ""client-003"", ""client-004"", ""client-005"", ""client-007""]","[""client-005""]","{""client-000"": 3.7546383175925304, ""client-001"": 7.509276635185061, ""client-002"": 5.586406662161547, ""client-003"": 6.445054153564233, ""client-004"": 2.7932033310807736, ""client-005"": 4.4141461492272684, ""client-007"": 8.37960999324232}"
sensorscope,30003,raven_sag,18,"[""client-004"", ""client-005"", ""client-007""]","[""client-001"", ""client-002"", ""client-003"", ""client-004"", ""client-005"", ""client-007""]","[""client-004"", ""client-005"", ""client-007""]","{""client-001"": 7.506164130831393, ""client-002"": 7.506164130831393, ""client-003"": 3.181068767576919, ""client-004"": 2.7279038023086386, ""client-005"": 3.181068767576919, ""client-007"": 3.181068767576919}"
sensorscope,30003,raven_sag,19,"[""client-002"", ""client-003"", ""client-006""]","[""client-001"", ""client-002"", ""client-003"", ""client-004"", ""client-005"", ""client-006""]","[""client-002"", ""client-003"", ""client-006""]","{""client-001"": 4.52709713704575, ""client-002"": 3.7773180475174346, ""client-003"": 3.1869246117578656, ""client-004"": 3.1869246117578656, ""client-005"": 7.554636095034869, ""client-006"": 5.444070269004556}"
sensorscope,30003,raven_sag,20,"[""client-000"", ""client-001"", ""client-003""]","[""client-000"", ""client-001"", ""client-003"", ""client-004"", ""client-005"", ""client-007""]","[""client-000"", ""client-001"", ""client-003""]","{""client-000"": 6.419260403957823, ""client-001"": 7.654571190959365, ""client-003"": 2.726909243729584, ""client-004"": 3.2096302019789116, ""client-005"": 2.726909243729584, ""client-007"": 6.419260403957823}"
sensorscope,30003,raven_sag,21,"[""client-000"", ""client-001"", ""client-005"", ""client-007""]","[""client-000"", ""client-001"", ""client-002"", ""client-003"", ""client-004"", ""client-005"", ""client-007""]","[""client-000"", ""client-001"", ""client-005"", ""client-007""]","{""client-000"": 2.743459227505963, ""client-001"": 2.743459227505963, ""client-002"": 5.486918455011926, ""client-003"": 5.486918455011926, ""client-004"": 2.743459227505963, ""client-005"": 5.486918455011926, ""client-007"": 5.486918455011926}"
sensorscope,30003,raven_sag,22,"[""client-000"", ""client-001"", ""client-002"", ""client-006"", ""client-007""]","[""client-000"", ""client-001"", ""client-002"", ""client-004"", ""client-005"", ""client-006"", ""client-007""]","[""client-000"", ""client-001"", ""client-002"", ""client-006"", ""client-007""]","{""client-000"": 3.234565674694886, ""client-001"": 6.469131349389772, ""client-002"": 6.469131349389772, ""client-004"": 3.8427233018694977, ""client-005"": 2.756514167678864, ""client-006"": 3.234565674694886, ""client-007"": 3.234565674694886}"
sensorscope,30003,raven_sag,23,"[""client-000"", ""client-002"", ""client-004"", ""client-005""]","[""client-000"", ""client-002"", ""client-003"", ""client-004"", ""client-005"", ""client-007""]","[""client-000"", ""client-002"", ""client-004"", ""client-005""]","{""client-000"": 5.521626109692252, ""client-002"": 5.521626109692252, ""client-003"": 8.282439164538378, ""client-004"": 2.760813054846126, ""client-005"": 3.242489325868182, ""client-007"": 11.567789231444872}"
sensorscope,30003,raven_sag,24,"[""client-000"", ""client-002"", ""client-005""]","[""client-000"", ""client-001"", ""client-002"", ""client-005"", ""client-007""]","[""client-000"", ""client-002"", ""client-005""]","{""client-000"": 5.513194385872783, ""client-001"": 8.269791578809174, ""client-002"": 3.8457679452289293, ""client-005"": 5.513194385872783, ""client-007"": 4.622122487467907}"
sensorscope,30003,raven_sag,25,"[""client-000"", ""client-001"", ""client-003"", ""client-005"", ""client-006""]","[""client-000"", ""client-001"", ""client-002"", ""client-003"", ""client-004"", ""client-005"", ""client-006"", ""client-007""]","[""client-000"", ""client-001"", ""client-003"", ""client-005"", ""client-006""]","{""client-000"": 2.757824018523941, ""client-001"": 3.2388434034558853, ""client-002"": 6.477686806911771, ""client-003"": 3.851491237107399, ""client-004"": 5.515648037047882, ""client-005"": 9.716530210367656, ""client-006"": 2.757824018523941, ""client-007"": 6.477686806911771}"
sensorscope,30003,raven_sag,26,"[""client-000"", ""client-001""]","[""client-000"", ""client-001"", ""client-002"", ""client-003"", ""client-005""]","[""client-000"", ""client-001""]","{""client-000"": 5.478452199411704, ""client-001"": 8.217678299117555, ""client-002"": 6.428882608957441, ""client-003"": 5.478452199411704, ""client-005"": 2.739226099705852}"
sensorscope,30003,raven_sag,27,"[""client-001"", ""client-003""]","[""client-001"", ""client-002"", ""client-003"", ""client-005""]","[""client-001"", ""client-003""]","{""client-001"": 9.62301242831083, ""client-002"": 6.415341618873887, ""client-003"": 2.7279553371824603, ""client-005"": 4.603611132610736}"
sensorscope,30003,raven_sag,28,"[""client-002"", ""client-005"", ""client-006""]","[""client-001"", ""client-002"", ""client-003"", ""client-004"", ""client-005"", ""client-006"", ""client-007""]","[""client-002"", ""client-005"", ""client-006""]","{""client-001"": 3.888761491392786, ""client-002"": 2.7353024155613, ""client-003"": 3.2389450180820356, ""client-004"": 6.477890036164071, ""client-005"": 6.477890036164071, ""client-006"": 5.4706048311226, ""client-007"": 4.727176365100055}"
sensorscope,30003,raven_sag,29,"[""client-002"", ""client-003"", ""client-004"", ""client-005""]","[""client-001"", ""client-002"", ""client-003"", ""client-004"", ""client-005""]","[""client-002"", ""client-003"", ""client-004"", ""client-005""]","{""client-001"": 5.4890267075333465, ""client-002"": 3.249916594681674, ""client-003"": 9.749749784045022, ""client-004"": 3.249916594681674, ""client-005"": 3.249916594681674}"
sensorscope,30003,raven_sag,30,"[""client-005"", ""client-007""]","[""client-002"", ""client-004"", ""client-005"", ""client-006"", ""client-007""]","[""client-005"", ""client-007""]","{""client-002"": 6.515951944799631, ""client-004"": 2.7422620309932375, ""client-005"": 5.484524061986475, ""client-006"": 3.2579759723998154, ""client-007"": 3.2579759723998154}"
sensorscope,30003,raven_sag,31,"[""client-000"", ""client-001"", ""client-003"", ""client-005"", ""client-006"", ""client-007""]","[""client-000"", ""client-001"", ""client-002"", ""client-003"", ""client-004"", ""client-005"", ""client-006"", ""client-007""]","[""client-000"", ""client-001"", ""client-003"", ""client-005"", ""client-006"", ""client-007""]","{""client-000"": 2.770883090691326, ""client-001"": 5.541766181382652, ""client-002"": 9.78529153369154, ""client-003"": 5.541766181382652, ""client-004"": 4.89264576684577, ""client-005"": 5.541766181382652, ""client-006"": 6.60509101355706, ""client-007"": 3.30254550677853}"
sensorscope,30003,raven_sag,32,"[""client-003""]","[""client-003"", ""client-004"", ""client-006""]","[""client-003""]","{""client-003"": 3.268624827953827, ""client-004"": 13.074499311815307, ""client-006"": 9.80587448386148}"
sensorscope,30003,raven_sag,33,"[""client-003"", ""client-007""]","[""client-002"", ""client-003"", ""client-005"", ""client-006"", ""client-007""]","[""client-003"", ""client-007""]","{""client-002"": 3.2809555986337817, ""client-003"": 6.5619111972675634, ""client-005"": 3.2809555986337817, ""client-006"": 6.5619111972675634, ""client-007"": 3.2809555986337817}"
sensorscope,30003,raven_sag,34,"[""client-001""]","[""client-000"", ""client-001"", ""client-003"", ""client-004"", ""client-006"", ""client-007""]","[""client-001""]","{""client-000"": 3.97199534132704, ""client-001"": 2.7940225870034117, ""client-003"": 2.7940225870034117, ""client-004"": 3.97199534132704, ""client-006"": 6.6181497467317465, ""client-007"": 8.382067761010235}"
sensorscope,30003,raven_sag,35,"[""client-000"", ""client-002"", ""client-003"", ""client-004"", ""client-007""]","[""client-000"", ""client-001"", ""client-002"", ""client-003"", ""client-004"", ""client-006"", ""client-007""]","[""client-000"", ""client-002"", ""client-003"", ""client-004"", ""client-007""]","{""client-000"": 3.3264451666361747, ""client-001"": 9.979335499908524, ""client-002"": 9.979335499908524, ""client-003"": 2.8071476863205964, ""client-004"": 6.6528903332723495, ""client-006"": 9.711185774876464, ""client-007"": 2.8071476863205964}"
sensorscope,30003,raven_sag,36,"[""client-001"", ""client-002"", ""client-003"", ""client-004"", ""client-007""]","[""client-001"", ""client-002"", ""client-003"", ""client-004"", ""client-005"", ""client-007""]","[""client-001"", ""client-002"", ""client-003"", ""client-004"", ""client-007""]","{""client-001"": 5.555760785713839, ""client-002"": 3.282371323540964, ""client-003"": 2.7778803928569196, ""client-004"": 6.564742647081928, ""client-005"": 5.555760785713839, ""client-007"": 2.7778803928569196}"
sensorscope,30003,raven_sag,37,"[""client-000"", ""client-001"", ""client-003""]","[""client-000"", ""client-001"", ""client-002"", ""client-003"", ""client-004"", ""client-006""]","[""client-000"", ""client-001"", ""client-003""]","{""client-000"": 2.7889784097298387, ""client-001"": 5.577956819459677, ""client-002"": 2.7889784097298387, ""client-003"": 5.577956819459677, ""client-004"": 2.7889784097298387, ""client-006"": 5.577956819459677}"
sensorscope,30003,raven_sag,38,"[""client-004"", ""client-006"", ""client-007""]","[""client-000"", ""client-001"", ""client-002"", ""client-004"", ""client-005"", ""client-006"", ""client-007""]","[""client-004"", ""client-006"", ""client-007""]","{""client-000"": 2.7976279674112456, ""client-001"": 3.30700473631012, ""client-002"": 3.9607187637505983, ""client-004"": 5.595255934822491, ""client-005"": 2.7976279674112456, ""client-006"": 8.392883902233738, ""client-007"": 6.61400947262024}"
sensorscope,30003,raven_sag,39,"[""client-001"", ""client-003"", ""client-007""]","[""client-000"", ""client-001"", ""client-002"", ""client-003"", ""client-005"", ""client-006"", ""client-007""]","[""client-001"", ""client-003"", ""client-007""]","{""client-000"": 5.602886617534968, ""client-001"": 5.602886617534968, ""client-002"": 6.631207499096888, ""client-003"": 5.602886617534968, ""client-005"": 3.315603749548444, ""client-006"": 8.404329926302452, ""client-007"": 6.631207499096888}"
sensorscope,30003,raven_sag,40,"[""client-001"", ""client-002""]","[""client-000"", ""client-001"", ""client-002"", ""client-003"", ""client-005"", ""client-006"", ""client-007""]","[""client-001"", ""client-002""]","{""client-000"": 3.955667126987974, ""client-001"": 2.7756262145225135, ""client-002"": 6.581772596749991, ""client-003"": 6.581772596749991, ""client-005"": 2.7756262145225135, ""client-006"": 6.581772596749991, ""client-007"": 6.581772596749991}"
sensorscope,30003,raven_sag,41,[],"[""client-000"", ""client-002"", ""client-003"", ""client-004"", ""client-005"", ""client-006"", ""client-007""]",[],"{""client-000"": 7.887366092211285, ""client-002"": 4.803440701101087, ""client-003"": 3.9436830461056425, ""client-004"": 2.763274149209585, ""client-005"": 2.763274149209585, ""client-006"": 3.2782713224426554, ""client-007"": 6.556542644885311}"
sensorscope,30003,raven_sag,42,"[""client-000"", ""client-001"", ""client-004"", ""client-005"", ""client-007""]","[""client-000"", ""client-001"", ""client-002"", ""client-003"", ""client-004"", ""client-005"", ""client-006"", ""client-007""]","[""client-000"", ""client-001"", ""client-004"", ""client-005"", ""client-007""]","{""client-000"": 2.7709516345747405, ""client-001"": 3.274086094919709, ""client-002"": 9.822258284759126, ""client-003"": 9.822258284759126, ""client-004"": 3.274086094919709, ""client-005"": 2.7709516345747405, ""client-006"": 2.7709516345747405, ""client-007"": 3.274086094919709}"
sensorscope,30003,raven_sag,43,"[""client-002"", ""client-003"", ""client-006"", ""client-007""]","[""client-001"", ""client-002"", ""client-003"", ""client-004"", ""client-006"", ""client-007""]","[""client-002"", ""client-003"", ""client-006"", ""client-007""]","{""client-001"": 8.306619283506237, ""client-002"": 3.2548060579849247, ""client-003"": 5.5377461890041575, ""client-004"": 6.5096121159698495, ""client-006"": 3.2548060579849247, ""client-007"": 2.7688730945020787}"
sensorscope,30003,raven_sag,44,"[""client-000"", ""client-004"", ""client-006""]","[""client-000"", ""client-001"", ""client-003"", ""client-004"", ""client-005"", ""client-006""]","[""client-000"", ""client-004"", ""client-006""]","{""client-000"": 6.519250222047716, ""client-001"": 5.536206441574665, ""client-003"": 5.536206441574665, ""client-004"": 6.519250222047716, ""client-005"": 2.7681032207873324, ""client-006"": 6.519250222047716}"
sensorscope,30003,raven_sag,45,[],"[""client-000"", ""client-001"", ""client-002"", ""client-003"", ""client-004"", ""client-006"", ""client-007""]",[],"{""client-000"": 3.8861492258032277, ""client-001"": 3.2554566233900366, ""client-002"": 9.76636987017011, ""client-003"": 2.7625854320052445, ""client-004"": 3.8861492258032277, ""client-006"": 2.7625854320052445, ""client-007"": 9.386404391217669}"
sensorscope,30003,raven_sag,46,"[""client-000"", ""client-005""]","[""client-000"", ""client-001"", ""client-003"", ""client-005""]","[""client-000"", ""client-005""]","{""client-000"": 5.527114451029464, ""client-001"": 9.358437335613488, ""client-003"": 3.2534343203922256, ""client-005"": 2.763557225514732}"
sensorscope,30003,raven_sag,47,"[""client-000"", ""client-004""]","[""client-000"", ""client-001"", ""client-003"", ""client-004"", ""client-007""]","[""client-000"", ""client-004""]","{""client-000"": 6.530069461830594, ""client-001"": 6.530069461830594, ""client-003"": 5.56006339609947, ""client-004"": 6.530069461830594, ""client-007"": 9.795104192745892}"
sensorscope,30003,raven_sag,48,"[""client-001"", ""client-003"", ""client-007""]","[""client-000"", ""client-001"", ""client-003"", ""client-007""]","[""client-001"", ""client-003"", ""client-007""]","{""client-000"": 2.7832524659802806, ""client-001"": 6.540457171803802, ""client-003"": 6.540457171803802, ""client-007"": 5.566504931960561}"
sensorscope,30003,raven_sag,49,"[""client-002"", ""client-004""]","[""client-001"", ""client-002"", ""client-003"", ""client-004"", ""client-005"", ""client-006"", ""client-007""]","[""client-002"", ""client-004""]","{""client-001"": 4.729361855292538, ""client-002"": 6.5724165906352985, ""client-003"": 3.2862082953176492, ""client-004"": 6.5724165906352985, ""client-005"": 3.2862082953176492, ""client-006"": 6.5724165906352985, ""client-007"": 6.5724165906352985}"
sensorscope,30003,raven_sag,50,"[""client-000"", ""client-002"", ""client-005""]","[""client-000"", ""client-002"", ""client-003"", ""client-004"", ""client-005"", ""client-006"", ""client-007""]","[""client-000"", ""client-002"", ""client-005""]","{""client-000"": 11.114096731671257, ""client-002"": 3.2812876825386583, ""client-003"": 5.5570483658356284, ""client-004"": 3.2812876825386583, ""client-005"": 3.2812876825386583, ""client-006"": 9.843863047615976, ""client-007"": 4.753363421487866}"
sensorscope,30003,raven_sag,51,"[""client-000"", ""client-001"", ""client-002"", ""client-003"", ""client-005"", ""client-007""]","[""client-000"", ""client-001"", ""client-002"", ""client-003"", ""client-004"", ""client-005"", ""client-006"", ""client-007""]","[""client-000"", ""client-001"", ""client-002"", ""client-003"", ""client-005"", ""client-007""]","{""client-000"": 9.553086203243971, ""client-001"": 2.7515325757288016, ""client-002"": 11.006130302915206, ""client-003"": 3.262786754244545, ""client-004"": 6.52557350848909, ""client-005"": 3.262786754244545, ""client-006"": 2.7515325757288016, ""client-007"": 9.788360262733635}"
sensorscope,30003,raven_sag,52,"[""client-000"", ""client-002"", ""client-007""]","[""client-000"", ""client-001"", ""client-002"", ""client-003"", ""client-004"", ""client-006"", ""client-007""]","[""client-000"", ""client-002"", ""client-007""]","{""client-000"": 5.453188592311875, ""client-001"": 6.46297205500343, ""client-002"": 2.7265942961559375, ""client-003"": 3.231486027501715, ""client-004"": 7.768036998641462, ""client-006"": 6.46297205500343, ""client-007"": 5.453188592311875}"
sensorscope,30003,raven_sag,53,[],"[""client-001"", ""client-002"", ""client-003"", ""client-004"", ""client-005"", ""client-007""]",[],"{""client-001"": 2.716523562790779, ""client-002"": 5.433047125581558, ""client-003"": 8.149570688372336, ""client-004"": 6.432790695895521, ""client-005"": 6.432790695895521, ""client-007"": 5.433047125581558}"
sensorscope,30003,raven_sag,54,[],"[""client-001"", ""client-003"", ""client-004"", ""client-005"", ""client-006"", ""client-007""]",[],"{""client-001"": 4.696220880595259, ""client-003"": 2.709344345283905, ""client-004"": 8.128033035851715, ""client-005"": 2.709344345283905, ""client-006"": 2.709344345283905, ""client-007"": 4.696220880595259}"
sensorscope,30003,raven_sag,55,"[""client-000"", ""client-005""]","[""client-000"", ""client-003"", ""client-005""]","[""client-000"", ""client-005""]","{""client-000"": 5.436097264135675, ""client-003"": 6.441151751312737, ""client-005"": 3.870091758469121}"
sensorscope,30003,raven_sag,56,"[""client-001"", ""client-003"", ""client-007""]","[""client-001"", ""client-002"", ""client-003"", ""client-004"", ""client-005"", ""client-006"", ""client-007""]","[""client-001"", ""client-003"", ""client-007""]","{""client-001"": 3.243500192570224, ""client-002"": 5.457539112310899, ""client-003"": 2.7287695561554495, ""client-004"": 9.730500577710671, ""client-005"": 2.7287695561554495, ""client-006"": 2.7287695561554495, ""client-007"": 2.7287695561554495}"
sensorscope,30003,raven_sag,57,"[""client-003"", ""client-006""]","[""client-000"", ""client-001"", ""client-003"", ""client-004"", ""client-005"", ""client-006""]","[""client-003"", ""client-006""]","{""client-000"": 2.7344686657994925, ""client-001"": 5.468937331598985, ""client-003"": 2.7344686657994925, ""client-004"": 3.252108056711027, ""client-005"": 3.924233109028129, ""client-006"": 5.468937331598985}"
sensorscope,30003,raven_sag,58,"[""client-002"", ""client-004"", ""client-006""]","[""client-001"", ""client-002"", ""client-003"", ""client-004"", ""client-005"", ""client-006""]","[""client-002"", ""client-004"", ""client-006""]","{""client-001"": 9.795004282202395, ""client-002"": 5.489397127772092, ""client-003"": 5.489397127772092, ""client-004"": 2.744698563886046, ""client-005"": 6.530002854801596, ""client-006"": 2.744698563886046}"
sensorscope,30003,raven_sag,59,"[""client-000"", ""client-002"", ""client-003"", ""client-005"", ""client-006""]","[""client-000"", ""client-001"", ""client-002"", ""client-003"", ""client-005"", ""client-006"", ""client-007""]","[""client-000"", ""client-002"", ""client-003"", ""client-005"", ""client-006""]","{""client-000"": 3.9480248906322557, ""client-001"": 5.474059602067387, ""client-002"": 3.2629200359750503, ""client-003"": 5.474059602067387, ""client-005"": 9.788760107925151, ""client-006"": 6.525840071950101, ""client-007"": 9.788760107925151}"
sensorscope,30003,raven_sag,60,"[""client-002"", ""client-003"", ""client-004"", ""client-007""]","[""client-000"", ""client-001"", ""client-002"", ""client-003"", ""client-004"", ""client-005"", ""client-007""]","[""client-002"", ""client-003"", ""client-004"", ""client-007""]","{""client-000"": 4.857732042089947, ""client-001"": 8.16334719597673, ""client-002"": 3.9477550832643202, ""client-003"": 3.2524270571688505, ""client-004"": 8.16334719597673, ""client-005"": 6.504854114337701, ""client-007"": 9.757281171506552}"
sensorscope,30003,raven_sag,61,"[""client-001"", ""client-003"", ""client-004""]","[""client-000"", ""client-001"", ""client-003"", ""client-004"", ""client-006"", ""client-007""]","[""client-001"", ""client-003"", ""client-004""]","{""client-000"": 6.457172115017291, ""client-001"": 3.2285860575086454, ""client-003"": 5.391096972345942, ""client-004"": 9.685758172525937, ""client-006"": 5.391096972345942, ""client-007"": 3.2285860575086454}"
sensorscope,30003,raven_sag,62,"[""client-000"", ""client-001"", ""client-005""]","[""client-000"", ""client-001"", ""client-002"", ""client-004"", ""client-005"", ""client-006""]","[""client-000"", ""client-001"", ""client-005""]","{""client-000"": 3.221373785818229, ""client-001"": 3.221373785818229, ""client-002"": 2.680030985603188, ""client-004"": 2.680030985603188, ""client-005"": 5.360061971206376, ""client-006"": 8.040092956809563}"
sensorscope,30003,raven_sag,63,"[""client-004"", ""client-005"", ""client-006""]","[""client-001"", ""client-002"", ""client-004"", ""client-005"", ""client-006"", ""client-007""]","[""client-004"", ""client-005"", ""client-006""]","{""client-001"": 3.23076576339867, ""client-002"": 6.46153152679734, ""client-004"": 2.6791421329038405, ""client-005"": 9.874391244790267, ""client-006"": 5.358284265807681, ""client-007"": 3.963606113882575}"
sensorscope,30003,raven_sag,64,"[""client-003""]","[""client-000"", ""client-001"", ""client-002"", ""client-003"", ""client-004"", ""client-005"", ""client-006""]","[""client-003""]","{""client-000"": 3.234808666681272, ""client-001"": 3.968480724465002, ""client-002"": 2.682466635377544, ""client-003"": 4.943012188424186, ""client-004"": 3.968480724465002, ""client-005"": 2.682466635377544, ""client-006"": 2.682466635377544}"
sensorscope,30003,raven_sag,65,"[""client-004""]","[""client-002"", ""client-004"", ""client-005"", ""client-006""]","[""client-004""]","{""client-002"": 6.481877647590538, ""client-004"": 3.240938823795269, ""client-005"": 9.722816471385809, ""client-006"": 8.074225973272311}"
sensorscope,30003,raven_sag,66,"[""client-000"", ""client-001"", ""client-003"", ""client-005"", ""client-007""]","[""client-000"", ""client-001"", ""client-002"", ""client-003"", ""client-004"", ""client-005"", ""client-007""]","[""client-000"", ""client-001"", ""client-003"", ""client-005"", ""client-007""]","{""client-000"": 3.250771099370205, ""client-001"": 9.86959276879891, ""client-002"": 11.927873982937598, ""client-003"": 6.50154219874041, ""client-004"": 3.250771099370205, ""client-005"": 3.250771099370205, ""client-007"": 6.50154219874041}"
sensorscope,30003,raven_sag,67,"[""client-002"", ""client-003"", ""client-007""]","[""client-000"", ""client-001"", ""client-002"", ""client-003"", ""client-004"", ""client-005"", ""client-007""]","[""client-002"", ""client-003"", ""client-007""]","{""client-000"": 9.742436813725966, ""client-001"": 3.2325462569923697, ""client-002"": 2.6954182819552113, ""client-003"": 9.69763877097711, ""client-004"": 2.6954182819552113, ""client-005"": 3.9398425407225326, ""client-007"": 3.2325462569923697}"
sensorscope,30003,raven_sag,68,"[""client-001"", ""client-002"", ""client-004"", ""client-007""]","[""client-001"", ""client-002"", ""client-004"", ""client-006"", ""client-007""]","[""client-001"", ""client-002"", ""client-004"", ""client-007""]","{""client-001"": 6.449319979963494, ""client-002"": 5.3982965214108845, ""client-004"": 6.449319979963494, ""client-006"": 4.813540667150047, ""client-007"": 3.224659989981747}"
sensorscope,30003,raven_sag,69,"[""client-003"", ""client-005"", ""client-007""]","[""client-003"", ""client-005"", ""client-006"", ""client-007""]","[""client-003"", ""client-005"", ""client-007""]","{""client-003"": 5.432714933022589, ""client-005"": 3.233025594502387, ""client-006"": 2.7163574665112944, ""client-007"": 9.559544207536621}"
sensorscope,30003,raven_sag,70,"[""client-001"", ""client-003"", ""client-006""]","[""client-000"", ""client-001"", ""client-003"", ""client-004"", ""client-006"", ""client-007""]","[""client-001"", ""client-003"", ""client-006""]","{""client-000"": 8.207527763008578, ""client-001"": 5.4716851753390525, ""client-003"": 9.760000486414095, ""client-004"": 4.797132385214747, ""client-006"": 8.207527763008578, ""client-007"": 2.7358425876695263}"
sensorscope,30003,raven_sag,71,"[""client-001"", ""client-002"", ""client-005"", ""client-007""]","[""client-000"", ""client-001"", ""client-002"", ""client-003"", ""client-005"", ""client-007""]","[""client-001"", ""client-002"", ""client-005"", ""client-007""]","{""client-000"": 6.480759654327674, ""client-001"": 9.72113948149151, ""client-002"": 2.7337413902365526, ""client-003"": 2.7337413902365526, ""client-005"": 2.7337413902365526, ""client-007"": 9.72113948149151}"
sensorscope,30003,raven_sag,72,"[""client-000"", ""client-001"", ""client-002"", ""client-004"", ""client-005""]","[""client-000"", ""client-001"", ""client-002"", ""client-003"", ""client-004"", ""client-005"", ""client-006""]","[""client-000"", ""client-001"", ""client-002"", ""client-004"", ""client-005""]","{""client-000"": 2.736569540924673, ""client-001"": 3.2386062787332706, ""client-002"": 7.771560485295187, ""client-003"": 7.771560485295187, ""client-004"": 5.473139081849346, ""client-005"": 2.736569540924673, ""client-006"": 5.473139081849346}"
sensorscope,30003,raven_sag,73,"[""client-002"", ""client-003""]","[""client-000"", ""client-001"", ""client-002"", ""client-003"", ""client-004"", ""client-005"", ""client-006""]","[""client-002"", ""client-003""]","{""client-000"": 6.458943683327756, ""client-001"": 5.472191277886407, ""client-002"": 9.688415524991633, ""client-003"": 2.7360956389432034, ""client-004"": 6.458943683327756, ""client-005"": 5.472191277886407, ""client-006"": 6.458943683327756}"
sensorscope,30003,raven_sag,74,"[""client-000"", ""client-001"", ""client-004"", ""client-007""]","[""client-000"", ""client-001"", ""client-002"", ""client-004"", ""client-006"", ""client-007""]","[""client-000"", ""client-001"", ""client-004"", ""client-007""]","{""client-000"": 2.7295648034497724, ""client-001"": 8.188694410349317, ""client-002"": 6.430523983181248, ""client-004"": 9.645785974771872, ""client-006"": 5.459129606899545, ""client-007"": 3.8373528887716937}"
sensorscope,30003,raven_sag,75,"[""client-007""]","[""client-000"", ""client-003"", ""client-004"", ""client-005"", ""client-006"", ""client-007""]","[""client-007""]","{""client-000"": 9.630587200578889, ""client-003"": 5.4564993211465875, ""client-004"": 6.420391467052593, ""client-005"": 3.2101957335262963, ""client-006"": 8.184748981719881, ""client-007"": 5.4564993211465875}"
sensorscope,30003,raven_sag,76,"[""client-002""]","[""client-002"", ""client-003""]","[""client-002""]","{""client-002"": 2.7228434094198257, ""client-003"": 9.61306190372715}"
sensorscope,30003,raven_sag,77,"[""client-003"", ""client-005""]","[""client-002"", ""client-003"", ""client-004"", ""client-005""]","[""client-003"", ""client-005""]","{""client-002"": 3.2225502882909307, ""client-003"": 5.453539075189367, ""client-004"": 2.7267695375946834, ""client-005"": 5.453539075189367}"
sensorscope,30003,raven_sag,78,"[""client-000"", ""client-006""]","[""client-000"", ""client-001"", ""client-002"", ""client-003"", ""client-006"", ""client-007""]","[""client-000"", ""client-006""]","{""client-000"": 9.730461032069224, ""client-001"": 8.202898249441185, ""client-002"": 3.243487010689741, ""client-003"": 2.734299416480395, ""client-006"": 3.243487010689741, ""client-007"": 2.734299416480395}"
sensorscope,30003,raven_sag,79,[],"[""client-000"", ""client-001"", ""client-002"", ""client-003"", ""client-004"", ""client-005"", ""client-006"", ""client-007""]",[],"{""client-000"": 5.468526492525026, ""client-001"": 3.9130339583937643, ""client-002"": 3.247658276775388, ""client-003"": 3.9130339583937643, ""client-004"": 6.495316553550776, ""client-005"": 6.495316553550776, ""client-006"": 6.495316553550776, ""client-007"": 4.775381218060149}"
sensorscope,30003,raven_sag,80,"[""client-001"", ""client-003"", ""client-005"", ""client-006""]","[""client-001"", ""client-003"", ""client-005"", ""client-006"", ""client-007""]","[""client-001"", ""client-003"", ""client-005"", ""client-006""]","{""client-001"": 3.2404026598093925, ""client-003"": 9.721207979428177, ""client-005"": 5.457979538116053, ""client-006"": 2.7289897690580265, ""client-007"": 5.457979538116053}"
sensorscope,30003,raven_sag,81,"[""client-000"", ""client-002""]","[""client-000"", ""client-002"", ""client-005"", ""client-006"", ""client-007""]","[""client-000"", ""client-002""]","{""client-000"": 6.490909175775819, ""client-002"": 5.4629521994756125, ""client-005"": 5.4629521994756125, ""client-006"": 6.490909175775819, ""client-007"": 3.9120045647932247}"
sensorscope,30003,raven_sag,82,"[""client-002"", ""client-003"", ""client-004"", ""client-005""]","[""client-000"", ""client-001"", ""client-002"", ""client-003"", ""client-004"", ""client-005""]","[""client-002"", ""client-003"", ""client-004"", ""client-005""]","{""client-000"": 14.412155716368005, ""client-001"": 6.501328260169186, ""client-002"": 3.250664130084593, ""client-003"": 5.4623647111732945, ""client-004"": 3.250664130084593, ""client-005"": 4.804051905456002}"
sensorscope,30003,raven_sag,83,"[""client-000"", ""client-002"", ""client-006""]","[""client-000"", ""client-002"", ""client-003"", ""client-006""]","[""client-000"", ""client-002"", ""client-006""]","{""client-000"": 5.454881992503128, ""client-002"": 2.727440996251564, ""client-003"": 4.76375885197228, ""client-006"": 3.2394570869098325}"
sensorscope,30003,raven_sag,84,[],"[""client-002"", ""client-003"", ""client-005"", ""client-006"", ""client-007""]",[],"{""client-002"": 9.775336429170416, ""client-003"": 3.258445476390139, ""client-005"": 3.258445476390139, ""client-006"": 2.7389635325970683, ""client-007"": 6.516890952780278}"
sensorscope,30003,raven_sag,85,"[""client-003"", ""client-004"", ""client-005""]","[""client-001"", ""client-003"", ""client-004"", ""client-005"", ""client-006"", ""client-007""]","[""client-003"", ""client-004"", ""client-005""]","{""client-001"": 3.270682185765903, ""client-003"": 5.488638439454547, ""client-004"": 2.7443192197272737, ""client-005"": 3.270682185765903, ""client-006"": 3.955879594997964, ""client-007"": 4.847841073883378}"
sensorscope,30003,raven_sag,86,"[""client-004"", ""client-006""]","[""client-000"", ""client-004"", ""client-006"", ""client-007""]","[""client-004"", ""client-006""]","{""client-000"": 3.2801039444483298, ""client-004"": 3.2801039444483298, ""client-006"": 2.744928513590358, ""client-007"": 2.744928513590358}"
sensorscope,30003,raven_sag,87,"[""client-005""]","[""client-000"", ""client-001"", ""client-002"", ""client-003"", ""client-004"", ""client-005"", ""client-006"", ""client-007""]","[""client-005""]","{""client-000"": 5.512055051564923, ""client-001"": 5.512055051564923, ""client-002"": 9.898075864742385, ""client-003"": 9.901962086333711, ""client-004"": 3.3006540287779034, ""client-005"": 5.512055051564923, ""client-006"": 4.0141947563000215, ""client-007"": 9.901962086333711}"
sensorscope,30003,raven_sag,88,"[""client-005"", ""client-007""]","[""client-000"", ""client-001"", ""client-002"", ""client-003"", ""client-004"", ""client-005"", ""client-006"", ""client-007""]","[""client-005"", ""client-007""]","{""client-000"": 2.7471406805066336, ""client-001"": 5.494281361013267, ""client-002"": 2.7471406805066336, ""client-003"": 2.7471406805066336, ""client-004"": 6.563671740537681, ""client-005"": 9.845507610806521, ""client-006"": 2.7471406805066336, ""client-007"": 5.494281361013267}"
sensorscope,30003,raven_sag,89,"[""client-000"", ""client-001"", ""client-002"", ""client-003""]","[""client-000"", ""client-001"", ""client-002"", ""client-003"", ""client-006""]","[""client-000"", ""client-001"", ""client-002"", ""client-003""]","{""client-000"": 2.7432770459903733, ""client-001"": 2.7432770459903733, ""client-002"": 8.22983113797112, ""client-003"": 9.81402538819621, ""client-006"": 11.878095824905563}"
sensorscope,30003,raven_sag,90,"[""client-000"", ""client-001"", ""client-002""]","[""client-000"", ""client-001"", ""client-002"", ""client-003"", ""client-005"", ""client-006"", ""client-007""]","[""client-000"", ""client-001"", ""client-002""]","{""client-000"": 3.264448118255213, ""client-001"": 6.528896236510426, ""client-002"": 2.7407584053414977, ""client-003"": 3.945684630638696, ""client-005"": 3.264448118255213, ""client-006"": 6.528896236510426, ""client-007"": 4.8318643175039115}"
sensorscope,30003,raven_sag,91,"[""client-002"", ""client-006"", ""client-007""]","[""client-001"", ""client-002"", ""client-003"", ""client-005"", ""client-006"", ""client-007""]","[""client-002"", ""client-006"", ""client-007""]","{""client-001"": 8.240860862050226, ""client-002"": 6.532821807307897, ""client-003"": 3.9403289952208698, ""client-005"": 5.493907241366818, ""client-006"": 9.799232710961846, ""client-007"": 2.746953620683409}"
sensorscope,30003,raven_sag,92,"[""client-001"", ""client-006"", ""client-007""]","[""client-000"", ""client-001"", ""client-002"", ""client-004"", ""client-005"", ""client-006"", ""client-007""]","[""client-001"", ""client-006"", ""client-007""]","{""client-000"": 3.26145619665701, ""client-001"": 3.26145619665701, ""client-002"": 5.489767003010165, ""client-004"": 4.798670881639636, ""client-005"": 5.489767003010165, ""client-006"": 2.7448835015050825, ""client-007"": 5.489767003010165}"
sensorscope,30003,raven_sag,93,"[""client-000"", ""client-004""]","[""client-000"", ""client-001"", ""client-003"", ""client-004"", ""client-005"", ""client-006"", ""client-007""]","[""client-000"", ""client-004""]","{""client-000"": 2.744460034161056, ""client-001"": 5.488920068322112, ""client-003"": 2.744460034161056, ""client-004"": 2.744460034161056, ""client-005"": 2.744460034161056, ""client-006"": 2.744460034161056, ""client-007"": 3.262732155765441}"
sensorscope,30003,raven_sag,94,[],"[""client-000"", ""client-002"", ""client-003"", ""client-005"", ""client-006"", ""client-007""]",[],"{""client-000"": 5.4982711813739655, ""client-002"": 6.542010770225633, ""client-003"": 3.9485795650557827, ""client-005"": 9.813016155338449, ""client-006"": 3.2710053851128165, ""client-007"": 7.897159130111565}"
sensorscope,30003,raven_sag,95,"[""client-000"", ""client-004""]","[""client-000"", ""client-003"", ""client-004"", ""client-005"", ""client-006""]","[""client-000"", ""client-004""]","{""client-000"": 5.502486407126709, ""client-003"": 5.502486407126709, ""client-004"": 3.268671435748888, ""client-005"": 5.502486407126709, ""client-006"": 5.502486407126709}"
sensorscope,30003,raven_sag,96,"[""client-000"", ""client-001"", ""client-002"", ""client-005""]","[""client-000"", ""client-001"", ""client-002"", ""client-003"", ""client-005"", ""client-006""]","[""client-000"", ""client-001"", ""client-002"", ""client-005""]","{""client-000"": 5.513552912720969, ""client-001"": 5.513552912720969, ""client-002"": 8.270329369081454, ""client-003"": 6.543049887453449, ""client-005"": 8.270329369081454, ""client-006"": 5.513552912720969}"
sensorscope,30003,raven_sag,97,"[""client-000"", ""client-001"", ""client-002"", ""client-005"", ""client-007""]","[""client-000"", ""client-001"", ""client-002"", ""client-003"", ""client-005"", ""client-007""]","[""client-000"", ""client-001"", ""client-002"", ""client-005"", ""client-007""]","{""client-000"": 2.748937278093218, ""client-001"": 8.246811834279654, ""client-002"": 6.528759615176054, ""client-003"": 3.264379807588027, ""client-005"": 9.793139422764082, ""client-007"": 3.931732302374253}"
sensorscope,30003,raven_sag,98,"[""client-000"", ""client-004""]","[""client-000"", ""client-001"", ""client-002"", ""client-003"", ""client-004"", ""client-005""]","[""client-000"", ""client-004""]","{""client-000"": 4.8031200415232, ""client-001"": 5.489140604388789, ""client-002"": 3.2620680274017038, ""client-003"": 2.7445703021943944, ""client-004"": 3.2620680274017038, ""client-005"": 2.7445703021943944}"
sensorscope,30003,raven_sag,99,"[""client-001"", ""client-007""]","[""client-000"", ""client-001"", ""client-002"", ""client-003"", ""client-004"", ""client-005"", ""client-006"", ""client-007""]","[""client-001"", ""client-007""]","{""client-000"": 3.268945284078368, ""client-001"": 6.537890568156736, ""client-002"": 3.268945284078368, ""client-003"": 3.268945284078368, ""client-004"": 5.494792724956225, ""client-005"": 9.806835852235103, ""client-006"": 2.7473963624781126, ""client-007"": 2.7473963624781126}"
uair,30001,raven,0,"[""client-000"", ""client-001"", ""client-004"", ""client-006"", ""client-007""]","[""client-000"", ""client-001"", ""client-003"", ""client-004"", ""client-006"", ""client-007""]","[""client-000"", ""client-001"", ""client-004"", ""client-005"", ""client-006"", ""client-007""]","{""client-000"": 6.472980109988373, ""client-001"": 1.0788300183313955, ""client-003"": 6.472980109988373, ""client-004"": 5.1783840879906995, ""client-006"": 0.8630640146651165, ""client-007"": 5.1783840879906995}"
uair,30001,raven,1,"[""client-003"", ""client-007""]","[""client-001"", ""client-002"", ""client-003"", ""client-007""]","[""client-003"", ""client-004"", ""client-007""]","{""client-001"": 18.868565125750273, ""client-002"": 0.8485680787321139, ""client-003"": 10.386963464933357, ""client-007"": 0.6788544629856913}"
uair,30001,raven,2,"[""client-000"", ""client-007""]","[""client-000"", ""client-002"", ""client-005"", ""client-007""]","[""client-000"", ""client-006"", ""client-007""]","{""client-000"": 1.80257376054672, ""client-002"": 1.80257376054672, ""client-005"": 13.580178766726847, ""client-007"": 1.4420590084373763}"
uair,30001,raven,3,"[""client-000"", ""client-002"", ""client-007""]","[""client-000"", ""client-001"", ""client-002"", ""client-004"", ""client-006"", ""client-007""]","[""client-000"", ""client-002"", ""client-003"", ""client-007""]","{""client-000"": 4.884025134367535, ""client-001"": 4.748392293531188, ""client-002"": 9.496784587062375, ""client-004"": 3.7987138348249507, ""client-006"": 3.610047171940442, ""client-007"": 1.26623794494165}"
uair,30001,raven,4,"[""client-005""]","[""client-000"", ""client-003"", ""client-004"", ""client-005"", ""client-007""]","[""client-005"", ""client-006""]","{""client-000"": 12.955747501243687, ""client-003"": 0.7197637500690937, ""client-004"": 7.149523968414638, ""client-005"": 10.724285952621956, ""client-007"": 0.5758110000552751}"
uair,30001,raven,5,"[""client-001""]","[""client-001"", ""client-003""]","[""client-000"", ""client-001""]","{""client-001"": 0.6449109407564438, ""client-003"": 3.869465644538663}"
uair,30001,raven,6,[],"[""client-001"", ""client-002"", ""client-006"", ""client-007""]","[""client-000""]","{""client-001"": 9.326171305798404, ""client-002"": 1.3426401907931338, ""client-006"": 6.444672915807044, ""client-007"": 4.474975742045392}"
uair,30001,raven,7,"[""client-002"", ""client-004""]","[""client-000"", ""client-002"", ""client-004"", ""client-005""]","[""client-002"", ""client-004""]","{""client-000"": 7.897375956534962, ""client-002"": 11.846063934802443, ""client-004"": 0.5264917304356641, ""client-005"": 5.109107585388897}"
uair,30001,raven,8,"[""client-000"", ""client-002"", ""client-004""]","[""client-000"", ""client-002"", ""client-004"", ""client-005"", ""client-007""]","[""client-000"", ""client-002"", ""client-003"", ""client-004""]","{""client-000"": 3.914967486584072, ""client-002"": 14.588668333965412, ""client-004"": 0.5219956648778763, ""client-005"": 0.5219956648778763, ""client-007"": 40.0}"
uair,30001,raven,9,"[""client-000"", ""client-003"", ""client-005""]","[""client-000"", ""client-002"", ""client-003"", ""client-004"", ""client-005""]","[""client-000"", ""client-003"", ""client-005""]","{""client-000"": 14.397144394358595, ""client-002"": 20.0, ""client-003"": 14.397144394358595, ""client-004"": 0.5119304912793098, ""client-005"": 3.839238505162292}"
uair,30001,raven,10,"[""client-002"", ""client-004""]","[""client-001"", ""client-002"", ""client-003"", ""client-004"", ""client-006"", ""client-007""]","[""client-000"", ""client-002"", ""client-004""]","{""client-001"": 13.744142057034164, ""client-002"": 7.528387286445798, ""client-003"": 1.254731214407633, ""client-004"": 10.995313645627332, ""client-006"": 7.3302090970848885, ""client-007"": 6.022709829156639}"
uair,30001,raven,11,"[""client-000"", ""client-001"", ""client-002"", ""client-006""]","[""client-000"", ""client-001"", ""client-002"", ""client-006"", ""client-007""]","[""client-000"", ""client-001"", ""client-002"", ""client-006""]","{""client-000"": 0.6117705433404959, ""client-001"": 7.34124652008595, ""client-002"": 8.81369348262308, ""client-006"": 0.48941643467239676, ""client-007"": 5.872997216068762}"
uair,30001,raven,12,"[""client-000"", ""client-002"", ""client-004""]","[""client-000"", ""client-002"", ""client-004"", ""client-007""]","[""client-000"", ""client-002"", ""client-004"", ""client-005""]","{""client-000"": 0.5954447095130506, ""client-002"": 3.5726682570783037, ""client-004"": 1.4290673028313217, ""client-007"": 35.25696085675038}"
uair,30001,raven,13,"[""client-007""]","[""client-002"", ""client-005"", ""client-007""]","[""client-000"", ""client-004"", ""client-007""]","{""client-002"": 7.200597713232383, ""client-005"": 3.457092514577389, ""client-007"": 8.640717255878862}"
uair,30001,raven,14,[],"[""client-002"", ""client-003"", ""client-006""]","[""client-004""]","{""client-002"": 5.640725440061703, ""client-003"": 7.261483084079337, ""client-006"": 4.512580352049363}"
uair,30001,raven,15,"[""client-002"", ""client-003"", ""client-004"", ""client-005""]","[""client-000"", ""client-001"", ""client-002"", ""client-003"", ""client-004"", ""client-005"", ""client-007""]","[""client-002"", ""client-003"", ""client-004"", ""client-005""]","{""client-000"": 4.378261925342084, ""client-001"": 11.339118720890543, ""client-002"": 0.6114331603550739, ""client-003"": 3.668598962130444, ""client-004"": 7.005219080547335, ""client-005"": 5.869758339408711, ""client-007"": 14.799235958642864}"
uair,30001,raven,16,"[""client-001"", ""client-003""]","[""client-001"", ""client-003"", ""client-004"", ""client-005"", ""client-006""]","[""client-001"", ""client-003""]","{""client-001"": 7.443223931131114, ""client-003"": 13.068739443219584, ""client-004"": 3.4849971848585564, ""client-005"": 14.399284323537163, ""client-006"": 0.9924298574841487}"
uair,30001,raven,17,"[""client-001"", ""client-002""]","[""client-001"", ""client-002"", ""client-003"", ""client-005""]","[""client-001"", ""client-002"", ""client-004""]","{""client-001"": 1.236310739975932, ""client-002"": 8.561888612356059, ""client-003"": 7.417864439855593, ""client-005"": 3.4247554449424245}"
uair,30001,raven,18,"[""client-003"", ""client-005""]","[""client-002"", ""client-003"", ""client-005"", ""client-006"", ""client-007""]","[""client-001"", ""client-003"", ""client-005""]","{""client-002"": 4.981670788178027, ""client-003"": 11.086121498360285, ""client-005"": 13.676366978914917, ""client-006"": 0.98543302207647, ""client-007"": 10.165971264124124}"
uair,30001,raven,19,"[""client-002"", ""client-003""]","[""client-002"", ""client-003"", ""client-006""]","[""client-002"", ""client-003"", ""client-004"", ""client-007""]","{""client-002"": 7.29268624095183, ""client-003"": 0.6077238534126524, ""client-006"": 0.48617908273012206}"
uair,30001,raven,20,"[""client-002""]","[""client-000"", ""client-001"", ""client-002"", ""client-006""]","[""client-002"", ""client-004"", ""client-007""]","{""client-000"": 20.0, ""client-001"": 4.247948152855011, ""client-002"": 7.249144553653675, ""client-006"": 8.432203532244378}"
uair,30001,raven,21,"[""client-000"", ""client-003"", ""client-005"", ""client-006""]","[""client-000"", ""client-001"", ""client-002"", ""client-003"", ""client-005"", ""client-006""]","[""client-000"", ""client-003"", ""client-005"", ""client-006""]","{""client-000"": 1.2031865722930124, ""client-001"": 40.0, ""client-002"": 8.476056321449594, ""client-003"": 7.219119433758075, ""client-005"": 0.481274628917205, ""client-006"": 3.3904225285798377}"
uair,30001,raven,22,[],"[""client-003"", ""client-004"", ""client-007""]",[],"{""client-003"": 1.204974350884693, ""client-004"": 0.4819897403538773, ""client-007"": 0.9639794807077546}"
uair,30001,raven,23,"[""client-000""]","[""client-000"", ""client-001"", ""client-002"", ""client-005"", ""client-006"", ""client-007""]","[""client-000""]","{""client-000"": 7.394218581386855, ""client-001"": 0.6161848817822378, ""client-002"": 0.6161848817822378, ""client-005"": 0.9858958108515807, ""client-006"": 16.455652074407528, ""client-007"": 3.4220865390938395}"
uair,30001,raven,24,[],"[""client-001"", ""client-003"", ""client-007""]","[""client-000"", ""client-002""]","{""client-001"": 8.567616201943517, ""client-003"": 4.283808100971759, ""client-007"": 4.097514323620554}"
uair,30001,raven,25,"[""client-001""]","[""client-000"", ""client-001"", ""client-002""]","[""client-001"", ""client-005"", ""client-006""]","{""client-000"": 20.0, ""client-001"": 3.689184117470678, ""client-002"": 1.2297280391568925}"
uair,30001,raven,26,"[""client-000"", ""client-003"", ""client-004"", ""client-007""]","[""client-000"", ""client-001"", ""client-003"", ""client-004"", ""client-005"", ""client-006"", ""client-007""]","[""client-000"", ""client-003"", ""client-004"", ""client-007""]","{""client-000"": 4.2196227522334215, ""client-001"": 19.72992846547089, ""client-003"": 8.439245504466843, ""client-004"": 3.375698201786738, ""client-005"": 0.9842445646444787, ""client-006"": 13.584353034142774, ""client-007"": 8.85820108180031}"
uair,30001,raven,27,[],"[""client-001"", ""client-005"", ""client-007""]",[],"{""client-001"": 8.444415594622336, ""client-005"": 5.897317154773716, ""client-007"": 0.9828861924622859}"
uair,30001,raven,28,"[""client-002"", ""client-003"", ""client-005"", ""client-007""]","[""client-000"", ""client-002"", ""client-003"", ""client-004"", ""client-005"", ""client-007""]","[""client-002"", ""client-003"", ""client-005"", ""client-007""]","{""client-000"": 8.550520091647329, ""client-002"": 7.400932689852613, ""client-003"": 0.6167443908210511, ""client-004"": 2.960373075941046, ""client-005"": 0.49339551265684095, ""client-007"": 3.420208036658932}"
uair,30001,raven,29,"[""client-000"", ""client-002"", ""client-004"", ""client-007""]","[""client-000"", ""client-001"", ""client-002"", ""client-004"", ""client-005"", ""client-007""]","[""client-000"", ""client-002"", ""client-004"", ""client-006"", ""client-007""]","{""client-000"": 0.617988345369482, ""client-001"": 3.707930072216892, ""client-002"": 2.471953381477928, ""client-004"": 3.443268854939708, ""client-005"": 0.9887813525911714, ""client-007"": 6.886537709879416}"
uair,30001,raven,30,"[""client-006""]","[""client-003"", ""client-005"", ""client-006"", ""client-007""]","[""client-006""]","{""client-003"": 7.343773724928736, ""client-005"": 14.076655290856664, ""client-006"": 6.846482037358533, ""client-007"": 6.846482037358533}"
uair,30001,raven,31,"[""client-002"", ""client-004""]","[""client-002"", ""client-004""]","[""client-002"", ""client-004""]","{""client-002"": 4.269972559933283, ""client-004"": 3.415978047946627}"
uair,30001,raven,32,"[""client-002"", ""client-004""]","[""client-000"", ""client-001"", ""client-002"", ""client-003"", ""client-004"", ""client-007""]","[""client-002"", ""client-004"", ""client-005""]","{""client-000"": 4.308791511746991, ""client-001"": 0.6115718610142941, ""client-002"": 7.338862332171528, ""client-003"": 4.308791511746991, ""client-004"": 2.935544932868612, ""client-007"": 0.48925748881143527}"
uair,30001,raven,33,"[""client-004"", ""client-006""]","[""client-002"", ""client-003"", ""client-004"", ""client-006"", ""client-007""]","[""client-001"", ""client-004"", ""client-005"", ""client-006""]","{""client-002"": 20.0, ""client-003"": 3.676461459666129, ""client-004"": 0.9803897225776345, ""client-006"": 10.40572306864727, ""client-007"": 0.49019486128881723}"
uair,30001,raven,34,"[""client-000"", ""client-002"", ""client-003"", ""client-005""]","[""client-000"", ""client-001"", ""client-002"", ""client-003"", ""client-004"", ""client-005""]","[""client-000"", ""client-002"", ""client-003"", ""client-005""]","{""client-000"": 7.295101749361977, ""client-001"": 3.6475508746809884, ""client-002"": 8.599335905178455, ""client-003"": 20.0, ""client-004"": 4.325366362585417, ""client-005"": 3.4397343620713827}"
uair,30001,raven,35,[],"[""client-004""]","[""client-002""]","{""client-004"": 2.9093035124762605}"
uair,30001,raven,36,[],"[""client-000"", ""client-003"", ""client-005"", ""client-007""]","[""client-001"", ""client-002""]","{""client-000"": 7.326713197936615, ""client-003"": 4.331859473145869, ""client-005"": 11.722741116698586, ""client-007"": 2.9306852791746465}"
uair,30001,raven,37,"[""client-003""]","[""client-000"", ""client-001"", ""client-003"", ""client-004"", ""client-006""]","[""client-003""]","{""client-000"": 18.181541352571323, ""client-001"": 12.999611463055782, ""client-003"": 1.2177653088107063, ""client-004"": 4.4239924075613875, ""client-006"": 3.4665630568148758}"
uair,30001,raven,38,[],"[""client-005"", ""client-006"", ""client-007""]",[],"{""client-005"": 2.9183479670015244, ""client-006"": 3.47169749635916, ""client-007"": 2.9183479670015244}"
uair,30001,raven,39,"[""client-001"", ""client-002"", ""client-003"", ""client-006""]","[""client-001"", ""client-002"", ""client-003"", ""client-004"", ""client-005"", ""client-006"", ""client-007""]","[""client-001"", ""client-002"", ""client-003"", ""client-006""]","{""client-001"": 1.2190347386227058, ""client-002"": 4.350122650530247, ""client-003"": 8.700245301060495, ""client-004"": 0.4876138954490824, ""client-005"": 8.777050118083483, ""client-006"": 3.480098120424198, ""client-007"": 4.471592144599074}"
uair,30001,raven,40,"[""client-002""]","[""client-000"", ""client-001"", ""client-002"", ""client-005""]","[""client-002""]","{""client-000"": 0.6070904051982362, ""client-001"": 5.525862037164675, ""client-002"": 3.6425424311894172, ""client-005"": 2.9140339449515342}"
uair,30001,raven,41,[],"[""client-002"", ""client-003"", ""client-004"", ""client-007""]","[""client-006""]","{""client-002"": 8.673767162487954, ""client-003"": 3.655198178281303, ""client-004"": 2.924158542625043, ""client-007"": 2.924158542625043}"
uair,30001,raven,42,[],"[""client-000"", ""client-001"", ""client-003"", ""client-005""]","[""client-004""]","{""client-000"": 4.36697984881345, ""client-001"": 3.687921378574497, ""client-003"": 4.36697984881345, ""client-005"": 14.627909094517104}"
uair,30001,raven,43,"[""client-000""]","[""client-000"", ""client-003"", ""client-004"", ""client-005"", ""client-006""]","[""client-000""]","{""client-000"": 1.2352289379485264, ""client-003"": 18.255147454327705, ""client-004"": 0.4940915751794106, ""client-005"": 0.4940915751794106, ""client-006"": 8.827420479990066}"
uair,30001,raven,44,"[""client-000"", ""client-002"", ""client-006"", ""client-007""]","[""client-000"", ""client-002"", ""client-003"", ""client-004"", ""client-005"", ""client-006"", ""client-007""]","[""client-000"", ""client-001"", ""client-002"", ""client-006"", ""client-007""]","{""client-000"": 7.425044282261983, ""client-002"": 8.74838790371911, ""client-003"": 7.425044282261983, ""client-004"": 10.498065484462934, ""client-005"": 17.564221202647584, ""client-006"": 6.998710322975289, ""client-007"": 14.567111036192124}"
uair,30001,raven,45,"[""client-004"", ""client-007""]","[""client-003"", ""client-004"", ""client-005"", ""client-006"", ""client-007""]","[""client-004"", ""client-007""]","{""client-003"": 7.364953892097924, ""client-004"": 2.9459815568391705, ""client-005"": 3.429890203772731, ""client-006"": 3.429890203772731, ""client-007"": 2.9459815568391705}"
uair,30001,raven,46,"[""client-000"", ""client-002""]","[""client-000"", ""client-002"", ""client-003"", ""client-005"", ""client-007""]","[""client-000"", ""client-001"", ""client-002"", ""client-006""]","{""client-000"": 1.2381248456296456, ""client-002"": 0.6190624228148228, ""client-003"": 8.610670753066712, ""client-005"": 3.4442683012266855, ""client-007"": 5.9429992590223}"
uair,30001,raven,47,"[""client-003""]","[""client-000"", ""client-003""]","[""client-003"", ""client-007""]","{""client-000"": 8.601477132936513, ""client-003"": 7.442352964018814}"
uair,30001,raven,48,"[""client-001"", ""client-005"", ""client-007""]","[""client-000"", ""client-001"", ""client-003"", ""client-004"", ""client-005"", ""client-007""]","[""client-001"", ""client-005"", ""client-007""]","{""client-000"": 1.8661443836561764, ""client-001"": 8.6196053243291, ""client-003"": 8.6196053243291, ""client-004"": 3.4478421297316406, ""client-005"": 3.4478421297316406, ""client-007"": 2.9858310138498827}"
uair,30001,raven,49,"[""client-000"", ""client-005"", ""client-006""]","[""client-000"", ""client-001"", ""client-005"", ""client-006""]","[""client-000"", ""client-005"", ""client-006""]","{""client-000"": 0.6205717721244915, ""client-001"": 3.723430632746949, ""client-005"": 42.21620207956106, ""client-006"": 0.4964574176995933}"
uair,30001,raven,50,"[""client-002"", ""client-007""]","[""client-000"", ""client-002"", ""client-003"", ""client-004"", ""client-005"", ""client-007""]","[""client-002"", ""client-007""]","{""client-000"": 0.62270252373622, ""client-002"": 7.4724302848346404, ""client-003"": 12.973686812224319, ""client-004"": 33.28800717755095, ""client-005"": 0.49816201898897605, ""client-007"": 6.919299633186304}"
uair,30001,raven,51,"[""client-001"", ""client-006""]","[""client-000"", ""client-001"", ""client-004"", ""client-006""]","[""client-001"", ""client-005"", ""client-006""]","{""client-000"": 1.2452187803354744, ""client-001"": 8.620672922649646, ""client-004"": 5.977050145610279, ""client-006"": 12.350421896186985}"
uair,30001,raven,52,"[""client-002""]","[""client-002"", ""client-003"", ""client-004"", ""client-005""]","[""client-002"", ""client-006"", ""client-007""]","{""client-002"": 3.7160535895104645, ""client-003"": 1.2386845298368214, ""client-004"": 3.4138389473143578, ""client-005"": 13.805101603471947}"
uair,30001,raven,53,"[""client-004""]","[""client-000"", ""client-003"", ""client-004"", ""client-005"", ""client-006""]","[""client-002"", ""client-004""]","{""client-000"": 17.303653191840308, ""client-003"": 8.552672398063667, ""client-004"": 2.9774325891872415, ""client-005"": 13.842922553472246, ""client-006"": 3.421068959225467}"
uair,30001,raven,54,"[""client-001"", ""client-004"", ""client-006""]","[""client-000"", ""client-001"", ""client-004"", ""client-005"", ""client-006""]","[""client-001"", ""client-002"", ""client-004"", ""client-006""]","{""client-000"": 10.100673275666487, ""client-001"": 1.8634261932259184, ""client-004"": 8.94444572748441, ""client-005"": 0.9938273030538234, ""client-006"": 5.96296381832294}"
uair,30001,raven,55,"[""client-002"", ""client-004"", ""client-006""]","[""client-002"", ""client-003"", ""client-004"", ""client-006"", ""client-007""]","[""client-002"", ""client-004"", ""client-005"", ""client-006""]","{""client-002"": 0.6170582219967967, ""client-003"": 3.70234933198078, ""client-004"": 6.79213110394266, ""client-006"": 3.39606555197133, ""client-007"": 0.4936465775974374}"
uair,30001,raven,56,"[""client-003"", ""client-005""]","[""client-000"", ""client-002"", ""client-003"", ""client-005"", ""client-006"", ""client-007""]","[""client-001"", ""client-003"", ""client-005""]","{""client-000"": 4.997383282579793, ""client-002"": 1.2336541755321493, ""client-003"": 7.401925053192897, ""client-005"": 1.4803850106385794, ""client-006"": 15.991626504255336, ""client-007"": 0.4934616702128598}"
uair,30001,raven,57,"[""client-000"", ""client-002"", ""client-004""]","[""client-000"", ""client-002"", ""client-004"", ""client-006"", ""client-007""]","[""client-000"", ""client-001"", ""client-002"", ""client-004""]","{""client-000"": 12.69830315141396, ""client-002"": 8.465535434275973, ""client-004"": 3.38621417371039, ""client-006"": 15.982708390069975, ""client-007"": 10.15864252113117}"
uair,30001,raven,58,"[""client-004""]","[""client-001"", ""client-004"", ""client-005""]","[""client-003"", ""client-004""]","{""client-001"": 7.347320070828766, ""client-004"": 0.9796426761105022, ""client-005"": 0.9796426761105022}"
uair,30001,raven,59,"[""client-000"", ""client-001"", ""client-005""]","[""client-000"", ""client-001"", ""client-002"", ""client-004"", ""client-005"", ""client-007""]","[""client-000"", ""client-001"", ""client-005""]","{""client-000"": 7.316610792422612, ""client-001"": 4.211746449179525, ""client-002"": 12.635239347538576, ""client-004"": 6.738794318687241, ""client-005"": 0.9755481056563483, ""client-007"": 3.3693971593436207}"
uair,30001,raven,60,"[""client-000"", ""client-006""]","[""client-000"", ""client-001"", ""client-003"", ""client-005"", ""client-006""]","[""client-000"", ""client-006""]","{""client-000"": 3.624075175710735, ""client-001"": 4.178886131321038, ""client-003"": 4.178886131321038, ""client-005"": 3.3431089050568312, ""client-006"": 0.48321002342809805}"
uair,30001,raven,61,"[""client-001"", ""client-003"", ""client-004"", ""client-007""]","[""client-000"", ""client-001"", ""client-003"", ""client-004"", ""client-007""]","[""client-001"", ""client-003"", ""client-004"", ""client-006"", ""client-007""]","{""client-000"": 8.394642818553562, ""client-001"": 7.257142131567226, ""client-003"": 8.394642818553562, ""client-004"": 2.902856852626891, ""client-007"": 10.073571382264275}"
uair,30001,raven,62,[],"[""client-000"", ""client-001"", ""client-003"", ""client-004"", ""client-006"", ""client-007""]",[],"{""client-000"": 17.113580970606314, ""client-001"": 4.190355456535957, ""client-003"": 0.6030626606294002, ""client-004"": 2.8947007710211214, ""client-006"": 1.4473503855105607, ""client-007"": 27.381729552970103}"
uair,30001,raven,63,"[""client-001"", ""client-002"", ""client-006"", ""client-007""]","[""client-000"", ""client-001"", ""client-002"", ""client-003"", ""client-005"", ""client-006"", ""client-007""]","[""client-001"", ""client-002"", ""client-006"", ""client-007""]","{""client-000"": 12.562658951619392, ""client-001"": 12.562658951619392, ""client-002"": 1.2047127863174323, ""client-003"": 4.187552983873131, ""client-005"": 27.37948756922654, ""client-006"": 8.673932061485516, ""client-007"": 0.481885114526973}"
uair,30001,raven,64,"[""client-003"", ""client-005""]","[""client-001"", ""client-003"", ""client-004"", ""client-005""]","[""client-003"", ""client-005"", ""client-006"", ""client-007""]","{""client-001"": 7.172294057999053, ""client-003"": 16.591195574008633, ""client-004"": 3.3182391148017274, ""client-005"": 5.737835246399244}"
uair,30001,raven,65,[],"[""client-003"", ""client-004""]",[],"{""client-003"": 14.961956000074476, ""client-004"": 6.607510263778322}"
uair,30001,raven,66,"[""client-000"", ""client-001"", ""client-005""]","[""client-000"", ""client-001"", ""client-003"", ""client-005"", ""client-006""]","[""client-000"", ""client-001"", ""client-005"", ""client-007""]","{""client-000"": 9.881508350205324, ""client-001"": 4.102492251015413, ""client-003"": 4.102492251015413, ""client-005"": 15.81041336032852, ""client-006"": 0.4727976294085988}"
uair,30001,raven,67,[],"[""client-000"", ""client-001"", ""client-003"", ""client-006""]",[],"{""client-000"": 19.713206058732045, ""client-001"": 9.856603029366022, ""client-003"": 7.115092471095768, ""client-006"": 0.9486789961461025}"
uair,30001,raven,68,[],"[""client-007""]","[""client-000"", ""client-001""]","{""client-007"": 15.616736102734695}"
uair,30001,raven,69,"[""client-007""]","[""client-000"", ""client-001"", ""client-004"", ""client-006"", ""client-007""]","[""client-007""]","{""client-000"": 0.5970521670149592, ""client-001"": 33.497954022976224, ""client-004"": 15.724065873338164, ""client-006"": 0.955283467223935, ""client-007"": 0.955283467223935}"
uair,30001,raven,70,"[""client-002"", ""client-005"", ""client-007""]","[""client-001"", ""client-002"", ""client-004"", ""client-005"", ""client-007""]","[""client-002"", ""client-005"", ""client-007""]","{""client-001"": 1.195296182852033, ""client-002"": 1.7929442742780495, ""client-004"": 5.73742167768976, ""client-005"": 3.298743289954732, ""client-007"": 6.597486579909464}"
uair,30001,raven,71,"[""client-003"", ""client-004""]","[""client-001"", ""client-002"", ""client-003"", ""client-004"", ""client-005"", ""client-006"", ""client-007""]","[""client-003"", ""client-004""]","{""client-001"": 12.353895027190188, ""client-002"": 7.144818650359811, ""client-003"": 4.117965009063396, ""client-004"": 5.71585492028785, ""client-005"": 6.588744014501436, ""client-006"": 9.883116021752153, ""client-007"": 5.71585492028785}"
uair,30001,raven,72,"[""client-005""]","[""client-001"", ""client-002"", ""client-005"", ""client-007""]","[""client-000"", ""client-004"", ""client-005""]","{""client-001"": 0.5912542438707872, ""client-002"": 12.290192473105417, ""client-005"": 7.85944849469181, ""client-007"": 2.838020370579779}"
uair,30001,raven,73,"[""client-000"", ""client-004""]","[""client-000"", ""client-002"", ""client-003"", ""client-004"", ""client-005"", ""client-006""]","[""client-000"", ""client-001"", ""client-004""]","{""client-000"": 19.568359956343542, ""client-002"": 2.353261685625985, ""client-003"": 3.5298925284389777, ""client-004"": 0.4706523371251971, ""client-005"": 2.8239140227511825, ""client-006"": 5.647828045502365}"
uair,30001,raven,74,"[""client-001"", ""client-004"", ""client-005""]","[""client-000"", ""client-001"", ""client-004"", ""client-005"", ""client-006"", ""client-007""]","[""client-001"", ""client-002"", ""client-004"", ""client-005""]","{""client-000"": 0.5856429174118076, ""client-001"": 1.1712858348236153, ""client-004"": 1.4055430017883386, ""client-005"": 0.4685143339294462, ""client-006"": 13.20728466650733, ""client-007"": 0.9370286678588924}"
uair,30001,raven,75,"[""client-000"", ""client-001"", ""client-002"", ""client-004""]","[""client-000"", ""client-001"", ""client-002"", ""client-004""]","[""client-000"", ""client-001"", ""client-002"", ""client-004""]","{""client-000"": 3.5048071354604033, ""client-001"": 12.14382484938342, ""client-002"": 1.7524035677302015, ""client-004"": 3.238353293168913}"
uair,30001,raven,76,"[""client-000""]","[""client-000"", ""client-003"", ""client-005"", ""client-006"", ""client-007""]","[""client-000""]","{""client-000"": 6.984518317887958, ""client-003"": 0.5820431931573298, ""client-005"": 2.7938073271551835, ""client-006"": 0.46563455452586394, ""client-007"": 3.903292939130415}"
uair,30001,raven,77,"[""client-004""]","[""client-001"", ""client-002"", ""client-004"", ""client-005""]","[""client-004""]","{""client-001"": 16.584376114893058, ""client-002"": 16.584376114893058, ""client-004"": 0.4646596021028672, ""client-005"": 15.741293557350737}"
uair,30001,raven,78,"[""client-003""]","[""client-002"", ""client-003"", ""client-004"", ""client-006""]","[""client-003""]","{""client-002"": 0.5832957553714955, ""client-003"": 6.999549064457946, ""client-004"": 0.9332732085943929, ""client-006"": 0.9332732085943929}"
uair,30001,raven,79,"[""client-001"", ""client-004""]","[""client-001"", ""client-004"", ""client-005""]","[""client-001"", ""client-004""]","{""client-001"": 0.5847330433689577, ""client-004"": 5.613437216341995, ""client-005"": 3.2652465057929008}"
uair,30001,raven_wo_design,0,"[""client-000"", ""client-001"", ""client-004"", ""client-005"", ""client-006"", ""client-007""]","[""client-000"", ""client-001"", ""client-003"", ""client-004"", ""client-005"", ""client-006"", ""client-007""]","[""client-000"", ""client-001"", ""client-004"", ""client-005"", ""client-006"", ""client-007""]","{""client-000"": 5.0, ""client-001"": 5.0, ""client-003"": 5.0, ""client-004"": 5.0, ""client-005"": 10.0, ""client-006"": 5.0, ""client-007"": 5.0}"
uair,30001,raven_wo_design,1,"[""client-003"", ""client-004"", ""client-007""]","[""client-001"", ""client-002"", ""client-003"", ""client-004"", ""client-007""]","[""client-003"", ""client-004"", ""client-007""]","{""client-001"": 4.175769372483101, ""client-002"": 3.932816404407142, ""client-003"": 8.023324101448548, ""client-004"": 4.092627378291765, ""client-007"": 3.932816404407142}"
uair,30001,raven_wo_design,2,"[""client-000"", ""client-006"", ""client-007""]","[""client-000"", ""client-002"", ""client-004"", ""client-005"", ""client-006"", ""client-007""]","[""client-000"", ""client-006"", ""client-007""]","{""client-000"": 8.354299240462016, ""client-002"": 8.354299240462016, ""client-004"": 8.741580729930101, ""client-005"": 13.112371094895153, ""client-006"": 8.741580729930101, ""client-007"": 8.354299240462016}"
uair,30001,raven_wo_design,3,"[""client-000"", ""client-002"", ""client-003"", ""client-007""]","[""client-000"", ""client-001"", ""client-002"", ""client-003"", ""client-004"", ""client-005"", ""client-006"", ""client-007""]","[""client-000"", ""client-002"", ""client-003"", ""client-007""]","{""client-000"": 3.772624858549355, ""client-001"": 3.6678563913737383, ""client-002"": 7.335712782747477, ""client-003"": 3.772624858549355, ""client-004"": 3.6678563913737383, ""client-005"": 7.54524971709871, ""client-006"": 3.994666344086595, ""client-007"": 7.335712782747477}"
uair,30001,raven_wo_design,4,"[""client-005"", ""client-006""]","[""client-000"", ""client-002"", ""client-003"", ""client-004"", ""client-005"", ""client-006"", ""client-007""]","[""client-005"", ""client-006""]","{""client-000"": 10.007560104542758, ""client-002"": 6.903238391485146, ""client-003"": 3.3358533681809193, ""client-004"": 6.903238391485146, ""client-005"": 10.354857587227718, ""client-006"": 3.451619195742573, ""client-007"": 3.3358533681809193}"
uair,30001,raven_wo_design,5,"[""client-000"", ""client-001""]","[""client-000"", ""client-001"", ""client-003""]","[""client-000"", ""client-001""]","{""client-000"": 3.2219021212457375, ""client-001"": 2.988936763893141, ""client-003"": 2.988936763893141}"
uair,30001,raven_wo_design,6,"[""client-000""]","[""client-000"", ""client-001"", ""client-002"", ""client-006"", ""client-007""]","[""client-000""]","{""client-000"": 7.20392396340544, ""client-001"": 7.20392396340544, ""client-002"": 6.222667927194722, ""client-006"": 6.222667927194722, ""client-007"": 4.95174554124845}"
uair,30001,raven_wo_design,7,"[""client-002"", ""client-004""]","[""client-000"", ""client-002"", ""client-004"", ""client-005""]","[""client-002"", ""client-004""]","{""client-000"": 6.100262801942355, ""client-002"": 9.150394202913532, ""client-004"": 3.0501314009711775, ""client-005"": 5.653438624930872}"
uair,30001,raven_wo_design,8,"[""client-000"", ""client-002"", ""client-003"", ""client-004""]","[""client-000"", ""client-002"", ""client-003"", ""client-004"", ""client-005"", ""client-006"", ""client-007""]","[""client-000"", ""client-002"", ""client-003"", ""client-004""]","{""client-000"": 3.0240842858013233, ""client-002"": 11.268896309022967, ""client-003"": 4.753392564233314, ""client-004"": 3.0240842858013233, ""client-005"": 3.0240842858013233, ""client-006"": 7.512597539348645, ""client-007"": 12.222372041987692}"
uair,30001,raven_wo_design,9,"[""client-000"", ""client-003"", ""client-005""]","[""client-000"", ""client-002"", ""client-003"", ""client-004"", ""client-005"", ""client-006""]","[""client-000"", ""client-003"", ""client-005""]","{""client-000"": 11.120955224427881, ""client-002"": 6.133228467672543, ""client-003"": 11.120955224427881, ""client-004"": 2.9657735844655013, ""client-005"": 3.706985074809294, ""client-006"": 4.727676601795782}"
uair,30001,raven_wo_design,10,"[""client-000"", ""client-002"", ""client-004""]","[""client-000"", ""client-001"", ""client-002"", ""client-003"", ""client-004"", ""client-006"", ""client-007""]","[""client-000"", ""client-002"", ""client-004""]","{""client-000"": 3.5388496548974286, ""client-001"": 10.616548964692285, ""client-002"": 5.815240552669735, ""client-003"": 5.815240552669735, ""client-004"": 10.616548964692285, ""client-006"": 7.077699309794857, ""client-007"": 5.815240552669735}"
uair,30001,raven_wo_design,11,"[""client-000"", ""client-001"", ""client-002"", ""client-006""]","[""client-000"", ""client-001"", ""client-002"", ""client-003"", ""client-004"", ""client-005"", ""client-006"", ""client-007""]","[""client-000"", ""client-001"", ""client-002"", ""client-006""]","{""client-000"": 2.835342607015649, ""client-001"": 5.670685214031298, ""client-002"": 6.8080647034762105, ""client-003"": 6.8080647034762105, ""client-004"": 6.8080647034762105, ""client-005"": 6.8080647034762105, ""client-006"": 2.835342607015649, ""client-007"": 5.670685214031298}"
uair,30001,raven_wo_design,12,"[""client-000"", ""client-002"", ""client-004"", ""client-005""]","[""client-000"", ""client-002"", ""client-004"", ""client-005"", ""client-007""]","[""client-000"", ""client-002"", ""client-004"", ""client-005""]","{""client-000"": 2.7596780743736296, ""client-002"": 2.7596780743736296, ""client-004"": 8.279034223120888, ""client-005"": 3.289679719159779, ""client-007"": 9.753320955466643}"
uair,30001,raven_wo_design,13,"[""client-000"", ""client-004"", ""client-007""]","[""client-000"", ""client-002"", ""client-004"", ""client-005"", ""client-006"", ""client-007""]","[""client-000"", ""client-004"", ""client-007""]","{""client-000"": 3.3380031838453292, ""client-002"": 5.562042205352394, ""client-004"": 3.3380031838453292, ""client-005"": 3.3380031838453292, ""client-006"": 6.6760063676906585, ""client-007"": 8.34306330802859}"
uair,30001,raven_wo_design,14,"[""client-004""]","[""client-002"", ""client-003"", ""client-004"", ""client-006""]","[""client-004""]","{""client-002"": 4.993356595844344, ""client-003"": 5.6090726069698835, ""client-004"": 6.703124142873929, ""client-006"": 4.993356595844344}"
uair,30001,raven_wo_design,15,"[""client-002"", ""client-003"", ""client-004"", ""client-005""]","[""client-000"", ""client-001"", ""client-002"", ""client-003"", ""client-004"", ""client-005"", ""client-007""]","[""client-002"", ""client-003"", ""client-004"", ""client-005""]","{""client-000"": 3.3819522468376224, ""client-001"": 10.037762670363461, ""client-002"": 2.833778954819802, ""client-003"": 2.833778954819802, ""client-004"": 6.763904493675245, ""client-005"": 5.667557909639604, ""client-007"": 4.0939915038845704}"
uair,30001,raven_wo_design,16,"[""client-001"", ""client-003""]","[""client-000"", ""client-001"", ""client-002"", ""client-003"", ""client-004"", ""client-005"", ""client-006"", ""client-007""]","[""client-001"", ""client-003""]","{""client-000"": 3.364946598824803, ""client-001"": 5.7494568225581055, ""client-002"": 6.729893197649606, ""client-003"": 10.094839796474409, ""client-004"": 3.364946598824803, ""client-005"": 3.983350751844177, ""client-006"": 5.7494568225581055, ""client-007"": 3.364946598824803}"
uair,30001,raven_wo_design,17,"[""client-001"", ""client-002"", ""client-004""]","[""client-001"", ""client-002"", ""client-003"", ""client-004"", ""client-005"", ""client-006"", ""client-007""]","[""client-001"", ""client-002"", ""client-004""]","{""client-001"": 5.729868093066732, ""client-002"": 6.613560112091429, ""client-003"": 5.729868093066732, ""client-004"": 3.853309604627387, ""client-005"": 3.3067800560457146, ""client-006"": 9.920340168137145, ""client-007"": 3.853309604627387}"
uair,30001,raven_wo_design,18,"[""client-001"", ""client-003"", ""client-005""]","[""client-001"", ""client-002"", ""client-003"", ""client-005"", ""client-006"", ""client-007""]","[""client-001"", ""client-003"", ""client-005""]","{""client-001"": 6.5438504183188755, ""client-002"": 4.409939635034201, ""client-003"": 8.563382947255958, ""client-005"": 3.783366274593793, ""client-006"": 5.708921964837305, ""client-007"": 9.815775627478313}"
uair,30001,raven_wo_design,19,"[""client-002"", ""client-003"", ""client-004"", ""client-007""]","[""client-002"", ""client-003"", ""client-004"", ""client-006"", ""client-007""]","[""client-002"", ""client-003"", ""client-004"", ""client-007""]","{""client-002"": 5.633175227665676, ""client-003"": 2.816587613832838, ""client-004"": 6.496955998401425, ""client-006"": 2.816587613832838, ""client-007"": 3.2484779992007127}"
uair,30001,raven_wo_design,20,"[""client-002"", ""client-004"", ""client-007""]","[""client-000"", ""client-001"", ""client-002"", ""client-004"", ""client-006"", ""client-007""]","[""client-002"", ""client-004"", ""client-007""]","{""client-000"": 4.665290791565926, ""client-001"": 3.2812924500571667, ""client-002"": 5.599541811095335, ""client-004"": 6.5625849001143335, ""client-006"": 9.330581583131853, ""client-007"": 6.5625849001143335}"
uair,30001,raven_wo_design,21,"[""client-000"", ""client-003"", ""client-005"", ""client-006""]","[""client-000"", ""client-001"", ""client-002"", ""client-003"", ""client-005"", ""client-006""]","[""client-000"", ""client-003"", ""client-005"", ""client-006""]","{""client-000"": 5.5763491553282725, ""client-001"": 9.351389627249926, ""client-002"": 6.547259668209314, ""client-003"": 5.5763491553282725, ""client-005"": 2.7881745776641362, ""client-006"": 3.273629834104657}"
uair,30001,raven_wo_design,22,[],"[""client-001"", ""client-003"", ""client-004"", ""client-007""]",[],"{""client-001"": 6.491279297524624, ""client-003"": 5.584634884133102, ""client-004"": 2.792317442066551, ""client-007"": 5.584634884133102}"
uair,30001,raven_wo_design,23,"[""client-000""]","[""client-000"", ""client-001"", ""client-002"", ""client-004"", ""client-005"", ""client-006"", ""client-007""]","[""client-000""]","{""client-000"": 5.711603045077282, ""client-001"": 2.855801522538641, ""client-002"": 2.855801522538641, ""client-004"": 6.608406176417221, ""client-005"": 5.711603045077282, ""client-006"": 4.552214720528242, ""client-007"": 3.3042030882086104}"
uair,30001,raven_wo_design,24,"[""client-000"", ""client-002""]","[""client-000"", ""client-001"", ""client-002"", ""client-003"", ""client-004"", ""client-006"", ""client-007""]","[""client-000"", ""client-002""]","{""client-000"": 3.3089921706707157, ""client-001"": 6.617984341341431, ""client-002"": 9.926976512012146, ""client-003"": 3.3089921706707157, ""client-004"": 6.617984341341431, ""client-006"": 6.617984341341431, ""client-007"": 4.534068887022791}"
uair,30001,raven_wo_design,25,"[""client-001"", ""client-005"", ""client-006""]","[""client-000"", ""client-001"", ""client-002"", ""client-004"", ""client-005"", ""client-006""]","[""client-001"", ""client-005"", ""client-006""]","{""client-000"": 4.437360858653187, ""client-001"": 2.849679787968099, ""client-002"": 5.699359575936198, ""client-004"": 7.591722332016078, ""client-005"": 6.548163536518884, ""client-006"": 6.548163536518884}"
uair,30001,raven_wo_design,26,"[""client-000"", ""client-003"", ""client-004"", ""client-007""]","[""client-000"", ""client-001"", ""client-003"", ""client-004"", ""client-005"", ""client-006"", ""client-007""]","[""client-000"", ""client-003"", ""client-004"", ""client-007""]","{""client-000"": 3.259412728398605, ""client-001"": 4.366396196972072, ""client-003"": 6.51882545679721, ""client-004"": 3.259412728398605, ""client-005"": 5.7020368589135435, ""client-006"": 3.7579119667370384, ""client-007"": 8.553055288370315}"
uair,30001,raven_wo_design,27,[],"[""client-001"", ""client-005"", ""client-007""]",[],"{""client-001"": 6.522819050217586, ""client-005"": 5.694167383653821, ""client-007"": 5.694167383653821}"
uair,30001,raven_wo_design,28,"[""client-002"", ""client-003"", ""client-005"", ""client-007""]","[""client-000"", ""client-002"", ""client-003"", ""client-004"", ""client-005"", ""client-007""]","[""client-002"", ""client-003"", ""client-005"", ""client-007""]","{""client-000"": 6.604778592207575, ""client-002"": 5.716789302683264, ""client-003"": 2.858394651341632, ""client-004"": 2.858394651341632, ""client-005"": 2.858394651341632, ""client-007"": 3.3023892961037875}"
uair,30001,raven_wo_design,29,"[""client-000"", ""client-002"", ""client-004"", ""client-006"", ""client-007""]","[""client-000"", ""client-001"", ""client-002"", ""client-004"", ""client-005"", ""client-006"", ""client-007""]","[""client-000"", ""client-002"", ""client-004"", ""client-006"", ""client-007""]","{""client-000"": 2.864159945814782, ""client-001"": 2.864159945814782, ""client-002"": 11.456639783259128, ""client-004"": 3.3246557192668136, ""client-005"": 5.728319891629564, ""client-006"": 9.973967157800441, ""client-007"": 6.649311438533627}"
uair,30001,raven_wo_design,30,"[""client-006""]","[""client-001"", ""client-003"", ""client-004"", ""client-005"", ""client-006"", ""client-007""]","[""client-006""]","{""client-001"": 3.3053177984790447, ""client-003"": 5.672637332529922, ""client-004"": 6.610635596958089, ""client-005"": 3.8941001633413914, ""client-006"": 6.610635596958089, ""client-007"": 6.610635596958089}"
uair,30001,raven_wo_design,31,"[""client-002"", ""client-004""]","[""client-002"", ""client-003"", ""client-004""]","[""client-002"", ""client-004""]","{""client-002"": 3.2983050213180345, ""client-003"": 9.894915063954103, ""client-004"": 3.2983050213180345}"
uair,30001,raven_wo_design,32,"[""client-002"", ""client-004"", ""client-005""]","[""client-000"", ""client-001"", ""client-002"", ""client-003"", ""client-004"", ""client-005"", ""client-007""]","[""client-002"", ""client-004"", ""client-005""]","{""client-000"": 3.328290399887178, ""client-001"": 2.834421783888623, ""client-002"": 5.668843567777246, ""client-003"": 3.328290399887178, ""client-004"": 2.834421783888623, ""client-005"": 6.656580799774356, ""client-007"": 2.834421783888623}"
uair,30001,raven_wo_design,33,"[""client-001"", ""client-004"", ""client-005"", ""client-006""]","[""client-000"", ""client-001"", ""client-002"", ""client-003"", ""client-004"", ""client-005"", ""client-006"", ""client-007""]","[""client-001"", ""client-004"", ""client-005"", ""client-006""]","{""client-000"": 3.9992742109396286, ""client-001"": 6.698179001939622, ""client-002"": 4.829418073978753, ""client-003"": 2.8398522760737577, ""client-004"": 5.679704552147515, ""client-005"": 6.698179001939622, ""client-006"": 10.047268502909434, ""client-007"": 2.8398522760737577}"
uair,30001,raven_wo_design,34,"[""client-000"", ""client-002"", ""client-003"", ""client-005""]","[""client-000"", ""client-001"", ""client-002"", ""client-003"", ""client-004"", ""client-005"", ""client-007""]","[""client-000"", ""client-002"", ""client-003"", ""client-005""]","{""client-000"": 5.63504106717785, ""client-001"": 2.817520533588925, ""client-002"": 6.642485964006694, ""client-003"": 4.786196581796155, ""client-004"": 4.786196581796155, ""client-005"": 3.321242982003347, ""client-007"": 6.642485964006694}"
uair,30001,raven_wo_design,35,"[""client-002""]","[""client-001"", ""client-002"", ""client-003"", ""client-004"", ""client-007""]","[""client-002""]","{""client-001"": 3.946957151448969, ""client-002"": 3.308959502582777, ""client-003"": 3.308959502582777, ""client-004"": 2.809084323450715, ""client-007"": 3.308959502582777}"
uair,30001,raven_wo_design,36,"[""client-001"", ""client-002""]","[""client-000"", ""client-001"", ""client-002"", ""client-003"", ""client-005"", ""client-007""]","[""client-001"", ""client-002""]","{""client-000"": 5.659459069425269, ""client-001"": 6.692218112120307, ""client-002"": 3.3461090560601536, ""client-003"": 3.3461090560601536, ""client-005"": 11.318918138850538, ""client-007"": 2.8297295347126346}"
uair,30001,raven_wo_design,37,"[""client-003""]","[""client-000"", ""client-001"", ""client-003"", ""client-004"", ""client-006""]","[""client-003""]","{""client-000"": 4.023725334630257, ""client-001"": 10.041442459398452, ""client-003"": 5.643916502685935, ""client-004"": 4.895330375276231, ""client-006"": 3.3471474864661506}"
uair,30001,raven_wo_design,38,[],"[""client-000"", ""client-003"", ""client-004"", ""client-005"", ""client-006"", ""client-007""]",[],"{""client-000"": 13.408420222866232, ""client-003"": 3.352105055716558, ""client-004"": 4.043429308490563, ""client-005"": 2.8178172161558344, ""client-006"": 3.352105055716558, ""client-007"": 2.8178172161558344}"
uair,30001,raven_wo_design,39,"[""client-001"", ""client-002"", ""client-003"", ""client-006""]","[""client-000"", ""client-001"", ""client-002"", ""client-003"", ""client-004"", ""client-005"", ""client-006"", ""client-007""]","[""client-001"", ""client-002"", ""client-003"", ""client-006""]","{""client-000"": 6.72043259304571, ""client-001"": 5.649799866100139, ""client-002"": 3.360216296522855, ""client-003"": 6.72043259304571, ""client-004"": 2.8248999330500695, ""client-005"": 8.474699799150208, ""client-006"": 3.360216296522855, ""client-007"": 4.948001450881488}"
uair,30001,raven_wo_design,40,"[""client-002""]","[""client-000"", ""client-001"", ""client-002"", ""client-004"", ""client-005""]","[""client-002""]","{""client-000"": 2.8136518027984176, ""client-001"": 4.891675715154159, ""client-002"": 2.8136518027984176, ""client-004"": 10.017828391279767, ""client-005"": 2.8136518027984176}"
uair,30001,raven_wo_design,41,"[""client-006""]","[""client-002"", ""client-003"", ""client-004"", ""client-005"", ""client-006"", ""client-007""]","[""client-006""]","{""client-002"": 6.699979773693089, ""client-003"": 2.8234276300656425, ""client-004"": 2.8234276300656425, ""client-005"": 3.3499898868465445, ""client-006"": 6.699979773693089, ""client-007"": 2.8234276300656425}"
uair,30001,raven_wo_design,42,"[""client-004""]","[""client-000"", ""client-001"", ""client-003"", ""client-004"", ""client-005"", ""client-006""]","[""client-004""]","{""client-000"": 3.3732375000464003, ""client-001"": 2.848704395741702, ""client-003"": 3.3732375000464003, ""client-004"": 6.746475000092801, ""client-005"": 4.046596440512504, ""client-006"": 8.093192881025008}"
uair,30001,raven_wo_design,43,"[""client-000""]","[""client-000"", ""client-001"", ""client-003"", ""client-004"", ""client-005"", ""client-006""]","[""client-000""]","{""client-000"": 5.7248543188436205, ""client-001"": 6.75891014878373, ""client-003"": 4.0400149731530455, ""client-004"": 2.8624271594218103, ""client-005"": 2.8624271594218103, ""client-006"": 9.767905464116968}"
uair,30001,raven_wo_design,44,"[""client-000"", ""client-001"", ""client-002"", ""client-006"", ""client-007""]","[""client-000"", ""client-001"", ""client-002"", ""client-003"", ""client-004"", ""client-005"", ""client-006"", ""client-007""]","[""client-000"", ""client-001"", ""client-002"", ""client-006"", ""client-007""]","{""client-000"": 5.735414103006814, ""client-001"": 6.757619948669071, ""client-002"": 6.757619948669071, ""client-003"": 5.735414103006814, ""client-004"": 10.136429923003607, ""client-005"": 19.435536422809385, ""client-006"": 6.757619948669071, ""client-007"": 4.029777549663629}"
uair,30001,raven_wo_design,45,"[""client-004"", ""client-007""]","[""client-000"", ""client-003"", ""client-004"", ""client-005"", ""client-006"", ""client-007""]","[""client-004"", ""client-007""]","{""client-000"": 3.897335588515599, ""client-003"": 5.688997777648936, ""client-004"": 2.844498888824468, ""client-005"": 3.311737933583434, ""client-006"": 3.311737933583434, ""client-007"": 2.844498888824468}"
uair,30001,raven_wo_design,46,"[""client-000"", ""client-001"", ""client-002"", ""client-006""]","[""client-000"", ""client-001"", ""client-002"", ""client-003"", ""client-004"", ""client-005"", ""client-006"", ""client-007""]","[""client-000"", ""client-001"", ""client-002"", ""client-006""]","{""client-000"": 5.738275838600728, ""client-001"": 3.893586265402715, ""client-002"": 2.869137919300364, ""client-003"": 6.651241473598611, ""client-004"": 3.893586265402715, ""client-005"": 3.3256207367993054, ""client-006"": 3.3256207367993054, ""client-007"": 5.738275838600728}"
uair,30001,raven_wo_design,47,"[""client-003"", ""client-007""]","[""client-000"", ""client-002"", ""client-003"", ""client-006"", ""client-007""]","[""client-003"", ""client-007""]","{""client-000"": 6.644139937695531, ""client-002"": 7.753341741288889, ""client-003"": 5.748784051208974, ""client-006"": 3.3220699688477655, ""client-007"": 3.3220699688477655}"
uair,30001,raven_wo_design,48,"[""client-001"", ""client-005"", ""client-007""]","[""client-000"", ""client-001"", ""client-003"", ""client-004"", ""client-005"", ""client-007""]","[""client-001"", ""client-005"", ""client-007""]","{""client-000"": 8.648926855699212, ""client-001"": 6.6581429093442575, ""client-003"": 6.6581429093442575, ""client-004"": 3.3290714546721287, ""client-005"": 3.3290714546721287, ""client-007"": 2.8829756185664044}"
uair,30001,raven_wo_design,49,"[""client-000"", ""client-005"", ""client-006""]","[""client-000"", ""client-001"", ""client-004"", ""client-005"", ""client-006"", ""client-007""]","[""client-000"", ""client-005"", ""client-006""]","{""client-000"": 2.8761332257157495, ""client-001"": 2.8761332257157495, ""client-004"": 3.8928309795403426, ""client-005"": 11.678492938621028, ""client-006"": 2.8761332257157495, ""client-007"": 3.8928309795403426}"
uair,30001,raven_wo_design,50,"[""client-002"", ""client-007""]","[""client-000"", ""client-002"", ""client-003"", ""client-004"", ""client-005"", ""client-007""]","[""client-002"", ""client-007""]","{""client-000"": 2.886008514572765, ""client-002"": 5.77201702914553, ""client-003"": 10.021417177077979, ""client-004"": 9.208638807232017, ""client-005"": 2.886008514572765, ""client-007"": 6.680944784718653}"
uair,30001,raven_wo_design,51,"[""client-001"", ""client-005"", ""client-006""]","[""client-000"", ""client-001"", ""client-002"", ""client-003"", ""client-004"", ""client-005"", ""client-006""]","[""client-001"", ""client-005"", ""client-006""]","{""client-000"": 5.771153746080541, ""client-001"": 6.658967566845445, ""client-002"": 6.658967566845445, ""client-003"": 3.877896295195781, ""client-004"": 5.771153746080541, ""client-005"": 6.658967566845445, ""client-006"": 13.666252083196387}"
uair,30001,raven_wo_design,52,"[""client-002"", ""client-006"", ""client-007""]","[""client-002"", ""client-003"", ""client-004"", ""client-005"", ""client-006"", ""client-007""]","[""client-002"", ""client-006"", ""client-007""]","{""client-002"": 2.8704348896239225, ""client-003"": 5.740869779247845, ""client-004"": 3.2962396080579115, ""client-005"": 3.8189788197728207, ""client-006"": 9.888718824173734, ""client-007"": 3.2962396080579115}"
uair,30001,raven_wo_design,53,"[""client-002"", ""client-004""]","[""client-000"", ""client-002"", ""client-003"", ""client-004"", ""client-005"", ""client-006""]","[""client-002"", ""client-004""]","{""client-000"": 3.829441430707788, ""client-002"": 6.6064411235144584, ""client-003"": 6.6064411235144584, ""client-004"": 2.874866501397867, ""client-005"": 3.829441430707788, ""client-006"": 3.3032205617572292}"
uair,30001,raven_wo_design,54,"[""client-001"", ""client-002"", ""client-004"", ""client-006""]","[""client-000"", ""client-001"", ""client-002"", ""client-003"", ""client-004"", ""client-005"", ""client-006"", ""client-007""]","[""client-001"", ""client-002"", ""client-004"", ""client-006""]","{""client-000"": 8.94144982936206, ""client-001"": 8.636328993273853, ""client-002"": 3.8286018583274912, ""client-003"": 3.3052787730568545, ""client-004"": 8.636328993273853, ""client-005"": 5.757552662182569, ""client-006"": 5.757552662182569, ""client-007"": 6.610557546113709}"
uair,30001,raven_wo_design,55,"[""client-002"", ""client-004"", ""client-005"", ""client-006""]","[""client-000"", ""client-002"", ""client-003"", ""client-004"", ""client-005"", ""client-006"", ""client-007""]","[""client-002"", ""client-004"", ""client-005"", ""client-006""]","{""client-000"": 6.558156935186051, ""client-002"": 2.8598491491328177, ""client-003"": 2.8598491491328177, ""client-004"": 6.558156935186051, ""client-005"": 3.2790784675930253, ""client-006"": 3.2790784675930253, ""client-007"": 2.8598491491328177}"
uair,30001,raven_wo_design,56,"[""client-001"", ""client-003"", ""client-005""]","[""client-000"", ""client-001"", ""client-002"", ""client-003"", ""client-005"", ""client-006"", ""client-007""]","[""client-001"", ""client-003"", ""client-005""]","{""client-000"": 4.423848854405348, ""client-001"": 6.5570786866834, ""client-002"": 5.717555845545609, ""client-003"": 5.717555845545609, ""client-005"": 8.576333768318413, ""client-006"": 4.423848854405348, ""client-007"": 2.8587779227728043}"
uair,30001,raven_wo_design,57,"[""client-000"", ""client-001"", ""client-002"", ""client-004""]","[""client-000"", ""client-001"", ""client-002"", ""client-004"", ""client-005"", ""client-006"", ""client-007""]","[""client-000"", ""client-001"", ""client-002"", ""client-004""]","{""client-000"": 9.808699343768545, ""client-001"": 3.2695664479228483, ""client-002"": 6.539132895845697, ""client-004"": 3.2695664479228483, ""client-005"": 3.2695664479228483, ""client-006"": 4.421381788956322, ""client-007"": 9.808699343768545}"
uair,30001,raven_wo_design,58,"[""client-003"", ""client-004""]","[""client-001"", ""client-003"", ""client-004"", ""client-005"", ""client-007""]","[""client-003"", ""client-004""]","{""client-001"": 5.675376678117093, ""client-003"": 9.775174886681505, ""client-004"": 5.675376678117093, ""client-005"": 5.675376678117093, ""client-007"": 6.51678325778767}"
uair,30001,raven_wo_design,59,"[""client-000"", ""client-001"", ""client-005""]","[""client-000"", ""client-001"", ""client-002"", ""client-003"", ""client-004"", ""client-005"", ""client-006"", ""client-007""]","[""client-000"", ""client-001"", ""client-005""]","{""client-000"": 5.651655549761726, ""client-001"": 3.2533287431861817, ""client-002"": 9.759986229558546, ""client-003"": 3.7809251752676007, ""client-004"": 6.506657486372363, ""client-005"": 5.651655549761726, ""client-006"": 9.759986229558546, ""client-007"": 3.2533287431861817}"
uair,30001,raven_wo_design,60,"[""client-000"", ""client-006""]","[""client-000"", ""client-001"", ""client-002"", ""client-003"", ""client-005"", ""client-006""]","[""client-000"", ""client-006""]","{""client-000"": 2.7993869238980595, ""client-001"": 3.227946062179808, ""client-002"": 3.227946062179808, ""client-003"": 3.227946062179808, ""client-005"": 3.227946062179808, ""client-006"": 2.7993869238980595}"
uair,30001,raven_wo_design,61,"[""client-001"", ""client-003"", ""client-004"", ""client-006"", ""client-007""]","[""client-000"", ""client-001"", ""client-002"", ""client-003"", ""client-004"", ""client-006"", ""client-007""]","[""client-001"", ""client-003"", ""client-004"", ""client-006"", ""client-007""]","{""client-000"": 6.484372480613601, ""client-001"": 5.605719474071011, ""client-002"": 3.2421862403068005, ""client-003"": 6.484372480613601, ""client-004"": 2.8028597370355053, ""client-006"": 6.484372480613601, ""client-007"": 9.726558720920401}"
uair,30001,raven_wo_design,62,[],"[""client-000"", ""client-001"", ""client-002"", ""client-003"", ""client-004"", ""client-006"", ""client-007""]",[],"{""client-000"": 3.7873768775899914, ""client-001"": 3.2368054476715233, ""client-002"": 3.7873768775899914, ""client-003"": 2.7949846147317303, ""client-004"": 2.7949846147317303, ""client-006"": 8.384953844195191, ""client-007"": 7.574753755179983}"
uair,30001,raven_wo_design,63,"[""client-001"", ""client-002"", ""client-006"", ""client-007""]","[""client-000"", ""client-001"", ""client-002"", ""client-003"", ""client-004"", ""client-005"", ""client-006"", ""client-007""]","[""client-001"", ""client-002"", ""client-006"", ""client-007""]","{""client-000"": 9.70392210245951, ""client-001"": 9.70392210245951, ""client-002"": 5.583422623801001, ""client-003"": 3.2346407008198366, ""client-004"": 3.2346407008198366, ""client-005"": 7.574133543270149, ""client-006"": 8.375133935701502, ""client-007"": 2.7917113119005004}"
uair,30001,raven_wo_design,64,"[""client-003"", ""client-005"", ""client-006"", ""client-007""]","[""client-001"", ""client-002"", ""client-003"", ""client-004"", ""client-005"", ""client-006"", ""client-007""]","[""client-003"", ""client-005"", ""client-006"", ""client-007""]","{""client-001"": 5.540179280739313, ""client-002"": 3.7441099474548847, ""client-003"": 12.815731928796575, ""client-004"": 3.203932982199144, ""client-005"": 5.540179280739313, ""client-006"": 6.407865964398288, ""client-007"": 3.7441099474548847}"
uair,30001,raven_wo_design,65,[],"[""client-000"", ""client-002"", ""client-003"", ""client-004"", ""client-006""]",[],"{""client-000"": 3.189947941048801, ""client-002"": 12.759791764195205, ""client-003"": 13.244817971301135, ""client-004"": 6.379895882097602, ""client-006"": 7.469383636531715}"
uair,30001,raven_wo_design,66,"[""client-000"", ""client-001"", ""client-005"", ""client-007""]","[""client-000"", ""client-001"", ""client-003"", ""client-005"", ""client-006"", ""client-007""]","[""client-000"", ""client-001"", ""client-005"", ""client-007""]","{""client-000"": 8.747437793541849, ""client-001"": 3.1689362405771253, ""client-003"": 3.1689362405771253, ""client-005"": 4.373718896770924, ""client-006"": 2.7390646659741242, ""client-007"": 9.506808721731376}"
uair,30001,raven_wo_design,67,[],"[""client-000"", ""client-001"", ""client-003"", ""client-005"", ""client-006"", ""client-007""]",[],"{""client-000"": 4.362695390184227, ""client-001"": 8.725390780368453, ""client-003"": 5.4959943875901605, ""client-005"": 6.347967867603007, ""client-006"": 5.4959943875901605, ""client-007"": 6.347967867603007}"
uair,30001,raven_wo_design,68,"[""client-000"", ""client-001""]","[""client-000"", ""client-001"", ""client-006"", ""client-007""]","[""client-000"", ""client-001""]","{""client-000"": 3.6819577520761517, ""client-001"": 3.16644339698267, ""client-006"": 3.6819577520761517, ""client-007"": 4.320140924955311}"
uair,30001,raven_wo_design,69,"[""client-007""]","[""client-000"", ""client-001"", ""client-002"", ""client-004"", ""client-006"", ""client-007""]","[""client-007""]","{""client-000"": 2.7671280779636063, ""client-001"": 7.41337401746012, ""client-002"": 9.561064205026188, ""client-004"": 4.349832131325182, ""client-006"": 5.5342561559272125, ""client-007"": 5.5342561559272125}"
uair,30001,raven_wo_design,70,"[""client-002"", ""client-005"", ""client-007""]","[""client-001"", ""client-002"", ""client-003"", ""client-004"", ""client-005"", ""client-006"", ""client-007""]","[""client-002"", ""client-005"", ""client-007""]","{""client-001"": 5.539779958573888, ""client-002"": 8.309669937860832, ""client-003"": 3.6977384405473765, ""client-004"": 5.539779958573888, ""client-005"": 3.185108746186786, ""client-006"": 3.185108746186786, ""client-007"": 6.370217492373572}"
uair,30001,raven_wo_design,71,"[""client-003"", ""client-004""]","[""client-001"", ""client-002"", ""client-003"", ""client-004"", ""client-005"", ""client-006"", ""client-007""]","[""client-003"", ""client-004""]","{""client-001"": 9.542664134041637, ""client-002"": 5.518956129136511, ""client-003"": 3.180888044680546, ""client-004"": 5.518956129136511, ""client-005"": 6.361776089361092, ""client-006"": 9.542664134041637, ""client-007"": 5.518956129136511}"
uair,30001,raven_wo_design,72,"[""client-000"", ""client-004"", ""client-005""]","[""client-000"", ""client-001"", ""client-002"", ""client-003"", ""client-004"", ""client-005"", ""client-006"", ""client-007""]","[""client-000"", ""client-004"", ""client-005""]","{""client-000"": 6.3289717483402415, ""client-001"": 2.740256731015272, ""client-002"": 9.493457622510363, ""client-003"": 3.1644858741701207, ""client-004"": 3.1644858741701207, ""client-005"": 8.696804470826839, ""client-006"": 3.1644858741701207, ""client-007"": 2.740256731015272}"
uair,30001,raven_wo_design,73,"[""client-000"", ""client-001"", ""client-004""]","[""client-000"", ""client-001"", ""client-002"", ""client-003"", ""client-004"", ""client-005"", ""client-006"", ""client-007""]","[""client-000"", ""client-001"", ""client-004""]","{""client-000"": 4.330639750868441, ""client-001"": 9.448089484402162, ""client-002"": 10.906545264960865, ""client-003"": 2.7266363162402163, ""client-004"": 2.7266363162402163, ""client-005"": 2.7266363162402163, ""client-006"": 5.453272632480433, ""client-007"": 9.448089484402162}"
uair,30001,raven_wo_design,74,"[""client-001"", ""client-002"", ""client-004"", ""client-005""]","[""client-000"", ""client-001"", ""client-002"", ""client-004"", ""client-005"", ""client-006"", ""client-007""]","[""client-001"", ""client-002"", ""client-004"", ""client-005""]","{""client-000"": 2.714250194472757, ""client-001"": 5.428500388945514, ""client-002"": 6.265647405626089, ""client-004"": 8.14275058341827, ""client-005"": 2.714250194472757, ""client-006"": 3.653601534914942, ""client-007"": 5.428500388945514}"
uair,30001,raven_wo_design,75,"[""client-000"", ""client-001"", ""client-002"", ""client-004""]","[""client-000"", ""client-001"", ""client-002"", ""client-003"", ""client-004"", ""client-007""]","[""client-000"", ""client-001"", ""client-002"", ""client-004""]","{""client-000"": 2.7072593117134565, ""client-001"": 9.380397160995784, ""client-002"": 8.121777935140368, ""client-003"": 6.2535981073305225, ""client-004"": 3.1267990536652612, ""client-007"": 3.1267990536652612}"
uair,30001,raven_wo_design,76,"[""client-000""]","[""client-000"", ""client-001"", ""client-003"", ""client-004"", ""client-005"", ""client-006"", ""client-007""]","[""client-000""]","{""client-000"": 5.395133461873486, ""client-001"": 6.245450088588522, ""client-003"": 2.697566730936743, ""client-004"": 6.245450088588522, ""client-005"": 2.697566730936743, ""client-006"": 2.697566730936743, ""client-007"": 4.319154900869078}"
uair,30001,raven_wo_design,77,"[""client-004""]","[""client-001"", ""client-002"", ""client-004"", ""client-005""]","[""client-004""]","{""client-001"": 3.670259470223336, ""client-002"": 3.670259470223336, ""client-004"": 2.691918526363094, ""client-005"": 4.354597917354689}"
uair,30001,raven_wo_design,78,"[""client-003""]","[""client-001"", ""client-002"", ""client-003"", ""client-004"", ""client-006""]","[""client-003""]","{""client-001"": 6.285348271150536, ""client-002"": 2.7033719189315253, ""client-003"": 5.406743837863051, ""client-004"": 5.406743837863051, ""client-006"": 5.406743837863051}"
uair,30001,raven_wo_design,79,"[""client-001"", ""client-004""]","[""client-001"", ""client-003"", ""client-004"", ""client-005""]","[""client-001"", ""client-004""]","{""client-001"": 2.7100332463558643, ""client-003"": 3.152765853507664, ""client-004"": 5.420066492711729, ""client-005"": 3.152765853507664}"
uair,30001,raven_sag,0,"[""client-000"", ""client-001"", ""client-004"", ""client-005"", ""client-006"", ""client-007""]","[""client-000"", ""client-001"", ""client-003"", ""client-004"", ""client-005"", ""client-006"", ""client-007""]","[""client-000"", ""client-001"", ""client-004"", ""client-005"", ""client-006"", ""client-007""]","{""client-000"": 5.0, ""client-001"": 5.0, ""client-003"": 5.0, ""client-004"": 5.0, ""client-005"": 10.0, ""client-006"": 5.0, ""client-007"": 5.0}"
uair,30001,raven_sag,1,"[""client-003"", ""client-004"", ""client-007""]","[""client-001"", ""client-002"", ""client-003"", ""client-004"", ""client-007""]","[""client-003"", ""client-004"", ""client-007""]","{""client-001"": 4.175769372483101, ""client-002"": 3.932816404407142, ""client-003"": 8.023324101448548, ""client-004"": 4.092627378291765, ""client-007"": 3.932816404407142}"
uair,30001,raven_sag,2,"[""client-000"", ""client-006"", ""client-007""]","[""client-000"", ""client-002"", ""client-004"", ""client-005"", ""client-006"", ""client-007""]","[""client-000"", ""client-006"", ""client-007""]","{""client-000"": 8.354299240462016, ""client-002"": 8.354299240462016, ""client-004"": 8.741580729930101, ""client-005"": 13.112371094895153, ""client-006"": 8.741580729930101, ""client-007"": 8.354299240462016}"
uair,30001,raven_sag,3,"[""client-000"", ""client-002"", ""client-003"", ""client-007""]","[""client-000"", ""client-001"", ""client-002"", ""client-003"", ""client-004"", ""client-005"", ""client-006"", ""client-007""]","[""client-000"", ""client-002"", ""client-003"", ""client-007""]","{""client-000"": 3.772624858549355, ""client-001"": 3.6678563913737383, ""client-002"": 7.335712782747477, ""client-003"": 3.772624858549355, ""client-004"": 3.6678563913737383, ""client-005"": 7.54524971709871, ""client-006"": 3.994666344086595, ""client-007"": 7.335712782747477}"
uair,30001,raven_sag,4,"[""client-005"", ""client-006""]","[""client-000"", ""client-002"", ""client-003"", ""client-004"", ""client-005"", ""client-006"", ""client-007""]","[""client-005"", ""client-006""]","{""client-000"": 10.007560104542758, ""client-002"": 6.903238391485146, ""client-003"": 3.3358533681809193, ""client-004"": 6.903238391485146, ""client-005"": 10.354857587227718, ""client-006"": 3.451619195742573, ""client-007"": 3.3358533681809193}"
uair,30001,raven_sag,5,"[""client-000"", ""client-001""]","[""client-000"", ""client-001"", ""client-003""]","[""client-000"", ""client-001""]","{""client-000"": 3.2219021212457375, ""client-001"": 2.988936763893141, ""client-003"": 2.988936763893141}"
uair,30001,raven_sag,6,"[""client-000""]","[""client-000"", ""client-001"", ""client-002"", ""client-006"", ""client-007""]","[""client-000""]","{""client-000"": 7.20392396340544, ""client-001"": 7.20392396340544, ""client-002"": 6.222667927194722, ""client-006"": 6.222667927194722, ""client-007"": 4.95174554124845}"
uair,30001,raven_sag,7,"[""client-002"", ""client-004""]","[""client-000"", ""client-002"", ""client-004"", ""client-005""]","[""client-002"", ""client-004""]","{""client-000"": 6.100262801942355, ""client-002"": 9.150394202913532, ""client-004"": 3.0501314009711775, ""client-005"": 5.653438624930872}"
uair,30001,raven_sag,8,"[""client-000"", ""client-002"", ""client-003"", ""client-004""]","[""client-000"", ""client-002"", ""client-003"", ""client-004"", ""client-005"", ""client-006"", ""client-007""]","[""client-000"", ""client-002"", ""client-003"", ""client-004""]","{""client-000"": 3.0240842858013233, ""client-002"": 11.268896309022967, ""client-003"": 4.753392564233314, ""client-004"": 3.0240842858013233, ""client-005"": 3.0240842858013233, ""client-006"": 7.512597539348645, ""client-007"": 12.222372041987692}"
uair,30001,raven_sag,9,"[""client-000"", ""client-003"", ""client-005""]","[""client-000"", ""client-002"", ""client-003"", ""client-004"", ""client-005"", ""client-006""]","[""client-000"", ""client-003"", ""client-005""]","{""client-000"": 11.120955224427881, ""client-002"": 6.133228467672543, ""client-003"": 11.120955224427881, ""client-004"": 2.9657735844655013, ""client-005"": 3.706985074809294, ""client-006"": 4.727676601795782}"
uair,30001,raven_sag,10,"[""client-000"", ""client-002"", ""client-004""]","[""client-000"", ""client-001"", ""client-002"", ""client-003"", ""client-004"", ""client-006"", ""client-007""]","[""client-000"", ""client-002"", ""client-004""]","{""client-000"": 3.5388496548974286, ""client-001"": 10.616548964692285, ""client-002"": 5.815240552669735, ""client-003"": 5.815240552669735, ""client-004"": 10.616548964692285, ""client-006"": 7.077699309794857, ""client-007"": 5.815240552669735}"
uair,30001,raven_sag,11,"[""client-000"", ""client-001"", ""client-002"", ""client-006""]","[""client-000"", ""client-001"", ""client-002"", ""client-003"", ""client-004"", ""client-005"", ""client-006"", ""client-007""]","[""client-000"", ""client-001"", ""client-002"", ""client-006""]","{""client-000"": 2.835342607015649, ""client-001"": 5.670685214031298, ""client-002"": 6.8080647034762105, ""client-003"": 6.8080647034762105, ""client-004"": 6.8080647034762105, ""client-005"": 6.8080647034762105, ""client-006"": 2.835342607015649, ""client-007"": 5.670685214031298}"
uair,30001,raven_sag,12,"[""client-000"", ""client-002"", ""client-004"", ""client-005""]","[""client-000"", ""client-002"", ""client-004"", ""client-005"", ""client-007""]","[""client-000"", ""client-002"", ""client-004"", ""client-005""]","{""client-000"": 2.7596780743736296, ""client-002"": 2.7596780743736296, ""client-004"": 8.279034223120888, ""client-005"": 3.289679719159779, ""client-007"": 9.753320955466643}"
uair,30001,raven_sag,13,"[""client-000"", ""client-004"", ""client-007""]","[""client-000"", ""client-002"", ""client-004"", ""client-005"", ""client-006"", ""client-007""]","[""client-000"", ""client-004"", ""client-007""]","{""client-000"": 3.3380031838453292, ""client-002"": 5.562042205352394, ""client-004"": 3.3380031838453292, ""client-005"": 3.3380031838453292, ""client-006"": 6.6760063676906585, ""client-007"": 8.34306330802859}"
uair,30001,raven_sag,14,"[""client-004""]","[""client-002"", ""client-003"", ""client-004"", ""client-006""]","[""client-004""]","{""client-002"": 4.993356595844344, ""client-003"": 5.6090726069698835, ""client-004"": 6.703124142873929, ""client-006"": 4.993356595844344}"
uair,30001,raven_sag,15,"[""client-002"", ""client-003"", ""client-004"", ""client-005""]","[""client-000"", ""client-001"", ""client-002"", ""client-003"", ""client-004"", ""client-005"", ""client-007""]","[""client-002"", ""client-003"", ""client-004"", ""client-005""]","{""client-000"": 3.3819522468376224, ""client-001"": 10.037762670363461, ""client-002"": 2.833778954819802, ""client-003"": 2.833778954819802, ""client-004"": 6.763904493675245, ""client-005"": 5.667557909639604, ""client-007"": 4.0939915038845704}"
uair,30001,raven_sag,16,"[""client-001"", ""client-003""]","[""client-000"", ""client-001"", ""client-002"", ""client-003"", ""client-004"", ""client-005"", ""client-006"", ""client-007""]","[""client-001"", ""client-003""]","{""client-000"": 3.364946598824803, ""client-001"": 5.7494568225581055, ""client-002"": 6.729893197649606, ""client-003"": 10.094839796474409, ""client-004"": 3.364946598824803, ""client-005"": 3.983350751844177, ""client-006"": 5.7494568225581055, ""client-007"": 3.364946598824803}"
uair,30001,raven_sag,17,"[""client-001"", ""client-002"", ""client-004""]","[""client-001"", ""client-002"", ""client-003"", ""client-004"", ""client-005"", ""client-006"", ""client-007""]","[""client-001"", ""client-002"", ""client-004""]","{""client-001"": 5.729868093066732, ""client-002"": 6.613560112091429, ""client-003"": 5.729868093066732, ""client-004"": 3.853309604627387, ""client-005"": 3.3067800560457146, ""client-006"": 9.920340168137145, ""client-007"": 3.853309604627387}"
uair,30001,raven_sag,18,"[""client-001"", ""client-003"", ""client-005""]","[""client-001"", ""client-002"", ""client-003"", ""client-005"", ""client-006"", ""client-007""]","[""client-001"", ""client-003"", ""client-005""]","{""client-001"": 6.5438504183188755, ""client-002"": 4.409939635034201, ""client-003"": 8.563382947255958, ""client-005"": 3.783366274593793, ""client-006"": 5.708921964837305, ""client-007"": 9.815775627478313}"
uair,30001,raven_sag,19,"[""client-002"", ""client-003"", ""client-004"", ""client-007""]","[""client-002"", ""client-003"", ""client-004"", ""client-006"", ""client-007""]","[""client-002"", ""client-003"", ""client-004"", ""client-007""]","{""client-002"": 5.633175227665676, ""client-003"": 2.816587613832838, ""client-004"": 6.496955998401425, ""client-006"": 2.816587613832838, ""client-007"": 3.2484779992007127}"
uair,30001,raven_sag,20,"[""client-002"", ""client-004"", ""client-007""]","[""client-000"", ""client-001"", ""client-002"", ""client-004"", ""client-006"", ""client-007""]","[""client-002"", ""client-004"", ""client-007""]","{""client-000"": 4.665290791565926, ""client-001"": 3.2812924500571667, ""client-002"": 5.599541811095335, ""client-004"": 6.5625849001143335, ""client-006"": 9.330581583131853, ""client-007"": 6.5625849001143335}"
uair,30001,raven_sag,21,"[""client-000"", ""client-003"", ""client-005"", ""client-006""]","[""client-000"", ""client-001"", ""client-002"", ""client-003"", ""client-005"", ""client-006""]","[""client-000"", ""client-003"", ""client-005"", ""client-006""]","{""client-000"": 5.5763491553282725, ""client-001"": 9.351389627249926, ""client-002"": 6.547259668209314, ""client-003"": 5.5763491553282725, ""client-005"": 2.7881745776641362, ""client-006"": 3.273629834104657}"
uair,30001,raven_sag,22,[],"[""client-001"", ""client-003"", ""client-004"", ""client-007""]",[],"{""client-001"": 6.491279297524624, ""client-003"": 5.584634884133102, ""client-004"": 2.792317442066551, ""client-007"": 5.584634884133102}"
uair,30001,raven_sag,23,"[""client-000""]","[""client-000"", ""client-001"", ""client-002"", ""client-004"", ""client-005"", ""client-006"", ""client-007""]","[""client-000""]","{""client-000"": 5.711603045077282, ""client-001"": 2.855801522538641, ""client-002"": 2.855801522538641, ""client-004"": 6.608406176417221, ""client-005"": 5.711603045077282, ""client-006"": 4.552214720528242, ""client-007"": 3.3042030882086104}"
uair,30001,raven_sag,24,"[""client-000"", ""client-002""]","[""client-000"", ""client-001"", ""client-002"", ""client-003"", ""client-004"", ""client-006"", ""client-007""]","[""client-000"", ""client-002""]","{""client-000"": 3.3089921706707157, ""client-001"": 6.617984341341431, ""client-002"": 9.926976512012146, ""client-003"": 3.3089921706707157, ""client-004"": 6.617984341341431, ""client-006"": 6.617984341341431, ""client-007"": 4.534068887022791}"
uair,30001,raven_sag,25,"[""client-001"", ""client-005"", ""client-006""]","[""client-000"", ""client-001"", ""client-002"", ""client-004"", ""client-005"", ""client-006""]","[""client-001"", ""client-005"", ""client-006""]","{""client-000"": 4.437360858653187, ""client-001"": 2.849679787968099, ""client-002"": 5.699359575936198, ""client-004"": 7.591722332016078, ""client-005"": 6.548163536518884, ""client-006"": 6.548163536518884}"
uair,30001,raven_sag,26,"[""client-000"", ""client-003"", ""client-004"", ""client-007""]","[""client-000"", ""client-001"", ""client-003"", ""client-004"", ""client-005"", ""client-006"", ""client-007""]","[""client-000"", ""client-003"", ""client-004"", ""client-007""]","{""client-000"": 3.259412728398605, ""client-001"": 4.366396196972072, ""client-003"": 6.51882545679721, ""client-004"": 3.259412728398605, ""client-005"": 5.7020368589135435, ""client-006"": 3.7579119667370384, ""client-007"": 8.553055288370315}"
uair,30001,raven_sag,27,[],"[""client-001"", ""client-005"", ""client-007""]",[],"{""client-001"": 6.522819050217586, ""client-005"": 5.694167383653821, ""client-007"": 5.694167383653821}"
uair,30001,raven_sag,28,"[""client-002"", ""client-003"", ""client-005"", ""client-007""]","[""client-000"", ""client-002"", ""client-003"", ""client-004"", ""client-005"", ""client-007""]","[""client-002"", ""client-003"", ""client-005"", ""client-007""]","{""client-000"": 6.604778592207575, ""client-002"": 5.716789302683264, ""client-003"": 2.858394651341632, ""client-004"": 2.858394651341632, ""client-005"": 2.858394651341632, ""client-007"": 3.3023892961037875}"
uair,30001,raven_sag,29,"[""client-000"", ""client-002"", ""client-004"", ""client-006"", ""client-007""]","[""client-000"", ""client-001"", ""client-002"", ""client-004"", ""client-005"", ""client-006"", ""client-007""]","[""client-000"", ""client-002"", ""client-004"", ""client-006"", ""client-007""]","{""client-000"": 2.864159945814782, ""client-001"": 2.864159945814782, ""client-002"": 11.456639783259128, ""client-004"": 3.3246557192668136, ""client-005"": 5.728319891629564, ""client-006"": 9.973967157800441, ""client-007"": 6.649311438533627}"
uair,30001,raven_sag,30,"[""client-006""]","[""client-001"", ""client-003"", ""client-004"", ""client-005"", ""client-006"", ""client-007""]","[""client-006""]","{""client-001"": 3.3053177984790447, ""client-003"": 5.672637332529922, ""client-004"": 6.610635596958089, ""client-005"": 3.8941001633413914, ""client-006"": 6.610635596958089, ""client-007"": 6.610635596958089}"
uair,30001,raven_sag,31,"[""client-002"", ""client-004""]","[""client-002"", ""client-003"", ""client-004""]","[""client-002"", ""client-004""]","{""client-002"": 3.2983050213180345, ""client-003"": 9.894915063954103, ""client-004"": 3.2983050213180345}"
uair,30001,raven_sag,32,"[""client-002"", ""client-004"", ""client-005""]","[""client-000"", ""client-001"", ""client-002"", ""client-003"", ""client-004"", ""client-005"", ""client-007""]","[""client-002"", ""client-004"", ""client-005""]","{""client-000"": 3.328290399887178, ""client-001"": 2.834421783888623, ""client-002"": 5.668843567777246, ""client-003"": 3.328290399887178, ""client-004"": 2.834421783888623, ""client-005"": 6.656580799774356, ""client-007"": 2.834421783888623}"
uair,30001,raven_sag,33,"[""client-001"", ""client-004"", ""client-005"", ""client-006""]","[""client-000"", ""client-001"", ""client-002"", ""client-003"", ""client-004"", ""client-005"", ""client-006"", ""client-007""]","[""client-001"", ""client-004"", ""client-005"", ""client-006""]","{""client-000"": 3.9992742109396286, ""client-001"": 6.698179001939622, ""client-002"": 4.829418073978753, ""client-003"": 2.8398522760737577, ""client-004"": 5.679704552147515, ""client-005"": 6.698179001939622, ""client-006"": 10.047268502909434, ""client-007"": 2.8398522760737577}"
uair,30001,raven_sag,34,"[""client-000"", ""client-002"", ""client-003"", ""client-005""]","[""client-000"", ""client-001"", ""client-002"", ""client-003"", ""client-004"", ""client-005"", ""client-007""]","[""client-000"", ""client-002"", ""client-003"", ""client-005""]","{""client-000"": 5.63504106717785, ""client-001"": 2.817520533588925, ""client-002"": 6.642485964006694, ""client-003"": 4.786196581796155, ""client-004"": 4.786196581796155, ""client-005"": 3.321242982003347, ""client-007"": 6.642485964006694}"
uair,30001,raven_sag,35,"[""client-002""]","[""client-001"", ""client-002"", ""client-003"", ""client-004"", ""client-007""]","[""client-002""]","{""client-001"": 3.946957151448969, ""client-002"": 3.308959502582777, ""client-003"": 3.308959502582777, ""client-004"": 2.809084323450715, ""client-007"": 3.308959502582777}"
uair,30001,raven_sag,36,"[""client-001"", ""client-002""]","[""client-000"", ""client-001"", ""client-002"", ""client-003"", ""client-005"", ""client-007""]","[""client-001"", ""client-002""]","{""client-000"": 5.659459069425269, ""client-001"": 6.692218112120307, ""client-002"": 3.3461090560601536, ""client-003"": 3.3461090560601536, ""client-005"": 11.318918138850538, ""client-007"": 2.8297295347126346}"
uair,30001,raven_sag,37,"[""client-003""]","[""client-000"", ""client-001"", ""client-003"", ""client-004"", ""client-006""]","[""client-003""]","{""client-000"": 4.023725334630257, ""client-001"": 10.041442459398452, ""client-003"": 5.643916502685935, ""client-004"": 4.895330375276231, ""client-006"": 3.3471474864661506}"
uair,30001,raven_sag,38,[],"[""client-000"", ""client-003"", ""client-004"", ""client-005"", ""client-006"", ""client-007""]",[],"{""client-000"": 13.408420222866232, ""client-003"": 3.352105055716558, ""client-004"": 4.043429308490563, ""client-005"": 2.8178172161558344, ""client-006"": 3.352105055716558, ""client-007"": 2.8178172161558344}"
uair,30001,raven_sag,39,"[""client-001"", ""client-002"", ""client-003"", ""client-006""]","[""client-000"", ""client-001"", ""client-002"", ""client-003"", ""client-004"", ""client-005"", ""client-006"", ""client-007""]","[""client-001"", ""client-002"", ""client-003"", ""client-006""]","{""client-000"": 6.72043259304571, ""client-001"": 5.649799866100139, ""client-002"": 3.360216296522855, ""client-003"": 6.72043259304571, ""client-004"": 2.8248999330500695, ""client-005"": 8.474699799150208, ""client-006"": 3.360216296522855, ""client-007"": 4.948001450881488}"
uair,30001,raven_sag,40,"[""client-002""]","[""client-000"", ""client-001"", ""client-002"", ""client-004"", ""client-005""]","[""client-002""]","{""client-000"": 2.8136518027984176, ""client-001"": 4.891675715154159, ""client-002"": 2.8136518027984176, ""client-004"": 10.017828391279767, ""client-005"": 2.8136518027984176}"
uair,30001,raven_sag,41,"[""client-006""]","[""client-002"", ""client-003"", ""client-004"", ""client-005"", ""client-006"", ""client-007""]","[""client-006""]","{""client-002"": 6.699979773693089, ""client-003"": 2.8234276300656425, ""client-004"": 2.8234276300656425, ""client-005"": 3.3499898868465445, ""client-006"": 6.699979773693089, ""client-007"": 2.8234276300656425}"
uair,30001,raven_sag,42,"[""client-004""]","[""client-000"", ""client-001"", ""client-003"", ""client-004"", ""client-005"", ""client-006""]","[""client-004""]","{""client-000"": 3.3732375000464003, ""client-001"": 2.848704395741702, ""client-003"": 3.3732375000464003, ""client-004"": 6.746475000092801, ""client-005"": 4.046596440512504, ""client-006"": 8.093192881025008}"
uair,30001,raven_sag,43,"[""client-000""]","[""client-000"", ""client-001"", ""client-003"", ""client-004"", ""client-005"", ""client-006""]","[""client-000""]","{""client-000"": 5.7248543188436205, ""client-001"": 6.75891014878373, ""client-003"": 4.0400149731530455, ""client-004"": 2.8624271594218103, ""client-005"": 2.8624271594218103, ""client-006"": 9.767905464116968}"
uair,30001,raven_sag,44,"[""client-000"", ""client-001"", ""client-002"", ""client-006"", ""client-007""]","[""client-000"", ""client-001"", ""client-002"", ""client-003"", ""client-004"", ""client-005"", ""client-006"", ""client-007""]","[""client-000"", ""client-001"", ""client-002"", ""client-006"", ""client-007""]","{""client-000"": 5.735414103006814, ""client-001"": 6.757619948669071, ""client-002"": 6.757619948669071, ""client-003"": 5.735414103006814, ""client-004"": 10.136429923003607, ""client-005"": 19.435536422809385, ""client-006"": 6.757619948669071, ""client-007"": 4.029777549663629}"
uair,30001,raven_sag,45,"[""client-004"", ""client-007""]","[""client-000"", ""client-003"", ""client-004"", ""client-005"", ""client-006"", ""client-007""]","[""client-004"", ""client-007""]","{""client-000"": 3.897335588515599, ""client-003"": 5.688997777648936, ""client-004"": 2.844498888824468, ""client-005"": 3.311737933583434, ""client-006"": 3.311737933583434, ""client-007"": 2.844498888824468}"
uair,30001,raven_sag,46,"[""client-000"", ""client-001"", ""client-002"", ""client-006""]","[""client-000"", ""client-001"", ""client-002"", ""client-003"", ""client-004"", ""client-005"", ""client-006"", ""client-007""]","[""client-000"", ""client-001"", ""client-002"", ""client-006""]","{""client-000"": 5.738275838600728, ""client-001"": 3.893586265402715, ""client-002"": 2.869137919300364, ""client-003"": 6.651241473598611, ""client-004"": 3.893586265402715, ""client-005"": 3.3256207367993054, ""client-006"": 3.3256207367993054, ""client-007"": 5.738275838600728}"
uair,30001,raven_sag,47,"[""client-003"", ""client-007""]","[""client-000"", ""client-002"", ""client-003"", ""client-006"", ""client-007""]","[""client-003"", ""client-007""]","{""client-000"": 6.644139937695531, ""client-002"": 7.753341741288889, ""client-003"": 5.748784051208974, ""client-006"": 3.3220699688477655, ""client-007"": 3.3220699688477655}"
uair,30001,raven_sag,48,"[""client-001"", ""client-005"", ""client-007""]","[""client-000"", ""client-001"", ""client-003"", ""client-004"", ""client-005"", ""client-007""]","[""client-001"", ""client-005"", ""client-007""]","{""client-000"": 8.648926855699212, ""client-001"": 6.6581429093442575, ""client-003"": 6.6581429093442575, ""client-004"": 3.3290714546721287, ""client-005"": 3.3290714546721287, ""client-007"": 2.8829756185664044}"
uair,30001,raven_sag,49,"[""client-000"", ""client-005"", ""client-006""]","[""client-000"", ""client-001"", ""client-004"", ""client-005"", ""client-006"", ""client-007""]","[""client-000"", ""client-005"", ""client-006""]","{""client-000"": 2.8761332257157495, ""client-001"": 2.8761332257157495, ""client-004"": 3.8928309795403426, ""client-005"": 11.678492938621028, ""client-006"": 2.8761332257157495, ""client-007"": 3.8928309795403426}"
uair,30001,raven_sag,50,"[""client-002"", ""client-007""]","[""client-000"", ""client-002"", ""client-003"", ""client-004"", ""client-005"", ""client-007""]","[""client-002"", ""client-007""]","{""client-000"": 2.886008514572765, ""client-002"": 5.77201702914553, ""client-003"": 10.021417177077979, ""client-004"": 9.208638807232017, ""client-005"": 2.886008514572765, ""client-007"": 6.680944784718653}"
uair,30001,raven_sag,51,"[""client-001"", ""client-005"", ""client-006""]","[""client-000"", ""client-001"", ""client-002"", ""client-003"", ""client-004"", ""client-005"", ""client-006""]","[""client-001"", ""client-005"", ""client-006""]","{""client-000"": 5.771153746080541, ""client-001"": 6.658967566845445, ""client-002"": 6.658967566845445, ""client-003"": 3.877896295195781, ""client-004"": 5.771153746080541, ""client-005"": 6.658967566845445, ""client-006"": 13.666252083196387}"
uair,30001,raven_sag,52,"[""client-002"", ""client-006"", ""client-007""]","[""client-002"", ""client-003"", ""client-004"", ""client-005"", ""client-006"", ""client-007""]","[""client-002"", ""client-006"", ""client-007""]","{""client-002"": 2.8704348896239225, ""client-003"": 5.740869779247845, ""client-004"": 3.2962396080579115, ""client-005"": 3.8189788197728207, ""client-006"": 9.888718824173734, ""client-007"": 3.2962396080579115}"
uair,30001,raven_sag,53,"[""client-002"", ""client-004""]","[""client-000"", ""client-002"", ""client-003"", ""client-004"", ""client-005"", ""client-006""]","[""client-002"", ""client-004""]","{""client-000"": 3.829441430707788, ""client-002"": 6.6064411235144584, ""client-003"": 6.6064411235144584, ""client-004"": 2.874866501397867, ""client-005"": 3.829441430707788, ""client-006"": 3.3032205617572292}"
uair,30001,raven_sag,54,"[""client-001"", ""client-002"", ""client-004"", ""client-006""]","[""client-000"", ""client-001"", ""client-002"", ""client-003"", ""client-004"", ""client-005"", ""client-006"", ""client-007""]","[""client-001"", ""client-002"", ""client-004"", ""client-006""]","{""client-000"": 8.94144982936206, ""client-001"": 8.636328993273853, ""client-002"": 3.8286018583274912, ""client-003"": 3.3052787730568545, ""client-004"": 8.636328993273853, ""client-005"": 5.757552662182569, ""client-006"": 5.757552662182569, ""client-007"": 6.610557546113709}"
uair,30001,raven_sag,55,"[""client-002"", ""client-004"", ""client-005"", ""client-006""]","[""client-000"", ""client-002"", ""client-003"", ""client-004"", ""client-005"", ""client-006"", ""client-007""]","[""client-002"", ""client-004"", ""client-005"", ""client-006""]","{""client-000"": 6.558156935186051, ""client-002"": 2.8598491491328177, ""client-003"": 2.8598491491328177, ""client-004"": 6.558156935186051, ""client-005"": 3.2790784675930253, ""client-006"": 3.2790784675930253, ""client-007"": 2.8598491491328177}"
uair,30001,raven_sag,56,"[""client-001"", ""client-003"", ""client-005""]","[""client-000"", ""client-001"", ""client-002"", ""client-003"", ""client-005"", ""client-006"", ""client-007""]","[""client-001"", ""client-003"", ""client-005""]","{""client-000"": 4.423848854405348, ""client-001"": 6.5570786866834, ""client-002"": 5.717555845545609, ""client-003"": 5.717555845545609, ""client-005"": 8.576333768318413, ""client-006"": 4.423848854405348, ""client-007"": 2.8587779227728043}"
uair,30001,raven_sag,57,"[""client-000"", ""client-001"", ""client-002"", ""client-004""]","[""client-000"", ""client-001"", ""client-002"", ""client-004"", ""client-005"", ""client-006"", ""client-007""]","[""client-000"", ""client-001"", ""client-002"", ""client-004""]","{""client-000"": 9.808699343768545, ""client-001"": 3.2695664479228483, ""client-002"": 6.539132895845697, ""client-004"": 3.2695664479228483, ""client-005"": 3.2695664479228483, ""client-006"": 4.421381788956322, ""client-007"": 9.808699343768545}"
uair,30001,raven_sag,58,"[""client-003"", ""client-004""]","[""client-001"", ""client-003"", ""client-004"", ""client-005"", ""client-007""]","[""client-003"", ""client-004""]","{""client-001"": 5.675376678117093, ""client-003"": 9.775174886681505, ""client-004"": 5.675376678117093, ""client-005"": 5.675376678117093, ""client-007"": 6.51678325778767}"
uair,30001,raven_sag,59,"[""client-000"", ""client-001"", ""client-005""]","[""client-000"", ""client-001"", ""client-002"", ""client-003"", ""client-004"", ""client-005"", ""client-006"", ""client-007""]","[""client-000"", ""client-001"", ""client-005""]","{""client-000"": 5.651655549761726, ""client-001"": 3.2533287431861817, ""client-002"": 9.759986229558546, ""client-003"": 3.7809251752676007, ""client-004"": 6.506657486372363, ""client-005"": 5.651655549761726, ""client-006"": 9.759986229558546, ""client-007"": 3.2533287431861817}"
uair,30001,raven_sag,60,"[""client-000"", ""client-006""]","[""client-000"", ""client-001"", ""client-002"", ""client-003"", ""client-005"", ""client-006""]","[""client-000"", ""client-006""]","{""client-000"": 2.7993869238980595, ""client-001"": 3.227946062179808, ""client-002"": 3.227946062179808, ""client-003"": 3.227946062179808, ""client-005"": 3.227946062179808, ""client-006"": 2.7993869238980595}"
uair,30001,raven_sag,61,"[""client-001"", ""client-003"", ""client-004"", ""client-006"", ""client-007""]","[""client-000"", ""client-001"", ""client-002"", ""client-003"", ""client-004"", ""client-006"", ""client-007""]","[""client-001"", ""client-003"", ""client-004"", ""client-006"", ""client-007""]","{""client-000"": 6.484372480613601, ""client-001"": 5.605719474071011, ""client-002"": 3.2421862403068005, ""client-003"": 6.484372480613601, ""client-004"": 2.8028597370355053, ""client-006"": 6.484372480613601, ""client-007"": 9.726558720920401}"
uair,30001,raven_sag,62,[],"[""client-000"", ""client-001"", ""client-002"", ""client-003"", ""client-004"", ""client-006"", ""client-007""]",[],"{""client-000"": 3.7873768775899914, ""client-001"": 3.2368054476715233, ""client-002"": 3.7873768775899914, ""client-003"": 2.7949846147317303, ""client-004"": 2.7949846147317303, ""client-006"": 8.384953844195191, ""client-007"": 7.574753755179983}"
uair,30001,raven_sag,63,"[""client-001"", ""client-002"", ""client-006"", ""client-007""]","[""client-000"", ""client-001"", ""client-002"", ""client-003"", ""client-004"", ""client-005"", ""client-006"", ""client-007""]","[""client-001"", ""client-002"", ""client-006"", ""client-007""]","{""client-000"": 9.70392210245951, ""client-001"": 9.70392210245951, ""client-002"": 5.583422623801001, ""client-003"": 3.2346407008198366, ""client-004"": 3.2346407008198366, ""client-005"": 7.574133543270149, ""client-006"": 8.375133935701502, ""client-007"": 2.7917113119005004}"
uair,30001,raven_sag,64,"[""client-003"", ""client-005"", ""client-006"", ""client-007""]","[""client-001"", ""client-002"", ""client-003"", ""client-004"", ""client-005"", ""client-006"", ""client-007""]","[""client-003"", ""client-005"", ""client-006"", ""client-007""]","{""client-001"": 5.540179280739313, ""client-002"": 3.7441099474548847, ""client-003"": 12.815731928796575, ""client-004"": 3.203932982199144, ""client-005"": 5.540179280739313, ""client-006"": 6.407865964398288, ""client-007"": 3.7441099474548847}"
uair,30001,raven_sag,65,[],"[""client-000"", ""client-002"", ""client-003"", ""client-004"", ""client-006""]",[],"{""client-000"": 3.189947941048801, ""client-002"": 12.759791764195205, ""client-003"": 13.244817971301135, ""client-004"": 6.379895882097602, ""client-006"": 7.469383636531715}"
uair,30001,raven_sag,66,"[""client-000"", ""client-001"", ""client-005"", ""client-007""]","[""client-000"", ""client-001"", ""client-003"", ""client-005"", ""client-006"", ""client-007""]","[""client-000"", ""client-001"", ""client-005"", ""client-007""]","{""client-000"": 8.747437793541849, ""client-001"": 3.1689362405771253, ""client-003"": 3.1689362405771253, ""client-005"": 4.373718896770924, ""client-006"": 2.7390646659741242, ""client-007"": 9.506808721731376}"
uair,30001,raven_sag,67,[],"[""client-000"", ""client-001"", ""client-003"", ""client-005"", ""client-006"", ""client-007""]",[],"{""client-000"": 4.362695390184227, ""client-001"": 8.725390780368453, ""client-003"": 5.4959943875901605, ""client-005"": 6.347967867603007, ""client-006"": 5.4959943875901605, ""client-007"": 6.347967867603007}"
uair,30001,raven_sag,68,"[""client-000"", ""client-001""]","[""client-000"", ""client-001"", ""client-006"", ""client-007""]","[""client-000"", ""client-001""]","{""client-000"": 3.6819577520761517, ""client-001"": 3.16644339698267, ""client-006"": 3.6819577520761517, ""client-007"": 4.320140924955311}"
uair,30001,raven_sag,69,"[""client-007""]","[""client-000"", ""client-001"", ""client-002"", ""client-004"", ""client-006"", ""client-007""]","[""client-007""]","{""client-000"": 2.7671280779636063, ""client-001"": 7.41337401746012, ""client-002"": 9.561064205026188, ""client-004"": 4.349832131325182, ""client-006"": 5.5342561559272125, ""client-007"": 5.5342561559272125}"
uair,30001,raven_sag,70,"[""client-002"", ""client-005"", ""client-007""]","[""client-001"", ""client-002"", ""client-003"", ""client-004"", ""client-005"", ""client-006"", ""client-007""]","[""client-002"", ""client-005"", ""client-007""]","{""client-001"": 5.539779958573888, ""client-002"": 8.309669937860832, ""client-003"": 3.6977384405473765, ""client-004"": 5.539779958573888, ""client-005"": 3.185108746186786, ""client-006"": 3.185108746186786, ""client-007"": 6.370217492373572}"
uair,30001,raven_sag,71,"[""client-003"", ""client-004""]","[""client-001"", ""client-002"", ""client-003"", ""client-004"", ""client-005"", ""client-006"", ""client-007""]","[""client-003"", ""client-004""]","{""client-001"": 9.542664134041637, ""client-002"": 5.518956129136511, ""client-003"": 3.180888044680546, ""client-004"": 5.518956129136511, ""client-005"": 6.361776089361092, ""client-006"": 9.542664134041637, ""client-007"": 5.518956129136511}"
uair,30001,raven_sag,72,"[""client-000"", ""client-004"", ""client-005""]","[""client-000"", ""client-001"", ""client-002"", ""client-003"", ""client-004"", ""client-005"", ""client-006"", ""client-007""]","[""client-000"", ""client-004"", ""client-005""]","{""client-000"": 6.3289717483402415, ""client-001"": 2.740256731015272, ""client-002"": 9.493457622510363, ""client-003"": 3.1644858741701207, ""client-004"": 3.1644858741701207, ""client-005"": 8.696804470826839, ""client-006"": 3.1644858741701207, ""client-007"": 2.740256731015272}"
uair,30001,raven_sag,73,"[""client-000"", ""client-001"", ""client-004""]","[""client-000"", ""client-001"", ""client-002"", ""client-003"", ""client-004"", ""client-005"", ""client-006"", ""client-007""]","[""client-000"", ""client-001"", ""client-004""]","{""client-000"": 4.330639750868441, ""client-001"": 9.448089484402162, ""client-002"": 10.906545264960865, ""client-003"": 2.7266363162402163, ""client-004"": 2.7266363162402163, ""client-005"": 2.7266363162402163, ""client-006"": 5.453272632480433, ""client-007"": 9.448089484402162}"
uair,30001,raven_sag,74,"[""client-001"", ""client-002"", ""client-004"", ""client-005""]","[""client-000"", ""client-001"", ""client-002"", ""client-004"", ""client-005"", ""client-006"", ""client-007""]","[""client-001"", ""client-002"", ""client-004"", ""client-005""]","{""client-000"": 2.714250194472757, ""client-001"": 5.428500388945514, ""client-002"": 6.265647405626089, ""client-004"": 8.14275058341827, ""client-005"": 2.714250194472757, ""client-006"": 3.653601534914942, ""client-007"": 5.428500388945514}"
uair,30001,raven_sag,75,"[""client-000"", ""client-001"", ""client-002"", ""client-004""]","[""client-000"", ""client-001"", ""client-002"", ""client-003"", ""client-004"", ""client-007""]","[""client-000"", ""client-001"", ""client-002"", ""client-004""]","{""client-000"": 2.7072593117134565, ""client-001"": 9.380397160995784, ""client-002"": 8.121777935140368, ""client-003"": 6.2535981073305225, ""client-004"": 3.1267990536652612, ""client-007"": 3.1267990536652612}"
uair,30001,raven_sag,76,"[""client-000""]","[""client-000"", ""client-001"", ""client-003"", ""client-004"", ""client-005"", ""client-006"", ""client-007""]","[""client-000""]","{""client-000"": 5.395133461873486, ""client-001"": 6.245450088588522, ""client-003"": 2.697566730936743, ""client-004"": 6.245450088588522, ""client-005"": 2.697566730936743, ""client-006"": 2.697566730936743, ""client-007"": 4.319154900869078}"
uair,30001,raven_sag,77,"[""client-004""]","[""client-001"", ""client-002"", ""client-004"", ""client-005""]","[""client-004""]","{""client-001"": 3.670259470223336, ""client-002"": 3.670259470223336, ""client-004"": 2.691918526363094, ""client-005"": 4.354597917354689}"
uair,30001,raven_sag,78,"[""client-003""]","[""client-001"", ""client-002"", ""client-003"", ""client-004"", ""client-006""]","[""client-003""]","{""client-001"": 6.285348271150536, ""client-002"": 2.7033719189315253, ""client-003"": 5.406743837863051, ""client-004"": 5.406743837863051, ""client-006"": 5.406743837863051}"
uair,30001,raven_sag,79,"[""client-001"", ""client-004""]","[""client-001"", ""client-003"", ""client-004"", ""client-005""]","[""client-001"", ""client-004""]","{""client-001"": 2.7100332463558643, ""client-003"": 3.152765853507664, ""client-004"": 5.420066492711729, ""client-005"": 3.152765853507664}"
uair,30002,raven,0,"[""client-001"", ""client-004""]","[""client-001"", ""client-004"", ""client-007""]","[""client-001"", ""client-003"", ""client-004""]","{""client-001"": 2.157660036662791, ""client-004"": 15.535152263972098, ""client-007"": 5.1783840879906995}"
uair,30002,raven,1,"[""client-000"", ""client-001"", ""client-004""]","[""client-000"", ""client-001"", ""client-004"", ""client-005"", ""client-006""]","[""client-000"", ""client-001"", ""client-004""]","{""client-000"": 2.432848131292438, ""client-001"": 2.6782971372351714, ""client-004"": 1.9462785050339508, ""client-005"": 0.3243797508389918, ""client-006"": 16.623380864172578}"
uair,30002,raven,2,"[""client-000"", ""client-001"", ""client-003"", ""client-004""]","[""client-000"", ""client-001"", ""client-002"", ""client-003"", ""client-004"", ""client-006"", ""client-007""]","[""client-000"", ""client-001"", ""client-003"", ""client-004""]","{""client-000"": 5.948981462166589, ""client-001"": 1.9829938207221964, ""client-002"": 2.9744907310832946, ""client-003"": 2.9744907310832946, ""client-004"": 7.726821945761647, ""client-006"": 0.39659876414443934, ""client-007"": 9.773698374253774}"
uair,30002,raven,3,"[""client-001"", ""client-006""]","[""client-000"", ""client-001"", ""client-003"", ""client-006""]","[""client-001"", ""client-005"", ""client-006""]","{""client-000"": 0.5103746902905494, ""client-001"": 1.0207493805810988, ""client-003"": 1.0207493805810988, ""client-006"": 2.6295050137438865}"
uair,30002,raven,4,"[""client-002"", ""client-004"", ""client-007""]","[""client-000"", ""client-002"", ""client-004"", ""client-005"", ""client-007""]","[""client-002"", ""client-004"", ""client-006"", ""client-007""]","{""client-000"": 1.6937200035041085, ""client-002"": 3.941175849607353, ""client-004"": 34.21940800548506, ""client-005"": 0.45165866760109563, ""client-007"": 2.709952005606574}"
uair,30002,raven,5,"[""client-000"", ""client-005"", ""client-006""]","[""client-000"", ""client-005"", ""client-006""]","[""client-000"", ""client-005"", ""client-006""]","{""client-000"": 3.7240250854428134, ""client-005"": 7.944707426923138, ""client-006"": 2.648235808974379}"
uair,30002,raven,6,"[""client-000"", ""client-005""]","[""client-000"", ""client-005"", ""client-006""]","[""client-000"", ""client-004"", ""client-005""]","{""client-000"": 3.443908127092336, ""client-005"": 12.875165676731202, ""client-006"": 1.3775632508369346}"
uair,30002,raven,7,"[""client-001""]","[""client-001"", ""client-002"", ""client-005"", ""client-006""]","[""client-001"", ""client-003"", ""client-004""]","{""client-001"": 4.1085628371513785, ""client-002"": 5.007840474669288, ""client-005"": 9.860550809163309, ""client-006"": 13.489667317572902}"
uair,30002,raven,8,"[""client-006"", ""client-007""]","[""client-000"", ""client-003"", ""client-006"", ""client-007""]","[""client-006"", ""client-007""]","{""client-000"": 1.1640640202429446, ""client-003"": 8.15920292969849, ""client-006"": 26.93999297817869, ""client-007"": 2.7937536485830674}"
uair,30002,raven,9,"[""client-002"", ""client-005"", ""client-007""]","[""client-001"", ""client-002"", ""client-003"", ""client-005"", ""client-007""]","[""client-002"", ""client-005"", ""client-007""]","{""client-001"": 10.542416720454419, ""client-002"": 0.5856898178030232, ""client-003"": 8.178720586834343, ""client-005"": 0.9371037084848374, ""client-007"": 2.811311125454512}"
uair,30002,raven,10,"[""client-006""]","[""client-004"", ""client-005"", ""client-006""]","[""client-006""]","{""client-004"": 0.47368321620174614, ""client-005"": 4.009830876254049, ""client-006"": 5.6841985944209545}"
uair,30002,raven,11,"[""client-006""]","[""client-003"", ""client-005"", ""client-006""]","[""client-004"", ""client-006""]","{""client-003"": 10.741533893108079, ""client-005"": 16.96028847501236, ""client-006"": 0.4774015063603591}"
uair,30002,raven,12,"[""client-000"", ""client-001"", ""client-006""]","[""client-000"", ""client-001"", ""client-004"", ""client-006""]","[""client-000"", ""client-001"", ""client-003"", ""client-005"", ""client-006""]","{""client-000"": 8.449522595639928, ""client-001"": 8.449522595639928, ""client-004"": 0.4787863694224605, ""client-006"": 0.957572738844921}"
uair,30002,raven,13,"[""client-000"", ""client-001"", ""client-004"", ""client-007""]","[""client-000"", ""client-001"", ""client-002"", ""client-004"", ""client-006"", ""client-007""]","[""client-000"", ""client-001"", ""client-004"", ""client-007""]","{""client-000"": 8.276644756918769, ""client-001"": 7.136345042252585, ""client-002"": 0.5946954201877154, ""client-004"": 5.709076033802069, ""client-006"": 6.621315805535016, ""client-007"": 8.563614050703103}"
uair,30002,raven,14,"[""client-001"", ""client-003""]","[""client-001"", ""client-003"", ""client-005"", ""client-007""]","[""client-000"", ""client-001"", ""client-003"", ""client-006""]","{""client-001"": 1.185941030995288, ""client-003"": 3.5578230929858643, ""client-005"": 6.542875855191177, ""client-007"": 1.4231292371943458}"
uair,30002,raven,15,"[""client-002""]","[""client-001"", ""client-002"", ""client-003"", ""client-004"", ""client-005""]","[""client-000"", ""client-002""]","{""client-001"": 3.4827482332913244, ""client-002"": 3.9868760890200248, ""client-003"": 37.48857517078363, ""client-004"": 12.864426395087978, ""client-005"": 14.995430068313452}"
uair,30002,raven,16,"[""client-002"", ""client-003"", ""client-007""]","[""client-001"", ""client-002"", ""client-003"", ""client-004"", ""client-007""]","[""client-002"", ""client-003"", ""client-007""]","{""client-001"": 0.5802937984422655, ""client-002"": 1.160587596884531, ""client-003"": 3.981997331513135, ""client-004"": 5.57082046504575, ""client-007"": 9.556793595631525}"
uair,30002,raven,17,"[""client-002""]","[""client-001"", ""client-002"", ""client-003""]","[""client-002""]","{""client-001"": 1.1704438911637831, ""client-002"": 14.045326693965398, ""client-003"": 3.5113316734913496}"
uair,30002,raven,18,"[""client-002""]","[""client-000"", ""client-002"", ""client-003"", ""client-006""]","[""client-002""]","{""client-000"": 8.162756990718332, ""client-002"": 10.491937601199194, ""client-003"": 1.1657708445776882, ""client-006"": 6.530205592574667}"
uair,30002,raven,19,[],"[""client-004"", ""client-005""]",[],"{""client-004"": 5.481664742791506, ""client-005"": 1.3704161856978765}"
uair,30002,raven,20,"[""client-003""]","[""client-002"", ""client-003""]","[""client-000"", ""client-003"", ""client-004""]","{""client-002"": 20.0, ""client-003"": 4.132855154098213}"
uair,30002,raven,21,"[""client-002""]","[""client-000"", ""client-001"", ""client-002"", ""client-003""]","[""client-002"", ""client-004""]","{""client-000"": 1.1267094782609175, ""client-001"": 18.416565307740186, ""client-002"": 3.380128434782753, ""client-003"": 0.5633547391304587}"
uair,30002,raven,22,"[""client-001"", ""client-007""]","[""client-001"", ""client-004"", ""client-006"", ""client-007""]","[""client-000"", ""client-001"", ""client-007""]","{""client-001"": 8.463332486588993, ""client-004"": 2.719619914995437, ""client-006"": 2.719619914995437, ""client-007"": 0.9065399716651455}"
uair,30002,raven,23,"[""client-007""]","[""client-000"", ""client-003"", ""client-004"", ""client-005"", ""client-007""]","[""client-007""]","{""client-000"": 8.522578823575884, ""client-003"": 6.817813382333684, ""client-004"": 5.454250705866948, ""client-005"": 3.409031529430354, ""client-007"": 0.454520892155579}"
uair,30002,raven,24,"[""client-002""]","[""client-000"", ""client-001"", ""client-002"", ""client-003"", ""client-007""]","[""client-002""]","{""client-000"": 0.5700295958797421, ""client-001"": 6.840355150556905, ""client-002"": 8.604236648174776, ""client-003"": 4.302118324087388, ""client-007"": 10.325083977809733}"
uair,30002,raven,25,"[""client-005""]","[""client-000"", ""client-005"", ""client-007""]","[""client-002"", ""client-003"", ""client-005""]","{""client-000"": 8.646991132842272, ""client-005"": 5.485872089592423, ""client-007"": 0.45715600746603524}"
uair,30002,raven,26,[],"[""client-004"", ""client-006""]",[],"{""client-004"": 0.9138511507952551, ""client-006"": 2.741553452385766}"
uair,30002,raven,27,"[""client-000"", ""client-007""]","[""client-000"", ""client-002"", ""client-003"", ""client-007""]","[""client-000"", ""client-001"", ""client-005"", ""client-007""]","{""client-000"": 1.15476001164724, ""client-002"": 3.4642800349417207, ""client-003"": 1.73214001747086, ""client-007"": 2.771424027953377}"
uair,30002,raven,28,"[""client-002"", ""client-005"", ""client-006""]","[""client-000"", ""client-002"", ""client-003"", ""client-004"", ""client-005"", ""client-006"", ""client-007""]","[""client-002"", ""client-005"", ""client-006""]","{""client-000"": 3.4311412739157605, ""client-002"": 1.14371375797192, ""client-003"": 13.287568004699711, ""client-004"": 3.543351467919923, ""client-005"": 2.7449130191326088, ""client-006"": 2.7449130191326088, ""client-007"": 0.45748550318876813}"
uair,30002,raven,29,[],"[""client-000"", ""client-002""]","[""client-001"", ""client-007""]","{""client-000"": 1.1436655845445354, ""client-002"": 0.5718327922722677}"
uair,30002,raven,30,"[""client-002""]","[""client-002"", ""client-004"", ""client-006"", ""client-007""]","[""client-002"", ""client-005""]","{""client-002"": 10.327325172772905, ""client-004"": 5.507906758812218, ""client-006"": 8.261860138218326, ""client-007"": 10.627976926429012}"
uair,30002,raven,31,"[""client-001"", ""client-004"", ""client-005"", ""client-007""]","[""client-000"", ""client-001"", ""client-004"", ""client-005"", ""client-007""]","[""client-001"", ""client-003"", ""client-004"", ""client-005"", ""client-007""]","{""client-000"": 20.0, ""client-001"": 3.398260346465364, ""client-004"": 5.437216554344584, ""client-005"": 10.908126180985017, ""client-007"": 10.467592632233911}"
uair,30002,raven,32,[],"[""client-000"", ""client-002"", ""client-003"", ""client-004"", ""client-005"", ""client-006""]",[],"{""client-000"": 1.125733340782825, ""client-002"": 3.3772000223484753, ""client-003"": 20.0, ""client-004"": 5.4102636672378805, ""client-005"": 0.9005866726262601, ""client-006"": 10.39485045749026}"
uair,30002,raven,33,"[""client-003""]","[""client-000"", ""client-001"", ""client-003"", ""client-004"", ""client-005"", ""client-007""]","[""client-003""]","{""client-000"": 20.0, ""client-001"": 19.742782444372093, ""client-003"": 3.369441271113414, ""client-004"": 10.327031531591022, ""client-005"": 0.44925883614845524, ""client-007"": 6.884687687727348}"
uair,30002,raven,34,"[""client-003"", ""client-007""]","[""client-001"", ""client-003"", ""client-004"", ""client-007""]","[""client-000"", ""client-003"", ""client-007""]","{""client-001"": 1.1259264083807345, ""client-003"": 0.5629632041903673, ""client-004"": 5.404446760227526, ""client-007"": 3.4309362014281355}"
uair,30002,raven,35,"[""client-003""]","[""client-001"", ""client-003"", ""client-004"", ""client-006""]","[""client-000"", ""client-002"", ""client-003""]","{""client-001"": 6.524406360675606, ""client-003"": 4.315666802511726, ""client-004"": 5.219525088540484, ""client-006"": 3.4525334420093814}"
uair,30002,raven,36,"[""client-003"", ""client-006""]","[""client-000"", ""client-001"", ""client-003"", ""client-004"", ""client-005"", ""client-006""]","[""client-002"", ""client-003"", ""client-006""]","{""client-000"": 8.601294078909858, ""client-001"": 0.5690156471545789, ""client-003"": 1.1380312943091577, ""client-004"": 5.462550212683959, ""client-005"": 0.45521251772366317, ""client-006"": 0.45521251772366317}"
uair,30002,raven,37,"[""client-000"", ""client-002"", ""client-003""]","[""client-000"", ""client-002"", ""client-003"", ""client-004""]","[""client-000"", ""client-002"", ""client-003""]","{""client-000"": 6.815582396494645, ""client-002"": 1.1359303994157741, ""client-003"": 4.274927798278108, ""client-004"": 15.351613267984368}"
uair,30002,raven,38,"[""client-001"", ""client-002""]","[""client-001"", ""client-002"", ""client-004"", ""client-005"", ""client-006""]","[""client-001"", ""client-002""]","{""client-001"": 3.4081213356259625, ""client-002"": 0.568020222604327, ""client-004"": 5.452994137001541, ""client-005"": 13.715246710599674, ""client-006"": 20.0}"
uair,30002,raven,39,"[""client-007""]","[""client-001"", ""client-002"", ""client-003"", ""client-004"", ""client-007""]","[""client-007""]","{""client-001"": 6.428017576591141, ""client-002"": 17.20024922659608, ""client-003"": 1.1363539017106945, ""client-004"": 2.7272493641056674, ""client-007"": 0.45454156068427787}"
uair,30002,raven,40,[],"[""client-001"", ""client-004"", ""client-007""]","[""client-000""]","{""client-001"": 8.577366996601405, ""client-004"": 2.7248945445760357, ""client-007"": 0.45414909076267257}"
uair,30002,raven,41,"[""client-001""]","[""client-000"", ""client-001"", ""client-002"", ""client-006"", ""client-007""]","[""client-001""]","{""client-000"": 3.4068557712096195, ""client-001"": 6.813711542419239, ""client-002"": 12.821538944185479, ""client-006"": 3.4190770517827946, ""client-007"": 2.725484616967696}"
uair,30002,raven,42,"[""client-003""]","[""client-001"", ""client-003"", ""client-005"", ""client-006""]","[""client-003"", ""client-004""]","{""client-001"": 12.773309473216138, ""client-003"": 3.410284458814474, ""client-005"": 6.812431719048608, ""client-006"": 4.961287087427728}"
uair,30002,raven,43,"[""client-002"", ""client-003"", ""client-007""]","[""client-001"", ""client-002"", ""client-003"", ""client-004"", ""client-005"", ""client-007""]","[""client-002"", ""client-003"", ""client-007""]","{""client-001"": 4.2643850588988945, ""client-002"": 1.1398999418386078, ""client-003"": 0.5699499709193039, ""client-004"": 15.203418387484653, ""client-005"": 10.234524141357348, ""client-007"": 3.411508047119116}"
uair,30002,raven,44,"[""client-000"", ""client-004""]","[""client-000"", ""client-001"", ""client-002"", ""client-004""]","[""client-000"", ""client-004""]","{""client-000"": 0.5706259238821478, ""client-001"": 4.255819177747921, ""client-002"": 1.1412518477642957, ""client-004"": 2.73900443463431}"
uair,30002,raven,45,"[""client-001"", ""client-002""]","[""client-000"", ""client-001"", ""client-002"", ""client-003"", ""client-005"", ""client-006"", ""client-007""]","[""client-001"", ""client-002""]","{""client-000"": 8.58489579976319, ""client-001"": 3.446211774713067, ""client-002"": 1.7231058873565335, ""client-003"": 19.09744958916512, ""client-005"": 19.865084530758526, ""client-006"": 3.4339583199052766, ""client-007"": 0.45949490329507564}"
uair,30002,raven,46,"[""client-005"", ""client-006""]","[""client-000"", ""client-005"", ""client-006"", ""client-007""]","[""client-001"", ""client-004"", ""client-005"", ""client-006""]","{""client-000"": 3.437260369959768, ""client-005"": 5.49961659193563, ""client-006"": 19.767343026272766, ""client-007"": 8.249424887903444}"
uair,30002,raven,47,"[""client-005""]","[""client-000"", ""client-002"", ""client-003"", ""client-004"", ""client-005""]","[""client-005""]","{""client-000"": 20.0, ""client-002"": 0.5735030883857372, ""client-003"": 10.323055590943268, ""client-004"": 0.9176049414171795, ""client-005"": 8.258444472754617}"
uair,30002,raven,48,"[""client-003"", ""client-005""]","[""client-001"", ""client-002"", ""client-003"", ""client-005"", ""client-006""]","[""client-000"", ""client-003"", ""client-004"", ""client-005""]","{""client-001"": 4.279144960527165, ""client-002"": 12.837434881581494, ""client-003"": 12.837434881581494, ""client-005"": 2.7368537794585492, ""client-006"": 1.3684268897292744}"
uair,30002,raven,49,"[""client-001""]","[""client-000"", ""client-001"", ""client-003"", ""client-006"", ""client-007""]","[""client-001""]","{""client-000"": 8.51885758931152, ""client-001"": 1.1305685681683078, ""client-003"": 1.1305685681683078, ""client-006"": 3.4075430357246086, ""client-007"": 1.3566822818019695}"
uair,30002,raven,50,"[""client-004""]","[""client-000"", ""client-003"", ""client-004"", ""client-006"", ""client-007""]","[""client-004""]","{""client-000"": 1.1248488772828664, ""client-003"": 12.834351346103896, ""client-004"": 2.69963730547888, ""client-006"": 6.824380099125755, ""client-007"": 10.267481076883117}"
uair,30002,raven,51,[],"[""client-000"", ""client-002"", ""client-003"", ""client-004"", ""client-006""]","[""client-001"", ""client-007""]","{""client-000"": 0.559484844243203, ""client-002"": 4.2454966677507135, ""client-003"": 8.490993335501427, ""client-004"": 5.371054504734749, ""client-006"": 2.6855272523673746}"
uair,30002,raven,52,"[""client-000""]","[""client-000"", ""client-001"", ""client-005"", ""client-006"", ""client-007""]","[""client-000""]","{""client-000"": 6.255947085563126, ""client-001"": 4.205829537347289, ""client-005"": 5.350324424641341, ""client-006"": 2.6751622123206706, ""client-007"": 0.8917207374402235}"
uair,30002,raven,53,"[""client-002"", ""client-004"", ""client-005"", ""client-006""]","[""client-000"", ""client-001"", ""client-002"", ""client-004"", ""client-005"", ""client-006""]","[""client-002"", ""client-004"", ""client-005"", ""client-006"", ""client-007""]","{""client-000"": 8.400373905421453, ""client-001"": 4.200186952710727, ""client-002"": 4.200186952710727, ""client-004"": 6.720299124337164, ""client-005"": 5.36140154022584, ""client-006"": 2.68070077011292}"
uair,30002,raven,54,"[""client-000"", ""client-002"", ""client-006""]","[""client-000"", ""client-002"", ""client-005"", ""client-006"", ""client-007""]","[""client-000"", ""client-002"", ""client-006""]","{""client-000"": 3.3602469845505776, ""client-002"": 4.200403287102658, ""client-005"": 3.3603226296821265, ""client-006"": 0.4480329312734104, ""client-007"": 1.3440987938202311}"
uair,30002,raven,55,[],"[""client-004""]",[],"{""client-004"": 6.760821029869895}"
uair,30002,raven,56,"[""client-003"", ""client-005"", ""client-007""]","[""client-000"", ""client-001"", ""client-003"", ""client-004"", ""client-005"", ""client-006"", ""client-007""]","[""client-002"", ""client-003"", ""client-005"", ""client-007""]","{""client-000"": 0.5630082656341694, ""client-001"": 6.204124622610189, ""client-003"": 4.228079563734895, ""client-004"": 0.9008132250146711, ""client-005"": 6.764927301975834, ""client-006"": 1.3512198375220066, ""client-007"": 0.45040661250733555}"
uair,30002,raven,57,"[""client-004""]","[""client-004"", ""client-005"", ""client-006""]","[""client-004"", ""client-007""]","{""client-004"": 2.6947676874180417, ""client-005"": 13.494477431775556, ""client-006"": 6.747238715887778}"
uair,30002,raven,58,"[""client-001"", ""client-003"", ""client-006""]","[""client-001"", ""client-002"", ""client-003"", ""client-004"", ""client-006"", ""client-007""]","[""client-001"", ""client-003"", ""client-006""]","{""client-001"": 4.221340214544379, ""client-002"": 1.1210236103946016, ""client-003"": 3.3630708311838053, ""client-004"": 6.754144343271008, ""client-006"": 3.377072171635504, ""client-007"": 5.380913329894089}"
uair,30002,raven,59,"[""client-006""]","[""client-001"", ""client-005"", ""client-006""]","[""client-002"", ""client-006""]","{""client-001"": 1.1177236342247336, ""client-005"": 5.365073444278723, ""client-006"": 0.8941789073797871}"
uair,30002,raven,60,"[""client-000"", ""client-006""]","[""client-000"", ""client-003"", ""client-004"", ""client-005"", ""client-006"", ""client-007""]","[""client-000"", ""client-001"", ""client-006""]","{""client-000"": 1.1141343345583987, ""client-003"": 0.5570671672791994, ""client-004"": 5.347844805880315, ""client-005"": 1.3369612014700787, ""client-006"": 0.44565373382335954, ""client-007"": 9.87940369995003}"
uair,30002,raven,61,"[""client-005"", ""client-007""]","[""client-001"", ""client-005"", ""client-007""]","[""client-000"", ""client-005"", ""client-006"", ""client-007""]","{""client-001"": 0.5528084648877827, ""client-005"": 9.942540566422183, ""client-007"": 3.3141801888073945}"
uair,30002,raven,62,"[""client-004"", ""client-006""]","[""client-000"", ""client-001"", ""client-003"", ""client-004"", ""client-006"", ""client-007""]","[""client-004"", ""client-006""]","{""client-000"": 6.633993088431446, ""client-001"": 1.1056655147385743, ""client-003"": 6.023282529475574, ""client-004"": 9.926185307404657, ""client-006"": 4.8186260235804586, ""client-007"": 19.274504094321834}"
uair,30002,raven,63,"[""client-004"", ""client-006"", ""client-007""]","[""client-001"", ""client-004"", ""client-005"", ""client-006"", ""client-007""]","[""client-004"", ""client-006"", ""client-007""]","{""client-001"": 4.103349607451419, ""client-004"": 0.8800615456729125, ""client-005"": 2.640184637018738, ""client-006"": 5.280369274037476, ""client-007"": 6.565359371922271}"
uair,30002,raven,64,"[""client-004"", ""client-006""]","[""client-000"", ""client-002"", ""client-003"", ""client-004"", ""client-005"", ""client-006""]","[""client-004"", ""client-006"", ""client-007""]","{""client-000"": 20.0, ""client-002"": 6.601359831032832, ""client-003"": 8.21499346558068, ""client-004"": 0.4400906554021889, ""client-005"": 0.4400906554021889, ""client-006"": 14.628175767197645}"
uair,30002,raven,65,"[""client-006"", ""client-007""]","[""client-000"", ""client-002"", ""client-003"", ""client-006"", ""client-007""]","[""client-004"", ""client-006"", ""client-007""]","{""client-000"": 4.1001961797483615, ""client-002"": 1.098555327583693, ""client-003"": 4.1001961797483615, ""client-006"": 0.8788442620669545, ""client-007"": 0.43942213103347727}"
uair,30002,raven,66,"[""client-001"", ""client-002"", ""client-004"", ""client-007""]","[""client-001"", ""client-002"", ""client-003"", ""client-004"", ""client-005"", ""client-007""]","[""client-000"", ""client-001"", ""client-002"", ""client-004"", ""client-007""]","{""client-001"": 8.228182363252035, ""client-002"": 8.228182363252035, ""client-003"": 8.228182363252035, ""client-004"": 3.2912729453008147, ""client-005"": 7.932036435659037, ""client-007"": 6.582545890601629}"
uair,30002,raven,67,"[""client-004""]","[""client-000"", ""client-002"", ""client-003"", ""client-004"", ""client-005""]","[""client-004""]","{""client-000"": 36.460173089190334, ""client-002"": 1.0972894726446718, ""client-003"": 3.2918684179340154, ""client-004"": 6.5530982355061305, ""client-005"": 18.998710805240503}"
uair,30002,raven,68,[],"[""client-000"", ""client-001"", ""client-003"", ""client-005"", ""client-006"", ""client-007""]","[""client-004""]","{""client-000"": 5.901519553336248, ""client-001"": 3.2817782562014597, ""client-003"": 20.0, ""client-005"": 4.721215642668998, ""client-006"": 2.625422604961168, ""client-007"": 1.312711302480584}"
uair,30002,raven,69,"[""client-000"", ""client-004"", ""client-006""]","[""client-000"", ""client-001"", ""client-004"", ""client-006""]","[""client-000"", ""client-003"", ""client-004"", ""client-005"", ""client-006""]","{""client-000"": 4.088695989069009, ""client-001"": 1.0980794966483438, ""client-004"": 6.541913582510416, ""client-006"": 29.032903208246267}"
uair,30002,raven,70,"[""client-002"", ""client-003"", ""client-005""]","[""client-001"", ""client-002"", ""client-003"", ""client-004"", ""client-005""]","[""client-002"", ""client-003"", ""client-005"", ""client-006"", ""client-007""]","{""client-001"": 1.098968154290719, ""client-002"": 4.083847686841873, ""client-003"": 1.098968154290719, ""client-004"": 2.6375235702977267, ""client-005"": 1.318761785148863}"
uair,30002,raven,71,"[""client-005"", ""client-006""]","[""client-000"", ""client-001"", ""client-005"", ""client-006"", ""client-007""]","[""client-002"", ""client-005"", ""client-006""]","{""client-000"": 6.600771564863581, ""client-001"": 4.084856265356056, ""client-005"": 7.920925877836298, ""client-006"": 0.4400514376575721, ""client-007"": 3.267885012284845}"
uair,30002,raven,72,"[""client-000"", ""client-004"", ""client-007""]","[""client-000"", ""client-003"", ""client-004"", ""client-006"", ""client-007""]","[""client-000"", ""client-004"", ""client-007""]","{""client-000"": 3.3022511560597683, ""client-003"": 36.19501675898526, ""client-004"": 1.3209004624239074, ""client-006"": 6.542955941569552, ""client-007"": 6.542955941569552}"
uair,30002,raven,73,"[""client-000""]","[""client-000"", ""client-001"", ""client-003"", ""client-005""]","[""client-000""]","{""client-000"": 4.094929939992615, ""client-001"": 1.1033518159544968, ""client-003"": 8.18985987998523, ""client-005"": 4.677521693775279}"
uair,30002,raven,74,"[""client-004""]","[""client-000"", ""client-003"", ""client-004"", ""client-005"", ""client-006""]","[""client-004""]","{""client-000"": 1.1045770856875514, ""client-003"": 5.86657611479007, ""client-004"": 5.301970011300248, ""client-005"": 6.563561829095732, ""client-006"": 3.281780914547866}"
uair,30002,raven,75,"[""client-002"", ""client-003""]","[""client-000"", ""client-001"", ""client-002"", ""client-003""]","[""client-002"", ""client-003""]","{""client-000"": 8.210764849099732, ""client-001"": 3.31621609394757, ""client-002"": 5.8708928102925535, ""client-003"": 18.158894384862155}"
uair,30002,raven,76,"[""client-001""]","[""client-001"", ""client-004"", ""client-007""]","[""client-001"", ""client-002"", ""client-003""]","{""client-001"": 6.632289283598061, ""client-004"": 6.553731368805915, ""client-007"": 4.659453405271444}"
uair,30002,raven,77,"[""client-002"", ""client-005""]","[""client-002"", ""client-003"", ""client-004"", ""client-005""]","[""client-002"", ""client-005""]","{""client-002"": 8.19238969898298, ""client-003"": 18.075784568071242, ""client-004"": 0.44204451778534054, ""client-005"": 6.553911759186385}"
uair,30002,raven,78,"[""client-000"", ""client-002"", ""client-004""]","[""client-000"", ""client-001"", ""client-002"", ""client-004"", ""client-005""]","[""client-000"", ""client-002"", ""client-004""]","{""client-000"": 6.636727773874639, ""client-001"": 6.636727773874639, ""client-002"": 9.955091660811958, ""client-004"": 5.309382219099712, ""client-005"": 2.654691109549856}"
uair,30002,raven,79,"[""client-000""]","[""client-000"", ""client-001"", ""client-003"", ""client-004"", ""client-005""]","[""client-000""]","{""client-000"": 5.868103749955144, ""client-001"": 12.31616361730148, ""client-003"": 6.633633698596479, ""client-004"": 3.284310297947062, ""client-005"": 0.44224224657309863}"
uair,30002,raven_wo_design,0,"[""client-001"", ""client-003"", ""client-004""]","[""client-000"", ""client-001"", ""client-003"", ""client-004"", ""client-005"", ""client-006"", ""client-007""]","[""client-001"", ""client-003"", ""client-004""]","{""client-000"": 5.0, ""client-001"": 10.0, ""client-003"": 15.0, ""client-004"": 15.0, ""client-005"": 15.0, ""client-006"": 15.0, ""client-007"": 5.0}"
uair,30002,raven_wo_design,1,"[""client-000"", ""client-001"", ""client-004""]","[""client-000"", ""client-001"", ""client-002"", ""client-004"", ""client-005"", ""client-006""]","[""client-000"", ""client-001"", ""client-004""]","{""client-000"": 1.879233436495766, ""client-001"": 2.068828493001489, ""client-002"": 6.206485479004467, ""client-004"": 1.879233436495766, ""client-005"": 1.879233436495766, ""client-006"": 4.598614429416857}"
uair,30002,raven_wo_design,2,"[""client-000"", ""client-001"", ""client-003"", ""client-004""]","[""client-000"", ""client-001"", ""client-002"", ""client-003"", ""client-004"", ""client-006"", ""client-007""]","[""client-000"", ""client-001"", ""client-003"", ""client-004""]","{""client-000"": 4.595241574268699, ""client-001"": 9.190483148537398, ""client-002"": 2.2976207871343495, ""client-003"": 2.2976207871343495, ""client-004"": 7.460649707001345, ""client-006"": 2.2976207871343495, ""client-007"": 2.703750262347648}"
uair,30002,raven_wo_design,3,"[""client-001"", ""client-005"", ""client-006""]","[""client-000"", ""client-001"", ""client-003"", ""client-005"", ""client-006""]","[""client-001"", ""client-005"", ""client-006""]","{""client-000"": 2.3654082738629, ""client-001"": 4.7308165477258, ""client-003"": 4.7308165477258, ""client-005"": 2.538924275472369, ""client-006"": 2.538924275472369}"
uair,30002,raven_wo_design,4,"[""client-002"", ""client-004"", ""client-006"", ""client-007""]","[""client-000"", ""client-002"", ""client-003"", ""client-004"", ""client-005"", ""client-006"", ""client-007""]","[""client-002"", ""client-004"", ""client-006"", ""client-007""]","{""client-000"": 7.84980012942053, ""client-002"": 3.4888591251489873, ""client-003"": 5.733348149214906, ""client-004"": 9.466297181416286, ""client-005"": 2.616600043140177, ""client-006"": 2.866674074607453, ""client-007"": 2.616600043140177}"
uair,30002,raven_wo_design,5,"[""client-000"", ""client-005"", ""client-006""]","[""client-000"", ""client-004"", ""client-005"", ""client-006"", ""client-007""]","[""client-000"", ""client-005"", ""client-006""]","{""client-000"": 2.876592405788732, ""client-004"": 5.753184811577464, ""client-005"": 7.671029506432207, ""client-006"": 2.5570098354774022, ""client-007"": 2.876592405788732}"
uair,30002,raven_wo_design,6,"[""client-000"", ""client-004"", ""client-005""]","[""client-000"", ""client-003"", ""client-004"", ""client-005"", ""client-006""]","[""client-000"", ""client-004"", ""client-005""]","{""client-000"": 2.66021837590547, ""client-003"": 3.561725689011686, ""client-004"": 6.124572250755853, ""client-005"": 3.561725689011686, ""client-006"": 7.9806551277164095}"
uair,30002,raven_wo_design,7,"[""client-001"", ""client-003"", ""client-004""]","[""client-001"", ""client-002"", ""client-003"", ""client-004"", ""client-005"", ""client-006""]","[""client-001"", ""client-003"", ""client-004""]","{""client-001"": 3.173625414676856, ""client-002"": 4.43310590647231, ""client-003"": 9.520876244030568, ""client-004"": 3.173625414676856, ""client-005"": 9.520876244030568, ""client-006"": 3.7317185524108147}"
uair,30002,raven_wo_design,8,"[""client-006"", ""client-007""]","[""client-000"", ""client-001"", ""client-002"", ""client-003"", ""client-006"", ""client-007""]","[""client-006"", ""client-007""]","{""client-000"": 5.395029802949768, ""client-001"": 6.302508883897332, ""client-002"": 3.151254441948666, ""client-003"": 6.302508883897332, ""client-006"": 7.4525538126150455, ""client-007"": 2.697514901474884}"
uair,30002,raven_wo_design,9,"[""client-002"", ""client-005"", ""client-007""]","[""client-001"", ""client-002"", ""client-003"", ""client-005"", ""client-006"", ""client-007""]","[""client-002"", ""client-005"", ""client-007""]","{""client-001"": 8.143402684172123, ""client-002"": 2.714467561390708, ""client-003"": 6.317585136878347, ""client-005"": 5.428935122781416, ""client-006"": 3.1587925684391736, ""client-007"": 2.714467561390708}"
uair,30002,raven_wo_design,10,"[""client-006""]","[""client-001"", ""client-002"", ""client-004"", ""client-005"", ""client-006"", ""client-007""]","[""client-006""]","{""client-001"": 3.1867126975354365, ""client-002"": 6.373425395070873, ""client-004"": 2.744195147480128, ""client-005"": 4.437043529888692, ""client-006"": 5.488390294960256, ""client-007"": 3.1867126975354365}"
uair,30002,raven_wo_design,11,"[""client-004"", ""client-006""]","[""client-001"", ""client-003"", ""client-004"", ""client-005"", ""client-006""]","[""client-004"", ""client-006""]","{""client-001"": 6.515722153840473, ""client-003"": 8.29720909889168, ""client-004"": 6.515722153840473, ""client-005"": 4.691814977082061, ""client-006"": 2.7657363662972263}"
uair,30002,raven_wo_design,12,"[""client-000"", ""client-001"", ""client-003"", ""client-005"", ""client-006""]","[""client-000"", ""client-001"", ""client-002"", ""client-003"", ""client-004"", ""client-005"", ""client-006"", ""client-007""]","[""client-000"", ""client-001"", ""client-003"", ""client-005"", ""client-006""]","{""client-000"": 6.526763910954691, ""client-001"": 6.526763910954691, ""client-002"": 3.2633819554773456, ""client-003"": 6.526763910954691, ""client-004"": 2.773759311516642, ""client-005"": 3.2633819554773456, ""client-006"": 5.547518623033284, ""client-007"": 11.664475235932908}"
uair,30002,raven_wo_design,13,"[""client-000"", ""client-001"", ""client-004"", ""client-007""]","[""client-000"", ""client-001"", ""client-002"", ""client-004"", ""client-006"", ""client-007""]","[""client-000"", ""client-001"", ""client-004"", ""client-007""]","{""client-000"": 6.393225852916792, ""client-001"": 5.512410760571148, ""client-002"": 2.756205380285574, ""client-004"": 5.512410760571148, ""client-006"": 6.393225852916792, ""client-007"": 8.268616140856722}"
uair,30002,raven_wo_design,14,"[""client-000"", ""client-001"", ""client-003"", ""client-006""]","[""client-000"", ""client-001"", ""client-002"", ""client-003"", ""client-004"", ""client-005"", ""client-006"", ""client-007""]","[""client-000"", ""client-001"", ""client-003"", ""client-006""]","{""client-000"": 3.665682517402076, ""client-001"": 5.496422100070774, ""client-002"": 3.665682517402076, ""client-003"": 2.748211050035387, ""client-004"": 6.317487988545403, ""client-005"": 6.317487988545403, ""client-006"": 9.476231982818105, ""client-007"": 8.24463315010616}"
uair,30002,raven_wo_design,15,"[""client-000"", ""client-002""]","[""client-000"", ""client-001"", ""client-002"", ""client-003"", ""client-004"", ""client-005""]","[""client-000"", ""client-002""]","{""client-000"": 3.5587548243043425, ""client-001"": 2.690220095004726, ""client-002"": 3.0796294915752385, ""client-003"": 8.296531451803443, ""client-004"": 3.5587548243043425, ""client-005"": 4.148265725901721}"
uair,30002,raven_wo_design,16,"[""client-002"", ""client-003"", ""client-007""]","[""client-000"", ""client-001"", ""client-002"", ""client-003"", ""client-004"", ""client-006"", ""client-007""]","[""client-002"", ""client-003"", ""client-007""]","{""client-000"": 3.075860935652008, ""client-001"": 2.689458897981881, ""client-002"": 5.378917795963762, ""client-003"": 3.075860935652008, ""client-004"": 5.378917795963762, ""client-006"": 3.075860935652008, ""client-007"": 9.227582806956024}"
uair,30002,raven_wo_design,17,"[""client-002""]","[""client-001"", ""client-002"", ""client-003""]","[""client-002""]","{""client-001"": 5.424598274406959, ""client-002"": 10.849196548813918, ""client-003"": 2.7122991372034795}"
uair,30002,raven_wo_design,18,"[""client-002""]","[""client-000"", ""client-001"", ""client-002"", ""client-003"", ""client-004"", ""client-006""]","[""client-002""]","{""client-000"": 6.305254188965053, ""client-001"": 6.305254188965053, ""client-002"": 8.10441050561025, ""client-003"": 5.402940337073501, ""client-004"": 3.1526270944825265, ""client-006"": 6.305254188965053}"
uair,30002,raven_wo_design,19,[],"[""client-000"", ""client-003"", ""client-004"", ""client-005""]",[],"{""client-000"": 3.146687009318734, ""client-003"": 6.293374018637468, ""client-004"": 5.292833294757095, ""client-005"": 7.939249942135643}"
uair,30002,raven_wo_design,20,"[""client-000"", ""client-003"", ""client-004""]","[""client-000"", ""client-002"", ""client-003"", ""client-004""]","[""client-000"", ""client-003"", ""client-004""]","{""client-000"": 6.3847796283521046, ""client-002"": 5.0169571780772175, ""client-003"": 3.1923898141760523, ""client-004"": 9.577169442528156}"
uair,30002,raven_wo_design,21,"[""client-002"", ""client-004""]","[""client-000"", ""client-001"", ""client-002"", ""client-003"", ""client-004"", ""client-006"", ""client-007""]","[""client-002"", ""client-004""]","{""client-000"": 5.221904559179658, ""client-001"": 4.075738077902114, ""client-002"": 2.610952279589829, ""client-003"": 2.610952279589829, ""client-004"": 3.2259531145146907, ""client-006"": 3.2259531145146907, ""client-007"": 4.075738077902114}"
uair,30002,raven_wo_design,22,"[""client-000"", ""client-001"", ""client-007""]","[""client-000"", ""client-001"", ""client-004"", ""client-006"", ""client-007""]","[""client-000"", ""client-001"", ""client-007""]","{""client-000"": 9.806146870661626, ""client-001"": 6.537431247107751, ""client-004"": 2.6259349140425536, ""client-006"": 2.6259349140425536, ""client-007"": 5.251869828085107}"
uair,30002,raven_wo_design,23,"[""client-007""]","[""client-000"", ""client-003"", ""client-004"", ""client-005"", ""client-007""]","[""client-007""]","{""client-000"": 6.583195590563302, ""client-003"": 5.26636361188041, ""client-004"": 5.26636361188041, ""client-005"": 3.291597795281651, ""client-007"": 2.633181805940205}"
uair,30002,raven_wo_design,24,"[""client-002""]","[""client-000"", ""client-001"", ""client-002"", ""client-003"", ""client-005"", ""client-007""]","[""client-002""]","{""client-000"": 2.6418879072413803, ""client-001"": 5.283775814482761, ""client-002"": 6.64627150243957, ""client-003"": 3.323135751219785, ""client-005"": 3.323135751219785, ""client-007"": 9.969407253659355}"
uair,30002,raven_wo_design,25,"[""client-002"", ""client-003"", ""client-005""]","[""client-000"", ""client-002"", ""client-003"", ""client-005"", ""client-007""]","[""client-002"", ""client-003"", ""client-005""]","{""client-000"": 6.679296850842481, ""client-002"": 3.3396484254212404, ""client-003"": 3.3396484254212404, ""client-005"": 5.296895707596145, ""client-007"": 2.6484478537980727}"
uair,30002,raven_wo_design,26,[],"[""client-004"", ""client-006""]",[],"{""client-004"": 5.294225777388279, ""client-006"": 2.6471128886941395}"
uair,30002,raven_wo_design,27,"[""client-000"", ""client-001"", ""client-005"", ""client-007""]","[""client-000"", ""client-001"", ""client-002"", ""client-003"", ""client-004"", ""client-005"", ""client-006"", ""client-007""]","[""client-000"", ""client-001"", ""client-005"", ""client-007""]","{""client-000"": 5.35190897558303, ""client-001"": 10.350299625232953, ""client-002"": 2.675954487791515, ""client-003"": 8.027863463374546, ""client-004"": 3.450099875077651, ""client-005"": 3.450099875077651, ""client-006"": 6.900199750155302, ""client-007"": 2.675954487791515}"
uair,30002,raven_wo_design,28,"[""client-002"", ""client-005"", ""client-006""]","[""client-000"", ""client-002"", ""client-003"", ""client-004"", ""client-005"", ""client-006"", ""client-007""]","[""client-002"", ""client-005"", ""client-006""]","{""client-000"": 2.6503567256611915, ""client-002"": 5.300713451322383, ""client-003"": 10.263872110618594, ""client-004"": 3.4212907035395315, ""client-005"": 2.6503567256611915, ""client-006"": 2.6503567256611915, ""client-007"": 2.6503567256611915}"
uair,30002,raven_wo_design,29,"[""client-001"", ""client-007""]","[""client-000"", ""client-001"", ""client-002"", ""client-005"", ""client-006"", ""client-007""]","[""client-001"", ""client-007""]","{""client-000"": 5.300490184326812, ""client-001"": 10.275485109981815, ""client-002"": 2.650245092163406, ""client-005"": 6.850323406654543, ""client-006"": 3.4251617033272717, ""client-007"": 6.850323406654543}"
uair,30002,raven_wo_design,30,"[""client-002"", ""client-005""]","[""client-002"", ""client-003"", ""client-004"", ""client-005"", ""client-006"", ""client-007""]","[""client-002"", ""client-005""]","{""client-002"": 7.97725699545789, ""client-003"": 10.261866197871049, ""client-004"": 5.31817133030526, ""client-005"": 6.841244131914032, ""client-006"": 7.97725699545789, ""client-007"": 10.261866197871049}"
uair,30002,raven_wo_design,31,"[""client-001"", ""client-003"", ""client-004"", ""client-005"", ""client-007""]","[""client-000"", ""client-001"", ""client-003"", ""client-004"", ""client-005"", ""client-007""]","[""client-001"", ""client-003"", ""client-004"", ""client-005"", ""client-007""]","{""client-000"": 4.453733142055068, ""client-001"": 2.6249581249458434, ""client-003"": 3.3690022647893603, ""client-004"": 5.249916249891687, ""client-005"": 12.070292286183335, ""client-007"": 10.10700679436808}"
uair,30002,raven_wo_design,32,[],"[""client-000"", ""client-002"", ""client-003"", ""client-004"", ""client-005"", ""client-006""]",[],"{""client-000"": 5.217380503204638, ""client-002"": 2.608690251602319, ""client-003"": 5.9866802716965255, ""client-004"": 5.9866802716965255, ""client-005"": 5.217380503204638, ""client-006"": 10.036770429599052}"
uair,30002,raven_wo_design,33,"[""client-003""]","[""client-000"", ""client-001"", ""client-002"", ""client-003"", ""client-004"", ""client-005"", ""client-007""]","[""client-003""]","{""client-000"": 5.88508778779479, ""client-001"": 4.369240888714791, ""client-002"": 3.3237625728138696, ""client-003"": 2.602697068321029, ""client-004"": 9.971287718441609, ""client-005"": 2.602697068321029, ""client-007"": 6.647525145627739}"
uair,30002,raven_wo_design,34,"[""client-000"", ""client-003"", ""client-007""]","[""client-000"", ""client-001"", ""client-003"", ""client-004"", ""client-006"", ""client-007""]","[""client-000"", ""client-003"", ""client-007""]","{""client-000"": 3.3127478988907875, ""client-001"": 5.218275304028813, ""client-003"": 2.6091376520144065, ""client-004"": 5.218275304028813, ""client-006"": 3.3127478988907875, ""client-007"": 3.3127478988907875}"
uair,30002,raven_wo_design,35,"[""client-000"", ""client-002"", ""client-003""]","[""client-000"", ""client-001"", ""client-002"", ""client-003"", ""client-004"", ""client-005"", ""client-006""]","[""client-000"", ""client-002"", ""client-003""]","{""client-000"": 6.667202322856323, ""client-001"": 5.775620154043866, ""client-002"": 6.667202322856323, ""client-003"": 3.3336011614281613, ""client-004"": 5.775620154043866, ""client-005"": 3.3336011614281613, ""client-006"": 3.3336011614281613}"
uair,30002,raven_wo_design,36,"[""client-002"", ""client-003"", ""client-006""]","[""client-000"", ""client-001"", ""client-002"", ""client-003"", ""client-004"", ""client-005"", ""client-006"", ""client-007""]","[""client-002"", ""client-003"", ""client-006""]","{""client-000"": 6.643998539125209, ""client-001"": 2.6371886093541588, ""client-002"": 9.965997808687813, ""client-003"": 5.2743772187083175, ""client-004"": 5.2743772187083175, ""client-005"": 2.6371886093541588, ""client-006"": 2.6371886093541588, ""client-007"": 6.643998539125209}"
uair,30002,raven_wo_design,37,"[""client-000"", ""client-002"", ""client-003""]","[""client-000"", ""client-002"", ""client-003"", ""client-004"", ""client-006""]","[""client-000"", ""client-002"", ""client-003""]","{""client-000"": 5.264640305303585, ""client-002"": 5.264640305303585, ""client-003"": 3.30213265423257, ""client-004"": 4.246798582419057, ""client-006"": 6.60426530846514}"
uair,30002,raven_wo_design,38,"[""client-001"", ""client-002""]","[""client-001"", ""client-002"", ""client-004"", ""client-005"", ""client-006""]","[""client-001"", ""client-002""]","{""client-001"": 2.632575164542012, ""client-002"": 2.632575164542012, ""client-004"": 5.265150329084024, ""client-005"": 13.242786241374981, ""client-006"": 5.6289488572284}"
uair,30002,raven_wo_design,39,"[""client-007""]","[""client-000"", ""client-001"", ""client-002"", ""client-003"", ""client-004"", ""client-007""]","[""client-007""]","{""client-000"": 3.3215475975383026, ""client-001"": 5.690293616546533, ""client-002"": 13.28619039015321, ""client-003"": 5.266603090393564, ""client-004"": 2.633301545196782, ""client-007"": 2.633301545196782}"
uair,30002,raven_wo_design,40,"[""client-000""]","[""client-000"", ""client-001"", ""client-002"", ""client-003"", ""client-004"", ""client-006"", ""client-007""]","[""client-000""]","{""client-000"": 6.625516262104513, ""client-001"": 6.625516262104513, ""client-002"": 8.558870459679634, ""client-003"": 4.279435229839817, ""client-004"": 2.6310278440869195, ""client-006"": 6.625516262104513, ""client-007"": 2.6310278440869195}"
uair,30002,raven_wo_design,41,"[""client-001""]","[""client-000"", ""client-001"", ""client-002"", ""client-004"", ""client-005"", ""client-006"", ""client-007""]","[""client-001""]","{""client-000"": 2.6315975897659127, ""client-001"": 5.2631951795318255, ""client-002"": 9.903891813602765, ""client-004"": 3.301297271200922, ""client-005"": 9.903891813602765, ""client-006"": 3.301297271200922, ""client-007"": 2.6315975897659127}"
uair,30002,raven_wo_design,42,"[""client-003"", ""client-004""]","[""client-001"", ""client-003"", ""client-004"", ""client-005"", ""client-006""]","[""client-003"", ""client-004""]","{""client-001"": 9.866637357270577, ""client-003"": 2.6342460511751824, ""client-004"": 3.2888791190901925, ""client-005"": 6.577758238180385, ""client-006"": 5.4898691367642645}"
uair,30002,raven_wo_design,43,"[""client-002"", ""client-003"", ""client-007""]","[""client-000"", ""client-001"", ""client-002"", ""client-003"", ""client-004"", ""client-005"", ""client-007""]","[""client-002"", ""client-003"", ""client-007""]","{""client-000"": 6.587978004626611, ""client-001"": 3.2939890023133054, ""client-002"": 5.283037746769727, ""client-003"": 2.6415188733848636, ""client-004"": 4.205802642940796, ""client-005"": 9.881967006939917, ""client-007"": 3.2939890023133054}"
uair,30002,raven_wo_design,44,"[""client-000"", ""client-004""]","[""client-000"", ""client-001"", ""client-002"", ""client-004"", ""client-006""]","[""client-000"", ""client-004""]","{""client-000"": 2.644651679069532, ""client-001"": 3.287372358197749, ""client-002"": 5.289303358139064, ""client-004"": 2.644651679069532, ""client-006"": 3.287372358197749}"
uair,30002,raven_wo_design,45,"[""client-001"", ""client-002""]","[""client-000"", ""client-001"", ""client-002"", ""client-003"", ""client-004"", ""client-005"", ""client-006"", ""client-007""]","[""client-001"", ""client-002""]","{""client-000"": 6.631331823896652, ""client-001"": 2.6619978094751606, ""client-002"": 7.985993428425482, ""client-003"": 4.226423395499435, ""client-004"": 6.631331823896652, ""client-005"": 5.495384188761337, ""client-006"": 3.315665911948326, ""client-007"": 2.6619978094751606}"
uair,30002,raven_wo_design,46,"[""client-001"", ""client-004"", ""client-005"", ""client-006""]","[""client-000"", ""client-001"", ""client-002"", ""client-004"", ""client-005"", ""client-006"", ""client-007""]","[""client-001"", ""client-004"", ""client-005"", ""client-006""]","{""client-000"": 2.655083370838553, ""client-001"": 3.304599677386856, ""client-002"": 3.304599677386856, ""client-004"": 3.304599677386856, ""client-005"": 5.310166741677106, ""client-006"": 5.468345435540572, ""client-007"": 7.965250112515659}"
uair,30002,raven_wo_design,47,"[""client-005""]","[""client-000"", ""client-002"", ""client-003"", ""client-004"", ""client-005""]","[""client-005""]","{""client-000"": 5.493418154877041, ""client-002"": 2.657986330750987, ""client-003"": 7.97395899225296, ""client-004"": 5.315972661501974, ""client-005"": 7.97395899225296}"
uair,30002,raven_wo_design,48,"[""client-000"", ""client-003"", ""client-004"", ""client-005""]","[""client-000"", ""client-001"", ""client-002"", ""client-003"", ""client-004"", ""client-005"", ""client-006""]","[""client-000"", ""client-003"", ""client-004"", ""client-005""]","{""client-000"": 3.305390166365621, ""client-001"": 3.305390166365621, ""client-002"": 9.916170499096863, ""client-003"": 9.916170499096863, ""client-004"": 3.305390166365621, ""client-005"": 2.642575109294852, ""client-006"": 7.9277253278845565}"
uair,30002,raven_wo_design,49,"[""client-001""]","[""client-000"", ""client-001"", ""client-003"", ""client-005"", ""client-006"", ""client-007""]","[""client-001""]","{""client-000"": 6.580321153904196, ""client-001"": 5.239790091848461, ""client-003"": 5.239790091848461, ""client-005"": 3.290160576952098, ""client-006"": 3.290160576952098, ""client-007"": 7.859685137772691}"
uair,30002,raven_wo_design,50,"[""client-004""]","[""client-000"", ""client-001"", ""client-003"", ""client-004"", ""client-006"", ""client-007""]","[""client-004""]","{""client-000"": 5.213281324071087, ""client-001"": 6.589295022507426, ""client-003"": 11.361392010377761, ""client-004"": 2.6066406620355433, ""client-006"": 6.589295022507426, ""client-007"": 11.361392010377761}"
uair,30002,raven_wo_design,51,"[""client-001"", ""client-007""]","[""client-000"", ""client-001"", ""client-002"", ""client-003"", ""client-004"", ""client-005"", ""client-006"", ""client-007""]","[""client-001"", ""client-007""]","{""client-000"": 2.5930166696165298, ""client-001"": 13.117595282579476, ""client-002"": 3.279398820644869, ""client-003"": 6.558797641289738, ""client-004"": 5.1860333392330595, ""client-005"": 6.558797641289738, ""client-006"": 2.5930166696165298, ""client-007"": 3.279398820644869}"
uair,30002,raven_wo_design,52,"[""client-000""]","[""client-000"", ""client-001"", ""client-002"", ""client-004"", ""client-005"", ""client-006"", ""client-007""]","[""client-000""]","{""client-000"": 5.537971130643815, ""client-001"": 3.248758273532563, ""client-002"": 6.497516547065126, ""client-004"": 6.497516547065126, ""client-005"": 5.166017365387585, ""client-006"": 2.5830086826937926, ""client-007"": 5.166017365387585}"
uair,30002,raven_wo_design,53,"[""client-002"", ""client-004"", ""client-005"", ""client-006"", ""client-007""]","[""client-000"", ""client-001"", ""client-002"", ""client-004"", ""client-005"", ""client-006"", ""client-007""]","[""client-002"", ""client-004"", ""client-005"", ""client-006"", ""client-007""]","{""client-000"": 6.488799411308976, ""client-001"": 3.244399705654488, ""client-002"": 3.244399705654488, ""client-004"": 6.488799411308976, ""client-005"": 5.176712898391972, ""client-006"": 2.588356449195986, ""client-007"": 3.244399705654488}"
uair,30002,raven_wo_design,54,"[""client-000"", ""client-002"", ""client-006""]","[""client-000"", ""client-002"", ""client-003"", ""client-005"", ""client-006"", ""client-007""]","[""client-000"", ""client-002"", ""client-006""]","{""client-000"": 2.5955950176375664, ""client-002"": 3.244566811367973, ""client-003"": 3.244566811367973, ""client-005"": 3.244566811367973, ""client-006"": 2.5955950176375664, ""client-007"": 7.786785052912699}"
uair,30002,raven_wo_design,55,[],"[""client-001"", ""client-004"", ""client-005"", ""client-007""]",[],"{""client-001"": 9.791888137772155, ""client-004"": 6.5279254251814365, ""client-005"": 6.5279254251814365, ""client-007"": 6.5279254251814365}"
uair,30002,raven_wo_design,56,"[""client-002"", ""client-003"", ""client-005"", ""client-007""]","[""client-000"", ""client-001"", ""client-002"", ""client-003"", ""client-004"", ""client-005"", ""client-006"", ""client-007""]","[""client-002"", ""client-003"", ""client-005"", ""client-007""]","{""client-000"": 2.609346496053951, ""client-001"": 5.492096173610607, ""client-002"": 3.2659451225646436, ""client-003"": 3.2659451225646436, ""client-004"": 5.218692992107902, ""client-005"": 6.531890245129287, ""client-006"": 7.828039488161854, ""client-007"": 2.609346496053951}"
uair,30002,raven_wo_design,57,"[""client-004"", ""client-007""]","[""client-002"", ""client-004"", ""client-005"", ""client-006"", ""client-007""]","[""client-004"", ""client-007""]","{""client-002"": 3.2574054962123427, ""client-004"": 2.6019387917434846, ""client-005"": 13.02962198484937, ""client-006"": 6.514810992424685, ""client-007"": 6.514810992424685}"
uair,30002,raven_wo_design,58,"[""client-001"", ""client-003"", ""client-006""]","[""client-000"", ""client-001"", ""client-002"", ""client-003"", ""client-004"", ""client-005"", ""client-006"", ""client-007""]","[""client-001"", ""client-003"", ""client-006""]","{""client-000"": 4.198784818012603, ""client-001"": 3.2607393679693866, ""client-002"": 5.195552549272156, ""client-003"": 2.597776274636078, ""client-004"": 6.521478735938773, ""client-005"": 4.198784818012603, ""client-006"": 3.2607393679693866, ""client-007"": 5.195552549272156}"
uair,30002,raven_wo_design,59,"[""client-002"", ""client-006""]","[""client-000"", ""client-001"", ""client-002"", ""client-003"", ""client-005"", ""client-006"", ""client-007""]","[""client-002"", ""client-006""]","{""client-000"": 8.37770805966961, ""client-001"": 5.180258313323049, ""client-002"": 6.503638426507137, ""client-003"": 6.503638426507137, ""client-005"": 5.180258313323049, ""client-006"": 5.180258313323049, ""client-007"": 4.188854029834805}"
uair,30002,raven_wo_design,60,"[""client-000"", ""client-001"", ""client-006""]","[""client-000"", ""client-001"", ""client-002"", ""client-003"", ""client-004"", ""client-005"", ""client-006"", ""client-007""]","[""client-000"", ""client-001"", ""client-006""]","{""client-000"": 5.163623164108873, ""client-001"": 12.942704607446387, ""client-002"": 9.70702845558479, ""client-003"": 2.5818115820544363, ""client-004"": 5.163623164108873, ""client-005"": 7.745434746163308, ""client-006"": 2.5818115820544363, ""client-007"": 10.93196835946665}"
uair,30002,raven_wo_design,61,"[""client-000"", ""client-005"", ""client-006"", ""client-007""]","[""client-000"", ""client-001"", ""client-004"", ""client-005"", ""client-006"", ""client-007""]","[""client-000"", ""client-005"", ""client-006"", ""client-007""]","{""client-000"": 4.098483878817827, ""client-001"": 2.5620739852178023, ""client-004"": 6.4000277547843165, ""client-005"": 9.600041632176474, ""client-006"": 6.4000277547843165, ""client-007"": 3.2000138773921583}"
uair,30002,raven_wo_design,62,"[""client-004"", ""client-006""]","[""client-000"", ""client-001"", ""client-002"", ""client-003"", ""client-004"", ""client-005"", ""client-006"", ""client-007""]","[""client-004"", ""client-006""]","{""client-000"": 5.12437314475493, ""client-001"": 5.12437314475493, ""client-002"": 6.389499850879919, ""client-003"": 5.332008775605617, ""client-004"": 9.58424977631988, ""client-005"": 6.389499850879919, ""client-006"": 5.332008775605617, ""client-007"": 5.332008775605617}"
uair,30002,raven_wo_design,63,"[""client-004"", ""client-006"", ""client-007""]","[""client-000"", ""client-001"", ""client-004"", ""client-005"", ""client-006"", ""client-007""]","[""client-004"", ""client-006"", ""client-007""]","{""client-000"": 6.339196996943636, ""client-001"": 3.169598498471818, ""client-004"": 5.098472017828199, ""client-005"": 2.5492360089140993, ""client-006"": 5.098472017828199, ""client-007"": 6.339196996943636}"
uair,30002,raven_wo_design,64,"[""client-004"", ""client-006"", ""client-007""]","[""client-000"", ""client-001"", ""client-002"", ""client-003"", ""client-004"", ""client-005"", ""client-006"", ""client-007""]","[""client-004"", ""client-006"", ""client-007""]","{""client-000"": 5.271995219861112, ""client-001"": 3.172801911172347, ""client-002"": 5.099165854724594, ""client-003"": 6.345603822344694, ""client-004"": 2.549582927362297, ""client-005"": 2.549582927362297, ""client-006"": 4.04667021159714, ""client-007"": 6.345603822344694}"
uair,30002,raven_wo_design,65,"[""client-004"", ""client-006"", ""client-007""]","[""client-000"", ""client-002"", ""client-003"", ""client-004"", ""client-006"", ""client-007""]","[""client-004"", ""client-006"", ""client-007""]","{""client-000"": 3.1671626592992315, ""client-002"": 5.091419912855253, ""client-003"": 3.1671626592992315, ""client-004"": 3.1671626592992315, ""client-006"": 5.091419912855253, ""client-007"": 2.5457099564276264}"
uair,30002,raven_wo_design,66,"[""client-000"", ""client-001"", ""client-002"", ""client-004"", ""client-007""]","[""client-000"", ""client-001"", ""client-002"", ""client-003"", ""client-004"", ""client-005"", ""client-007""]","[""client-000"", ""client-001"", ""client-002"", ""client-004"", ""client-007""]","{""client-000"": 6.355791477371629, ""client-001"": 6.355791477371629, ""client-002"": 6.355791477371629, ""client-003"": 6.355791477371629, ""client-004"": 3.1778957386858147, ""client-005"": 7.658795003304594, ""client-007"": 6.355791477371629}"
uair,30002,raven_wo_design,67,"[""client-004""]","[""client-000"", ""client-001"", ""client-002"", ""client-003"", ""client-004"", ""client-005""]","[""client-004""]","{""client-000"": 8.068937573503998, ""client-001"": 9.491037345081587, ""client-002"": 5.085553117727606, ""client-003"": 2.542776558863803, ""client-004"": 6.327358230054391, ""client-005"": 5.255714608428159}"
uair,30002,raven_wo_design,68,"[""client-004""]","[""client-000"", ""client-001"", ""client-003"", ""client-004"", ""client-005"", ""client-006"", ""client-007""]","[""client-004""]","{""client-000"": 5.224220164637825, ""client-001"": 2.5349824968080696, ""client-003"": 5.224220164637825, ""client-004"": 3.151053110986247, ""client-005"": 5.224220164637825, ""client-006"": 2.5349824968080696, ""client-007"": 7.604947490424209}"
uair,30002,raven_wo_design,69,"[""client-000"", ""client-003"", ""client-004"", ""client-005"", ""client-006""]","[""client-000"", ""client-001"", ""client-003"", ""client-004"", ""client-005"", ""client-006""]","[""client-000"", ""client-003"", ""client-004"", ""client-005"", ""client-006""]","{""client-000"": 3.158279432034554, ""client-001"": 5.089214602809816, ""client-003"": 6.316558864069108, ""client-004"": 6.316558864069108, ""client-005"": 3.158279432034554, ""client-006"": 8.031526722043235}"
uair,30002,raven_wo_design,70,"[""client-002"", ""client-003"", ""client-005"", ""client-006"", ""client-007""]","[""client-001"", ""client-002"", ""client-003"", ""client-004"", ""client-005"", ""client-006"", ""client-007""]","[""client-002"", ""client-003"", ""client-005"", ""client-006"", ""client-007""]","{""client-001"": 5.09333322032729, ""client-002"": 3.1545344010405185, ""client-003"": 5.09333322032729, ""client-004"": 2.546666610163645, ""client-005"": 7.639999830490935, ""client-006"": 6.309068802081037, ""client-007"": 3.1545344010405185}"
uair,30002,raven_wo_design,71,"[""client-002"", ""client-005"", ""client-006""]","[""client-000"", ""client-001"", ""client-002"", ""client-005"", ""client-006"", ""client-007""]","[""client-002"", ""client-005"", ""client-006""]","{""client-000"": 5.0987114533829745, ""client-001"": 3.1553134691799576, ""client-002"": 6.310626938359915, ""client-005"": 7.648067180074461, ""client-006"": 2.5493557266914872, ""client-007"": 3.1553134691799576}"
uair,30002,raven_wo_design,72,"[""client-000"", ""client-004"", ""client-007""]","[""client-000"", ""client-003"", ""client-004"", ""client-006"", ""client-007""]","[""client-000"", ""client-004"", ""client-007""]","{""client-000"": 2.550796619136915, ""client-003"": 8.010256286654087, ""client-004"": 7.652389857410745, ""client-006"": 6.317565316121935, ""client-007"": 6.317565316121935}"
uair,30002,raven_wo_design,73,"[""client-000""]","[""client-000"", ""client-001"", ""client-003"", ""client-005"", ""client-007""]","[""client-000""]","{""client-000"": 3.163094795914621, ""client-001"": 5.1136499597083365, ""client-003"": 6.326189591829242, ""client-005"": 5.175871004980678, ""client-007"": 6.326189591829242}"
uair,30002,raven_wo_design,74,"[""client-004""]","[""client-000"", ""client-002"", ""client-003"", ""client-004"", ""client-005"", ""client-006""]","[""client-004""]","{""client-000"": 5.119328656594012, ""client-002"": 3.1687306877822308, ""client-003"": 5.193287077892137, ""client-004"": 5.119328656594012, ""client-005"": 6.3374613755644615, ""client-006"": 3.1687306877822308}"
uair,30002,raven_wo_design,75,"[""client-002"", ""client-003""]","[""client-000"", ""client-001"", ""client-002"", ""client-003"", ""client-004"", ""client-005"", ""client-006"", ""client-007""]","[""client-002"", ""client-003""]","{""client-000"": 6.342337462484865, ""client-001"": 2.5615837200166576, ""client-002"": 5.1971083594256235, ""client-003"": 4.018713373545283, ""client-004"": 6.342337462484865, ""client-005"": 4.018713373545283, ""client-006"": 6.342337462484865, ""client-007"": 6.342337462484865}"
uair,30002,raven_wo_design,76,"[""client-001"", ""client-002"", ""client-003""]","[""client-001"", ""client-002"", ""client-003"", ""client-004"", ""client-006"", ""client-007""]","[""client-001"", ""client-002"", ""client-003""]","{""client-001"": 5.123057054789848, ""client-002"": 3.99887580110785, ""client-003"": 3.163984776643361, ""client-004"": 6.327969553286722, ""client-006"": 6.327969553286722, ""client-007"": 5.155877697263671}"
uair,30002,raven_wo_design,77,"[""client-002"", ""client-005""]","[""client-002"", ""client-003"", ""client-004"", ""client-005"", ""client-006""]","[""client-002"", ""client-005""]","{""client-002"": 6.328143729610266, ""client-003"": 4.000320484356557, ""client-004"": 2.5609022637611725, ""client-005"": 6.328143729610266, ""client-006"": 6.328143729610266}"
uair,30002,raven_wo_design,78,"[""client-000"", ""client-002"", ""client-004""]","[""client-000"", ""client-001"", ""client-002"", ""client-004"", ""client-005"", ""client-006""]","[""client-000"", ""client-002"", ""client-004""]","{""client-000"": 5.126485529928933, ""client-001"": 5.126485529928933, ""client-002"": 7.6897282948934, ""client-004"": 5.126485529928933, ""client-005"": 2.5632427649644667, ""client-006"": 3.168755303683267}"
uair,30002,raven_wo_design,79,"[""client-000""]","[""client-000"", ""client-001"", ""client-002"", ""client-003"", ""client-004"", ""client-005"", ""client-006""]","[""client-000""]","{""client-000"": 5.194639391031399, ""client-001"": 9.513518818246148, ""client-002"": 6.342345878830765, ""client-003"": 5.124095537046532, ""client-004"": 3.1711729394153827, ""client-005"": 2.562047768523266, ""client-006"": 6.342345878830765}"
uair,30002,raven_sag,0,"[""client-001"", ""client-003"", ""client-004""]","[""client-000"", ""client-001"", ""client-003"", ""client-004"", ""client-005"", ""client-006"", ""client-007""]","[""client-001"", ""client-003"", ""client-004""]","{""client-000"": 5.0, ""client-001"": 10.0, ""client-003"": 15.0, ""client-004"": 15.0, ""client-005"": 15.0, ""client-006"": 15.0, ""client-007"": 5.0}"
uair,30002,raven_sag,1,"[""client-000"", ""client-001"", ""client-004""]","[""client-000"", ""client-001"", ""client-002"", ""client-004"", ""client-005"", ""client-006""]","[""client-000"", ""client-001"", ""client-004""]","{""client-000"": 1.879233436495766, ""client-001"": 2.068828493001489, ""client-002"": 6.206485479004467, ""client-004"": 1.879233436495766, ""client-005"": 1.879233436495766, ""client-006"": 4.598614429416857}"
uair,30002,raven_sag,2,"[""client-000"", ""client-001"", ""client-003"", ""client-004""]","[""client-000"", ""client-001"", ""client-002"", ""client-003"", ""client-004"", ""client-006"", ""client-007""]","[""client-000"", ""client-001"", ""client-003"", ""client-004""]","{""client-000"": 4.595241574268699, ""client-001"": 9.190483148537398, ""client-002"": 2.2976207871343495, ""client-003"": 2.2976207871343495, ""client-004"": 7.460649707001345, ""client-006"": 2.2976207871343495, ""client-007"": 2.703750262347648}"
uair,30002,raven_sag,3,"[""client-001"", ""client-005"", ""client-006""]","[""client-000"", ""client-001"", ""client-003"", ""client-005"", ""client-006""]","[""client-001"", ""client-005"", ""client-006""]","{""client-000"": 2.3654082738629, ""client-001"": 4.7308165477258, ""client-003"": 4.7308165477258, ""client-005"": 2.538924275472369, ""client-006"": 2.538924275472369}"
uair,30002,raven_sag,4,"[""client-002"", ""client-004"", ""client-006"", ""client-007""]","[""client-000"", ""client-002"", ""client-003"", ""client-004"", ""client-005"", ""client-006"", ""client-007""]","[""client-002"", ""client-004"", ""client-006"", ""client-007""]","{""client-000"": 7.84980012942053, ""client-002"": 3.4888591251489873, ""client-003"": 5.733348149214906, ""client-004"": 9.466297181416286, ""client-005"": 2.616600043140177, ""client-006"": 2.866674074607453, ""client-007"": 2.616600043140177}"
uair,30002,raven_sag,5,"[""client-000"", ""client-005"", ""client-006""]","[""client-000"", ""client-004"", ""client-005"", ""client-006"", ""client-007""]","[""client-000"", ""client-005"", ""client-006""]","{""client-000"": 2.876592405788732, ""client-004"": 5.753184811577464, ""client-005"": 7.671029506432207, ""client-006"": 2.5570098354774022, ""client-007"": 2.876592405788732}"
uair,30002,raven_sag,6,"[""client-000"", ""client-004"", ""client-005""]","[""client-000"", ""client-003"", ""client-004"", ""client-005"", ""client-006""]","[""client-000"", ""client-004"", ""client-005""]","{""client-000"": 2.66021837590547, ""client-003"": 3.561725689011686, ""client-004"": 6.124572250755853, ""client-005"": 3.561725689011686, ""client-006"": 7.9806551277164095}"
uair,30002,raven_sag,7,"[""client-001"", ""client-003"", ""client-004""]","[""client-001"", ""client-002"", ""client-003"", ""client-004"", ""client-005"", ""client-006""]","[""client-001"", ""client-003"", ""client-004""]","{""client-001"": 3.173625414676856, ""client-002"": 4.43310590647231, ""client-003"": 9.520876244030568, ""client-004"": 3.173625414676856, ""client-005"": 9.520876244030568, ""client-006"": 3.7317185524108147}"
uair,30002,raven_sag,8,"[""client-006"", ""client-007""]","[""client-000"", ""client-001"", ""client-002"", ""client-003"", ""client-006"", ""client-007""]","[""client-006"", ""client-007""]","{""client-000"": 5.395029802949768, ""client-001"": 6.302508883897332, ""client-002"": 3.151254441948666, ""client-003"": 6.302508883897332, ""client-006"": 7.4525538126150455, ""client-007"": 2.697514901474884}"
uair,30002,raven_sag,9,"[""client-002"", ""client-005"", ""client-007""]","[""client-001"", ""client-002"", ""client-003"", ""client-005"", ""client-006"", ""client-007""]","[""client-002"", ""client-005"", ""client-007""]","{""client-001"": 8.143402684172123, ""client-002"": 2.714467561390708, ""client-003"": 6.317585136878347, ""client-005"": 5.428935122781416, ""client-006"": 3.1587925684391736, ""client-007"": 2.714467561390708}"
uair,30002,raven_sag,10,"[""client-006""]","[""client-001"", ""client-002"", ""client-004"", ""client-005"", ""client-006"", ""client-007""]","[""client-006""]","{""client-001"": 3.1867126975354365, ""client-002"": 6.373425395070873, ""client-004"": 2.744195147480128, ""client-005"": 4.437043529888692, ""client-006"": 5.488390294960256, ""client-007"": 3.1867126975354365}"
uair,30002,raven_sag,11,"[""client-004"", ""client-006""]","[""client-001"", ""client-003"", ""client-004"", ""client-005"", ""client-006""]","[""client-004"", ""client-006""]","{""client-001"": 6.515722153840473, ""client-003"": 8.29720909889168, ""client-004"": 6.515722153840473, ""client-005"": 4.691814977082061, ""client-006"": 2.7657363662972263}"
uair,30002,raven_sag,12,"[""client-000"", ""client-001"", ""client-003"", ""client-005"", ""client-006""]","[""client-000"", ""client-001"", ""client-002"", ""client-003"", ""client-004"", ""client-005"", ""client-006"", ""client-007""]","[""client-000"", ""client-001"", ""client-003"", ""client-005"", ""client-006""]","{""client-000"": 6.526763910954691, ""client-001"": 6.526763910954691, ""client-002"": 3.2633819554773456, ""client-003"": 6.526763910954691, ""client-004"": 2.773759311516642, ""client-005"": 3.2633819554773456, ""client-006"": 5.547518623033284, ""client-007"": 11.664475235932908}"
uair,30002,raven_sag,13,"[""client-000"", ""client-001"", ""client-004"", ""client-007""]","[""client-000"", ""client-001"", ""client-002"", ""client-004"", ""client-006"", ""client-007""]","[""client-000"", ""client-001"", ""client-004"", ""client-007""]","{""client-000"": 6.393225852916792, ""client-001"": 5.512410760571148, ""client-002"": 2.756205380285574, ""client-004"": 5.512410760571148, ""client-006"": 6.393225852916792, ""client-007"": 8.268616140856722}"
uair,30002,raven_sag,14,"[""client-000"", ""client-001"", ""client-003"", ""client-006""]","[""client-000"", ""client-001"", ""client-002"", ""client-003"", ""client-004"", ""client-005"", ""client-006"", ""client-007""]","[""client-000"", ""client-001"", ""client-003"", ""client-006""]","{""client-000"": 3.665682517402076, ""client-001"": 5.496422100070774, ""client-002"": 3.665682517402076, ""client-003"": 2.748211050035387, ""client-004"": 6.317487988545403, ""client-005"": 6.317487988545403, ""client-006"": 9.476231982818105, ""client-007"": 8.24463315010616}"
uair,30002,raven_sag,15,"[""client-000"", ""client-002""]","[""client-000"", ""client-001"", ""client-002"", ""client-003"", ""client-004"", ""client-005""]","[""client-000"", ""client-002""]","{""client-000"": 3.5587548243043425, ""client-001"": 2.690220095004726, ""client-002"": 3.0796294915752385, ""client-003"": 8.296531451803443, ""client-004"": 3.5587548243043425, ""client-005"": 4.148265725901721}"
uair,30002,raven_sag,16,"[""client-002"", ""client-003"", ""client-007""]","[""client-000"", ""client-001"", ""client-002"", ""client-003"", ""client-004"", ""client-006"", ""client-007""]","[""client-002"", ""client-003"", ""client-007""]","{""client-000"": 3.075860935652008, ""client-001"": 2.689458897981881, ""client-002"": 5.378917795963762, ""client-003"": 3.075860935652008, ""client-004"": 5.378917795963762, ""client-006"": 3.075860935652008, ""client-007"": 9.227582806956024}"
uair,30002,raven_sag,17,"[""client-002""]","[""client-001"", ""client-002"", ""client-003""]","[""client-002""]","{""client-001"": 5.424598274406959, ""client-002"": 10.849196548813918, ""client-003"": 2.7122991372034795}"
uair,30002,raven_sag,18,"[""client-002""]","[""client-000"", ""client-001"", ""client-002"", ""client-003"", ""client-004"", ""client-006""]","[""client-002""]","{""client-000"": 6.305254188965053, ""client-001"": 6.305254188965053, ""client-002"": 8.10441050561025, ""client-003"": 5.402940337073501, ""client-004"": 3.1526270944825265, ""client-006"": 6.305254188965053}"
uair,30002,raven_sag,19,[],"[""client-000"", ""client-003"", ""client-004"", ""client-005""]",[],"{""client-000"": 3.146687009318734, ""client-003"": 6.293374018637468, ""client-004"": 5.292833294757095, ""client-005"": 7.939249942135643}"
uair,30002,raven_sag,20,"[""client-000"", ""client-003"", ""client-004""]","[""client-000"", ""client-002"", ""client-003"", ""client-004""]","[""client-000"", ""client-003"", ""client-004""]","{""client-000"": 6.3847796283521046, ""client-002"": 5.0169571780772175, ""client-003"": 3.1923898141760523, ""client-004"": 9.577169442528156}"
uair,30002,raven_sag,21,"[""client-002"", ""client-004""]","[""client-000"", ""client-001"", ""client-002"", ""client-003"", ""client-004"", ""client-006"", ""client-007""]","[""client-002"", ""client-004""]","{""client-000"": 5.221904559179658, ""client-001"": 4.075738077902114, ""client-002"": 2.610952279589829, ""client-003"": 2.610952279589829, ""client-004"": 3.2259531145146907, ""client-006"": 3.2259531145146907, ""client-007"": 4.075738077902114}"
uair,30002,raven_sag,22,"[""client-000"", ""client-001"", ""client-007""]","[""client-000"", ""client-001"", ""client-004"", ""client-006"", ""client-007""]","[""client-000"", ""client-001"", ""client-007""]","{""client-000"": 9.806146870661626, ""client-001"": 6.537431247107751, ""client-004"": 2.6259349140425536, ""client-006"": 2.6259349140425536, ""client-007"": 5.251869828085107}"
uair,30002,raven_sag,23,"[""client-007""]","[""client-000"", ""client-003"", ""client-004"", ""client-005"", ""client-007""]","[""client-007""]","{""client-000"": 6.583195590563302, ""client-003"": 5.26636361188041, ""client-004"": 5.26636361188041, ""client-005"": 3.291597795281651, ""client-007"": 2.633181805940205}"
uair,30002,raven_sag,24,"[""client-002""]","[""client-000"", ""client-001"", ""client-002"", ""client-003"", ""client-005"", ""client-007""]","[""client-002""]","{""client-000"": 2.6418879072413803, ""client-001"": 5.283775814482761, ""client-002"": 6.64627150243957, ""client-003"": 3.323135751219785, ""client-005"": 3.323135751219785, ""client-007"": 9.969407253659355}"
uair,30002,raven_sag,25,"[""client-002"", ""client-003"", ""client-005""]","[""client-000"", ""client-002"", ""client-003"", ""client-005"", ""client-007""]","[""client-002"", ""client-003"", ""client-005""]","{""client-000"": 6.679296850842481, ""client-002"": 3.3396484254212404, ""client-003"": 3.3396484254212404, ""client-005"": 5.296895707596145, ""client-007"": 2.6484478537980727}"
uair,30002,raven_sag,26,[],"[""client-004"", ""client-006""]",[],"{""client-004"": 5.294225777388279, ""client-006"": 2.6471128886941395}"
uair,30002,raven_sag,27,"[""client-000"", ""client-001"", ""client-005"", ""client-007""]","[""client-000"", ""client-001"", ""client-002"", ""client-003"", ""client-004"", ""client-005"", ""client-006"", ""client-007""]","[""client-000"", ""client-001"", ""client-005"", ""client-007""]","{""client-000"": 5.35190897558303, ""client-001"": 10.350299625232953, ""client-002"": 2.675954487791515, ""client-003"": 8.027863463374546, ""client-004"": 3.450099875077651, ""client-005"": 3.450099875077651, ""client-006"": 6.900199750155302, ""client-007"": 2.675954487791515}"
uair,30002,raven_sag,28,"[""client-002"", ""client-005"", ""client-006""]","[""client-000"", ""client-002"", ""client-003"", ""client-004"", ""client-005"", ""client-006"", ""client-007""]","[""client-002"", ""client-005"", ""client-006""]","{""client-000"": 2.6503567256611915, ""client-002"": 5.300713451322383, ""client-003"": 10.263872110618594, ""client-004"": 3.4212907035395315, ""client-005"": 2.6503567256611915, ""client-006"": 2.6503567256611915, ""client-007"": 2.6503567256611915}"
uair,30002,raven_sag,29,"[""client-001"", ""client-007""]","[""client-000"", ""client-001"", ""client-002"", ""client-005"", ""client-006"", ""client-007""]","[""client-001"", ""client-007""]","{""client-000"": 5.300490184326812, ""client-001"": 10.275485109981815, ""client-002"": 2.650245092163406, ""client-005"": 6.850323406654543, ""client-006"": 3.4251617033272717, ""client-007"": 6.850323406654543}"
uair,30002,raven_sag,30,"[""client-002"", ""client-005""]","[""client-002"", ""client-003"", ""client-004"", ""client-005"", ""client-006"", ""client-007""]","[""client-002"", ""client-005""]","{""client-002"": 7.97725699545789, ""client-003"": 10.261866197871049, ""client-004"": 5.31817133030526, ""client-005"": 6.841244131914032, ""client-006"": 7.97725699545789, ""client-007"": 10.261866197871049}"
uair,30002,raven_sag,31,"[""client-001"", ""client-003"", ""client-004"", ""client-005"", ""client-007""]","[""client-000"", ""client-001"", ""client-003"", ""client-004"", ""client-005"", ""client-007""]","[""client-001"", ""client-003"", ""client-004"", ""client-005"", ""client-007""]","{""client-000"": 4.453733142055068, ""client-001"": 2.6249581249458434, ""client-003"": 3.3690022647893603, ""client-004"": 5.249916249891687, ""client-005"": 12.070292286183335, ""client-007"": 10.10700679436808}"
uair,30002,raven_sag,32,[],"[""client-000"", ""client-002"", ""client-003"", ""client-004"", ""client-005"", ""client-006""]",[],"{""client-000"": 5.217380503204638, ""client-002"": 2.608690251602319, ""client-003"": 5.9866802716965255, ""client-004"": 5.9866802716965255, ""client-005"": 5.217380503204638, ""client-006"": 10.036770429599052}"
uair,30002,raven_sag,33,"[""client-003""]","[""client-000"", ""client-001"", ""client-002"", ""client-003"", ""client-004"", ""client-005"", ""client-007""]","[""client-003""]","{""client-000"": 5.88508778779479, ""client-001"": 4.369240888714791, ""client-002"": 3.3237625728138696, ""client-003"": 2.602697068321029, ""client-004"": 9.971287718441609, ""client-005"": 2.602697068321029, ""client-007"": 6.647525145627739}"
uair,30002,raven_sag,34,"[""client-000"", ""client-003"", ""client-007""]","[""client-000"", ""client-001"", ""client-003"", ""client-004"", ""client-006"", ""client-007""]","[""client-000"", ""client-003"", ""client-007""]","{""client-000"": 3.3127478988907875, ""client-001"": 5.218275304028813, ""client-003"": 2.6091376520144065, ""client-004"": 5.218275304028813, ""client-006"": 3.3127478988907875, ""client-007"": 3.3127478988907875}"
uair,30002,raven_sag,35,"[""client-000"", ""client-002"", ""client-003""]","[""client-000"", ""client-001"", ""client-002"", ""client-003"", ""client-004"", ""client-005"", ""client-006""]","[""client-000"", ""client-002"", ""client-003""]","{""client-000"": 6.667202322856323, ""client-001"": 5.775620154043866, ""client-002"": 6.667202322856323, ""client-003"": 3.3336011614281613, ""client-004"": 5.775620154043866, ""client-005"": 3.3336011614281613, ""client-006"": 3.3336011614281613}"
uair,30002,raven_sag,36,"[""client-002"", ""client-003"", ""client-006""]","[""client-000"", ""client-001"", ""client-002"", ""client-003"", ""client-004"", ""client-005"", ""client-006"", ""client-007""]","[""client-002"", ""client-003"", ""client-006""]","{""client-000"": 6.643998539125209, ""client-001"": 2.6371886093541588, ""client-002"": 9.965997808687813, ""client-003"": 5.2743772187083175, ""client-004"": 5.2743772187083175, ""client-005"": 2.6371886093541588, ""client-006"": 2.6371886093541588, ""client-007"": 6.643998539125209}"
uair,30002,raven_sag,37,"[""client-000"", ""client-002"", ""client-003""]","[""client-000"", ""client-002"", ""client-003"", ""client-004"", ""client-006""]","[""client-000"", ""client-002"", ""client-003""]","{""client-000"": 5.264640305303585, ""client-002"": 5.264640305303585, ""client-003"": 3.30213265423257, ""client-004"": 4.246798582419057, ""client-006"": 6.60426530846514}"
uair,30002,raven_sag,38,"[""client-001"", ""client-002""]","[""client-001"", ""client-002"", ""client-004"", ""client-005"", ""client-006""]","[""client-001"", ""client-002""]","{""client-001"": 2.632575164542012, ""client-002"": 2.632575164542012, ""client-004"": 5.265150329084024, ""client-005"": 13.242786241374981, ""client-006"": 5.6289488572284}"
uair,30002,raven_sag,39,"[""client-007""]","[""client-000"", ""client-001"", ""client-002"", ""client-003"", ""client-004"", ""client-007""]","[""client-007""]","{""client-000"": 3.3215475975383026, ""client-001"": 5.690293616546533, ""client-002"": 13.28619039015321, ""client-003"": 5.266603090393564, ""client-004"": 2.633301545196782, ""client-007"": 2.633301545196782}"
uair,30002,raven_sag,40,"[""client-000""]","[""client-000"", ""client-001"", ""client-002"", ""client-003"", ""client-004"", ""client-006"", ""client-007""]","[""client-000""]","{""client-000"": 6.625516262104513, ""client-001"": 6.625516262104513, ""client-002"": 8.558870459679634, ""client-003"": 4.279435229839817, ""client-004"": 2.6310278440869195, ""client-006"": 6.625516262104513, ""client-007"": 2.6310278440869195}"
uair,30002,raven_sag,41,"[""client-001""]","[""client-000"", ""client-001"", ""client-002"", ""client-004"", ""client-005"", ""client-006"", ""client-007""]","[""client-001""]","{""client-000"": 2.6315975897659127, ""client-001"": 5.2631951795318255, ""client-002"": 9.903891813602765, ""client-004"": 3.301297271200922, ""client-005"": 9.903891813602765, ""client-006"": 3.301297271200922, ""client-007"": 2.6315975897659127}"
uair,30002,raven_sag,42,"[""client-003"", ""client-004""]","[""client-001"", ""client-003"", ""client-004"", ""client-005"", ""client-006""]","[""client-003"", ""client-004""]","{""client-001"": 9.866637357270577, ""client-003"": 2.6342460511751824, ""client-004"": 3.2888791190901925, ""client-005"": 6.577758238180385, ""client-006"": 5.4898691367642645}"
uair,30002,raven_sag,43,"[""client-002"", ""client-003"", ""client-007""]","[""client-000"", ""client-001"", ""client-002"", ""client-003"", ""client-004"", ""client-005"", ""client-007""]","[""client-002"", ""client-003"", ""client-007""]","{""client-000"": 6.587978004626611, ""client-001"": 3.2939890023133054, ""client-002"": 5.283037746769727, ""client-003"": 2.6415188733848636, ""client-004"": 4.205802642940796, ""client-005"": 9.881967006939917, ""client-007"": 3.2939890023133054}"
uair,30002,raven_sag,44,"[""client-000"", ""client-004""]","[""client-000"", ""client-001"", ""client-002"", ""client-004"", ""client-006""]","[""client-000"", ""client-004""]","{""client-000"": 2.644651679069532, ""client-001"": 3.287372358197749, ""client-002"": 5.289303358139064, ""client-004"": 2.644651679069532, ""client-006"": 3.287372358197749}"
uair,30002,raven_sag,45,"[""client-001"", ""client-002""]","[""client-000"", ""client-001"", ""client-002"", ""client-003"", ""client-004"", ""client-005"", ""client-006"", ""client-007""]","[""client-001"", ""client-002""]","{""client-000"": 6.631331823896652, ""client-001"": 2.6619978094751606, ""client-002"": 7.985993428425482, ""client-003"": 4.226423395499435, ""client-004"": 6.631331823896652, ""client-005"": 5.495384188761337, ""client-006"": 3.315665911948326, ""client-007"": 2.6619978094751606}"
uair,30002,raven_sag,46,"[""client-001"", ""client-004"", ""client-005"", ""client-006""]","[""client-000"", ""client-001"", ""client-002"", ""client-004"", ""client-005"", ""client-006"", ""client-007""]","[""client-001"", ""client-004"", ""client-005"", ""client-006""]","{""client-000"": 2.655083370838553, ""client-001"": 3.304599677386856, ""client-002"": 3.304599677386856, ""client-004"": 3.304599677386856, ""client-005"": 5.310166741677106, ""client-006"": 5.468345435540572, ""client-007"": 7.965250112515659}"
uair,30002,raven_sag,47,"[""client-005""]","[""client-000"", ""client-002"", ""client-003"", ""client-004"", ""client-005""]","[""client-005""]","{""client-000"": 5.493418154877041, ""client-002"": 2.657986330750987, ""client-003"": 7.97395899225296, ""client-004"": 5.315972661501974, ""client-005"": 7.97395899225296}"
uair,30002,raven_sag,48,"[""client-000"", ""client-003"", ""client-004"", ""client-005""]","[""client-000"", ""client-001"", ""client-002"", ""client-003"", ""client-004"", ""client-005"", ""client-006""]","[""client-000"", ""client-003"", ""client-004"", ""client-005""]","{""client-000"": 3.305390166365621, ""client-001"": 3.305390166365621, ""client-002"": 9.916170499096863, ""client-003"": 9.916170499096863, ""client-004"": 3.305390166365621, ""client-005"": 2.642575109294852, ""client-006"": 7.9277253278845565}"
uair,30002,raven_sag,49,"[""client-001""]","[""client-000"", ""client-001"", ""client-003"", ""client-005"", ""client-006"", ""client-007""]","[""client-001""]","{""client-000"": 6.580321153904196, ""client-001"": 5.239790091848461, ""client-003"": 5.239790091848461, ""client-005"": 3.290160576952098, ""client-006"": 3.290160576952098, ""client-007"": 7.859685137772691}"
uair,30002,raven_sag,50,"[""client-004""]","[""client-000"", ""client-001"", ""client-003"", ""client-004"", ""client-006"", ""client-007""]","[""client-004""]","{""client-000"": 5.213281324071087, ""client-001"": 6.589295022507426, ""client-003"": 11.361392010377761, ""client-004"": 2.6066406620355433, ""client-006"": 6.589295022507426, ""client-007"": 11.361392010377761}"
uair,30002,raven_sag,51,"[""client-001"", ""client-007""]","[""client-000"", ""client-001"", ""client-002"", ""client-003"", ""client-004"", ""client-005"", ""client-006"", ""client-007""]","[""client-001"", ""client-007""]","{""client-000"": 2.5930166696165298, ""client-001"": 13.117595282579476, ""client-002"": 3.279398820644869, ""client-003"": 6.558797641289738, ""client-004"": 5.1860333392330595, ""client-005"": 6.558797641289738, ""client-006"": 2.5930166696165298, ""client-007"": 3.279398820644869}"
uair,30002,raven_sag,52,"[""client-000""]","[""client-000"", ""client-001"", ""client-002"", ""client-004"", ""client-005"", ""client-006"", ""client-007""]","[""client-000""]","{""client-000"": 5.537971130643815, ""client-001"": 3.248758273532563, ""client-002"": 6.497516547065126, ""client-004"": 6.497516547065126, ""client-005"": 5.166017365387585, ""client-006"": 2.5830086826937926, ""client-007"": 5.166017365387585}"
uair,30002,raven_sag,53,"[""client-002"", ""client-004"", ""client-005"", ""client-006"", ""client-007""]","[""client-000"", ""client-001"", ""client-002"", ""client-004"", ""client-005"", ""client-006"", ""client-007""]","[""client-002"", ""client-004"", ""client-005"", ""client-006"", ""client-007""]","{""client-000"": 6.488799411308976, ""client-001"": 3.244399705654488, ""client-002"": 3.244399705654488, ""client-004"": 6.488799411308976, ""client-005"": 5.176712898391972, ""client-006"": 2.588356449195986, ""client-007"": 3.244399705654488}"
uair,30002,raven_sag,54,"[""client-000"", ""client-002"", ""client-006""]","[""client-000"", ""client-002"", ""client-003"", ""client-005"", ""client-006"", ""client-007""]","[""client-000"", ""client-002"", ""client-006""]","{""client-000"": 2.5955950176375664, ""client-002"": 3.244566811367973, ""client-003"": 3.244566811367973, ""client-005"": 3.244566811367973, ""client-006"": 2.5955950176375664, ""client-007"": 7.786785052912699}"
uair,30002,raven_sag,55,[],"[""client-001"", ""client-004"", ""client-005"", ""client-007""]",[],"{""client-001"": 9.791888137772155, ""client-004"": 6.5279254251814365, ""client-005"": 6.5279254251814365, ""client-007"": 6.5279254251814365}"
uair,30002,raven_sag,56,"[""client-002"", ""client-003"", ""client-005"", ""client-007""]","[""client-000"", ""client-001"", ""client-002"", ""client-003"", ""client-004"", ""client-005"", ""client-006"", ""client-007""]","[""client-002"", ""client-003"", ""client-005"", ""client-007""]","{""client-000"": 2.609346496053951, ""client-001"": 5.492096173610607, ""client-002"": 3.2659451225646436, ""client-003"": 3.2659451225646436, ""client-004"": 5.218692992107902, ""client-005"": 6.531890245129287, ""client-006"": 7.828039488161854, ""client-007"": 2.609346496053951}"
uair,30002,raven_sag,57,"[""client-004"", ""client-007""]","[""client-002"", ""client-004"", ""client-005"", ""client-006"", ""client-007""]","[""client-004"", ""client-007""]","{""client-002"": 3.2574054962123427, ""client-004"": 2.6019387917434846, ""client-005"": 13.02962198484937, ""client-006"": 6.514810992424685, ""client-007"": 6.514810992424685}"
uair,30002,raven_sag,58,"[""client-001"", ""client-003"", ""client-006""]","[""client-000"", ""client-001"", ""client-002"", ""client-003"", ""client-004"", ""client-005"", ""client-006"", ""client-007""]","[""client-001"", ""client-003"", ""client-006""]","{""client-000"": 4.198784818012603, ""client-001"": 3.2607393679693866, ""client-002"": 5.195552549272156, ""client-003"": 2.597776274636078, ""client-004"": 6.521478735938773, ""client-005"": 4.198784818012603, ""client-006"": 3.2607393679693866, ""client-007"": 5.195552549272156}"
uair,30002,raven_sag,59,"[""client-002"", ""client-006""]","[""client-000"", ""client-001"", ""client-002"", ""client-003"", ""client-005"", ""client-006"", ""client-007""]","[""client-002"", ""client-006""]","{""client-000"": 8.37770805966961, ""client-001"": 5.180258313323049, ""client-002"": 6.503638426507137, ""client-003"": 6.503638426507137, ""client-005"": 5.180258313323049, ""client-006"": 5.180258313323049, ""client-007"": 4.188854029834805}"
uair,30002,raven_sag,60,"[""client-000"", ""client-001"", ""client-006""]","[""client-000"", ""client-001"", ""client-002"", ""client-003"", ""client-004"", ""client-005"", ""client-006"", ""client-007""]","[""client-000"", ""client-001"", ""client-006""]","{""client-000"": 5.163623164108873, ""client-001"": 12.942704607446387, ""client-002"": 9.70702845558479, ""client-003"": 2.5818115820544363, ""client-004"": 5.163623164108873, ""client-005"": 7.745434746163308, ""client-006"": 2.5818115820544363, ""client-007"": 10.93196835946665}"
uair,30002,raven_sag,61,"[""client-000"", ""client-005"", ""client-006"", ""client-007""]","[""client-000"", ""client-001"", ""client-004"", ""client-005"", ""client-006"", ""client-007""]","[""client-000"", ""client-005"", ""client-006"", ""client-007""]","{""client-000"": 4.098483878817827, ""client-001"": 2.5620739852178023, ""client-004"": 6.4000277547843165, ""client-005"": 9.600041632176474, ""client-006"": 6.4000277547843165, ""client-007"": 3.2000138773921583}"
uair,30002,raven_sag,62,"[""client-004"", ""client-006""]","[""client-000"", ""client-001"", ""client-002"", ""client-003"", ""client-004"", ""client-005"", ""client-006"", ""client-007""]","[""client-004"", ""client-006""]","{""client-000"": 5.12437314475493, ""client-001"": 5.12437314475493, ""client-002"": 6.389499850879919, ""client-003"": 5.332008775605617, ""client-004"": 9.58424977631988, ""client-005"": 6.389499850879919, ""client-006"": 5.332008775605617, ""client-007"": 5.332008775605617}"
uair,30002,raven_sag,63,"[""client-004"", ""client-006"", ""client-007""]","[""client-000"", ""client-001"", ""client-004"", ""client-005"", ""client-006"", ""client-007""]","[""client-004"", ""client-006"", ""client-007""]","{""client-000"": 6.339196996943636, ""client-001"": 3.169598498471818, ""client-004"": 5.098472017828199, ""client-005"": 2.5492360089140993, ""client-006"": 5.098472017828199, ""client-007"": 6.339196996943636}"
uair,30002,raven_sag,64,"[""client-004"", ""client-006"", ""client-007""]","[""client-000"", ""client-001"", ""client-002"", ""client-003"", ""client-004"", ""client-005"", ""client-006"", ""client-007""]","[""client-004"", ""client-006"", ""client-007""]","{""client-000"": 5.271995219861112, ""client-001"": 3.172801911172347, ""client-002"": 5.099165854724594, ""client-003"": 6.345603822344694, ""client-004"": 2.549582927362297, ""client-005"": 2.549582927362297, ""client-006"": 4.04667021159714, ""client-007"": 6.345603822344694}"
uair,30002,raven_sag,65,"[""client-004"", ""client-006"", ""client-007""]","[""client-000"", ""client-002"", ""client-003"", ""client-004"", ""client-006"", ""client-007""]","[""client-004"", ""client-006"", ""client-007""]","{""client-000"": 3.1671626592992315, ""client-002"": 5.091419912855253, ""client-003"": 3.1671626592992315, ""client-004"": 3.1671626592992315, ""client-006"": 5.091419912855253, ""client-007"": 2.5457099564276264}"
uair,30002,raven_sag,66,"[""client-000"", ""client-001"", ""client-002"", ""client-004"", ""client-007""]","[""client-000"", ""client-001"", ""client-002"", ""client-003"", ""client-004"", ""client-005"", ""client-007""]","[""client-000"", ""client-001"", ""client-002"", ""client-004"", ""client-007""]","{""client-000"": 6.355791477371629, ""client-001"": 6.355791477371629, ""client-002"": 6.355791477371629, ""client-003"": 6.355791477371629, ""client-004"": 3.1778957386858147, ""client-005"": 7.658795003304594, ""client-007"": 6.355791477371629}"
uair,30002,raven_sag,67,"[""client-004""]","[""client-000"", ""client-001"", ""client-002"", ""client-003"", ""client-004"", ""client-005""]","[""client-004""]","{""client-000"": 8.068937573503998, ""client-001"": 9.491037345081587, ""client-002"": 5.085553117727606, ""client-003"": 2.542776558863803, ""client-004"": 6.327358230054391, ""client-005"": 5.255714608428159}"
uair,30002,raven_sag,68,"[""client-004""]","[""client-000"", ""client-001"", ""client-003"", ""client-004"", ""client-005"", ""client-006"", ""client-007""]","[""client-004""]","{""client-000"": 5.224220164637825, ""client-001"": 2.5349824968080696, ""client-003"": 5.224220164637825, ""client-004"": 3.151053110986247, ""client-005"": 5.224220164637825, ""client-006"": 2.5349824968080696, ""client-007"": 7.604947490424209}"
uair,30002,raven_sag,69,"[""client-000"", ""client-003"", ""client-004"", ""client-005"", ""client-006""]","[""client-000"", ""client-001"", ""client-003"", ""client-004"", ""client-005"", ""client-006""]","[""client-000"", ""client-003"", ""client-004"", ""client-005"", ""client-006""]","{""client-000"": 3.158279432034554, ""client-001"": 5.089214602809816, ""client-003"": 6.316558864069108, ""client-004"": 6.316558864069108, ""client-005"": 3.158279432034554, ""client-006"": 8.031526722043235}"
uair,30002,raven_sag,70,"[""client-002"", ""client-003"", ""client-005"", ""client-006"", ""client-007""]","[""client-001"", ""client-002"", ""client-003"", ""client-004"", ""client-005"", ""client-006"", ""client-007""]","[""client-002"", ""client-003"", ""client-005"", ""client-006"", ""client-007""]","{""client-001"": 5.09333322032729, ""client-002"": 3.1545344010405185, ""client-003"": 5.09333322032729, ""client-004"": 2.546666610163645, ""client-005"": 7.639999830490935, ""client-006"": 6.309068802081037, ""client-007"": 3.1545344010405185}"
uair,30002,raven_sag,71,"[""client-002"", ""client-005"", ""client-006""]","[""client-000"", ""client-001"", ""client-002"", ""client-005"", ""client-006"", ""client-007""]","[""client-002"", ""client-005"", ""client-006""]","{""client-000"": 5.0987114533829745, ""client-001"": 3.1553134691799576, ""client-002"": 6.310626938359915, ""client-005"": 7.648067180074461, ""client-006"": 2.5493557266914872, ""client-007"": 3.1553134691799576}"
uair,30002,raven_sag,72,"[""client-000"", ""client-004"", ""client-007""]","[""client-000"", ""client-003"", ""client-004"", ""client-006"", ""client-007""]","[""client-000"", ""client-004"", ""client-007""]","{""client-000"": 2.550796619136915, ""client-003"": 8.010256286654087, ""client-004"": 7.652389857410745, ""client-006"": 6.317565316121935, ""client-007"": 6.317565316121935}"
uair,30002,raven_sag,73,"[""client-000""]","[""client-000"", ""client-001"", ""client-003"", ""client-005"", ""client-007""]","[""client-000""]","{""client-000"": 3.163094795914621, ""client-001"": 5.1136499597083365, ""client-003"": 6.326189591829242, ""client-005"": 5.175871004980678, ""client-007"": 6.326189591829242}"
uair,30002,raven_sag,74,"[""client-004""]","[""client-000"", ""client-002"", ""client-003"", ""client-004"", ""client-005"", ""client-006""]","[""client-004""]","{""client-000"": 5.119328656594012, ""client-002"": 3.1687306877822308, ""client-003"": 5.193287077892137, ""client-004"": 5.119328656594012, ""client-005"": 6.3374613755644615, ""client-006"": 3.1687306877822308}"
uair,30002,raven_sag,75,"[""client-002"", ""client-003""]","[""client-000"", ""client-001"", ""client-002"", ""client-003"", ""client-004"", ""client-005"", ""client-006"", ""client-007""]","[""client-002"", ""client-003""]","{""client-000"": 6.342337462484865, ""client-001"": 2.5615837200166576, ""client-002"": 5.1971083594256235, ""client-003"": 4.018713373545283, ""client-004"": 6.342337462484865, ""client-005"": 4.018713373545283, ""client-006"": 6.342337462484865, ""client-007"": 6.342337462484865}"
uair,30002,raven_sag,76,"[""client-001"", ""client-002"", ""client-003""]","[""client-001"", ""client-002"", ""client-003"", ""client-004"", ""client-006"", ""client-007""]","[""client-001"", ""client-002"", ""client-003""]","{""client-001"": 5.123057054789848, ""client-002"": 3.99887580110785, ""client-003"": 3.163984776643361, ""client-004"": 6.327969553286722, ""client-006"": 6.327969553286722, ""client-007"": 5.155877697263671}"
uair,30002,raven_sag,77,"[""client-002"", ""client-005""]","[""client-002"", ""client-003"", ""client-004"", ""client-005"", ""client-006""]","[""client-002"", ""client-005""]","{""client-002"": 6.328143729610266, ""client-003"": 4.000320484356557, ""client-004"": 2.5609022637611725, ""client-005"": 6.328143729610266, ""client-006"": 6.328143729610266}"
uair,30002,raven_sag,78,"[""client-000"", ""client-002"", ""client-004""]","[""client-000"", ""client-001"", ""client-002"", ""client-004"", ""client-005"", ""client-006""]","[""client-000"", ""client-002"", ""client-004""]","{""client-000"": 5.126485529928933, ""client-001"": 5.126485529928933, ""client-002"": 7.6897282948934, ""client-004"": 5.126485529928933, ""client-005"": 2.5632427649644667, ""client-006"": 3.168755303683267}"
uair,30002,raven_sag,79,"[""client-000""]","[""client-000"", ""client-001"", ""client-002"", ""client-003"", ""client-004"", ""client-005"", ""client-006""]","[""client-000""]","{""client-000"": 5.194639391031399, ""client-001"": 9.513518818246148, ""client-002"": 6.342345878830765, ""client-003"": 5.124095537046532, ""client-004"": 3.1711729394153827, ""client-005"": 2.562047768523266, ""client-006"": 6.342345878830765}"
uair,30003,raven,0,"[""client-002""]","[""client-001"", ""client-002"", ""client-005"", ""client-006"", ""client-007""]","[""client-002""]","{""client-001"": 20.0, ""client-002"": 6.472980109988373, ""client-005"": 18.074336432550798, ""client-006"": 5.1783840879906995, ""client-007"": 15.535152263972098}"
uair,30003,raven,1,"[""client-003"", ""client-007""]","[""client-000"", ""client-001"", ""client-002"", ""client-003"", ""client-004"", ""client-006"", ""client-007""]","[""client-003"", ""client-007""]","{""client-000"": 8.235149992199096, ""client-001"": 2.058787498049774, ""client-002"": 4.117574996099548, ""client-003"": 1.3725249986998493, ""client-004"": 10.991220442166668, ""client-006"": 0.5490099994799398, ""client-007"": 9.882179990638917}"
uair,30003,raven,2,"[""client-001"", ""client-002"", ""client-007""]","[""client-001"", ""client-002"", ""client-003"", ""client-007""]","[""client-001"", ""client-002"", ""client-007""]","{""client-001"": 8.182386911799684, ""client-002"": 7.331846424013397, ""client-003"": 3.6659232120066987, ""client-007"": 0.8737933578518303}"
uair,30003,raven,3,"[""client-000"", ""client-001"", ""client-003""]","[""client-000"", ""client-001"", ""client-002"", ""client-003"", ""client-005""]","[""client-000"", ""client-001"", ""client-003""]","{""client-000"": 1.0741641943215303, ""client-001"": 7.202084722805396, ""client-002"": 14.14957747453582, ""client-003"": 0.5370820971607652, ""client-005"": 2.880833889122159}"
uair,30003,raven,4,"[""client-001"", ""client-004"", ""client-005"", ""client-006"", ""client-007""]","[""client-000"", ""client-001"", ""client-004"", ""client-005"", ""client-006"", ""client-007""]","[""client-001"", ""client-004"", ""client-005"", ""client-006"", ""client-007""]","{""client-000"": 8.660750108656941, ""client-001"": 0.5780091631531787, ""client-004"": 0.46240733052254307, ""client-005"": 5.5488879662705175, ""client-006"": 5.5488879662705175, ""client-007"": 6.211679695063219}"
uair,30003,raven,5,"[""client-003"", ""client-005""]","[""client-000"", ""client-001"", ""client-002"", ""client-003"", ""client-004"", ""client-005"", ""client-007""]","[""client-003"", ""client-005""]","{""client-000"": 4.4310929111275215, ""client-001"": 1.2079157995110785, ""client-002"": 0.6039578997555393, ""client-003"": 7.247494797066471, ""client-004"": 9.678186585666584, ""client-005"": 5.797995837653178, ""client-007"": 0.966332639608863}"
uair,30003,raven,6,"[""client-002"", ""client-004""]","[""client-001"", ""client-002"", ""client-004"", ""client-005"", ""client-007""]","[""client-000"", ""client-002"", ""client-003"", ""client-004""]","{""client-001"": 3.4792573990516833, ""client-002"": 6.958514798103367, ""client-004"": 0.4639009865402245, ""client-005"": 12.424964896135675, ""client-007"": 6.212482448067838}"
uair,30003,raven,7,"[""client-006""]","[""client-000"", ""client-001"", ""client-002"", ""client-006""]","[""client-005"", ""client-006""]","{""client-000"": 6.760551996126303, ""client-001"": 11.377967531237228, ""client-002"": 1.1267586660210505, ""client-006"": 1.3521103992252608}"
uair,30003,raven,8,"[""client-000""]","[""client-000"", ""client-001"", ""client-002"", ""client-005"", ""client-006""]","[""client-000"", ""client-003""]","{""client-000"": 0.5512020352311182, ""client-001"": 16.576127317852027, ""client-002"": 3.7043398840112456, ""client-005"": 0.4409616281848946, ""client-006"": 0.4409616281848946}"
uair,30003,raven,9,"[""client-003"", ""client-005"", ""client-006""]","[""client-003"", ""client-004"", ""client-005"", ""client-006"", ""client-007""]","[""client-003"", ""client-005"", ""client-006""]","{""client-003"": 1.1478453693045263, ""client-004"": 13.932753561833975, ""client-005"": 0.45913814772181055, ""client-006"": 3.0952808854299647, ""client-007"": 0.45913814772181055}"
uair,30003,raven,10,"[""client-000"", ""client-002"", ""client-003"", ""client-005"", ""client-006""]","[""client-000"", ""client-001"", ""client-002"", ""client-003"", ""client-005"", ""client-006""]","[""client-000"", ""client-002"", ""client-003"", ""client-004"", ""client-005"", ""client-006"", ""client-007""]","{""client-000"": 7.198486372062122, ""client-001"": 7.198486372062122, ""client-002"": 3.988243194475605, ""client-003"": 7.198486372062122, ""client-005"": 0.4798990914708082, ""client-006"": 2.8793945488248496}"
uair,30003,raven,11,"[""client-005""]","[""client-000"", ""client-001"", ""client-003"", ""client-004"", ""client-005""]","[""client-005""]","{""client-000"": 14.362940061458046, ""client-001"": 3.941707034718561, ""client-003"": 3.5907350153645115, ""client-004"": 5.74517602458322, ""client-005"": 0.9575293374305366}"
uair,30003,raven,12,"[""client-004"", ""client-005""]","[""client-002"", ""client-003"", ""client-004"", ""client-005"", ""client-007""]","[""client-004"", ""client-005""]","{""client-002"": 7.733728847373684, ""client-003"": 7.014174984444256, ""client-004"": 6.186983077898949, ""client-005"": 6.186983077898949, ""client-007"": 2.8056699937777028}"
uair,30003,raven,13,"[""client-000"", ""client-002"", ""client-006""]","[""client-000"", ""client-002"", ""client-004"", ""client-006""]","[""client-000"", ""client-001"", ""client-002"", ""client-006""]","{""client-000"": 11.55539255496954, ""client-002"": 4.226392650339334, ""client-004"": 3.0814380146585445, ""client-006"": 8.316696510735849}"
uair,30003,raven,14,"[""client-005""]","[""client-002"", ""client-004"", ""client-005""]","[""client-005""]","{""client-002"": 7.47240524030945, ""client-004"": 1.354464432770356, ""client-005"": 0.4514881442567854}"
uair,30003,raven,15,[],"[""client-000"", ""client-001"", ""client-007""]",[],"{""client-000"": 3.7504736780688113, ""client-001"": 14.559704274076998, ""client-007"": 23.295526838523195}"
uair,30003,raven,16,"[""client-005""]","[""client-003"", ""client-005"", ""client-006"", ""client-007""]","[""client-000"", ""client-001"", ""client-004"", ""client-005""]","{""client-003"": 16.813522785192994, ""client-005"": 1.3556152383184548, ""client-006"": 6.056567566897955, ""client-007"": 6.056567566897955}"
uair,30003,raven,17,"[""client-000"", ""client-006"", ""client-007""]","[""client-000"", ""client-003"", ""client-006"", ""client-007""]","[""client-000"", ""client-005"", ""client-006"", ""client-007""]","{""client-000"": 8.219090589498153, ""client-003"": 7.453253930911074, ""client-006"": 5.96260314472886, ""client-007"": 2.6775775448509322}"
uair,30003,raven,18,"[""client-006""]","[""client-000"", ""client-001"", ""client-002"", ""client-003"", ""client-005"", ""client-006""]","[""client-006""]","{""client-000"": 1.1233165130101461, ""client-001"": 16.31526699838381, ""client-002"": 6.739899078060877, ""client-003"": 3.3699495390304386, ""client-005"": 3.2630533996767612, ""client-006"": 5.391919262448703}"
uair,30003,raven,19,"[""client-001"", ""client-007""]","[""client-001"", ""client-002"", ""client-003"", ""client-007""]","[""client-001"", ""client-004"", ""client-006"", ""client-007""]","{""client-001"": 3.395187561212981, ""client-002"": 3.757877757761494, ""client-003"": 15.031511031045977, ""client-007"": 5.432300097940771}"
uair,30003,raven,20,"[""client-001"", ""client-006""]","[""client-001"", ""client-003"", ""client-006""]","[""client-001"", ""client-006"", ""client-007""]","{""client-001"": 3.3804035284351603, ""client-003"": 3.7560423919290766, ""client-006"": 2.7043228227481286}"
uair,30003,raven,21,"[""client-003"", ""client-005"", ""client-006"", ""client-007""]","[""client-000"", ""client-001"", ""client-002"", ""client-003"", ""client-005"", ""client-006"", ""client-007""]","[""client-003"", ""client-005"", ""client-006"", ""client-007""]","{""client-000"": 7.629871159587294, ""client-001"": 6.830314102653344, ""client-002"": 3.415157051326672, ""client-003"": 7.629871159587294, ""client-005"": 5.464251282122676, ""client-006"": 0.455354273510223, ""client-007"": 6.103896927669837}"
uair,30003,raven,22,"[""client-000"", ""client-004"", ""client-005"", ""client-006""]","[""client-000"", ""client-001"", ""client-002"", ""client-003"", ""client-004"", ""client-005"", ""client-006""]","[""client-000"", ""client-004"", ""client-005"", ""client-006""]","{""client-000"": 7.622517860872376, ""client-001"": 3.4196445382232286, ""client-002"": 14.921362559288902, ""client-003"": 0.5699407563705381, ""client-004"": 2.7357156305785835, ""client-005"": 3.049007144348951, ""client-006"": 6.098014288697902}"
uair,30003,raven,23,"[""client-002"", ""client-006""]","[""client-001"", ""client-002"", ""client-005"", ""client-006"", ""client-007""]","[""client-000"", ""client-002"", ""client-003"", ""client-006""]","{""client-001"": 29.81838410965012, ""client-002"": 3.4466988764898567, ""client-005"": 35.78206093158014, ""client-006"": 6.121194166192257, ""client-007"": 8.272077303575657}"
uair,30003,raven,24,"[""client-000"", ""client-006""]","[""client-000"", ""client-003"", ""client-005"", ""client-006""]","[""client-000"", ""client-004"", ""client-006""]","{""client-000"": 4.021863411473457, ""client-003"": 16.087453645893827, ""client-005"": 6.064584021881146, ""client-006"": 6.064584021881146}"
uair,30003,raven,25,"[""client-001"", ""client-003""]","[""client-000"", ""client-001"", ""client-002"", ""client-003"", ""client-007""]","[""client-001"", ""client-003"", ""client-004"", ""client-006""]","{""client-000"": 7.0155193825929345, ""client-001"": 10.523279073889402, ""client-002"": 7.0155193825929345, ""client-003"": 15.934096785922023, ""client-007"": 9.157132538201779}"
uair,30003,raven,26,"[""client-003""]","[""client-002"", ""client-003"", ""client-006""]","[""client-003"", ""client-005""]","{""client-002"": 31.187106450989475, ""client-003"": 3.486472400981098, ""client-006"": 2.789177920784879}"
uair,30003,raven,27,"[""client-000"", ""client-001"", ""client-007""]","[""client-000"", ""client-001"", ""client-002"", ""client-004"", ""client-007""]","[""client-000"", ""client-001"", ""client-006"", ""client-007""]","{""client-000"": 7.57508577968976, ""client-001"": 10.502633603877785, ""client-002"": 3.9069613839493047, ""client-004"": 12.502276428637774, ""client-007"": 3.0300343118759048}"
uair,30003,raven,28,"[""client-003"", ""client-004"", ""client-007""]","[""client-003"", ""client-004"", ""client-006"", ""client-007""]","[""client-003"", ""client-004"", ""client-005"", ""client-007""]","{""client-003"": 0.5859356213610623, ""client-004"": 0.4687484970888499, ""client-006"": 12.645864652978126, ""client-007"": 3.0496354371863523}"
uair,30003,raven,29,"[""client-006""]","[""client-000"", ""client-001"", ""client-006""]","[""client-006""]","{""client-000"": 7.738227660744564, ""client-001"": 1.1909892970669342, ""client-006"": 6.190582128595652}"
uair,30003,raven,30,"[""client-004""]","[""client-000"", ""client-004"", ""client-005"", ""client-007""]","[""client-003"", ""client-004""]","{""client-000"": 32.44444956866951, ""client-004"": 2.8952622435329065, ""client-005"": 0.9650874145109687, ""client-007"": 6.273666405340653}"
uair,30003,raven,31,"[""client-000""]","[""client-000"", ""client-003"", ""client-005"", ""client-006""]","[""client-000"", ""client-002""]","{""client-000"": 1.2180269973903197, ""client-003"": 3.654080992170959, ""client-005"": 3.141683909736064, ""client-006"": 5.846529587473536}"
uair,30003,raven,32,[],"[""client-002"", ""client-003""]","[""client-000""]","{""client-002"": 1.2250463106759388, ""client-003"": 11.02541679608345}"
uair,30003,raven,33,"[""client-002"", ""client-006""]","[""client-001"", ""client-002"", ""client-004"", ""client-006"", ""client-007""]","[""client-002"", ""client-006""]","{""client-001"": 3.9690335465153272, ""client-002"": 7.392424694112988, ""client-004"": 0.4928283129408659, ""client-006"": 3.161683332436229, ""client-007"": 0.4928283129408659}"
uair,30003,raven,34,"[""client-000"", ""client-007""]","[""client-000"", ""client-002"", ""client-005"", ""client-006"", ""client-007""]","[""client-000"", ""client-007""]","{""client-000"": 3.9878814654992354, ""client-002"": 3.7232720706673987, ""client-005"": 6.380610344798778, ""client-006"": 8.935852969601758, ""client-007"": 3.190305172399389}"
uair,30003,raven,35,"[""client-001"", ""client-002"", ""client-003"", ""client-005""]","[""client-001"", ""client-002"", ""client-003"", ""client-005"", ""client-006"", ""client-007""]","[""client-001"", ""client-002"", ""client-003"", ""client-005""]","{""client-001"": 11.218228257547954, ""client-002"": 4.011505305828244, ""client-003"": 8.023010611656488, ""client-005"": 5.983055070692243, ""client-006"": 3.2092042446625957, ""client-007"": 12.045548119828409}"
uair,30003,raven,36,"[""client-000"", ""client-001"", ""client-003"", ""client-005""]","[""client-000"", ""client-001"", ""client-002"", ""client-003"", ""client-004"", ""client-005"", ""client-006"", ""client-007""]","[""client-000"", ""client-001"", ""client-003"", ""client-005""]","{""client-000"": 7.974954908925445, ""client-001"": 7.4065836184271765, ""client-002"": 11.962432363388167, ""client-003"": 0.617215301535598, ""client-004"": 9.569945890710535, ""client-005"": 6.379963927140357, ""client-006"": 2.9626334473708713, ""client-007"": 0.4937722412284785}"
uair,30003,raven,37,"[""client-001""]","[""client-000"", ""client-001"", ""client-003"", ""client-004"", ""client-005""]","[""client-001"", ""client-002""]","{""client-000"": 3.6543740142716112, ""client-001"": 3.9431509841301793, ""client-003"": 3.6543740142716112, ""client-004"": 0.4872498685695482, ""client-005"": 0.4872498685695482}"
uair,30003,raven,38,[],"[""client-001"", ""client-007""]","[""client-006""]","{""client-001"": 3.9763465191701775, ""client-007"": 0.9808408283418666}"
uair,30003,raven,39,"[""client-000"", ""client-001"", ""client-002""]","[""client-000"", ""client-001"", ""client-002"", ""client-004"", ""client-006"", ""client-007""]","[""client-000"", ""client-001"", ""client-002""]","{""client-000"": 16.72337199504636, ""client-001"": 11.162459069367962, ""client-002"": 7.441639379578642, ""client-004"": 0.4961092919719095, ""client-006"": 3.2281346778243614, ""client-007"": 13.378697596037087}"
uair,30003,raven,40,"[""client-001""]","[""client-001"", ""client-002"", ""client-004"", ""client-006"", ""client-007""]","[""client-000"", ""client-001""]","{""client-001"": 3.705877149374861, ""client-002"": 0.6176461915624768, ""client-004"": 0.49411695324998156, ""client-006"": 6.444154072345169, ""client-007"": 24.528678391665032}"
uair,30003,raven,41,"[""client-003"", ""client-006""]","[""client-003"", ""client-006"", ""client-007""]","[""client-003"", ""client-005"", ""client-006""]","{""client-003"": 1.238503355052818, ""client-006"": 3.2262692608768035, ""client-007"": 0.49540134202112723}"
uair,30003,raven,42,"[""client-000"", ""client-003"", ""client-007""]","[""client-000"", ""client-002"", ""client-003"", ""client-004"", ""client-005"", ""client-006"", ""client-007""]","[""client-000"", ""client-003"", ""client-007""]","{""client-000"": 11.153317933088244, ""client-002"": 16.811613287637442, ""client-003"": 1.239257548120916, ""client-004"": 12.296744771005548, ""client-005"": 12.296744771005548, ""client-006"": 5.9484362309803975, ""client-007"": 3.2315654173357324}"
uair,30003,raven,43,"[""client-007""]","[""client-003"", ""client-004"", ""client-006"", ""client-007""]","[""client-007""]","{""client-003"": 3.698787137712235, ""client-004"": 5.918059420339577, ""client-006"": 6.447747026181576, ""client-007"": 5.918059420339577}"
uair,30003,raven,44,"[""client-003"", ""client-007""]","[""client-000"", ""client-001"", ""client-003"", ""client-006"", ""client-007""]","[""client-003"", ""client-007""]","{""client-000"": 0.6141022197702282, ""client-001"": 3.6846133186213694, ""client-003"": 4.030897315377833, ""client-006"": 2.9476906548970963, ""client-007"": 0.49128177581618265}"
uair,30003,raven,45,[],"[""client-003"", ""client-004"", ""client-006"", ""client-007""]","[""client-000""]","{""client-003"": 4.071859609361956, ""client-004"": 2.966129325622421, ""client-006"": 3.4718120796357423, ""client-007"": 6.943624159271485}"
uair,30003,raven,46,"[""client-000"", ""client-005""]","[""client-000"", ""client-001"", ""client-005""]","[""client-000"", ""client-005""]","{""client-000"": 8.174874172762085, ""client-001"": 35.12067647868712, ""client-005"": 0.4945521921637384}"
uair,30003,raven,47,[],"[""client-001"", ""client-003"", ""client-004"", ""client-007""]","[""client-000""]","{""client-001"": 8.215251609018969, ""client-003"": 1.2389907886735425, ""client-004"": 12.736343566560477, ""client-007"": 9.858301930822766}"
uair,30003,raven,48,"[""client-001"", ""client-003"", ""client-007""]","[""client-001"", ""client-003"", ""client-007""]","[""client-001"", ""client-003"", ""client-007""]","{""client-001"": 1.2360492343636469, ""client-003"": 8.24744021467848, ""client-007"": 5.9330363249455065}"
uair,30003,raven,49,"[""client-001"", ""client-002""]","[""client-001"", ""client-002"", ""client-005"", ""client-007""]","[""client-001"", ""client-002"", ""client-004""]","{""client-001"": 8.296574652631495, ""client-002"": 7.414689748322305, ""client-005"": 2.9658758993289225, ""client-007"": 6.637259722105197}"
uair,30003,raven,50,"[""client-000"", ""client-002""]","[""client-000"", ""client-002"", ""client-003"", ""client-006"", ""client-007""]","[""client-000"", ""client-002"", ""client-005""]","{""client-000"": 14.734621397383327, ""client-002"": 0.6139425582243053, ""client-003"": 7.367310698691663, ""client-006"": 9.93385498456642, ""client-007"": 14.874564607878712}"
uair,30003,raven,51,"[""client-001"", ""client-002"", ""client-003"", ""client-005""]","[""client-001"", ""client-002"", ""client-003"", ""client-004"", ""client-005"", ""client-006""]","[""client-000"", ""client-001"", ""client-002"", ""client-003"", ""client-005"", ""client-007""]","{""client-001"": 0.6079227861997242, ""client-002"": 2.4316911447988967, ""client-003"": 4.1193223910201, ""client-004"": 6.590915825632162, ""client-005"": 0.48633822895977946, ""client-006"": 0.48633822895977946}"
uair,30003,raven,52,"[""client-004""]","[""client-004"", ""client-005"", ""client-007""]","[""client-000"", ""client-004""]","{""client-004"": 5.7770519762982175, ""client-005"": 0.48142099802485144, ""client-007"": 0.9628419960497029}"
uair,30003,raven,53,"[""client-002"", ""client-007""]","[""client-002"", ""client-003"", ""client-007""]","[""client-002"", ""client-005"", ""client-007""]","{""client-002"": 1.1957364480392842, ""client-003"": 7.174418688235706, ""client-007"": 0.9565891584314276}"
uair,30003,raven,54,"[""client-001"", ""client-006""]","[""client-001"", ""client-004"", ""client-006""]","[""client-001"", ""client-005"", ""client-006"", ""client-007""]","{""client-001"": 1.191711791172069, ""client-004"": 2.860108298812966, ""client-006"": 5.720216597625932}"
uair,30003,raven,55,"[""client-004"", ""client-005"", ""client-006""]","[""client-001"", ""client-002"", ""client-003"", ""client-004"", ""client-005"", ""client-006"", ""client-007""]","[""client-004"", ""client-005"", ""client-006""]","{""client-001"": 1.7893319603856233, ""client-002"": 16.669432982081076, ""client-003"": 1.1928879735904154, ""client-004"": 13.335546385664863, ""client-005"": 6.5830903292721645, ""client-006"": 0.4771551894361662, ""client-007"": 7.8078496946099145}"
uair,30003,raven,56,"[""client-004"", ""client-005""]","[""client-002"", ""client-004"", ""client-005"", ""client-007""]","[""client-004"", ""client-005""]","{""client-002"": 8.195584989283896, ""client-004"": 0.474292770967286, ""client-005"": 15.629298902469854, ""client-007"": 3.2782339957135593}"
uair,30003,raven,57,"[""client-001"", ""client-002"", ""client-004"", ""client-006""]","[""client-000"", ""client-001"", ""client-002"", ""client-003"", ""client-004"", ""client-005"", ""client-006"", ""client-007""]","[""client-001"", ""client-002"", ""client-004"", ""client-006""]","{""client-000"": 19.659405460113998, ""client-001"": 12.306418288564252, ""client-002"": 3.5532466205552193, ""client-003"": 39.318810920227996, ""client-004"": 2.842597296444176, ""client-005"": 0.9475324321480585, ""client-006"": 5.685194592888352, ""client-007"": 3.9318810920228}"
uair,30003,raven,58,"[""client-003"", ""client-005"", ""client-007""]","[""client-003"", ""client-005"", ""client-007""]","[""client-002"", ""client-003"", ""client-005"", ""client-007""]","{""client-003"": 4.080855188561129, ""client-005"": 5.6625128059195164, ""client-007"": 15.60415206518096}"
uair,30003,raven,59,[],"[""client-000"", ""client-003"", ""client-004"", ""client-005"", ""client-007""]",[],"{""client-000"": 3.5376142206599033, ""client-003"": 19.786333470489787, ""client-004"": 3.2775660872497356, ""client-005"": 13.391147358416879, ""client-007"": 13.391147358416879}"
uair,30003,raven,60,"[""client-003"", ""client-005"", ""client-007""]","[""client-000"", ""client-003"", ""client-005"", ""client-007""]","[""client-002"", ""client-003"", ""client-005"", ""client-006"", ""client-007""]","{""client-000"": 0.587952767791161, ""client-003"": 10.583149820240898, ""client-005"": 2.822173285397574, ""client-007"": 6.552743386313632}"
uair,30003,raven,61,[],"[""client-002"", ""client-003"", ""client-005"", ""client-006""]","[""client-000""]","{""client-002"": 0.5865675467147737, ""client-003"": 0.5865675467147737, ""client-005"": 8.446572672692742, ""client-006"": 0.46925403737181903}"
uair,30003,raven,62,"[""client-002"", ""client-006""]","[""client-002"", ""client-006"", ""client-007""]","[""client-002"", ""client-003"", ""client-006""]","{""client-002"": 1.1759505323742772, ""client-006"": 0.47038021294971094, ""client-007"": 13.46443776695317}"
uair,30003,raven,63,"[""client-000"", ""client-004""]","[""client-000"", ""client-002"", ""client-004"", ""client-005"", ""client-007""]","[""client-000"", ""client-004""]","{""client-000"": 1.1790344623931128, ""client-002"": 5.06070028634906, ""client-004"": 3.2993455990397944, ""client-005"": 4.048560229079248, ""client-007"": 2.829682709743471}"
uair,30003,raven,64,"[""client-004""]","[""client-001"", ""client-002"", ""client-004""]","[""client-004""]","{""client-001"": 3.5482339594482446, ""client-002"": 4.145511124544958, ""client-004"": 0.473097861259766}"
uair,30003,raven,65,"[""client-003""]","[""client-000"", ""client-001"", ""client-002"", ""client-003"", ""client-005"", ""client-006""]","[""client-003"", ""client-004""]","{""client-000"": 0.5940298148440001, ""client-001"": 3.5641788890640007, ""client-002"": 12.484172712992196, ""client-003"": 7.128357778128001, ""client-005"": 3.329112723464586, ""client-006"": 9.987338170393757}"
uair,30003,raven,66,"[""client-000"", ""client-002"", ""client-006""]","[""client-000"", ""client-001"", ""client-002"", ""client-003"", ""client-005"", ""client-006""]","[""client-000"", ""client-002"", ""client-006"", ""client-007""]","{""client-000"": 3.5628094050276644, ""client-001"": 7.125618810055329, ""client-002"": 8.28726825922178, ""client-003"": 4.14363412961089, ""client-005"": 2.850247524022132, ""client-006"": 3.3149073036887122}"
uair,30003,raven,67,"[""client-004""]","[""client-003"", ""client-004"", ""client-007""]","[""client-000"", ""client-002"", ""client-004"", ""client-005""]","{""client-003"": 40.0, ""client-004"": 3.3210059008088213, ""client-007"": 4.031415252940444}"
uair,30003,raven,68,"[""client-005""]","[""client-001"", ""client-003"", ""client-004"", ""client-005""]","[""client-002"", ""client-005"", ""client-007""]","{""client-001"": 3.572287279448301, ""client-003"": 16.86052912265266, ""client-004"": 5.715659647117283, ""client-005"": 3.97927486679026}"
uair,30003,raven,69,"[""client-003"", ""client-005"", ""client-007""]","[""client-003"", ""client-005"", ""client-006"", ""client-007""]","[""client-003"", ""client-005"", ""client-007""]","{""client-003"": 8.277253255454328, ""client-005"": 0.4773575922687617, ""client-006"": 0.4773575922687617, ""client-007"": 7.955460936703132}"
uair,30003,raven,70,"[""client-003"", ""client-006""]","[""client-000"", ""client-003"", ""client-004"", ""client-006"", ""client-007""]","[""client-001"", ""client-003"", ""client-006""]","{""client-000"": 14.964825395727122, ""client-003"": 1.8010152688024885, ""client-004"": 2.881624430083982, ""client-006"": 1.440812215041991, ""client-007"": 2.881624430083982}"
uair,30003,raven,71,"[""client-001"", ""client-002"", ""client-005""]","[""client-000"", ""client-001"", ""client-002"", ""client-003"", ""client-004"", ""client-005"", ""client-007""]","[""client-001"", ""client-002"", ""client-005""]","{""client-000"": 8.27806745321324, ""client-001"": 10.830185183076708, ""client-002"": 3.6100617276922358, ""client-003"": 4.13903372660662, ""client-004"": 0.9626831273845964, ""client-005"": 2.888049382153789, ""client-007"": 0.9626831273845964}"
uair,30003,raven,72,"[""client-005""]","[""client-000"", ""client-002"", ""client-003"", ""client-005"", ""client-006""]","[""client-001"", ""client-004"", ""client-005""]","{""client-000"": 7.22413334635533, ""client-002"": 16.51914198830631, ""client-003"": 16.625068194768097, ""client-005"": 3.3038283976612624, ""client-006"": 9.911485192983786}"
uair,30003,raven,73,[],"[""client-001"", ""client-002"", ""client-003"", ""client-006"", ""client-007""]",[],"{""client-001"": 9.596420947252223, ""client-002"": 1.2002284494529702, ""client-003"": 0.6001142247264851, ""client-006"": 5.761096557374258, ""client-007"": 0.48009137978118815}"
uair,30003,raven,74,"[""client-000""]","[""client-000"", ""client-005"", ""client-006""]","[""client-000""]","{""client-000"": 1.798770640636811, ""client-005"": 0.959344341672966, ""client-006"": 3.281272605988669}"
uair,30003,raven,75,[],"[""client-000"", ""client-001"", ""client-004"", ""client-005""]",[],"{""client-000"": 4.124188218830726, ""client-001"": 10.816464780658965, ""client-004"": 6.598701150129163, ""client-005"": 5.768781216351449}"
uair,30003,raven,76,"[""client-002"", ""client-003"", ""client-006""]","[""client-002"", ""client-003"", ""client-004"", ""client-006""]","[""client-002"", ""client-003"", ""client-006""]","{""client-002"": 0.5998701684211715, ""client-003"": 0.5998701684211715, ""client-004"": 13.393737522356147, ""client-006"": 2.8793768084216236}"
uair,30003,raven,77,"[""client-006""]","[""client-000"", ""client-001"", ""client-003"", ""client-005"", ""client-006""]","[""client-004"", ""client-006""]","{""client-000"": 7.207249385214114, ""client-001"": 4.980185246382925, ""client-003"": 8.320063835197228, ""client-005"": 0.48048329234760767, ""client-006"": 0.48048329234760767}"
uair,30003,raven,78,"[""client-004""]","[""client-004"", ""client-006"", ""client-007""]","[""client-004"", ""client-005""]","{""client-004"": 0.4797530496386158, ""client-006"": 0.4797530496386158, ""client-007"": 6.647837575757787}"
uair,30003,raven,79,"[""client-002"", ""client-005"", ""client-006""]","[""client-000"", ""client-001"", ""client-002"", ""client-003"", ""client-005"", ""client-006""]","[""client-002"", ""client-005"", ""client-006""]","{""client-000"": 3.6014871382928133, ""client-001"": 0.6002478563821355, ""client-002"": 2.400991425528542, ""client-003"": 1.200495712764271, ""client-005"": 2.881189710634251, ""client-006"": 6.654138204136494}"
uair,30003,raven_wo_design,0,"[""client-002""]","[""client-000"", ""client-001"", ""client-002"", ""client-004"", ""client-005"", ""client-006"", ""client-007""]","[""client-002""]","{""client-000"": 5.0, ""client-001"": 5.0, ""client-002"": 5.0, ""client-004"": 5.0, ""client-005"": 5.0, ""client-006"": 5.0, ""client-007"": 15.0}"
uair,30003,raven_wo_design,1,"[""client-003"", ""client-007""]","[""client-000"", ""client-001"", ""client-002"", ""client-003"", ""client-004"", ""client-006"", ""client-007""]","[""client-003"", ""client-007""]","{""client-000"": 6.361173564778563, ""client-001"": 9.541760347167845, ""client-002"": 3.1805867823892817, ""client-003"": 6.361173564778563, ""client-004"": 10.612596763203255, ""client-006"": 3.1805867823892817, ""client-007"": 9.541760347167845}"
uair,30003,raven_wo_design,2,"[""client-001"", ""client-002"", ""client-007""]","[""client-000"", ""client-001"", ""client-002"", ""client-003"", ""client-005"", ""client-007""]","[""client-001"", ""client-002"", ""client-007""]","{""client-000"": 6.382750606937867, ""client-001"": 7.243319337191219, ""client-002"": 5.66342418749265, ""client-003"": 2.831712093746325, ""client-005"": 2.831712093746325, ""client-007"": 5.062158443663515}"
uair,30003,raven_wo_design,3,"[""client-000"", ""client-001"", ""client-003""]","[""client-000"", ""client-001"", ""client-002"", ""client-003"", ""client-005"", ""client-007""]","[""client-000"", ""client-001"", ""client-003""]","{""client-000"": 4.978375536782515, ""client-001"": 5.563190833609971, ""client-002"": 3.1314184124742255, ""client-003"": 2.4891877683912575, ""client-005"": 2.7815954168049855, ""client-007"": 2.7815954168049855}"
uair,30003,raven_wo_design,4,"[""client-001"", ""client-004"", ""client-005"", ""client-006"", ""client-007""]","[""client-000"", ""client-001"", ""client-004"", ""client-005"", ""client-006"", ""client-007""]","[""client-001"", ""client-004"", ""client-005"", ""client-006"", ""client-007""]","{""client-000"": 7.6667822498286124, ""client-001"": 2.6788704120746187, ""client-004"": 2.6788704120746187, ""client-005"": 5.3577408241492375, ""client-006"": 5.3577408241492375, ""client-007"": 5.997700817006658}"
uair,30003,raven_wo_design,5,"[""client-003"", ""client-005""]","[""client-000"", ""client-001"", ""client-002"", ""client-003"", ""client-004"", ""client-005"", ""client-007""]","[""client-003"", ""client-005""]","{""client-000"": 3.922549900662368, ""client-001"": 5.598267470251418, ""client-002"": 2.799133735125709, ""client-003"": 5.598267470251418, ""client-004"": 9.34479407206533, ""client-005"": 5.598267470251418, ""client-007"": 5.598267470251418}"
uair,30003,raven_wo_design,6,"[""client-000"", ""client-002"", ""client-003"", ""client-004""]","[""client-000"", ""client-001"", ""client-002"", ""client-003"", ""client-004"", ""client-005"", ""client-007""]","[""client-000"", ""client-002"", ""client-003"", ""client-004""]","{""client-000"": 5.9984759169132875, ""client-001"": 2.6875236289409306, ""client-002"": 5.375047257881861, ""client-003"": 2.9992379584566438, ""client-004"": 2.6875236289409306, ""client-005"": 11.996951833826575, ""client-007"": 5.9984759169132875}"
uair,30003,raven_wo_design,7,"[""client-005"", ""client-006""]","[""client-000"", ""client-001"", ""client-002"", ""client-005"", ""client-006""]","[""client-005"", ""client-006""]","{""client-000"": 5.222132527252928, ""client-001"": 8.788817003840341, ""client-002"": 5.222132527252928, ""client-005"": 8.788817003840341, ""client-006"": 7.833198790879392}"
uair,30003,raven_wo_design,8,"[""client-000"", ""client-003""]","[""client-000"", ""client-001"", ""client-002"", ""client-003"", ""client-005"", ""client-006""]","[""client-000"", ""client-003""]","{""client-000"": 2.554628745331221, ""client-001"": 3.668433943278695, ""client-002"": 2.861386734600903, ""client-003"": 2.861386734600903, ""client-005"": 2.554628745331221, ""client-006"": 2.554628745331221}"
uair,30003,raven_wo_design,9,"[""client-003"", ""client-005"", ""client-006""]","[""client-001"", ""client-002"", ""client-003"", ""client-004"", ""client-005"", ""client-006"", ""client-007""]","[""client-003"", ""client-005"", ""client-006""]","{""client-001"": 2.9886551797193803, ""client-002"": 2.9886551797193803, ""client-003"": 5.319862025529635, ""client-004"": 3.854291861233124, ""client-005"": 2.6599310127648175, ""client-006"": 2.9886551797193803, ""client-007"": 2.6599310127648175}"
uair,30003,raven_wo_design,10,"[""client-000"", ""client-002"", ""client-003"", ""client-004"", ""client-005"", ""client-006"", ""client-007""]","[""client-000"", ""client-001"", ""client-002"", ""client-003"", ""client-004"", ""client-005"", ""client-006"", ""client-007""]","[""client-000"", ""client-002"", ""client-003"", ""client-004"", ""client-005"", ""client-006"", ""client-007""]","{""client-000"": 5.560411317311349, ""client-001"": 5.560411317311349, ""client-002"": 3.080685500888067, ""client-003"": 5.560411317311349, ""client-004"": 3.080685500888067, ""client-005"": 2.7802056586556745, ""client-006"": 2.7802056586556745, ""client-007"": 12.322742003552268}"
uair,30003,raven_wo_design,11,"[""client-005""]","[""client-000"", ""client-001"", ""client-002"", ""client-003"", ""client-004"", ""client-005""]","[""client-005""]","{""client-000"": 11.094534370107809, ""client-001"": 3.0447390288100555, ""client-002"": 6.089478057620111, ""client-003"": 2.773633592526952, ""client-004"": 5.547267185053904, ""client-005"": 5.547267185053904}"
uair,30003,raven_wo_design,12,"[""client-004"", ""client-005""]","[""client-000"", ""client-002"", ""client-003"", ""client-004"", ""client-005"", ""client-007""]","[""client-004"", ""client-005""]","{""client-000"": 8.96078241701979, ""client-002"": 5.973854944679859, ""client-003"": 5.4180415089031175, ""client-004"": 5.973854944679859, ""client-005"": 5.973854944679859, ""client-007"": 2.7090207544515588}"
uair,30003,raven_wo_design,13,"[""client-000"", ""client-001"", ""client-002"", ""client-006""]","[""client-000"", ""client-001"", ""client-002"", ""client-003"", ""client-004"", ""client-005"", ""client-006"", ""client-007""]","[""client-000"", ""client-001"", ""client-002"", ""client-006""]","{""client-000"": 8.925867497366909, ""client-001"": 8.925867497366909, ""client-002"": 3.7413424640943203, ""client-003"": 2.9752891657889693, ""client-004"": 2.9752891657889693, ""client-005"": 8.925867497366909, ""client-006"": 8.030204374008559, ""client-007"": 2.9752891657889693}"
uair,30003,raven_wo_design,14,"[""client-005""]","[""client-001"", ""client-002"", ""client-004"", ""client-005"", ""client-006""]","[""client-005""]","{""client-001"": 5.771997683708989, ""client-002"": 5.771997683708989, ""client-004"": 7.846836444084112, ""client-005"": 2.6156121480280374, ""client-006"": 5.771997683708989}"
uair,30003,raven_wo_design,15,[],"[""client-000"", ""client-001"", ""client-002"", ""client-004"", ""client-006"", ""client-007""]",[],"{""client-000"": 2.8970224026190836, ""client-001"": 3.2221828620730646, ""client-002"": 5.794044805238167, ""client-004"": 5.794044805238167, ""client-006"": 6.444365724146129, ""client-007"": 6.444365724146129}"
uair,30003,raven_wo_design,16,"[""client-000"", ""client-001"", ""client-004"", ""client-005""]","[""client-000"", ""client-001"", ""client-003"", ""client-004"", ""client-005"", ""client-006"", ""client-007""]","[""client-000"", ""client-001"", ""client-004"", ""client-005""]","{""client-000"": 8.771897947291901, ""client-001"": 2.9239659824306337, ""client-003"": 3.7209715217899446, ""client-004"": 5.847931964861267, ""client-005"": 7.853503420858397, ""client-006"": 5.847931964861267, ""client-007"": 5.847931964861267}"
uair,30003,raven_wo_design,17,"[""client-000"", ""client-005"", ""client-006"", ""client-007""]","[""client-000"", ""client-003"", ""client-005"", ""client-006"", ""client-007""]","[""client-000"", ""client-005"", ""client-006"", ""client-007""]","{""client-000"": 7.2758106458136425, ""client-003"": 5.757204413010672, ""client-005"": 5.757204413010672, ""client-006"": 5.757204413010672, ""client-007"": 2.585340812262805}"
uair,30003,raven_wo_design,18,"[""client-006""]","[""client-000"", ""client-001"", ""client-002"", ""client-003"", ""client-005"", ""client-006"", ""client-007""]","[""client-006""]","{""client-000"": 5.206179351347477, ""client-001"": 3.6107033991026056, ""client-002"": 5.206179351347477, ""client-003"": 2.6030896756737385, ""client-005"": 3.6107033991026056, ""client-006"": 5.206179351347477, ""client-007"": 3.2190016685483265}"
uair,30003,raven_wo_design,19,"[""client-001"", ""client-004"", ""client-006"", ""client-007""]","[""client-001"", ""client-002"", ""client-003"", ""client-004"", ""client-006"", ""client-007""]","[""client-001"", ""client-004"", ""client-006"", ""client-007""]","{""client-001"": 2.6225845773679346, ""client-002"": 2.902741622798099, ""client-003"": 11.610966491192396, ""client-004"": 5.805483245596198, ""client-006"": 5.805483245596198, ""client-007"": 5.245169154735869}"
uair,30003,raven_wo_design,20,"[""client-001"", ""client-006"", ""client-007""]","[""client-001"", ""client-002"", ""client-003"", ""client-005"", ""client-006"", ""client-007""]","[""client-001"", ""client-006"", ""client-007""]","{""client-001"": 2.611164773408544, ""client-002"": 2.9013239096263987, ""client-003"": 2.9013239096263987, ""client-005"": 5.8026478192527975, ""client-006"": 2.611164773408544, ""client-007"": 2.9013239096263987}"
uair,30003,raven_wo_design,21,"[""client-003"", ""client-005"", ""client-006"", ""client-007""]","[""client-000"", ""client-001"", ""client-002"", ""client-003"", ""client-005"", ""client-006"", ""client-007""]","[""client-003"", ""client-005"", ""client-006"", ""client-007""]","{""client-000"": 5.893630931920938, ""client-001"": 5.276019689998408, ""client-002"": 2.638009844999204, ""client-003"": 5.893630931920938, ""client-005"": 5.276019689998408, ""client-006"": 2.638009844999204, ""client-007"": 5.893630931920938}"
uair,30003,raven_wo_design,22,"[""client-000"", ""client-004"", ""client-005"", ""client-006""]","[""client-000"", ""client-001"", ""client-002"", ""client-003"", ""client-004"", ""client-005"", ""client-006""]","[""client-000"", ""client-004"", ""client-005"", ""client-006""]","{""client-000"": 5.887950937088595, ""client-001"": 2.6414761671725353, ""client-002"": 3.302220828957554, ""client-003"": 2.6414761671725353, ""client-004"": 2.6414761671725353, ""client-005"": 2.9439754685442976, ""client-006"": 5.887950937088595}"
uair,30003,raven_wo_design,23,"[""client-000"", ""client-002"", ""client-003"", ""client-006""]","[""client-000"", ""client-001"", ""client-002"", ""client-003"", ""client-005"", ""client-006"", ""client-007""]","[""client-000"", ""client-002"", ""client-003"", ""client-006""]","{""client-000"": 5.910332318133806, ""client-001"": 6.599054791510684, ""client-002"": 2.6623740672177405, ""client-003"": 2.955166159066903, ""client-005"": 9.898582187266026, ""client-006"": 5.910332318133806, ""client-007"": 7.9871222016532215}"
uair,30003,raven_wo_design,24,"[""client-000"", ""client-004"", ""client-006""]","[""client-000"", ""client-003"", ""client-004"", ""client-005"", ""client-006""]","[""client-000"", ""client-004"", ""client-006""]","{""client-000"": 3.5602864217844896, ""client-003"": 3.5602864217844896, ""client-004"": 2.92783613518822, ""client-005"": 5.85567227037644, ""client-006"": 5.85567227037644}"
uair,30003,raven_wo_design,25,"[""client-001"", ""client-003"", ""client-004"", ""client-006""]","[""client-000"", ""client-001"", ""client-002"", ""client-003"", ""client-004"", ""client-005"", ""client-006"", ""client-007""]","[""client-001"", ""client-003"", ""client-004"", ""client-006""]","{""client-000"": 5.41907997814436, ""client-001"": 8.12861996721654, ""client-002"": 5.41907997814436, ""client-003"": 3.5263472814914896, ""client-004"": 2.9472297350565015, ""client-005"": 5.894459470113003, ""client-006"": 5.894459470113003, ""client-007"": 8.841689205169505}"
uair,30003,raven_wo_design,26,"[""client-003"", ""client-005""]","[""client-000"", ""client-002"", ""client-003"", ""client-005"", ""client-006"", ""client-007""]","[""client-003"", ""client-005""]","{""client-000"": 5.830580312634652, ""client-002"": 6.901964355343827, ""client-003"": 2.6930967975640514, ""client-005"": 2.915290156317326, ""client-006"": 2.6930967975640514, ""client-007"": 2.915290156317326}"
uair,30003,raven_wo_design,27,"[""client-000"", ""client-001"", ""client-006"", ""client-007""]","[""client-000"", ""client-001"", ""client-002"", ""client-004"", ""client-006"", ""client-007""]","[""client-000"", ""client-001"", ""client-006"", ""client-007""]","{""client-000"": 5.851312417908362, ""client-001"": 8.112672544498711, ""client-002"": 3.45857134929776, ""client-004"": 3.45857134929776, ""client-006"": 2.925656208954181, ""client-007"": 2.925656208954181}"
uair,30003,raven_wo_design,28,"[""client-003"", ""client-004"", ""client-005"", ""client-007""]","[""client-003"", ""client-004"", ""client-005"", ""client-006"", ""client-007""]","[""client-003"", ""client-004"", ""client-005"", ""client-007""]","{""client-003"": 2.7156067749547654, ""client-004"": 2.7156067749547654, ""client-005"": 5.889164236115329, ""client-006"": 3.498292924935181, ""client-007"": 2.9445821180576646}"
uair,30003,raven_wo_design,29,"[""client-006""]","[""client-000"", ""client-001"", ""client-006""]","[""client-006""]","{""client-000"": 5.977330015894691, ""client-001"": 5.51981904855138, ""client-006"": 5.977330015894691}"
uair,30003,raven_wo_design,30,"[""client-003"", ""client-004""]","[""client-000"", ""client-003"", ""client-004"", ""client-005"", ""client-006"", ""client-007""]","[""client-003"", ""client-004""]","{""client-000"": 7.180224776659352, ""client-003"": 3.0287761098534802, ""client-004"": 2.795526745734611, ""client-005"": 5.591053491469222, ""client-006"": 9.086328329560441, ""client-007"": 6.0575522197069605}"
uair,30003,raven_wo_design,31,"[""client-000"", ""client-002""]","[""client-000"", ""client-001"", ""client-002"", ""client-003"", ""client-005"", ""client-006""]","[""client-000"", ""client-002""]","{""client-000"": 5.645129337771938, ""client-001"": 6.0669194411863145, ""client-002"": 3.0334597205931573, ""client-003"": 2.822564668885969, ""client-005"": 3.0334597205931573, ""client-006"": 5.645129337771938}"
uair,30003,raven_wo_design,32,"[""client-000""]","[""client-000"", ""client-002"", ""client-003"", ""client-005""]","[""client-000""]","{""client-000"": 3.0356701313875147, ""client-002"": 5.677661401055067, ""client-003"": 8.5164921015826, ""client-005"": 9.107010394162543}"
uair,30003,raven_wo_design,33,"[""client-002"", ""client-006""]","[""client-001"", ""client-002"", ""client-004"", ""client-005"", ""client-006"", ""client-007""]","[""client-002"", ""client-006""]","{""client-001"": 3.5135196791998053, ""client-002"": 5.710217371675398, ""client-004"": 2.855108685837699, ""client-005"": 6.105540413212213, ""client-006"": 3.0527702066061067, ""client-007"": 2.855108685837699}"
uair,30003,raven_wo_design,34,"[""client-000"", ""client-007""]","[""client-000"", ""client-002"", ""client-003"", ""client-005"", ""client-006"", ""client-007""]","[""client-000"", ""client-007""]","{""client-000"": 3.080406086329221, ""client-002"": 2.876010745747592, ""client-003"": 3.3070707317888632, ""client-005"": 6.160812172658442, ""client-006"": 8.628032237242776, ""client-007"": 3.080406086329221}"
uair,30003,raven_wo_design,35,"[""client-001"", ""client-002"", ""client-003"", ""client-005""]","[""client-000"", ""client-001"", ""client-002"", ""client-003"", ""client-005"", ""client-006"", ""client-007""]","[""client-001"", ""client-002"", ""client-003"", ""client-005""]","{""client-000"": 9.295962379765715, ""client-001"": 8.665427721797915, ""client-002"": 3.098654126588572, ""client-003"": 6.197308253177144, ""client-005"": 5.776951814531944, ""client-006"": 3.098654126588572, ""client-007"": 3.3322241634650274}"
uair,30003,raven_wo_design,36,"[""client-000"", ""client-001"", ""client-003"", ""client-005""]","[""client-000"", ""client-001"", ""client-002"", ""client-003"", ""client-004"", ""client-005"", ""client-006"", ""client-007""]","[""client-000"", ""client-001"", ""client-003"", ""client-005""]","{""client-000"": 6.160188022684786, ""client-001"": 5.7211543157673015, ""client-002"": 9.24028203402718, ""client-003"": 2.8605771578836507, ""client-004"": 9.24028203402718, ""client-005"": 6.160188022684786, ""client-006"": 2.8605771578836507, ""client-007"": 2.8605771578836507}"
uair,30003,raven_wo_design,37,"[""client-001"", ""client-002""]","[""client-000"", ""client-001"", ""client-002"", ""client-003"", ""client-004"", ""client-005""]","[""client-001"", ""client-002""]","{""client-000"": 2.8227910113863883, ""client-001"": 3.045854395601767, ""client-002"": 3.296215079983101, ""client-003"": 2.8227910113863883, ""client-004"": 2.8227910113863883, ""client-005"": 2.8227910113863883}"
uair,30003,raven_wo_design,38,"[""client-006""]","[""client-001"", ""client-002"", ""client-003"", ""client-006"", ""client-007""]","[""client-006""]","{""client-001"": 3.0714960123501136, ""client-002"": 3.0714960123501136, ""client-003"": 3.0714960123501136, ""client-006"": 3.0714960123501136, ""client-007"": 5.6823179490483655}"
uair,30003,raven_wo_design,39,"[""client-000"", ""client-001"", ""client-002""]","[""client-000"", ""client-001"", ""client-002"", ""client-004"", ""client-005"", ""client-006"", ""client-007""]","[""client-000"", ""client-001"", ""client-002""]","{""client-000"": 3.701020407018333, ""client-001"": 8.622349273206721, ""client-002"": 5.748232848804481, ""client-004"": 2.8741164244022404, ""client-005"": 6.782416853764243, ""client-006"": 3.11693244743162, ""client-007"": 3.701020407018333}"
uair,30003,raven_wo_design,40,"[""client-000"", ""client-001""]","[""client-000"", ""client-001"", ""client-002"", ""client-004"", ""client-005"", ""client-006"", ""client-007""]","[""client-000"", ""client-001""]","{""client-000"": 3.3927495046914076, ""client-001"": 2.86257418252867, ""client-002"": 2.86257418252867, ""client-004"": 2.86257418252867, ""client-005"": 6.222166956763543, ""client-006"": 6.222166956763543, ""client-007"": 6.785499009382815}"
uair,30003,raven_wo_design,41,"[""client-003"", ""client-005"", ""client-006""]","[""client-001"", ""client-002"", ""client-003"", ""client-004"", ""client-005"", ""client-006"", ""client-007""]","[""client-003"", ""client-005"", ""client-006""]","{""client-001"": 3.11513129004752, ""client-002"": 6.23026258009504, ""client-003"": 5.7400300974586616, ""client-004"": 3.392376669470123, ""client-005"": 3.11513129004752, ""client-006"": 3.11513129004752, ""client-007"": 2.8700150487293308}"
uair,30003,raven_wo_design,42,"[""client-000"", ""client-003"", ""client-007""]","[""client-000"", ""client-001"", ""client-002"", ""client-003"", ""client-004"", ""client-005"", ""client-006"", ""client-007""]","[""client-000"", ""client-003"", ""client-007""]","{""client-000"": 8.615288278020275, ""client-001"": 3.4017140316310166, ""client-002"": 3.7205489342028035, ""client-003"": 5.743525518680183, ""client-004"": 3.4017140316310166, ""client-005"": 3.4017140316310166, ""client-006"": 5.743525518680183, ""client-007"": 3.120245005415999}"
uair,30003,raven_wo_design,43,"[""client-007""]","[""client-000"", ""client-001"", ""client-003"", ""client-004"", ""client-006"", ""client-007""]","[""client-007""]","{""client-000"": 9.338454211712515, ""client-001"": 3.1128180705708384, ""client-003"": 2.8570975616043404, ""client-004"": 5.714195123208681, ""client-006"": 6.225636141141677, ""client-007"": 5.714195123208681}"
uair,30003,raven_wo_design,44,"[""client-003"", ""client-007""]","[""client-000"", ""client-001"", ""client-003"", ""client-006"", ""client-007""]","[""client-003"", ""client-007""]","{""client-000"": 2.846149112165268, ""client-001"": 2.846149112165268, ""client-003"": 3.113633324129798, ""client-006"": 2.846149112165268, ""client-007"": 2.846149112165268}"
uair,30003,raven_wo_design,45,"[""client-000""]","[""client-000"", ""client-002"", ""client-003"", ""client-004"", ""client-006"", ""client-007""]","[""client-000""]","{""client-000"": 3.1452743096481335, ""client-002"": 9.4358229289444, ""client-003"": 3.1452743096481335, ""client-004"": 2.8639526107200455, ""client-006"": 3.841703503297877, ""client-007"": 7.683407006595754}"
uair,30003,raven_wo_design,46,"[""client-000"", ""client-005""]","[""client-000"", ""client-001"", ""client-003"", ""client-005""]","[""client-000"", ""client-005""]","{""client-000"": 6.314614006110988, ""client-001"": 7.772495905395871, ""client-003"": 3.157307003055494, ""client-005"": 2.8650956577979505}"
uair,30003,raven_wo_design,47,"[""client-000""]","[""client-000"", ""client-001"", ""client-003"", ""client-004"", ""client-007""]","[""client-000""]","{""client-000"": 6.345803223110573, ""client-001"": 6.345803223110573, ""client-003"": 5.742289181894773, ""client-004"": 3.5233225889341875, ""client-007"": 9.51870483466586}"
uair,30003,raven_wo_design,48,"[""client-001"", ""client-003"", ""client-007""]","[""client-000"", ""client-001"", ""client-003"", ""client-007""]","[""client-001"", ""client-003"", ""client-007""]","{""client-000"": 3.185333522789588, ""client-001"": 5.728656105970333, ""client-003"": 6.370667045579176, ""client-007"": 5.728656105970333}"
uair,30003,raven_wo_design,49,"[""client-001"", ""client-002"", ""client-004""]","[""client-001"", ""client-002"", ""client-003"", ""client-004"", ""client-005"", ""client-006"", ""client-007""]","[""client-001"", ""client-002"", ""client-004""]","{""client-001"": 6.408620536180202, ""client-002"": 5.727415828824185, ""client-003"": 3.204310268090101, ""client-004"": 7.214318961069843, ""client-005"": 2.8637079144120925, ""client-006"": 6.408620536180202, ""client-007"": 6.408620536180202}"
uair,30003,raven_wo_design,50,"[""client-000"", ""client-002"", ""client-005""]","[""client-000"", ""client-002"", ""client-003"", ""client-004"", ""client-005"", ""client-006"", ""client-007""]","[""client-000"", ""client-002"", ""client-005""]","{""client-000"": 11.381636546856154, ""client-002"": 2.8454091367140384, ""client-003"": 5.690818273428077, ""client-004"": 3.1972184165855375, ""client-005"": 3.1972184165855375, ""client-006"": 9.591655249756613, ""client-007"": 4.114830069526235}"
uair,30003,raven_wo_design,51,"[""client-000"", ""client-001"", ""client-002"", ""client-003"", ""client-005"", ""client-007""]","[""client-000"", ""client-001"", ""client-002"", ""client-003"", ""client-004"", ""client-005"", ""client-006"", ""client-007""]","[""client-000"", ""client-001"", ""client-002"", ""client-003"", ""client-005"", ""client-007""]","{""client-000"": 6.363873086314025, ""client-001"": 2.8175095977584403, ""client-002"": 11.270038391033761, ""client-003"": 3.1819365431570126, ""client-004"": 6.363873086314025, ""client-005"": 2.8175095977584403, ""client-006"": 2.8175095977584403, ""client-007"": 9.545809629471037}"
uair,30003,raven_wo_design,52,"[""client-000"", ""client-004""]","[""client-000"", ""client-001"", ""client-002"", ""client-004"", ""client-005"", ""client-006"", ""client-007""]","[""client-000"", ""client-004""]","{""client-000"": 6.317779227042567, ""client-001"": 6.317779227042567, ""client-002"": 3.605223947649904, ""client-004"": 5.578045079444669, ""client-005"": 2.7890225397223345, ""client-006"": 6.317779227042567, ""client-007"": 5.578045079444669}"
uair,30003,raven_wo_design,53,"[""client-002"", ""client-005"", ""client-007""]","[""client-002"", ""client-003"", ""client-004"", ""client-005"", ""client-007""]","[""client-002"", ""client-005"", ""client-007""]","{""client-002"": 5.541820433809885, ""client-003"": 5.541820433809885, ""client-004"": 3.148038411982227, ""client-005"": 6.296076823964454, ""client-007"": 5.541820433809885}"
uair,30003,raven_wo_design,54,"[""client-001"", ""client-005"", ""client-006"", ""client-007""]","[""client-001"", ""client-004"", ""client-005"", ""client-006"", ""client-007""]","[""client-001"", ""client-005"", ""client-006"", ""client-007""]","{""client-001"": 5.523167556160818, ""client-004"": 2.761583778080409, ""client-005"": 3.1579249028387952, ""client-006"": 5.523167556160818, ""client-007"": 3.1579249028387952}"
uair,30003,raven_wo_design,55,"[""client-004"", ""client-005"", ""client-006""]","[""client-000"", ""client-001"", ""client-002"", ""client-003"", ""client-004"", ""client-005"", ""client-006"", ""client-007""]","[""client-004"", ""client-005"", ""client-006""]","{""client-000"": 3.1781585806560533, ""client-001"": 8.292928125753983, ""client-002"": 3.6890832577533366, ""client-003"": 5.528618750502655, ""client-004"": 3.6890832577533366, ""client-005"": 6.356317161312107, ""client-006"": 2.7643093752513277, ""client-007"": 8.639708266742723}"
uair,30003,raven_wo_design,56,"[""client-004"", ""client-005""]","[""client-001"", ""client-002"", ""client-003"", ""client-004"", ""client-005"", ""client-007""]","[""client-004"", ""client-005""]","{""client-001"": 3.1653059526003307, ""client-002"": 6.330611905200661, ""client-003"": 6.330611905200661, ""client-004"": 2.7477264890444983, ""client-005"": 4.323616239189402, ""client-007"": 3.1653059526003307}"
uair,30003,raven_wo_design,57,"[""client-001"", ""client-002"", ""client-004"", ""client-006""]","[""client-000"", ""client-001"", ""client-002"", ""client-003"", ""client-004"", ""client-005"", ""client-006"", ""client-007""]","[""client-001"", ""client-002"", ""client-004"", ""client-006""]","{""client-000"": 4.350788873157985, ""client-001"": 9.505991119588314, ""client-002"": 2.744675991721533, ""client-003"": 8.70157774631597, ""client-004"": 2.744675991721533, ""client-005"": 5.489351983443066, ""client-006"": 5.489351983443066, ""client-007"": 4.350788873157985}"
uair,30003,raven_wo_design,58,"[""client-002"", ""client-003"", ""client-005"", ""client-007""]","[""client-002"", ""client-003"", ""client-005"", ""client-006"", ""client-007""]","[""client-002"", ""client-003"", ""client-005"", ""client-007""]","{""client-002"": 3.1522228704704447, ""client-003"": 3.1522228704704447, ""client-005"": 5.467451534786276, ""client-006"": 9.456668611411335, ""client-007"": 4.316659735590298}"
uair,30003,raven_wo_design,59,[],"[""client-000"", ""client-001"", ""client-003"", ""client-004"", ""client-005"", ""client-006"", ""client-007""]",[],"{""client-000"": 2.7326008735922542, ""client-001"": 9.493983156398563, ""client-003"": 4.378879090654921, ""client-004"": 3.164661052132854, ""client-005"": 3.7044644511264666, ""client-006"": 3.164661052132854, ""client-007"": 3.7044644511264666}"
uair,30003,raven_wo_design,60,"[""client-002"", ""client-003"", ""client-005"", ""client-006"", ""client-007""]","[""client-000"", ""client-002"", ""client-003"", ""client-004"", ""client-005"", ""client-006"", ""client-007""]","[""client-002"", ""client-003"", ""client-005"", ""client-006"", ""client-007""]","{""client-000"": 2.724955543508771, ""client-002"": 3.163507802323044, ""client-003"": 8.174866630526314, ""client-004"": 6.327015604646088, ""client-005"": 2.724955543508771, ""client-006"": 6.327015604646088, ""client-007"": 6.327015604646088}"
uair,30003,raven_wo_design,61,"[""client-000""]","[""client-000"", ""client-002"", ""client-003"", ""client-005"", ""client-006""]","[""client-000""]","{""client-000"": 6.321578953349285, ""client-002"": 2.7185355280621772, ""client-003"": 2.7185355280621772, ""client-005"": 8.155606584186533, ""client-006"": 2.7185355280621772}"
uair,30003,raven_wo_design,62,"[""client-002"", ""client-003"", ""client-006""]","[""client-001"", ""client-002"", ""client-003"", ""client-006"", ""client-007""]","[""client-002"", ""client-003"", ""client-006""]","{""client-001"": 3.7247391673822454, ""client-002"": 5.450119631418376, ""client-003"": 6.3360526038967855, ""client-006"": 2.725059815709188, ""client-007"": 3.7247391673822454}"
uair,30003,raven_wo_design,63,"[""client-000"", ""client-004""]","[""client-000"", ""client-002"", ""client-004"", ""client-005"", ""client-007""]","[""client-000"", ""client-004""]","{""client-000"": 5.464412568982375, ""client-002"": 4.479899158884786, ""client-004"": 3.1856903070316633, ""client-005"": 4.479899158884786, ""client-007"": 2.7322062844911876}"
uair,30003,raven_wo_design,64,"[""client-004""]","[""client-001"", ""client-002"", ""client-003"", ""client-004"", ""client-005""]","[""client-004""]","{""client-001"": 2.740804003068857, ""client-002"": 3.2021658139718925, ""client-003"": 6.404331627943785, ""client-004"": 2.740804003068857, ""client-005"": 7.571602849806482}"
uair,30003,raven_wo_design,65,"[""client-003"", ""client-004""]","[""client-000"", ""client-001"", ""client-002"", ""client-003"", ""client-004"", ""client-005"", ""client-006""]","[""client-003"", ""client-004""]","{""client-000"": 2.7531205321982695, ""client-001"": 2.7531205321982695, ""client-002"": 9.643296055960398, ""client-003"": 5.506241064396539, ""client-004"": 9.643296055960398, ""client-005"": 3.214432018653466, ""client-006"": 9.643296055960398}"
uair,30003,raven_wo_design,66,"[""client-000"", ""client-002"", ""client-006"", ""client-007""]","[""client-000"", ""client-001"", ""client-002"", ""client-003"", ""client-005"", ""client-006"", ""client-007""]","[""client-000"", ""client-002"", ""client-006"", ""client-007""]","{""client-000"": 2.7520626855703902, ""client-001"": 5.5041253711407805, ""client-002"": 6.401431889489202, ""client-003"": 3.200715944744601, ""client-005"": 2.7520626855703902, ""client-006"": 3.200715944744601, ""client-007"": 3.200715944744601}"
uair,30003,raven_wo_design,67,"[""client-000"", ""client-002"", ""client-004"", ""client-005""]","[""client-000"", ""client-001"", ""client-002"", ""client-003"", ""client-004"", ""client-005"", ""client-006"", ""client-007""]","[""client-000"", ""client-002"", ""client-004"", ""client-005""]","{""client-000"": 6.413208916871648, ""client-001"": 3.763493826269955, ""client-002"": 9.619813375307473, ""client-003"": 8.921855068892281, ""client-004"": 3.206604458435824, ""client-005"": 3.206604458435824, ""client-006"": 3.206604458435824, ""client-007"": 4.4609275344461405}"
uair,30003,raven_wo_design,68,"[""client-002"", ""client-005"", ""client-007""]","[""client-001"", ""client-002"", ""client-003"", ""client-004"", ""client-005"", ""client-006"", ""client-007""]","[""client-002"", ""client-005"", ""client-007""]","{""client-001"": 2.759383791351336, ""client-002"": 3.192153249611665, ""client-003"": 3.731374412681144, ""client-004"": 5.518767582702672, ""client-005"": 4.403232043001949, ""client-006"": 6.38430649922333, ""client-007"": 3.192153249611665}"
uair,30003,raven_wo_design,69,"[""client-003"", ""client-005"", ""client-007""]","[""client-003"", ""client-005"", ""client-006"", ""client-007""]","[""client-003"", ""client-005"", ""client-007""]","{""client-003"": 6.393695882582587, ""client-005"": 2.7654819582182704, ""client-006"": 2.7654819582182704, ""client-007"": 8.80304620464608}"
uair,30003,raven_wo_design,70,"[""client-001"", ""client-003"", ""client-006""]","[""client-000"", ""client-001"", ""client-003"", ""client-004"", ""client-006"", ""client-007""]","[""client-001"", ""client-003"", ""client-006""]","{""client-000"": 13.247358055171635, ""client-001"": 6.427823411213197, ""client-003"": 8.347076176041535, ""client-004"": 2.782358725347178, ""client-006"": 8.347076176041535, ""client-007"": 2.782358725347178}"
uair,30003,raven_wo_design,71,"[""client-001"", ""client-002"", ""client-005""]","[""client-000"", ""client-001"", ""client-002"", ""client-003"", ""client-004"", ""client-005"", ""client-006"", ""client-007""]","[""client-001"", ""client-002"", ""client-005""]","{""client-000"": 6.394324802913776, ""client-001"": 8.365687055306093, ""client-002"": 2.7885623517686975, ""client-003"": 3.197162401456888, ""client-004"": 5.577124703537395, ""client-005"": 2.7885623517686975, ""client-006"": 3.6991078133797757, ""client-007"": 5.577124703537395}"
uair,30003,raven_wo_design,72,"[""client-001"", ""client-004"", ""client-005""]","[""client-000"", ""client-001"", ""client-002"", ""client-003"", ""client-004"", ""client-005"", ""client-006""]","[""client-001"", ""client-004"", ""client-005""]","{""client-000"": 5.580222110684275, ""client-001"": 3.1900186829741357, ""client-002"": 12.760074731896543, ""client-003"": 3.679264963736615, ""client-004"": 3.1900186829741357, ""client-005"": 3.1900186829741357, ""client-006"": 9.570056048922407}"
uair,30003,raven_wo_design,73,[],"[""client-001"", ""client-002"", ""client-003"", ""client-004"", ""client-005"", ""client-006"", ""client-007""]",[],"{""client-001"": 8.495069001787215, ""client-002"": 5.562639290058591, ""client-003"": 2.7813196450292956, ""client-004"": 9.528304718539856, ""client-005"": 3.1761015728466186, ""client-006"": 5.562639290058591, ""client-007"": 2.7813196450292956}"
uair,30003,raven_wo_design,74,"[""client-000""]","[""client-000"", ""client-005"", ""client-006""]","[""client-000""]","{""client-000"": 8.336673109165673, ""client-005"": 5.5577820727771154, ""client-006"": 3.1682398893492065}"
uair,30003,raven_wo_design,75,[],"[""client-000"", ""client-001"", ""client-004"", ""client-005"", ""client-007""]",[],"{""client-000"": 3.185695111643201, ""client-001"": 8.355088843829611, ""client-004"": 6.371390223286402, ""client-005"": 5.570059229219741, ""client-007"": 3.6762934810496595}"
uair,30003,raven_wo_design,76,"[""client-002"", ""client-003"", ""client-006""]","[""client-002"", ""client-003"", ""client-004"", ""client-005"", ""client-006""]","[""client-002"", ""client-003"", ""client-006""]","{""client-002"": 2.78018852937082, ""client-003"": 2.78018852937082, ""client-004"": 3.705180981979186, ""client-005"": 3.1944776494627236, ""client-006"": 2.78018852937082}"
uair,30003,raven_wo_design,77,"[""client-004"", ""client-006""]","[""client-000"", ""client-001"", ""client-002"", ""client-003"", ""client-004"", ""client-005"", ""client-006""]","[""client-004"", ""client-006""]","{""client-000"": 5.567180234412199, ""client-001"": 4.408624584337302, ""client-002"": 6.426764561162982, ""client-003"": 6.426764561162982, ""client-004"": 6.426764561162982, ""client-005"": 2.7835901172060993, ""client-006"": 2.7835901172060993}"
uair,30003,raven_wo_design,78,"[""client-004"", ""client-005""]","[""client-000"", ""client-001"", ""client-002"", ""client-003"", ""client-004"", ""client-005"", ""client-006"", ""client-007""]","[""client-004"", ""client-005""]","{""client-000"": 3.209417002871093, ""client-001"": 3.209417002871093, ""client-002"": 6.418834005742186, ""client-003"": 3.7434159530535465, ""client-004"": 2.7793595926066277, ""client-005"": 3.7434159530535465, ""client-006"": 2.7793595926066277, ""client-007"": 6.418834005742186}"
uair,30003,raven_wo_design,79,"[""client-002"", ""client-005"", ""client-006""]","[""client-000"", ""client-001"", ""client-002"", ""client-003"", ""client-005"", ""client-006""]","[""client-002"", ""client-005"", ""client-006""]","{""client-000"": 2.781938981038582, ""client-001"": 2.781938981038582, ""client-002"": 11.127755924154329, ""client-003"": 5.563877962077164, ""client-005"": 2.781938981038582, ""client-006"": 6.424917591153819}"
uair,30003,raven_sag,0,"[""client-002""]","[""client-000"", ""client-001"", ""client-002"", ""client-004"", ""client-005"", ""client-006"", ""client-007""]","[""client-002""]","{""client-000"": 5.0, ""client-001"": 5.0, ""client-002"": 5.0, ""client-004"": 5.0, ""client-005"": 5.0, ""client-006"": 5.0, ""client-007"": 15.0}"
uair,30003,raven_sag,1,"[""client-003"", ""client-007""]","[""client-000"", ""client-001"", ""client-002"", ""client-003"", ""client-004"", ""client-006"", ""client-007""]","[""client-003"", ""client-007""]","{""client-000"": 6.361173564778563, ""client-001"": 9.541760347167845, ""client-002"": 3.1805867823892817, ""client-003"": 6.361173564778563, ""client-004"": 10.612596763203255, ""client-006"": 3.1805867823892817, ""client-007"": 9.541760347167845}"
uair,30003,raven_sag,2,"[""client-001"", ""client-002"", ""client-007""]","[""client-000"", ""client-001"", ""client-002"", ""client-003"", ""client-005"", ""client-007""]","[""client-001"", ""client-002"", ""client-007""]","{""client-000"": 6.382750606937867, ""client-001"": 7.243319337191219, ""client-002"": 5.66342418749265, ""client-003"": 2.831712093746325, ""client-005"": 2.831712093746325, ""client-007"": 5.062158443663515}"
uair,30003,raven_sag,3,"[""client-000"", ""client-001"", ""client-003""]","[""client-000"", ""client-001"", ""client-002"", ""client-003"", ""client-005"", ""client-007""]","[""client-000"", ""client-001"", ""client-003""]","{""client-000"": 4.978375536782515, ""client-001"": 5.563190833609971, ""client-002"": 3.1314184124742255, ""client-003"": 2.4891877683912575, ""client-005"": 2.7815954168049855, ""client-007"": 2.7815954168049855}"
uair,30003,raven_sag,4,"[""client-001"", ""client-004"", ""client-005"", ""client-006"", ""client-007""]","[""client-000"", ""client-001"", ""client-004"", ""client-005"", ""client-006"", ""client-007""]","[""client-001"", ""client-004"", ""client-005"", ""client-006"", ""client-007""]","{""client-000"": 7.6667822498286124, ""client-001"": 2.6788704120746187, ""client-004"": 2.6788704120746187, ""client-005"": 5.3577408241492375, ""client-006"": 5.3577408241492375, ""client-007"": 5.997700817006658}"
uair,30003,raven_sag,5,"[""client-003"", ""client-005""]","[""client-000"", ""client-001"", ""client-002"", ""client-003"", ""client-004"", ""client-005"", ""client-007""]","[""client-003"", ""client-005""]","{""client-000"": 3.922549900662368, ""client-001"": 5.598267470251418, ""client-002"": 2.799133735125709, ""client-003"": 5.598267470251418, ""client-004"": 9.34479407206533, ""client-005"": 5.598267470251418, ""client-007"": 5.598267470251418}"
uair,30003,raven_sag,6,"[""client-000"", ""client-002"", ""client-003"", ""client-004""]","[""client-000"", ""client-001"", ""client-002"", ""client-003"", ""client-004"", ""client-005"", ""client-007""]","[""client-000"", ""client-002"", ""client-003"", ""client-004""]","{""client-000"": 5.9984759169132875, ""client-001"": 2.6875236289409306, ""client-002"": 5.375047257881861, ""client-003"": 2.9992379584566438, ""client-004"": 2.6875236289409306, ""client-005"": 11.996951833826575, ""client-007"": 5.9984759169132875}"
uair,30003,raven_sag,7,"[""client-005"", ""client-006""]","[""client-000"", ""client-001"", ""client-002"", ""client-005"", ""client-006""]","[""client-005"", ""client-006""]","{""client-000"": 5.222132527252928, ""client-001"": 8.788817003840341, ""client-002"": 5.222132527252928, ""client-005"": 8.788817003840341, ""client-006"": 7.833198790879392}"
uair,30003,raven_sag,8,"[""client-000"", ""client-003""]","[""client-000"", ""client-001"", ""client-002"", ""client-003"", ""client-005"", ""client-006""]","[""client-000"", ""client-003""]","{""client-000"": 2.554628745331221, ""client-001"": 3.668433943278695, ""client-002"": 2.861386734600903, ""client-003"": 2.861386734600903, ""client-005"": 2.554628745331221, ""client-006"": 2.554628745331221}"
uair,30003,raven_sag,9,"[""client-003"", ""client-005"", ""client-006""]","[""client-001"", ""client-002"", ""client-003"", ""client-004"", ""client-005"", ""client-006"", ""client-007""]","[""client-003"", ""client-005"", ""client-006""]","{""client-001"": 2.9886551797193803, ""client-002"": 2.9886551797193803, ""client-003"": 5.319862025529635, ""client-004"": 3.854291861233124, ""client-005"": 2.6599310127648175, ""client-006"": 2.9886551797193803, ""client-007"": 2.6599310127648175}"
uair,30003,raven_sag,10,"[""client-000"", ""client-002"", ""client-003"", ""client-004"", ""client-005"", ""client-006"", ""client-007""]","[""client-000"", ""client-001"", ""client-002"", ""client-003"", ""client-004"", ""client-005"", ""client-006"", ""client-007""]","[""client-000"", ""client-002"", ""client-003"", ""client-004"", ""client-005"", ""client-006"", ""client-007""]","{""client-000"": 5.560411317311349, ""client-001"": 5.560411317311349, ""client-002"": 3.080685500888067, ""client-003"": 5.560411317311349, ""client-004"": 3.080685500888067, ""client-005"": 2.7802056586556745, ""client-006"": 2.7802056586556745, ""client-007"": 12.322742003552268}"
uair,30003,raven_sag,11,"[""client-005""]","[""client-000"", ""client-001"", ""client-002"", ""client-003"", ""client-004"", ""client-005""]","[""client-005""]","{""client-000"": 11.094534370107809, ""client-001"": 3.0447390288100555, ""client-002"": 6.089478057620111, ""client-003"": 2.773633592526952, ""client-004"": 5.547267185053904, ""client-005"": 5.547267185053904}"
uair,30003,raven_sag,12,"[""client-004"", ""client-005""]","[""client-000"", ""client-002"", ""client-003"", ""client-004"", ""client-005"", ""client-007""]","[""client-004"", ""client-005""]","{""client-000"": 8.96078241701979, ""client-002"": 5.973854944679859, ""client-003"": 5.4180415089031175, ""client-004"": 5.973854944679859, ""client-005"": 5.973854944679859, ""client-007"": 2.7090207544515588}"
uair,30003,raven_sag,13,"[""client-000"", ""client-001"", ""client-002"", ""client-006""]","[""client-000"", ""client-001"", ""client-002"", ""client-003"", ""client-004"", ""client-005"", ""client-006"", ""client-007""]","[""client-000"", ""client-001"", ""client-002"", ""client-006""]","{""client-000"": 8.925867497366909, ""client-001"": 8.925867497366909, ""client-002"": 3.7413424640943203, ""client-003"": 2.9752891657889693, ""client-004"": 2.9752891657889693, ""client-005"": 8.925867497366909, ""client-006"": 8.030204374008559, ""client-007"": 2.9752891657889693}"
uair,30003,raven_sag,14,"[""client-005""]","[""client-001"", ""client-002"", ""client-004"", ""client-005"", ""client-006""]","[""client-005""]","{""client-001"": 5.771997683708989, ""client-002"": 5.771997683708989, ""client-004"": 7.846836444084112, ""client-005"": 2.6156121480280374, ""client-006"": 5.771997683708989}"
uair,30003,raven_sag,15,[],"[""client-000"", ""client-001"", ""client-002"", ""client-004"", ""client-006"", ""client-007""]",[],"{""client-000"": 2.8970224026190836, ""client-001"": 3.2221828620730646, ""client-002"": 5.794044805238167, ""client-004"": 5.794044805238167, ""client-006"": 6.444365724146129, ""client-007"": 6.444365724146129}"
uair,30003,raven_sag,16,"[""client-000"", ""client-001"", ""client-004"", ""client-005""]","[""client-000"", ""client-001"", ""client-003"", ""client-004"", ""client-005"", ""client-006"", ""client-007""]","[""client-000"", ""client-001"", ""client-004"", ""client-005""]","{""client-000"": 8.771897947291901, ""client-001"": 2.9239659824306337, ""client-003"": 3.7209715217899446, ""client-004"": 5.847931964861267, ""client-005"": 7.853503420858397, ""client-006"": 5.847931964861267, ""client-007"": 5.847931964861267}"
uair,30003,raven_sag,17,"[""client-000"", ""client-005"", ""client-006"", ""client-007""]","[""client-000"", ""client-003"", ""client-005"", ""client-006"", ""client-007""]","[""client-000"", ""client-005"", ""client-006"", ""client-007""]","{""client-000"": 7.2758106458136425, ""client-003"": 5.757204413010672, ""client-005"": 5.757204413010672, ""client-006"": 5.757204413010672, ""client-007"": 2.585340812262805}"
uair,30003,raven_sag,18,"[""client-006""]","[""client-000"", ""client-001"", ""client-002"", ""client-003"", ""client-005"", ""client-006"", ""client-007""]","[""client-006""]","{""client-000"": 5.206179351347477, ""client-001"": 3.6107033991026056, ""client-002"": 5.206179351347477, ""client-003"": 2.6030896756737385, ""client-005"": 3.6107033991026056, ""client-006"": 5.206179351347477, ""client-007"": 3.2190016685483265}"
uair,30003,raven_sag,19,"[""client-001"", ""client-004"", ""client-006"", ""client-007""]","[""client-001"", ""client-002"", ""client-003"", ""client-004"", ""client-006"", ""client-007""]","[""client-001"", ""client-004"", ""client-006"", ""client-007""]","{""client-001"": 2.6225845773679346, ""client-002"": 2.902741622798099, ""client-003"": 11.610966491192396, ""client-004"": 5.805483245596198, ""client-006"": 5.805483245596198, ""client-007"": 5.245169154735869}"
uair,30003,raven_sag,20,"[""client-001"", ""client-006"", ""client-007""]","[""client-001"", ""client-002"", ""client-003"", ""client-005"", ""client-006"", ""client-007""]","[""client-001"", ""client-006"", ""client-007""]","{""client-001"": 2.611164773408544, ""client-002"": 2.9013239096263987, ""client-003"": 2.9013239096263987, ""client-005"": 5.8026478192527975, ""client-006"": 2.611164773408544, ""client-007"": 2.9013239096263987}"
uair,30003,raven_sag,21,"[""client-003"", ""client-005"", ""client-006"", ""client-007""]","[""client-000"", ""client-001"", ""client-002"", ""client-003"", ""client-005"", ""client-006"", ""client-007""]","[""client-003"", ""client-005"", ""client-006"", ""client-007""]","{""client-000"": 5.893630931920938, ""client-001"": 5.276019689998408, ""client-002"": 2.638009844999204, ""client-003"": 5.893630931920938, ""client-005"": 5.276019689998408, ""client-006"": 2.638009844999204, ""client-007"": 5.893630931920938}"
uair,30003,raven_sag,22,"[""client-000"", ""client-004"", ""client-005"", ""client-006""]","[""client-000"", ""client-001"", ""client-002"", ""client-003"", ""client-004"", ""client-005"", ""client-006""]","[""client-000"", ""client-004"", ""client-005"", ""client-006""]","{""client-000"": 5.887950937088595, ""client-001"": 2.6414761671725353, ""client-002"": 3.302220828957554, ""client-003"": 2.6414761671725353, ""client-004"": 2.6414761671725353, ""client-005"": 2.9439754685442976, ""client-006"": 5.887950937088595}"
uair,30003,raven_sag,23,"[""client-000"", ""client-002"", ""client-003"", ""client-006""]","[""client-000"", ""client-001"", ""client-002"", ""client-003"", ""client-005"", ""client-006"", ""client-007""]","[""client-000"", ""client-002"", ""client-003"", ""client-006""]","{""client-000"": 5.910332318133806, ""client-001"": 6.599054791510684, ""client-002"": 2.6623740672177405, ""client-003"": 2.955166159066903, ""client-005"": 9.898582187266026, ""client-006"": 5.910332318133806, ""client-007"": 7.9871222016532215}"
uair,30003,raven_sag,24,"[""client-000"", ""client-004"", ""client-006""]","[""client-000"", ""client-003"", ""client-004"", ""client-005"", ""client-006""]","[""client-000"", ""client-004"", ""client-006""]","{""client-000"": 3.5602864217844896, ""client-003"": 3.5602864217844896, ""client-004"": 2.92783613518822, ""client-005"": 5.85567227037644, ""client-006"": 5.85567227037644}"
uair,30003,raven_sag,25,"[""client-001"", ""client-003"", ""client-004"", ""client-006""]","[""client-000"", ""client-001"", ""client-002"", ""client-003"", ""client-004"", ""client-005"", ""client-006"", ""client-007""]","[""client-001"", ""client-003"", ""client-004"", ""client-006""]","{""client-000"": 5.41907997814436, ""client-001"": 8.12861996721654, ""client-002"": 5.41907997814436, ""client-003"": 3.5263472814914896, ""client-004"": 2.9472297350565015, ""client-005"": 5.894459470113003, ""client-006"": 5.894459470113003, ""client-007"": 8.841689205169505}"
uair,30003,raven_sag,26,"[""client-003"", ""client-005""]","[""client-000"", ""client-002"", ""client-003"", ""client-005"", ""client-006"", ""client-007""]","[""client-003"", ""client-005""]","{""client-000"": 5.830580312634652, ""client-002"": 6.901964355343827, ""client-003"": 2.6930967975640514, ""client-005"": 2.915290156317326, ""client-006"": 2.6930967975640514, ""client-007"": 2.915290156317326}"
uair,30003,raven_sag,27,"[""client-000"", ""client-001"", ""client-006"", ""client-007""]","[""client-000"", ""client-001"", ""client-002"", ""client-004"", ""client-006"", ""client-007""]","[""client-000"", ""client-001"", ""client-006"", ""client-007""]","{""client-000"": 5.851312417908362, ""client-001"": 8.112672544498711, ""client-002"": 3.45857134929776, ""client-004"": 3.45857134929776, ""client-006"": 2.925656208954181, ""client-007"": 2.925656208954181}"
uair,30003,raven_sag,28,"[""client-003"", ""client-004"", ""client-005"", ""client-007""]","[""client-003"", ""client-004"", ""client-005"", ""client-006"", ""client-007""]","[""client-003"", ""client-004"", ""client-005"", ""client-007""]","{""client-003"": 2.7156067749547654, ""client-004"": 2.7156067749547654, ""client-005"": 5.889164236115329, ""client-006"": 3.498292924935181, ""client-007"": 2.9445821180576646}"
uair,30003,raven_sag,29,"[""client-006""]","[""client-000"", ""client-001"", ""client-006""]","[""client-006""]","{""client-000"": 5.977330015894691, ""client-001"": 5.51981904855138, ""client-006"": 5.977330015894691}"
uair,30003,raven_sag,30,"[""client-003"", ""client-004""]","[""client-000"", ""client-003"", ""client-004"", ""client-005"", ""client-006"", ""client-007""]","[""client-003"", ""client-004""]","{""client-000"": 7.180224776659352, ""client-003"": 3.0287761098534802, ""client-004"": 2.795526745734611, ""client-005"": 5.591053491469222, ""client-006"": 9.086328329560441, ""client-007"": 6.0575522197069605}"
uair,30003,raven_sag,31,"[""client-000"", ""client-002""]","[""client-000"", ""client-001"", ""client-002"", ""client-003"", ""client-005"", ""client-006""]","[""client-000"", ""client-002""]","{""client-000"": 5.645129337771938, ""client-001"": 6.0669194411863145, ""client-002"": 3.0334597205931573, ""client-003"": 2.822564668885969, ""client-005"": 3.0334597205931573, ""client-006"": 5.645129337771938}"
uair,30003,raven_sag,32,"[""client-000""]","[""client-000"", ""client-002"", ""client-003"", ""client-005""]","[""client-000""]","{""client-000"": 3.0356701313875147, ""client-002"": 5.677661401055067, ""client-003"": 8.5164921015826, ""client-005"": 9.107010394162543}"
uair,30003,raven_sag,33,"[""client-002"", ""client-006""]","[""client-001"", ""client-002"", ""client-004"", ""client-005"", ""client-006"", ""client-007""]","[""client-002"", ""client-006""]","{""client-001"": 3.5135196791998053, ""client-002"": 5.710217371675398, ""client-004"": 2.855108685837699, ""client-005"": 6.105540413212213, ""client-006"": 3.0527702066061067, ""client-007"": 2.855108685837699}"
uair,30003,raven_sag,34,"[""client-000"", ""client-007""]","[""client-000"", ""client-002"", ""client-003"", ""client-005"", ""client-006"", ""client-007""]","[""client-000"", ""client-007""]","{""client-000"": 3.080406086329221, ""client-002"": 2.876010745747592, ""client-003"": 3.3070707317888632, ""client-005"": 6.160812172658442, ""client-006"": 8.628032237242776, ""client-007"": 3.080406086329221}"
uair,30003,raven_sag,35,"[""client-001"", ""client-002"", ""client-003"", ""client-005""]","[""client-000"", ""client-001"", ""client-002"", ""client-003"", ""client-005"", ""client-006"", ""client-007""]","[""client-001"", ""client-002"", ""client-003"", ""client-005""]","{""client-000"": 9.295962379765715, ""client-001"": 8.665427721797915, ""client-002"": 3.098654126588572, ""client-003"": 6.197308253177144, ""client-005"": 5.776951814531944, ""client-006"": 3.098654126588572, ""client-007"": 3.3322241634650274}"
uair,30003,raven_sag,36,"[""client-000"", ""client-001"", ""client-003"", ""client-005""]","[""client-000"", ""client-001"", ""client-002"", ""client-003"", ""client-004"", ""client-005"", ""client-006"", ""client-007""]","[""client-000"", ""client-001"", ""client-003"", ""client-005""]","{""client-000"": 6.160188022684786, ""client-001"": 5.7211543157673015, ""client-002"": 9.24028203402718, ""client-003"": 2.8605771578836507, ""client-004"": 9.24028203402718, ""client-005"": 6.160188022684786, ""client-006"": 2.8605771578836507, ""client-007"": 2.8605771578836507}"
uair,30003,raven_sag,37,"[""client-001"", ""client-002""]","[""client-000"", ""client-001"", ""client-002"", ""client-003"", ""client-004"", ""client-005""]","[""client-001"", ""client-002""]","{""client-000"": 2.8227910113863883, ""client-001"": 3.045854395601767, ""client-002"": 3.296215079983101, ""client-003"": 2.8227910113863883, ""client-004"": 2.8227910113863883, ""client-005"": 2.8227910113863883}"
uair,30003,raven_sag,38,"[""client-006""]","[""client-001"", ""client-002"", ""client-003"", ""client-006"", ""client-007""]","[""client-006""]","{""client-001"": 3.0714960123501136, ""client-002"": 3.0714960123501136, ""client-003"": 3.0714960123501136, ""client-006"": 3.0714960123501136, ""client-007"": 5.6823179490483655}"
uair,30003,raven_sag,39,"[""client-000"", ""client-001"", ""client-002""]","[""client-000"", ""client-001"", ""client-002"", ""client-004"", ""client-005"", ""client-006"", ""client-007""]","[""client-000"", ""client-001"", ""client-002""]","{""client-000"": 3.701020407018333, ""client-001"": 8.622349273206721, ""client-002"": 5.748232848804481, ""client-004"": 2.8741164244022404, ""client-005"": 6.782416853764243, ""client-006"": 3.11693244743162, ""client-007"": 3.701020407018333}"
uair,30003,raven_sag,40,"[""client-000"", ""client-001""]","[""client-000"", ""client-001"", ""client-002"", ""client-004"", ""client-005"", ""client-006"", ""client-007""]","[""client-000"", ""client-001""]","{""client-000"": 3.3927495046914076, ""client-001"": 2.86257418252867, ""client-002"": 2.86257418252867, ""client-004"": 2.86257418252867, ""client-005"": 6.222166956763543, ""client-006"": 6.222166956763543, ""client-007"": 6.785499009382815}"
uair,30003,raven_sag,41,"[""client-003"", ""client-005"", ""client-006""]","[""client-001"", ""client-002"", ""client-003"", ""client-004"", ""client-005"", ""client-006"", ""client-007""]","[""client-003"", ""client-005"", ""client-006""]","{""client-001"": 3.11513129004752, ""client-002"": 6.23026258009504, ""client-003"": 5.7400300974586616, ""client-004"": 3.392376669470123, ""client-005"": 3.11513129004752, ""client-006"": 3.11513129004752, ""client-007"": 2.8700150487293308}"
uair,30003,raven_sag,42,"[""client-000"", ""client-003"", ""client-007""]","[""client-000"", ""client-001"", ""client-002"", ""client-003"", ""client-004"", ""client-005"", ""client-006"", ""client-007""]","[""client-000"", ""client-003"", ""client-007""]","{""client-000"": 8.615288278020275, ""client-001"": 3.4017140316310166, ""client-002"": 3.7205489342028035, ""client-003"": 5.743525518680183, ""client-004"": 3.4017140316310166, ""client-005"": 3.4017140316310166, ""client-006"": 5.743525518680183, ""client-007"": 3.120245005415999}"
uair,30003,raven_sag,43,"[""client-007""]","[""client-000"", ""client-001"", ""client-003"", ""client-004"", ""client-006"", ""client-007""]","[""client-007""]","{""client-000"": 9.338454211712515, ""client-001"": 3.1128180705708384, ""client-003"": 2.8570975616043404, ""client-004"": 5.714195123208681, ""client-006"": 6.225636141141677, ""client-007"": 5.714195123208681}"
uair,30003,raven_sag,44,"[""client-003"", ""client-007""]","[""client-000"", ""client-001"", ""client-003"", ""client-006"", ""client-007""]","[""client-003"", ""client-007""]","{""client-000"": 2.846149112165268, ""client-001"": 2.846149112165268, ""client-003"": 3.113633324129798, ""client-006"": 2.846149112165268, ""client-007"": 2.846149112165268}"
uair,30003,raven_sag,45,"[""client-000""]","[""client-000"", ""client-002"", ""client-003"", ""client-004"", ""client-006"", ""client-007""]","[""client-000""]","{""client-000"": 3.1452743096481335, ""client-002"": 9.4358229289444, ""client-003"": 3.1452743096481335, ""client-004"": 2.8639526107200455, ""client-006"": 3.841703503297877, ""client-007"": 7.683407006595754}"
uair,30003,raven_sag,46,"[""client-000"", ""client-005""]","[""client-000"", ""client-001"", ""client-003"", ""client-005""]","[""client-000"", ""client-005""]","{""client-000"": 6.314614006110988, ""client-001"": 7.772495905395871, ""client-003"": 3.157307003055494, ""client-005"": 2.8650956577979505}"
uair,30003,raven_sag,47,"[""client-000""]","[""client-000"", ""client-001"", ""client-003"", ""client-004"", ""client-007""]","[""client-000""]","{""client-000"": 6.345803223110573, ""client-001"": 6.345803223110573, ""client-003"": 5.742289181894773, ""client-004"": 3.5233225889341875, ""client-007"": 9.51870483466586}"
uair,30003,raven_sag,48,"[""client-001"", ""client-003"", ""client-007""]","[""client-000"", ""client-001"", ""client-003"", ""client-007""]","[""client-001"", ""client-003"", ""client-007""]","{""client-000"": 3.185333522789588, ""client-001"": 5.728656105970333, ""client-003"": 6.370667045579176, ""client-007"": 5.728656105970333}"
uair,30003,raven_sag,49,"[""client-001"", ""client-002"", ""client-004""]","[""client-001"", ""client-002"", ""client-003"", ""client-004"", ""client-005"", ""client-006"", ""client-007""]","[""client-001"", ""client-002"", ""client-004""]","{""client-001"": 6.408620536180202, ""client-002"": 5.727415828824185, ""client-003"": 3.204310268090101, ""client-004"": 7.214318961069843, ""client-005"": 2.8637079144120925, ""client-006"": 6.408620536180202, ""client-007"": 6.408620536180202}"
uair,30003,raven_sag,50,"[""client-000"", ""client-002"", ""client-005""]","[""client-000"", ""client-002"", ""client-003"", ""client-004"", ""client-005"", ""client-006"", ""client-007""]","[""client-000"", ""client-002"", ""client-005""]","{""client-000"": 11.381636546856154, ""client-002"": 2.8454091367140384, ""client-003"": 5.690818273428077, ""client-004"": 3.1972184165855375, ""client-005"": 3.1972184165855375, ""client-006"": 9.591655249756613, ""client-007"": 4.114830069526235}"
uair,30003,raven_sag,51,"[""client-000"", ""client-001"", ""client-002"", ""client-003"", ""client-005"", ""client-007""]","[""client-000"", ""client-001"", ""client-002"", ""client-003"", ""client-004"", ""client-005"", ""client-006"", ""client-007""]","[""client-000"", ""client-001"", ""client-002"", ""client-003"", ""client-005"", ""client-007""]","{""client-000"": 6.363873086314025, ""client-001"": 2.8175095977584403, ""client-002"": 11.270038391033761, ""client-003"": 3.1819365431570126, ""client-004"": 6.363873086314025, ""client-005"": 2.8175095977584403, ""client-006"": 2.8175095977584403, ""client-007"": 9.545809629471037}"
uair,30003,raven_sag,52,"[""client-000"", ""client-004""]","[""client-000"", ""client-001"", ""client-002"", ""client-004"", ""client-005"", ""client-006"", ""client-007""]","[""client-000"", ""client-004""]","{""client-000"": 6.317779227042567, ""client-001"": 6.317779227042567, ""client-002"": 3.605223947649904, ""client-004"": 5.578045079444669, ""client-005"": 2.7890225397223345, ""client-006"": 6.317779227042567, ""client-007"": 5.578045079444669}"
uair,30003,raven_sag,53,"[""client-002"", ""client-005"", ""client-007""]","[""client-002"", ""client-003"", ""client-004"", ""client-005"", ""client-007""]","[""client-002"", ""client-005"", ""client-007""]","{""client-002"": 5.541820433809885, ""client-003"": 5.541820433809885, ""client-004"": 3.148038411982227, ""client-005"": 6.296076823964454, ""client-007"": 5.541820433809885}"
uair,30003,raven_sag,54,"[""client-001"", ""client-005"", ""client-006"", ""client-007""]","[""client-001"", ""client-004"", ""client-005"", ""client-006"", ""client-007""]","[""client-001"", ""client-005"", ""client-006"", ""client-007""]","{""client-001"": 5.523167556160818, ""client-004"": 2.761583778080409, ""client-005"": 3.1579249028387952, ""client-006"": 5.523167556160818, ""client-007"": 3.1579249028387952}"
uair,30003,raven_sag,55,"[""client-004"", ""client-005"", ""client-006""]","[""client-000"", ""client-001"", ""client-002"", ""client-003"", ""client-004"", ""client-005"", ""client-006"", ""client-007""]","[""client-004"", ""client-005"", ""client-006""]","{""client-000"": 3.1781585806560533, ""client-001"": 8.292928125753983, ""client-002"": 3.6890832577533366, ""client-003"": 5.528618750502655, ""client-004"": 3.6890832577533366, ""client-005"": 6.356317161312107, ""client-006"": 2.7643093752513277, ""client-007"": 8.639708266742723}"
uair,30003,raven_sag,56,"[""client-004"", ""client-005""]","[""client-001"", ""client-002"", ""client-003"", ""client-004"", ""client-005"", ""client-007""]","[""client-004"", ""client-005""]","{""client-001"": 3.1653059526003307, ""client-002"": 6.330611905200661, ""client-003"": 6.330611905200661, ""client-004"": 2.7477264890444983, ""client-005"": 4.323616239189402, ""client-007"": 3.1653059526003307}"
uair,30003,raven_sag,57,"[""client-001"", ""client-002"", ""client-004"", ""client-006""]","[""client-000"", ""client-001"", ""client-002"", ""client-003"", ""client-004"", ""client-005"", ""client-006"", ""client-007""]","[""client-001"", ""client-002"", ""client-004"", ""client-006""]","{""client-000"": 4.350788873157985, ""client-001"": 9.505991119588314, ""client-002"": 2.744675991721533, ""client-003"": 8.70157774631597, ""client-004"": 2.744675991721533, ""client-005"": 5.489351983443066, ""client-006"": 5.489351983443066, ""client-007"": 4.350788873157985}"
uair,30003,raven_sag,58,"[""client-002"", ""client-003"", ""client-005"", ""client-007""]","[""client-002"", ""client-003"", ""client-005"", ""client-006"", ""client-007""]","[""client-002"", ""client-003"", ""client-005"", ""client-007""]","{""client-002"": 3.1522228704704447, ""client-003"": 3.1522228704704447, ""client-005"": 5.467451534786276, ""client-006"": 9.456668611411335, ""client-007"": 4.316659735590298}"
uair,30003,raven_sag,59,[],"[""client-000"", ""client-001"", ""client-003"", ""client-004"", ""client-005"", ""client-006"", ""client-007""]",[],"{""client-000"": 2.7326008735922542, ""client-001"": 9.493983156398563, ""client-003"": 4.378879090654921, ""client-004"": 3.164661052132854, ""client-005"": 3.7044644511264666, ""client-006"": 3.164661052132854, ""client-007"": 3.7044644511264666}"
uair,30003,raven_sag,60,"[""client-002"", ""client-003"", ""client-005"", ""client-006"", ""client-007""]","[""client-000"", ""client-002"", ""client-003"", ""client-004"", ""client-005"", ""client-006"", ""client-007""]","[""client-002"", ""client-003"", ""client-005"", ""client-006"", ""client-007""]","{""client-000"": 2.724955543508771, ""client-002"": 3.163507802323044, ""client-003"": 8.174866630526314, ""client-004"": 6.327015604646088, ""client-005"": 2.724955543508771, ""client-006"": 6.327015604646088, ""client-007"": 6.327015604646088}"
uair,30003,raven_sag,61,"[""client-000""]","[""client-000"", ""client-002"", ""client-003"", ""client-005"", ""client-006""]","[""client-000""]","{""client-000"": 6.321578953349285, ""client-002"": 2.7185355280621772, ""client-003"": 2.7185355280621772, ""client-005"": 8.155606584186533, ""client-006"": 2.7185355280621772}"
uair,30003,raven_sag,62,"[""client-002"", ""client-003"", ""client-006""]","[""client-001"", ""client-002"", ""client-003"", ""client-006"", ""client-007""]","[""client-002"", ""client-003"", ""client-006""]","{""client-001"": 3.7247391673822454, ""client-002"": 5.450119631418376, ""client-003"": 6.3360526038967855, ""client-006"": 2.725059815709188, ""client-007"": 3.7247391673822454}"
uair,30003,raven_sag,63,"[""client-000"", ""client-004""]","[""client-000"", ""client-002"", ""client-004"", ""client-005"", ""client-007""]","[""client-000"", ""client-004""]","{""client-000"": 5.464412568982375, ""client-002"": 4.479899158884786, ""client-004"": 3.1856903070316633, ""client-005"": 4.479899158884786, ""client-007"": 2.7322062844911876}"
uair,30003,raven_sag,64,"[""client-004""]","[""client-001"", ""client-002"", ""client-003"", ""client-004"", ""client-005""]","[""client-004""]","{""client-001"": 2.740804003068857, ""client-002"": 3.2021658139718925, ""client-003"": 6.404331627943785, ""client-004"": 2.740804003068857, ""client-005"": 7.571602849806482}"
uair,30003,raven_sag,65,"[""client-003"", ""client-004""]","[""client-000"", ""client-001"", ""client-002"", ""client-003"", ""client-004"", ""client-005"", ""client-006""]","[""client-003"", ""client-004""]","{""client-000"": 2.7531205321982695, ""client-001"": 2.7531205321982695, ""client-002"": 9.643296055960398, ""client-003"": 5.506241064396539, ""client-004"": 9.643296055960398, ""client-005"": 3.214432018653466, ""client-006"": 9.643296055960398}"
uair,30003,raven_sag,66,"[""client-000"", ""client-002"", ""client-006"", ""client-007""]","[""client-000"", ""client-001"", ""client-002"", ""client-003"", ""client-005"", ""client-006"", ""client-007""]","[""client-000"", ""client-002"", ""client-006"", ""client-007""]","{""client-000"": 2.7520626855703902, ""client-001"": 5.5041253711407805, ""client-002"": 6.401431889489202, ""client-003"": 3.200715944744601, ""client-005"": 2.7520626855703902, ""client-006"": 3.200715944744601, ""client-007"": 3.200715944744601}"
uair,30003,raven_sag,67,"[""client-000"", ""client-002"", ""client-004"", ""client-005""]","[""client-000"", ""client-001"", ""client-002"", ""client-003"", ""client-004"", ""client-005"", ""client-006"", ""client-007""]","[""client-000"", ""client-002"", ""client-004"", ""client-005""]","{""client-000"": 6.413208916871648, ""client-001"": 3.763493826269955, ""client-002"": 9.619813375307473, ""client-003"": 8.921855068892281, ""client-004"": 3.206604458435824, ""client-005"": 3.206604458435824, ""client-006"": 3.206604458435824, ""client-007"": 4.4609275344461405}"
uair,30003,raven_sag,68,"[""client-002"", ""client-005"", ""client-007""]","[""client-001"", ""client-002"", ""client-003"", ""client-004"", ""client-005"", ""client-006"", ""client-007""]","[""client-002"", ""client-005"", ""client-007""]","{""client-001"": 2.759383791351336, ""client-002"": 3.192153249611665, ""client-003"": 3.731374412681144, ""client-004"": 5.518767582702672, ""client-005"": 4.403232043001949, ""client-006"": 6.38430649922333, ""client-007"": 3.192153249611665}"
uair,30003,raven_sag,69,"[""client-003"", ""client-005"", ""client-007""]","[""client-003"", ""client-005"", ""client-006"", ""client-007""]","[""client-003"", ""client-005"", ""client-007""]","{""client-003"": 6.393695882582587, ""client-005"": 2.7654819582182704, ""client-006"": 2.7654819582182704, ""client-007"": 8.80304620464608}"
uair,30003,raven_sag,70,"[""client-001"", ""client-003"", ""client-006""]","[""client-000"", ""client-001"", ""client-003"", ""client-004"", ""client-006"", ""client-007""]","[""client-001"", ""client-003"", ""client-006""]","{""client-000"": 13.247358055171635, ""client-001"": 6.427823411213197, ""client-003"": 8.347076176041535, ""client-004"": 2.782358725347178, ""client-006"": 8.347076176041535, ""client-007"": 2.782358725347178}"
uair,30003,raven_sag,71,"[""client-001"", ""client-002"", ""client-005""]","[""client-000"", ""client-001"", ""client-002"", ""client-003"", ""client-004"", ""client-005"", ""client-006"", ""client-007""]","[""client-001"", ""client-002"", ""client-005""]","{""client-000"": 6.394324802913776, ""client-001"": 8.365687055306093, ""client-002"": 2.7885623517686975, ""client-003"": 3.197162401456888, ""client-004"": 5.577124703537395, ""client-005"": 2.7885623517686975, ""client-006"": 3.6991078133797757, ""client-007"": 5.577124703537395}"
uair,30003,raven_sag,72,"[""client-001"", ""client-004"", ""client-005""]","[""client-000"", ""client-001"", ""client-002"", ""client-003"", ""client-004"", ""client-005"", ""client-006""]","[""client-001"", ""client-004"", ""client-005""]","{""client-000"": 5.580222110684275, ""client-001"": 3.1900186829741357, ""client-002"": 12.760074731896543, ""client-003"": 3.679264963736615, ""client-004"": 3.1900186829741357, ""client-005"": 3.1900186829741357, ""client-006"": 9.570056048922407}"
uair,30003,raven_sag,73,[],"[""client-001"", ""client-002"", ""client-003"", ""client-004"", ""client-005"", ""client-006"", ""client-007""]",[],"{""client-001"": 8.495069001787215, ""client-002"": 5.562639290058591, ""client-003"": 2.7813196450292956, ""client-004"": 9.528304718539856, ""client-005"": 3.1761015728466186, ""client-006"": 5.562639290058591, ""client-007"": 2.7813196450292956}"
uair,30003,raven_sag,74,"[""client-000""]","[""client-000"", ""client-005"", ""client-006""]","[""client-000""]","{""client-000"": 8.336673109165673, ""client-005"": 5.5577820727771154, ""client-006"": 3.1682398893492065}"
uair,30003,raven_sag,75,[],"[""client-000"", ""client-001"", ""client-004"", ""client-005"", ""client-007""]",[],"{""client-000"": 3.185695111643201, ""client-001"": 8.355088843829611, ""client-004"": 6.371390223286402, ""client-005"": 5.570059229219741, ""client-007"": 3.6762934810496595}"
uair,30003,raven_sag,76,"[""client-002"", ""client-003"", ""client-006""]","[""client-002"", ""client-003"", ""client-004"", ""client-005"", ""client-006""]","[""client-002"", ""client-003"", ""client-006""]","{""client-002"": 2.78018852937082, ""client-003"": 2.78018852937082, ""client-004"": 3.705180981979186, ""client-005"": 3.1944776494627236, ""client-006"": 2.78018852937082}"
uair,30003,raven_sag,77,"[""client-004"", ""client-006""]","[""client-000"", ""client-001"", ""client-002"", ""client-003"", ""client-004"", ""client-005"", ""client-006""]","[""client-004"", ""client-006""]","{""client-000"": 5.567180234412199, ""client-001"": 4.408624584337302, ""client-002"": 6.426764561162982, ""client-003"": 6.426764561162982, ""client-004"": 6.426764561162982, ""client-005"": 2.7835901172060993, ""client-006"": 2.7835901172060993}"
uair,30003,raven_sag,78,"[""client-004"", ""client-005""]","[""client-000"", ""client-001"", ""client-002"", ""client-003"", ""client-004"", ""client-005"", ""client-006"", ""client-007""]","[""client-004"", ""client-005""]","{""client-000"": 3.209417002871093, ""client-001"": 3.209417002871093, ""client-002"": 6.418834005742186, ""client-003"": 3.7434159530535465, ""client-004"": 2.7793595926066277, ""client-005"": 3.7434159530535465, ""client-006"": 2.7793595926066277, ""client-007"": 6.418834005742186}"
uair,30003,raven_sag,79,"[""client-002"", ""client-005"", ""client-006""]","[""client-000"", ""client-001"", ""client-002"", ""client-003"", ""client-005"", ""client-006""]","[""client-002"", ""client-005"", ""client-006""]","{""client-000"": 2.781938981038582, ""client-001"": 2.781938981038582, ""client-002"": 11.127755924154329, ""client-003"": 5.563877962077164, ""client-005"": 2.781938981038582, ""client-006"": 6.424917591153819}"
